-4.489399999999999835e+00 -4.736799999999999899e-01 1.199700000000000050e-05
-4.460799999999999876e+00 -4.736799999999999899e-01 8.593800000000000627e-06
-4.432199999999999918e+00 -4.736799999999999899e-01 4.791599999999999999e-06
-4.403599999999999959e+00 -4.736799999999999899e-01 1.411699999999999969e-06
-4.375000000000000000e+00 -4.736799999999999899e-01 3.882999999999999923e-06
-4.346400000000000041e+00 -4.736799999999999899e-01 6.477900000000000269e-06
-4.317800000000000082e+00 -4.736799999999999899e-01 9.777400000000000611e-06
-4.289200000000000124e+00 -4.736799999999999899e-01 1.510999999999999933e-05
-4.260600000000000165e+00 -4.736799999999999899e-01 2.091300000000000120e-05
-4.232000000000000206e+00 -4.736799999999999899e-01 2.534999999999999954e-05
-4.203400000000000247e+00 -4.736799999999999899e-01 2.769000000000000085e-05
-4.174800000000000288e+00 -4.736799999999999899e-01 2.733499999999999832e-05
-4.146200000000000330e+00 -4.736799999999999899e-01 2.596799999999999938e-05
-4.117600000000000371e+00 -4.736799999999999899e-01 2.078900000000000035e-05
-4.089100000000000179e+00 -4.736799999999999899e-01 1.446799999999999937e-05
-4.060500000000000220e+00 -4.736799999999999899e-01 1.000799999999999972e-05
-4.031900000000000261e+00 -4.736799999999999899e-01 5.894399999999999842e-06
-4.003300000000000303e+00 -4.736799999999999899e-01 2.189000000000000133e-06
-3.974699999999999900e+00 -4.736799999999999899e-01 3.073000000000000055e-06
-3.946099999999999941e+00 -4.736799999999999899e-01 4.006300000000000081e-06
-3.917499999999999982e+00 -4.736799999999999899e-01 5.937699999999999918e-06
-3.888900000000000023e+00 -4.736799999999999899e-01 7.690099999999999437e-06
-3.860300000000000065e+00 -4.736799999999999899e-01 8.453800000000000274e-06
-3.831700000000000106e+00 -4.736799999999999899e-01 8.443299999999999273e-06
-3.803100000000000147e+00 -4.736799999999999899e-01 7.213700000000000068e-06
-3.774500000000000188e+00 -4.736799999999999899e-01 8.100399999999999558e-06
-3.745899999999999785e+00 -4.736799999999999899e-01 1.311999999999999975e-05
-3.717299999999999827e+00 -4.736799999999999899e-01 2.440999999999999838e-05
-3.688699999999999868e+00 -4.736799999999999899e-01 4.473199999999999795e-05
-3.660099999999999909e+00 -4.736799999999999899e-01 7.621500000000000128e-05
-3.631499999999999950e+00 -4.736799999999999899e-01 1.181599999999999936e-04
-3.602899999999999991e+00 -4.736799999999999899e-01 1.659700000000000118e-04
-3.574300000000000033e+00 -4.736799999999999899e-01 2.148499999999999911e-04
-3.545799999999999841e+00 -4.736799999999999899e-01 2.479199999999999980e-04
-3.517199999999999882e+00 -4.736799999999999899e-01 2.885200000000000091e-04
-3.488599999999999923e+00 -4.736799999999999899e-01 2.983999999999999890e-04
-3.459999999999999964e+00 -4.736799999999999899e-01 2.893899999999999923e-04
-3.431400000000000006e+00 -4.736799999999999899e-01 2.662300000000000040e-04
-3.402800000000000047e+00 -4.736799999999999899e-01 2.155699999999999977e-04
-3.374200000000000088e+00 -4.736799999999999899e-01 1.535800000000000034e-04
-3.345600000000000129e+00 -4.736799999999999899e-01 1.175199999999999997e-04
-3.317000000000000171e+00 -4.736799999999999899e-01 7.140000000000000079e-05
-3.288400000000000212e+00 -4.736799999999999899e-01 5.020199999999999809e-05
-3.259799999999999809e+00 -4.736799999999999899e-01 5.692900000000000331e-05
-3.231199999999999850e+00 -4.736799999999999899e-01 9.644600000000000460e-05
-3.202599999999999891e+00 -4.736799999999999899e-01 1.502300000000000033e-04
-3.173999999999999932e+00 -4.736799999999999899e-01 1.833899999999999907e-04
-3.145399999999999974e+00 -4.736799999999999899e-01 2.048999999999999932e-04
-3.116800000000000015e+00 -4.736799999999999899e-01 2.194399999999999996e-04
-3.088200000000000056e+00 -4.736799999999999899e-01 1.778000000000000121e-04
-3.059600000000000097e+00 -4.736799999999999899e-01 1.036100000000000058e-04
-3.031000000000000139e+00 -4.736799999999999899e-01 4.023499999999999679e-05
-3.002499999999999947e+00 -4.736799999999999899e-01 2.514200000000000085e-05
-2.973899999999999988e+00 -4.736799999999999899e-01 1.209200000000000010e-04
-2.945300000000000029e+00 -4.736799999999999899e-01 2.540800000000000068e-04
-2.916700000000000070e+00 -4.736799999999999899e-01 6.961499999999999806e-04
-2.888100000000000112e+00 -4.736799999999999899e-01 1.341100000000000018e-03
-2.859500000000000153e+00 -4.736799999999999899e-01 2.073399999999999983e-03
-2.830900000000000194e+00 -4.736799999999999899e-01 2.997699999999999844e-03
-2.802299999999999791e+00 -4.736799999999999899e-01 4.227100000000000128e-03
-2.773699999999999832e+00 -4.736799999999999899e-01 5.065300000000000011e-03
-2.745099999999999874e+00 -4.736799999999999899e-01 5.500699999999999860e-03
-2.716499999999999915e+00 -4.736799999999999899e-01 6.110599999999999886e-03
-2.687899999999999956e+00 -4.736799999999999899e-01 6.520299999999999707e-03
-2.659299999999999997e+00 -4.736799999999999899e-01 5.974600000000000050e-03
-2.630700000000000038e+00 -4.736799999999999899e-01 5.325500000000000372e-03
-2.602100000000000080e+00 -4.736799999999999899e-01 4.603999999999999586e-03
-2.573500000000000121e+00 -4.736799999999999899e-01 3.571899999999999815e-03
-2.544900000000000162e+00 -4.736799999999999899e-01 2.413199999999999894e-03
-2.516300000000000203e+00 -4.736799999999999899e-01 1.810600000000000100e-03
-2.487699999999999800e+00 -4.736799999999999899e-01 1.002099999999999909e-03
-2.459200000000000053e+00 -4.736799999999999899e-01 4.229600000000000026e-04
-2.430600000000000094e+00 -4.736799999999999899e-01 1.085999999999999970e-04
-2.373400000000000176e+00 -4.736799999999999899e-01 4.277400000000000077e-05
-2.344800000000000217e+00 -4.736799999999999899e-01 1.542399999999999869e-04
-2.316199999999999815e+00 -4.736799999999999899e-01 2.257700000000000017e-04
-2.287599999999999856e+00 -4.736799999999999899e-01 3.338400000000000156e-04
-2.258999999999999897e+00 -4.736799999999999899e-01 3.620000000000000171e-04
-2.230399999999999938e+00 -4.736799999999999899e-01 3.268799999999999874e-04
-2.201799999999999979e+00 -4.736799999999999899e-01 2.566399999999999823e-04
-2.173200000000000021e+00 -4.736799999999999899e-01 1.656399999999999930e-04
-2.144600000000000062e+00 -4.736799999999999899e-01 7.740900000000000374e-05
-2.116000000000000103e+00 -4.736799999999999899e-01 3.701400000000000171e-05
-2.087400000000000144e+00 -4.736799999999999899e-01 1.057300000000000024e-05
-2.058800000000000185e+00 -4.736799999999999899e-01 2.227299999999999834e-05
-2.030199999999999783e+00 -4.736799999999999899e-01 5.892400000000000030e-05
-2.001599999999999824e+00 -4.736799999999999899e-01 9.542700000000000639e-05
-1.973000000000000087e+00 -4.736799999999999899e-01 1.279999999999999942e-04
-1.944399999999999906e+00 -4.736799999999999899e-01 1.536399999999999994e-04
-1.915799999999999947e+00 -4.736799999999999899e-01 3.332299999999999927e-05
-1.887299999999999978e+00 -4.736799999999999899e-01 4.548700000000000139e-04
-1.858700000000000019e+00 -4.736799999999999899e-01 2.307099999999999985e-05
-1.830100000000000060e+00 -4.736799999999999899e-01 2.411300000000000105e-05
-1.801500000000000101e+00 -4.736799999999999899e-01 4.447700000000000123e-05
-1.744299999999999962e+00 -4.736799999999999899e-01 4.623300000000000272e-06
-1.715700000000000003e+00 -4.736799999999999899e-01 1.048399999999999991e-05
-1.687100000000000044e+00 -4.736799999999999899e-01 3.146499999999999774e-05
-1.658500000000000085e+00 -4.736799999999999899e-01 1.955099999999999967e-05
-1.629899999999999904e+00 -4.736799999999999899e-01 4.057000000000000290e-06
-1.601299999999999946e+00 -4.736799999999999899e-01 9.775700000000000272e-06
-1.572699999999999987e+00 -4.736799999999999899e-01 9.980699999999999156e-06
-1.544100000000000028e+00 -4.736799999999999899e-01 1.019099999999999950e-05
-1.515500000000000069e+00 -4.736799999999999899e-01 1.020799999999999950e-05
-1.486900000000000110e+00 -4.736799999999999899e-01 9.854999999999999665e-06
-1.458299999999999930e+00 -4.736799999999999899e-01 9.039300000000000004e-06
-1.429699999999999971e+00 -4.736799999999999899e-01 7.776699999999999591e-06
-1.401100000000000012e+00 -4.736799999999999899e-01 6.140300000000000316e-06
-1.372500000000000053e+00 -4.736799999999999899e-01 4.489200000000000150e-06
-1.344000000000000083e+00 -4.736799999999999899e-01 2.938200000000000092e-06
-1.315399999999999903e+00 -4.736799999999999899e-01 2.039900000000000154e-06
-1.286799999999999944e+00 -4.736799999999999899e-01 1.004600000000000089e-06
-1.115199999999999969e+00 -4.736799999999999899e-01 1.048399999999999991e-06
-1.086600000000000010e+00 -4.736799999999999899e-01 1.414799999999999990e-06
-1.058000000000000052e+00 -4.736799999999999899e-01 1.996000000000000032e-06
-1.029400000000000093e+00 -4.736799999999999899e-01 3.189999999999999951e-06
-1.000799999999999912e+00 -4.736799999999999899e-01 1.770400000000000024e-06
-9.722199999999999731e-01 -4.736799999999999899e-01 1.024299999999999934e-04
-9.436299999999999688e-01 -4.736799999999999899e-01 8.291000000000000409e-04
-9.150300000000000100e-01 -4.736799999999999899e-01 5.142999999999999785e-04
-8.864400000000000057e-01 -4.736799999999999899e-01 1.792800000000000013e-06
-8.578400000000000469e-01 -4.736799999999999899e-01 6.103900000000000123e-06
-8.292500000000000426e-01 -4.736799999999999899e-01 2.996199999999999791e-06
-8.006499999999999728e-01 -4.736799999999999899e-01 1.423199999999999986e-06
-6.290799999999999725e-01 -4.736799999999999899e-01 1.017199999999999976e-06
-6.004899999999999682e-01 -4.736799999999999899e-01 1.273499999999999962e-06
-5.718999999999999639e-01 -4.736799999999999899e-01 1.341199999999999966e-06
-5.433000000000000052e-01 -4.736799999999999899e-01 1.201000000000000021e-06
-2.859499999999999820e-01 -4.736799999999999899e-01 1.032100000000000037e-06
-2.573500000000000232e-01 -4.736799999999999899e-01 1.069400000000000086e-06
-5.718999999999999778e-02 -4.736799999999999899e-01 1.022099999999999921e-06
-2.859499999999999889e-02 -4.736799999999999899e-01 1.815500000000000024e-06
0.000000000000000000e+00 -4.736799999999999899e-01 2.565200000000000021e-06
-4.489399999999999835e+00 -4.449799999999999867e-01 1.912999999999999878e-04
-4.460799999999999876e+00 -4.449799999999999867e-01 2.259999999999999910e-04
-4.432199999999999918e+00 -4.449799999999999867e-01 2.401000000000000085e-04
-4.403599999999999959e+00 -4.449799999999999867e-01 2.251699999999999871e-04
-4.375000000000000000e+00 -4.449799999999999867e-01 1.980899999999999957e-04
-4.346400000000000041e+00 -4.449799999999999867e-01 1.409799999999999953e-04
-4.317800000000000082e+00 -4.449799999999999867e-01 7.825199999999999550e-05
-4.289200000000000124e+00 -4.449799999999999867e-01 2.800800000000000018e-05
-4.260600000000000165e+00 -4.449799999999999867e-01 8.410899999999999380e-06
-4.232000000000000206e+00 -4.449799999999999867e-01 2.931100000000000109e-05
-4.203400000000000247e+00 -4.449799999999999867e-01 8.718399999999999739e-05
-4.174800000000000288e+00 -4.449799999999999867e-01 1.671300000000000075e-04
-4.146200000000000330e+00 -4.449799999999999867e-01 2.206800000000000081e-04
-4.117600000000000371e+00 -4.449799999999999867e-01 2.824600000000000027e-04
-4.089100000000000179e+00 -4.449799999999999867e-01 3.041200000000000088e-04
-4.060500000000000220e+00 -4.449799999999999867e-01 2.758500000000000101e-04
-4.031900000000000261e+00 -4.449799999999999867e-01 2.081399999999999960e-04
-4.003300000000000303e+00 -4.449799999999999867e-01 1.226599999999999945e-04
-3.974699999999999900e+00 -4.449799999999999867e-01 4.724900000000000112e-05
-3.946099999999999941e+00 -4.449799999999999867e-01 1.656399999999999930e-05
-3.917499999999999982e+00 -4.449799999999999867e-01 1.127300000000000032e-05
-3.888900000000000023e+00 -4.449799999999999867e-01 5.318499999999999985e-05
-3.860300000000000065e+00 -4.449799999999999867e-01 1.234800000000000036e-04
-3.831700000000000106e+00 -4.449799999999999867e-01 1.910600000000000037e-04
-3.803100000000000147e+00 -4.449799999999999867e-01 2.283800000000000055e-04
-3.774500000000000188e+00 -4.449799999999999867e-01 2.202999999999999880e-04
-3.745899999999999785e+00 -4.449799999999999867e-01 1.938499999999999956e-04
-3.717299999999999827e+00 -4.449799999999999867e-01 1.512200000000000057e-04
-3.688699999999999868e+00 -4.449799999999999867e-01 1.543500000000000113e-04
-3.660099999999999909e+00 -4.449799999999999867e-01 2.627500000000000170e-04
-3.631499999999999950e+00 -4.449799999999999867e-01 5.208699999999999919e-04
-3.602899999999999991e+00 -4.449799999999999867e-01 9.344499999999999725e-04
-3.574300000000000033e+00 -4.449799999999999867e-01 1.457399999999999972e-03
-3.545799999999999841e+00 -4.449799999999999867e-01 1.817199999999999935e-03
-3.517199999999999882e+00 -4.449799999999999867e-01 2.279400000000000003e-03
-3.488599999999999923e+00 -4.449799999999999867e-01 2.531900000000000123e-03
-3.459999999999999964e+00 -4.449799999999999867e-01 2.478600000000000074e-03
-3.431400000000000006e+00 -4.449799999999999867e-01 2.101000000000000003e-03
-3.402800000000000047e+00 -4.449799999999999867e-01 1.494600000000000008e-03
-3.374200000000000088e+00 -4.449799999999999867e-01 8.196199999999999623e-04
-3.345600000000000129e+00 -4.449799999999999867e-01 4.351900000000000126e-04
-3.317000000000000171e+00 -4.449799999999999867e-01 1.130199999999999987e-04
-3.288400000000000212e+00 -4.449799999999999867e-01 2.308500000000000005e-04
-3.259799999999999809e+00 -4.449799999999999867e-01 8.136999999999999919e-04
-3.231199999999999850e+00 -4.449799999999999867e-01 1.722400000000000016e-03
-3.202599999999999891e+00 -4.449799999999999867e-01 2.699599999999999916e-03
-3.173999999999999932e+00 -4.449799999999999867e-01 3.430299999999999842e-03
-3.145399999999999974e+00 -4.449799999999999867e-01 3.624300000000000004e-03
-3.116800000000000015e+00 -4.449799999999999867e-01 3.330300000000000014e-03
-3.088200000000000056e+00 -4.449799999999999867e-01 2.395599999999999900e-03
-3.059600000000000097e+00 -4.449799999999999867e-01 1.148399999999999942e-03
-3.031000000000000139e+00 -4.449799999999999867e-01 1.990399999999999917e-04
-3.002499999999999947e+00 -4.449799999999999867e-01 3.509200000000000080e-04
-2.973899999999999988e+00 -4.449799999999999867e-01 2.424799999999999959e-03
-2.945300000000000029e+00 -4.449799999999999867e-01 5.227899999999999735e-03
-2.916700000000000070e+00 -4.449799999999999867e-01 1.183599999999999930e-02
-2.888100000000000112e+00 -4.449799999999999867e-01 2.126700000000000118e-02
-2.859500000000000153e+00 -4.449799999999999867e-01 3.284800000000000220e-02
-2.830900000000000194e+00 -4.449799999999999867e-01 4.532400000000000317e-02
-2.802299999999999791e+00 -4.449799999999999867e-01 5.737400000000000139e-02
-2.773699999999999832e+00 -4.449799999999999867e-01 6.788600000000000190e-02
-2.745099999999999874e+00 -4.449799999999999867e-01 7.323000000000000342e-02
-2.716499999999999915e+00 -4.449799999999999867e-01 7.733900000000000496e-02
-2.687899999999999956e+00 -4.449799999999999867e-01 7.597500000000000087e-02
-2.659299999999999997e+00 -4.449799999999999867e-01 6.973200000000000232e-02
-2.630700000000000038e+00 -4.449799999999999867e-01 5.966599999999999682e-02
-2.602100000000000080e+00 -4.449799999999999867e-01 4.754300000000000193e-02
-2.573500000000000121e+00 -4.449799999999999867e-01 3.499100000000000127e-02
-2.544900000000000162e+00 -4.449799999999999867e-01 2.318800000000000028e-02
-2.516300000000000203e+00 -4.449799999999999867e-01 1.627599999999999880e-02
-2.487699999999999800e+00 -4.449799999999999867e-01 8.104000000000000092e-03
-2.459200000000000053e+00 -4.449799999999999867e-01 2.940799999999999925e-03
-2.430600000000000094e+00 -4.449799999999999867e-01 4.942500000000000062e-04
-2.402000000000000135e+00 -4.449799999999999867e-01 5.038000000000000215e-05
-2.373400000000000176e+00 -4.449799999999999867e-01 7.969599999999999861e-04
-2.344800000000000217e+00 -4.449799999999999867e-01 1.946599999999999936e-03
-2.316199999999999815e+00 -4.449799999999999867e-01 2.613700000000000051e-03
-2.287599999999999856e+00 -4.449799999999999867e-01 3.153599999999999893e-03
-2.258999999999999897e+00 -4.449799999999999867e-01 3.084599999999999842e-03
-2.230399999999999938e+00 -4.449799999999999867e-01 2.540499999999999790e-03
-2.201799999999999979e+00 -4.449799999999999867e-01 1.740699999999999973e-03
-2.173200000000000021e+00 -4.449799999999999867e-01 9.197600000000000437e-04
-2.144600000000000062e+00 -4.449799999999999867e-01 3.049999999999999868e-04
-2.116000000000000103e+00 -4.449799999999999867e-01 8.310700000000000238e-05
-2.087400000000000144e+00 -4.449799999999999867e-01 3.066199999999999883e-05
-2.058800000000000185e+00 -4.449799999999999867e-01 2.202899999999999932e-04
-2.030199999999999783e+00 -4.449799999999999867e-01 5.231600000000000529e-04
-2.001599999999999824e+00 -4.449799999999999867e-01 7.039600000000000024e-04
-1.973000000000000087e+00 -4.449799999999999867e-01 7.140799999999999665e-04
-1.944399999999999906e+00 -4.449799999999999867e-01 9.331399999999999461e-04
-1.915799999999999947e+00 -4.449799999999999867e-01 1.550599999999999960e-04
-1.887299999999999978e+00 -4.449799999999999867e-01 7.506599999999999991e-04
-1.858700000000000019e+00 -4.449799999999999867e-01 1.505199999999999887e-04
-1.830100000000000060e+00 -4.449799999999999867e-01 7.103899999999999527e-05
-1.801500000000000101e+00 -4.449799999999999867e-01 9.983399999999999046e-04
-1.772899999999999920e+00 -4.449799999999999867e-01 7.504300000000000640e-05
-1.744299999999999962e+00 -4.449799999999999867e-01 7.797499999999999798e-05
-1.715700000000000003e+00 -4.449799999999999867e-01 1.147600000000000058e-04
-1.687100000000000044e+00 -4.449799999999999867e-01 5.827599999999999838e-04
-1.658500000000000085e+00 -4.449799999999999867e-01 3.570100000000000096e-03
-1.629899999999999904e+00 -4.449799999999999867e-01 1.103399999999999973e-05
-1.601299999999999946e+00 -4.449799999999999867e-01 5.964100000000000208e-06
-1.572699999999999987e+00 -4.449799999999999867e-01 4.631199999999999807e-06
-1.544100000000000028e+00 -4.449799999999999867e-01 7.714699999999999168e-06
-1.515500000000000069e+00 -4.449799999999999867e-01 1.146300000000000019e-05
-1.486900000000000110e+00 -4.449799999999999867e-01 1.709099999999999950e-05
-1.458299999999999930e+00 -4.449799999999999867e-01 2.105500000000000085e-05
-1.429699999999999971e+00 -4.449799999999999867e-01 2.241699999999999899e-05
-1.401100000000000012e+00 -4.449799999999999867e-01 2.113599999999999889e-05
-1.372500000000000053e+00 -4.449799999999999867e-01 1.771100000000000034e-05
-1.344000000000000083e+00 -4.449799999999999867e-01 1.308599999999999973e-05
-1.315399999999999903e+00 -4.449799999999999867e-01 9.912299999999999947e-06
-1.286799999999999944e+00 -4.449799999999999867e-01 5.693199999999999972e-06
-1.258199999999999985e+00 -4.449799999999999867e-01 2.672600000000000043e-06
-1.229600000000000026e+00 -4.449799999999999867e-01 1.123899999999999946e-06
-1.172400000000000109e+00 -4.449799999999999867e-01 1.509000000000000079e-06
-1.143799999999999928e+00 -4.449799999999999867e-01 2.536899999999999800e-06
-1.115199999999999969e+00 -4.449799999999999867e-01 3.246399999999999953e-06
-1.086600000000000010e+00 -4.449799999999999867e-01 4.210199999999999941e-06
-1.058000000000000052e+00 -4.449799999999999867e-01 5.138600000000000234e-06
-1.029400000000000093e+00 -4.449799999999999867e-01 6.616900000000000124e-06
-1.000799999999999912e+00 -4.449799999999999867e-01 1.101299999999999942e-05
-9.722199999999999731e-01 -4.449799999999999867e-01 4.727600000000000205e-04
-9.436299999999999688e-01 -4.449799999999999867e-01 1.356399999999999967e-02
-9.150300000000000100e-01 -4.449799999999999867e-01 1.397600000000000036e-04
-8.864400000000000057e-01 -4.449799999999999867e-01 1.284399999999999934e-05
-8.578400000000000469e-01 -4.449799999999999867e-01 1.439600000000000074e-05
-8.292500000000000426e-01 -4.449799999999999867e-01 9.896200000000000219e-06
-8.006499999999999728e-01 -4.449799999999999867e-01 6.600499999999999739e-06
-7.720599999999999685e-01 -4.449799999999999867e-01 3.923899999999999819e-06
-7.434600000000000097e-01 -4.449799999999999867e-01 1.884000000000000088e-06
-6.290799999999999725e-01 -4.449799999999999867e-01 1.601100000000000010e-06
-6.004899999999999682e-01 -4.449799999999999867e-01 2.759099999999999977e-06
-5.718999999999999639e-01 -4.449799999999999867e-01 3.705800000000000162e-06
-5.433000000000000052e-01 -4.449799999999999867e-01 4.100499999999999958e-06
-5.147100000000000009e-01 -4.449799999999999867e-01 3.784099999999999904e-06
-4.861099999999999866e-01 -4.449799999999999867e-01 3.227900000000000045e-06
-4.575199999999999823e-01 -4.449799999999999867e-01 2.097899999999999853e-06
-3.145399999999999863e-01 -4.449799999999999867e-01 1.523699999999999913e-06
-2.859499999999999820e-01 -4.449799999999999867e-01 2.235599999999999822e-06
-2.573500000000000232e-01 -4.449799999999999867e-01 3.126300000000000036e-06
-2.287599999999999911e-01 -4.449799999999999867e-01 3.539900000000000192e-06
-2.001600000000000046e-01 -4.449799999999999867e-01 3.346900000000000092e-06
-1.715700000000000003e-01 -4.449799999999999867e-01 2.695600000000000077e-06
-1.429700000000000137e-01 -4.449799999999999867e-01 1.914599999999999846e-06
-1.143799999999999956e-01 -4.449799999999999867e-01 1.413000000000000066e-06
-8.578399999999999914e-02 -4.449799999999999867e-01 1.417599999999999988e-06
-5.718999999999999778e-02 -4.449799999999999867e-01 2.094000000000000195e-06
-2.859499999999999889e-02 -4.449799999999999867e-01 3.482500000000000115e-06
0.000000000000000000e+00 -4.449799999999999867e-01 5.279699999999999611e-06
-4.489399999999999835e+00 -4.162699999999999734e-01 3.636600000000000249e-04
-4.460799999999999876e+00 -4.162699999999999734e-01 4.544500000000000145e-04
-4.432199999999999918e+00 -4.162699999999999734e-01 5.077099999999999756e-04
-4.403599999999999959e+00 -4.162699999999999734e-01 5.024899999999999679e-04
-4.375000000000000000e+00 -4.162699999999999734e-01 4.622800000000000260e-04
-4.346400000000000041e+00 -4.162699999999999734e-01 3.535400000000000066e-04
-4.317800000000000082e+00 -4.162699999999999734e-01 2.177899999999999866e-04
-4.289200000000000124e+00 -4.162699999999999734e-01 9.332699999999999601e-05
-4.260600000000000165e+00 -4.162699999999999734e-01 2.131499999999999836e-05
-4.232000000000000206e+00 -4.162699999999999734e-01 2.852600000000000098e-05
-4.203400000000000247e+00 -4.162699999999999734e-01 1.171299999999999983e-04
-4.174800000000000288e+00 -4.162699999999999734e-01 2.639000000000000178e-04
-4.146200000000000330e+00 -4.162699999999999734e-01 3.712499999999999980e-04
-4.117600000000000371e+00 -4.162699999999999734e-01 5.071700000000000383e-04
-4.089100000000000179e+00 -4.162699999999999734e-01 5.733900000000000108e-04
-4.060500000000000220e+00 -4.162699999999999734e-01 5.421999999999999520e-04
-4.031900000000000261e+00 -4.162699999999999734e-01 4.246499999999999949e-04
-4.003300000000000303e+00 -4.162699999999999734e-01 2.612700000000000244e-04
-3.974699999999999900e+00 -4.162699999999999734e-01 1.074900000000000025e-04
-3.946099999999999941e+00 -4.162699999999999734e-01 3.873300000000000337e-05
-3.917499999999999982e+00 -4.162699999999999734e-01 1.472599999999999928e-05
-3.888900000000000023e+00 -4.162699999999999734e-01 8.823299999999999362e-05
-3.860300000000000065e+00 -4.162699999999999734e-01 2.273599999999999916e-04
-3.831700000000000106e+00 -4.162699999999999734e-01 3.708900000000000217e-04
-3.803100000000000147e+00 -4.162699999999999734e-01 4.589300000000000259e-04
-3.774500000000000188e+00 -4.162699999999999734e-01 4.549199999999999880e-04
-3.745899999999999785e+00 -4.162699999999999734e-01 4.040100000000000028e-04
-3.717299999999999827e+00 -4.162699999999999734e-01 2.996000000000000182e-04
-3.688699999999999868e+00 -4.162699999999999734e-01 2.557999999999999836e-04
-3.660099999999999909e+00 -4.162699999999999734e-01 3.885299999999999952e-04
-3.631499999999999950e+00 -4.162699999999999734e-01 7.883500000000000533e-04
-3.602899999999999991e+00 -4.162699999999999734e-01 1.476799999999999901e-03
-3.574300000000000033e+00 -4.162699999999999734e-01 2.383399999999999928e-03
-3.545799999999999841e+00 -4.162699999999999734e-01 3.019299999999999935e-03
-3.517199999999999882e+00 -4.162699999999999734e-01 3.848499999999999924e-03
-3.488599999999999923e+00 -4.162699999999999734e-01 4.309000000000000330e-03
-3.459999999999999964e+00 -4.162699999999999734e-01 4.233400000000000010e-03
-3.431400000000000006e+00 -4.162699999999999734e-01 3.568500000000000057e-03
-3.402800000000000047e+00 -4.162699999999999734e-01 2.490399999999999819e-03
-3.374200000000000088e+00 -4.162699999999999734e-01 1.302900000000000065e-03
-3.345600000000000129e+00 -4.162699999999999734e-01 6.371600000000000050e-04
-3.317000000000000171e+00 -4.162699999999999734e-01 1.253399999999999892e-04
-3.288400000000000212e+00 -4.162699999999999734e-01 4.316200000000000180e-04
-3.259799999999999809e+00 -4.162699999999999734e-01 1.591799999999999986e-03
-3.231199999999999850e+00 -4.162699999999999734e-01 3.345900000000000176e-03
-3.202599999999999891e+00 -4.162699999999999734e-01 5.174100000000000053e-03
-3.173999999999999932e+00 -4.162699999999999734e-01 6.503600000000000006e-03
-3.145399999999999974e+00 -4.162699999999999734e-01 6.833099999999999938e-03
-3.116800000000000015e+00 -4.162699999999999734e-01 6.233999999999999958e-03
-3.088200000000000056e+00 -4.162699999999999734e-01 4.419600000000000091e-03
-3.059600000000000097e+00 -4.162699999999999734e-01 2.063199999999999843e-03
-3.031000000000000139e+00 -4.162699999999999734e-01 3.121999999999999992e-04
-3.002499999999999947e+00 -4.162699999999999734e-01 6.602799999999999598e-04
-2.973899999999999988e+00 -4.162699999999999734e-01 4.608700000000000296e-03
-2.945300000000000029e+00 -4.162699999999999734e-01 9.874300000000000785e-03
-2.916700000000000070e+00 -4.162699999999999734e-01 2.224699999999999941e-02
-2.888100000000000112e+00 -4.162699999999999734e-01 3.970499999999999724e-02
-2.859500000000000153e+00 -4.162699999999999734e-01 6.094800000000000217e-02
-2.830900000000000194e+00 -4.162699999999999734e-01 8.379899999999999849e-02
-2.802299999999999791e+00 -4.162699999999999734e-01 1.054599999999999982e-01
-2.773699999999999832e+00 -4.162699999999999734e-01 1.239100000000000062e-01
-2.745099999999999874e+00 -4.162699999999999734e-01 1.331499999999999906e-01
-2.716499999999999915e+00 -4.162699999999999734e-01 1.402299999999999935e-01
-2.687899999999999956e+00 -4.162699999999999734e-01 1.371400000000000119e-01
-2.659299999999999997e+00 -4.162699999999999734e-01 1.250300000000000022e-01
-2.630700000000000038e+00 -4.162699999999999734e-01 1.062899999999999956e-01
-2.602100000000000080e+00 -4.162699999999999734e-01 8.415599999999999470e-02
-2.573500000000000121e+00 -4.162699999999999734e-01 6.134499999999999675e-02
-2.544900000000000162e+00 -4.162699999999999734e-01 4.024900000000000005e-02
-2.516300000000000203e+00 -4.162699999999999734e-01 2.802999999999999936e-02
-2.487699999999999800e+00 -4.162699999999999734e-01 1.372999999999999915e-02
-2.459200000000000053e+00 -4.162699999999999734e-01 4.830499999999999725e-03
-2.430600000000000094e+00 -4.162699999999999734e-01 7.423799999999999497e-04
-2.402000000000000135e+00 -4.162699999999999734e-01 1.529400000000000095e-04
-2.373400000000000176e+00 -4.162699999999999734e-01 1.568799999999999969e-03
-2.344800000000000217e+00 -4.162699999999999734e-01 3.599199999999999882e-03
-2.316199999999999815e+00 -4.162699999999999734e-01 4.737899999999999751e-03
-2.287599999999999856e+00 -4.162699999999999734e-01 5.610500000000000036e-03
-2.258999999999999897e+00 -4.162699999999999734e-01 5.374300000000000258e-03
-2.230399999999999938e+00 -4.162699999999999734e-01 4.332899999999999772e-03
-2.201799999999999979e+00 -4.162699999999999734e-01 2.901599999999999839e-03
-2.173200000000000021e+00 -4.162699999999999734e-01 1.481499999999999961e-03
-2.144600000000000062e+00 -4.162699999999999734e-01 4.545099999999999835e-04
-2.116000000000000103e+00 -4.162699999999999734e-01 1.044099999999999981e-04
-2.087400000000000144e+00 -4.162699999999999734e-01 5.743599999999999693e-05
-2.058800000000000185e+00 -4.162699999999999734e-01 4.058999999999999999e-04
-2.030199999999999783e+00 -4.162699999999999734e-01 9.193199999999999462e-04
-2.001599999999999824e+00 -4.162699999999999734e-01 1.215600000000000057e-03
-1.973000000000000087e+00 -4.162699999999999734e-01 1.160000000000000007e-03
-1.944399999999999906e+00 -4.162699999999999734e-01 1.522399999999999925e-03
-1.915799999999999947e+00 -4.162699999999999734e-01 3.126599999999999779e-04
-1.887299999999999978e+00 -4.162699999999999734e-01 5.240400000000000310e-04
-1.858700000000000019e+00 -4.162699999999999734e-01 4.024400000000000026e-04
-1.830100000000000060e+00 -4.162699999999999734e-01 9.410900000000000309e-05
-1.801500000000000101e+00 -4.162699999999999734e-01 2.440299999999999848e-03
-1.772899999999999920e+00 -4.162699999999999734e-01 1.680399999999999971e-04
-1.744299999999999962e+00 -4.162699999999999734e-01 1.580200000000000083e-04
-1.715700000000000003e+00 -4.162699999999999734e-01 2.240099999999999915e-04
-1.687100000000000044e+00 -4.162699999999999734e-01 7.630099999999999470e-04
-1.658500000000000085e+00 -4.162699999999999734e-01 1.163499999999999951e-02
-1.629899999999999904e+00 -4.162699999999999734e-01 9.799200000000000640e-05
-1.601299999999999946e+00 -4.162699999999999734e-01 2.430099999999999993e-05
-1.572699999999999987e+00 -4.162699999999999734e-01 4.896499999999999621e-06
-1.544100000000000028e+00 -4.162699999999999734e-01 5.163700000000000214e-06
-1.515500000000000069e+00 -4.162699999999999734e-01 1.042899999999999959e-05
-1.486900000000000110e+00 -4.162699999999999734e-01 1.988200000000000039e-05
-1.458299999999999930e+00 -4.162699999999999734e-01 2.756800000000000101e-05
-1.429699999999999971e+00 -4.162699999999999734e-01 3.141299999999999892e-05
-1.401100000000000012e+00 -4.162699999999999734e-01 3.097500000000000074e-05
-1.372500000000000053e+00 -4.162699999999999734e-01 2.687600000000000153e-05
-1.344000000000000083e+00 -4.162699999999999734e-01 2.040799999999999841e-05
-1.315399999999999903e+00 -4.162699999999999734e-01 1.570299999999999856e-05
-1.286799999999999944e+00 -4.162699999999999734e-01 9.202899999999999590e-06
-1.258199999999999985e+00 -4.162699999999999734e-01 4.330999999999999699e-06
-1.229600000000000026e+00 -4.162699999999999734e-01 1.630899999999999920e-06
-1.172400000000000109e+00 -4.162699999999999734e-01 1.831999999999999993e-06
-1.143799999999999928e+00 -4.162699999999999734e-01 3.449399999999999958e-06
-1.115199999999999969e+00 -4.162699999999999734e-01 4.639200000000000408e-06
-1.086600000000000010e+00 -4.162699999999999734e-01 6.356900000000000072e-06
-1.058000000000000052e+00 -4.162699999999999734e-01 8.023700000000000783e-06
-1.029400000000000093e+00 -4.162699999999999734e-01 9.697100000000000720e-06
-1.000799999999999912e+00 -4.162699999999999734e-01 1.961500000000000109e-05
-9.722199999999999731e-01 -4.162699999999999734e-01 1.791099999999999897e-03
-9.436299999999999688e-01 -4.162699999999999734e-01 4.683900000000000064e-04
-9.150300000000000100e-01 -4.162699999999999734e-01 1.996599999999999959e-04
-8.864400000000000057e-01 -4.162699999999999734e-01 8.295699999999999195e-06
-8.578400000000000469e-01 -4.162699999999999734e-01 1.676700000000000057e-05
-8.292500000000000426e-01 -4.162699999999999734e-01 1.312999999999999965e-05
-8.006499999999999728e-01 -4.162699999999999734e-01 9.625800000000000233e-06
-7.720599999999999685e-01 -4.162699999999999734e-01 6.216599999999999908e-06
-7.434600000000000097e-01 -4.162699999999999734e-01 3.254400000000000131e-06
-7.148700000000000054e-01 -4.162699999999999734e-01 1.212600000000000045e-06
-6.290799999999999725e-01 -4.162699999999999734e-01 1.644200000000000072e-06
-6.004899999999999682e-01 -4.162699999999999734e-01 3.266799999999999792e-06
-5.718999999999999639e-01 -4.162699999999999734e-01 4.795399999999999861e-06
-5.433000000000000052e-01 -4.162699999999999734e-01 5.679899999999999608e-06
-5.147100000000000009e-01 -4.162699999999999734e-01 5.586799999999999602e-06
-4.861099999999999866e-01 -4.162699999999999734e-01 4.985300000000000363e-06
-4.575199999999999823e-01 -4.162699999999999734e-01 3.532100000000000030e-06
-4.289200000000000235e-01 -4.162699999999999734e-01 1.856099999999999898e-06
-3.145399999999999863e-01 -4.162699999999999734e-01 1.674500000000000019e-06
-2.859499999999999820e-01 -4.162699999999999734e-01 2.722300000000000177e-06
-2.573500000000000232e-01 -4.162699999999999734e-01 4.243799999999999924e-06
-2.287599999999999911e-01 -4.162699999999999734e-01 5.285899999999999654e-06
-2.001600000000000046e-01 -4.162699999999999734e-01 5.514500000000000311e-06
-1.715700000000000003e-01 -4.162699999999999734e-01 4.996699999999999949e-06
-1.429700000000000137e-01 -4.162699999999999734e-01 4.062499999999999644e-06
-1.143799999999999956e-01 -4.162699999999999734e-01 3.219600000000000057e-06
-8.578399999999999914e-02 -4.162699999999999734e-01 2.973799999999999802e-06
-5.718999999999999778e-02 -4.162699999999999734e-01 3.369100000000000066e-06
-2.859499999999999889e-02 -4.162699999999999734e-01 4.729399999999999984e-06
0.000000000000000000e+00 -4.162699999999999734e-01 6.792899999999999794e-06
-4.489399999999999835e+00 -3.875600000000000156e-01 4.651999999999999777e-04
-4.460799999999999876e+00 -3.875600000000000156e-01 6.056199999999999648e-04
-4.432199999999999918e+00 -3.875600000000000156e-01 6.987000000000000155e-04
-4.403599999999999959e+00 -3.875600000000000156e-01 7.129099999999999760e-04
-4.375000000000000000e+00 -3.875600000000000156e-01 6.721900000000000271e-04
-4.346400000000000041e+00 -3.875600000000000156e-01 5.430800000000000384e-04
-4.317800000000000082e+00 -3.875600000000000156e-01 3.559100000000000263e-04
-4.289200000000000124e+00 -3.875600000000000156e-01 1.709400000000000134e-04
-4.260600000000000165e+00 -3.875600000000000156e-01 4.501699999999999945e-05
-4.232000000000000206e+00 -3.875600000000000156e-01 1.949499999999999885e-05
-4.203400000000000247e+00 -3.875600000000000156e-01 1.076299999999999978e-04
-4.174800000000000288e+00 -3.875600000000000156e-01 2.833800000000000143e-04
-4.146200000000000330e+00 -3.875600000000000156e-01 4.229699999999999975e-04
-4.117600000000000371e+00 -3.875600000000000156e-01 6.130699999999999561e-04
-4.089100000000000179e+00 -3.875600000000000156e-01 7.158499999999999716e-04
-4.060500000000000220e+00 -3.875600000000000156e-01 7.001800000000000081e-04
-4.031900000000000261e+00 -3.875600000000000156e-01 5.665699999999999643e-04
-4.003300000000000303e+00 -3.875600000000000156e-01 3.598599999999999867e-04
-3.974699999999999900e+00 -3.875600000000000156e-01 1.563099999999999993e-04
-3.946099999999999941e+00 -3.875600000000000156e-01 6.022999999999999762e-05
-3.917499999999999982e+00 -3.875600000000000156e-01 1.610799999999999892e-05
-3.888900000000000023e+00 -3.875600000000000156e-01 1.036999999999999999e-04
-3.860300000000000065e+00 -3.875600000000000156e-01 2.842000000000000234e-04
-3.831700000000000106e+00 -3.875600000000000156e-01 4.832799999999999943e-04
-3.803100000000000147e+00 -3.875600000000000156e-01 6.108799999999999517e-04
-3.774500000000000188e+00 -3.875600000000000156e-01 6.161699999999999773e-04
-3.745899999999999785e+00 -3.875600000000000156e-01 5.526300000000000266e-04
-3.717299999999999827e+00 -3.875600000000000156e-01 4.067900000000000270e-04
-3.688699999999999868e+00 -3.875600000000000156e-01 3.095800000000000006e-04
-3.660099999999999909e+00 -3.875600000000000156e-01 4.188800000000000010e-04
-3.631499999999999950e+00 -3.875600000000000156e-01 8.560100000000000391e-04
-3.602899999999999991e+00 -3.875600000000000156e-01 1.658399999999999978e-03
-3.574300000000000033e+00 -3.875600000000000156e-01 2.735399999999999811e-03
-3.545799999999999841e+00 -3.875600000000000156e-01 3.511999999999999931e-03
-3.517199999999999882e+00 -3.875600000000000156e-01 4.547800000000000280e-03
-3.488599999999999923e+00 -3.875600000000000156e-01 5.133699999999999722e-03
-3.459999999999999964e+00 -3.875600000000000156e-01 5.031100000000000155e-03
-3.431400000000000006e+00 -3.875600000000000156e-01 4.240700000000000025e-03
-3.402800000000000047e+00 -3.875600000000000156e-01 2.920799999999999872e-03
-3.374200000000000088e+00 -3.875600000000000156e-01 1.468600000000000027e-03
-3.345600000000000129e+00 -3.875600000000000156e-01 6.747500000000000026e-04
-3.317000000000000171e+00 -3.875600000000000156e-01 1.008900000000000047e-04
-3.288400000000000212e+00 -3.875600000000000156e-01 5.778400000000000376e-04
-3.259799999999999809e+00 -3.875600000000000156e-01 2.138099999999999983e-03
-3.231199999999999850e+00 -3.875600000000000156e-01 4.432799999999999761e-03
-3.202599999999999891e+00 -3.875600000000000156e-01 6.837099999999999601e-03
-3.173999999999999932e+00 -3.875600000000000156e-01 8.493300000000000502e-03
-3.145399999999999974e+00 -3.875600000000000156e-01 8.871199999999999225e-03
-3.116800000000000015e+00 -3.875600000000000156e-01 8.066200000000000800e-03
-3.088200000000000056e+00 -3.875600000000000156e-01 5.712100000000000337e-03
-3.059600000000000097e+00 -3.875600000000000156e-01 2.620400000000000160e-03
-3.031000000000000139e+00 -3.875600000000000156e-01 3.683399999999999869e-04
-3.002499999999999947e+00 -3.875600000000000156e-01 8.231300000000000422e-04
-2.973899999999999988e+00 -3.875600000000000156e-01 5.919899999999999642e-03
-2.945300000000000029e+00 -3.875600000000000156e-01 1.270400000000000001e-02
-2.916700000000000070e+00 -3.875600000000000156e-01 2.857200000000000017e-02
-2.888100000000000112e+00 -3.875600000000000156e-01 5.099499999999999866e-02
-2.859500000000000153e+00 -3.875600000000000156e-01 7.793899999999999439e-02
-2.830900000000000194e+00 -3.875600000000000156e-01 1.066200000000000064e-01
-2.802299999999999791e+00 -3.875600000000000156e-01 1.342700000000000005e-01
-2.773699999999999832e+00 -3.875600000000000156e-01 1.570999999999999897e-01
-2.745099999999999874e+00 -3.875600000000000156e-01 1.680200000000000027e-01
-2.716499999999999915e+00 -3.875600000000000156e-01 1.760899999999999965e-01
-2.687899999999999956e+00 -3.875600000000000156e-01 1.726100000000000134e-01
-2.659299999999999997e+00 -3.875600000000000156e-01 1.567900000000000127e-01
-2.630700000000000038e+00 -3.875600000000000156e-01 1.322099999999999942e-01
-2.602100000000000080e+00 -3.875600000000000156e-01 1.039899999999999991e-01
-2.573500000000000121e+00 -3.875600000000000156e-01 7.544499999999999817e-02
-2.544900000000000162e+00 -3.875600000000000156e-01 4.888100000000000084e-02
-2.516300000000000203e+00 -3.875600000000000156e-01 3.376500000000000334e-02
-2.487699999999999800e+00 -3.875600000000000156e-01 1.627299999999999927e-02
-2.459200000000000053e+00 -3.875600000000000156e-01 5.495100000000000158e-03
-2.430600000000000094e+00 -3.875600000000000156e-01 7.586399999999999871e-04
-2.402000000000000135e+00 -3.875600000000000156e-01 2.974599999999999879e-04
-2.373400000000000176e+00 -3.875600000000000156e-01 2.217100000000000060e-03
-2.344800000000000217e+00 -3.875600000000000156e-01 4.789200000000000401e-03
-2.316199999999999815e+00 -3.875600000000000156e-01 6.168400000000000098e-03
-2.287599999999999856e+00 -3.875600000000000156e-01 7.166600000000000401e-03
-2.258999999999999897e+00 -3.875600000000000156e-01 6.769999999999999976e-03
-2.230399999999999938e+00 -3.875600000000000156e-01 5.329000000000000403e-03
-2.201799999999999979e+00 -3.875600000000000156e-01 3.474899999999999951e-03
-2.173200000000000021e+00 -3.875600000000000156e-01 1.723600000000000045e-03
-2.144600000000000062e+00 -3.875600000000000156e-01 4.922600000000000066e-04
-2.116000000000000103e+00 -3.875600000000000156e-01 9.499699999999999865e-05
-2.087400000000000144e+00 -3.875600000000000156e-01 8.993700000000000305e-05
-2.058800000000000185e+00 -3.875600000000000156e-01 5.453100000000000221e-04
-2.030199999999999783e+00 -3.875600000000000156e-01 1.178699999999999973e-03
-2.001599999999999824e+00 -3.875600000000000156e-01 1.544900000000000093e-03
-1.973000000000000087e+00 -3.875600000000000156e-01 1.407700000000000010e-03
-1.944399999999999906e+00 -3.875600000000000156e-01 1.634500000000000102e-03
-1.915799999999999947e+00 -3.875600000000000156e-01 6.473299999999999974e-04
-1.887299999999999978e+00 -3.875600000000000156e-01 3.488899999999999749e-04
-1.858700000000000019e+00 -3.875600000000000156e-01 9.587400000000000262e-04
-1.830100000000000060e+00 -3.875600000000000156e-01 1.176799999999999981e-04
-1.801500000000000101e+00 -3.875600000000000156e-01 2.716699999999999844e-03
-1.772899999999999920e+00 -3.875600000000000156e-01 3.606700000000000010e-04
-1.744299999999999962e+00 -3.875600000000000156e-01 2.251300000000000078e-04
-1.715700000000000003e+00 -3.875600000000000156e-01 2.804799999999999980e-04
-1.687100000000000044e+00 -3.875600000000000156e-01 6.101299999999999606e-04
-1.658500000000000085e+00 -3.875600000000000156e-01 1.897199999999999928e-02
-1.629899999999999904e+00 -3.875600000000000156e-01 6.472700000000000285e-04
-1.601299999999999946e+00 -3.875600000000000156e-01 6.213100000000000534e-05
-1.572699999999999987e+00 -3.875600000000000156e-01 9.480399999999999898e-06
-1.544100000000000028e+00 -3.875600000000000156e-01 1.697500000000000053e-06
-1.515500000000000069e+00 -3.875600000000000156e-01 6.320799999999999689e-06
-1.486900000000000110e+00 -3.875600000000000156e-01 1.713200000000000131e-05
-1.458299999999999930e+00 -3.875600000000000156e-01 2.708700000000000002e-05
-1.429699999999999971e+00 -3.875600000000000156e-01 3.305900000000000315e-05
-1.401100000000000012e+00 -3.875600000000000156e-01 3.390599999999999691e-05
-1.372500000000000053e+00 -3.875600000000000156e-01 3.020400000000000084e-05
-1.344000000000000083e+00 -3.875600000000000156e-01 2.356100000000000024e-05
-1.315399999999999903e+00 -3.875600000000000156e-01 1.835100000000000099e-05
-1.286799999999999944e+00 -3.875600000000000156e-01 1.084699999999999965e-05
-1.258199999999999985e+00 -3.875600000000000156e-01 4.986000000000000204e-06
-1.229600000000000026e+00 -3.875600000000000156e-01 1.506000000000000065e-06
-1.172400000000000109e+00 -3.875600000000000156e-01 1.217299999999999975e-06
-1.143799999999999928e+00 -3.875600000000000156e-01 3.145300000000000193e-06
-1.115199999999999969e+00 -3.875600000000000156e-01 4.753699999999999904e-06
-1.086600000000000010e+00 -3.875600000000000156e-01 7.338100000000000097e-06
-1.058000000000000052e+00 -3.875600000000000156e-01 1.034500000000000006e-05
-1.029400000000000093e+00 -3.875600000000000156e-01 1.497700000000000077e-05
-1.000799999999999912e+00 -3.875600000000000156e-01 2.881699999999999870e-05
-9.722199999999999731e-01 -3.875600000000000156e-01 1.431999999999999896e-03
-9.436299999999999688e-01 -3.875600000000000156e-01 2.607900000000000018e-04
-9.150300000000000100e-01 -3.875600000000000156e-01 2.989600000000000142e-06
-8.864400000000000057e-01 -3.875600000000000156e-01 1.400299999999999959e-05
-8.578400000000000469e-01 -3.875600000000000156e-01 1.346400000000000018e-05
-8.292500000000000426e-01 -3.875600000000000156e-01 1.210699999999999945e-05
-8.006499999999999728e-01 -3.875600000000000156e-01 9.792000000000000438e-06
-7.720599999999999685e-01 -3.875600000000000156e-01 6.848199999999999925e-06
-7.434600000000000097e-01 -3.875600000000000156e-01 3.905100000000000101e-06
-7.148700000000000054e-01 -3.875600000000000156e-01 1.594199999999999915e-06
-6.290799999999999725e-01 -3.875600000000000156e-01 1.102900000000000062e-06
-6.004899999999999682e-01 -3.875600000000000156e-01 2.661099999999999814e-06
-5.718999999999999639e-01 -3.875600000000000156e-01 4.329600000000000018e-06
-5.433000000000000052e-01 -3.875600000000000156e-01 5.495299999999999716e-06
-5.147100000000000009e-01 -3.875600000000000156e-01 5.759700000000000098e-06
-4.861099999999999866e-01 -3.875600000000000156e-01 5.383399999999999991e-06
-4.575199999999999823e-01 -3.875600000000000156e-01 4.089599999999999774e-06
-4.289200000000000235e-01 -3.875600000000000156e-01 2.404300000000000003e-06
-3.145399999999999863e-01 -3.875600000000000156e-01 1.282099999999999973e-06
-2.859499999999999820e-01 -3.875600000000000156e-01 2.346600000000000115e-06
-2.573500000000000232e-01 -3.875600000000000156e-01 4.086800000000000411e-06
-2.287599999999999911e-01 -3.875600000000000156e-01 5.526699999999999957e-06
-2.001600000000000046e-01 -3.875600000000000156e-01 6.302299999999999782e-06
-1.715700000000000003e-01 -3.875600000000000156e-01 6.259200000000000144e-06
-1.429700000000000137e-01 -3.875600000000000156e-01 5.588899999999999971e-06
-1.143799999999999956e-01 -3.875600000000000156e-01 4.759499999999999916e-06
-8.578399999999999914e-02 -3.875600000000000156e-01 4.373700000000000154e-06
-5.718999999999999778e-02 -3.875600000000000156e-01 4.344700000000000093e-06
-2.859499999999999889e-02 -3.875600000000000156e-01 5.181000000000000031e-06
0.000000000000000000e+00 -3.875600000000000156e-01 6.774699999999999697e-06
-4.489399999999999835e+00 -3.588500000000000023e-01 2.673600000000000152e-04
-4.460799999999999876e+00 -3.588500000000000023e-01 3.537300000000000166e-04
-4.432199999999999918e+00 -3.588500000000000023e-01 4.185200000000000248e-04
-4.403599999999999959e+00 -3.588500000000000023e-01 4.403899999999999764e-04
-4.375000000000000000e+00 -3.588500000000000023e-01 4.235600000000000172e-04
-4.346400000000000041e+00 -3.588500000000000023e-01 3.522199999999999854e-04
-4.317800000000000082e+00 -3.588500000000000023e-01 2.447199999999999744e-04
-4.289200000000000124e+00 -3.588500000000000023e-01 1.289800000000000018e-04
-4.260600000000000165e+00 -3.588500000000000023e-01 4.050300000000000167e-05
-4.232000000000000206e+00 -3.588500000000000023e-01 7.631800000000000351e-06
-4.203400000000000247e+00 -3.588500000000000023e-01 4.114699999999999754e-05
-4.174800000000000288e+00 -3.588500000000000023e-01 1.319500000000000089e-04
-4.146200000000000330e+00 -3.588500000000000023e-01 2.088000000000000066e-04
-4.117600000000000371e+00 -3.588500000000000023e-01 3.200000000000000262e-04
-4.089100000000000179e+00 -3.588500000000000023e-01 3.921299999999999742e-04
-4.060500000000000220e+00 -3.588500000000000023e-01 3.938100000000000259e-04
-4.031900000000000261e+00 -3.588500000000000023e-01 3.267999999999999746e-04
-4.003300000000000303e+00 -3.588500000000000023e-01 2.157200000000000014e-04
-3.974699999999999900e+00 -3.588500000000000023e-01 9.994300000000000178e-05
-3.946099999999999941e+00 -3.588500000000000023e-01 4.260500000000000289e-05
-3.917499999999999982e+00 -3.588500000000000023e-01 1.273400000000000039e-05
-3.888900000000000023e+00 -3.588500000000000023e-01 5.874200000000000103e-05
-3.860300000000000065e+00 -3.588500000000000023e-01 1.625200000000000093e-04
-3.831700000000000106e+00 -3.588500000000000023e-01 2.786999999999999981e-04
-3.803100000000000147e+00 -3.588500000000000023e-01 3.593399999999999849e-04
-3.774500000000000188e+00 -3.588500000000000023e-01 3.686200000000000045e-04
-3.745899999999999785e+00 -3.588500000000000023e-01 3.322800000000000102e-04
-3.717299999999999827e+00 -3.588500000000000023e-01 2.418699999999999865e-04
-3.688699999999999868e+00 -3.588500000000000023e-01 1.740900000000000086e-04
-3.660099999999999909e+00 -3.588500000000000023e-01 2.164199999999999913e-04
-3.631499999999999950e+00 -3.588500000000000023e-01 4.436099999999999896e-04
-3.602899999999999991e+00 -3.588500000000000023e-01 8.804900000000000487e-04
-3.574300000000000033e+00 -3.588500000000000023e-01 1.488399999999999966e-03
-3.545799999999999841e+00 -3.588500000000000023e-01 1.926600000000000101e-03
-3.517199999999999882e+00 -3.588500000000000023e-01 2.510000000000000078e-03
-3.488599999999999923e+00 -3.588500000000000023e-01 2.849899999999999829e-03
-3.459999999999999964e+00 -3.588500000000000023e-01 2.814500000000000161e-03
-3.431400000000000006e+00 -3.588500000000000023e-01 2.353300000000000010e-03
-3.402800000000000047e+00 -3.588500000000000023e-01 1.598800000000000048e-03
-3.374200000000000088e+00 -3.588500000000000023e-01 7.783399999999999781e-04
-3.345600000000000129e+00 -3.588500000000000023e-01 3.359899999999999866e-04
-3.317000000000000171e+00 -3.588500000000000023e-01 4.670500000000000091e-05
-3.288400000000000212e+00 -3.588500000000000023e-01 3.811900000000000011e-04
-3.259799999999999809e+00 -3.588500000000000023e-01 1.362699999999999892e-03
-3.231199999999999850e+00 -3.588500000000000023e-01 2.779999999999999919e-03
-3.202599999999999891e+00 -3.588500000000000023e-01 4.222199999999999738e-03
-3.173999999999999932e+00 -3.588500000000000023e-01 5.252200000000000271e-03
-3.145399999999999974e+00 -3.588500000000000023e-01 5.487800000000000143e-03
-3.116800000000000015e+00 -3.588500000000000023e-01 4.968499999999999826e-03
-3.088200000000000056e+00 -3.588500000000000023e-01 3.509799999999999986e-03
-3.059600000000000097e+00 -3.588500000000000023e-01 1.625499999999999992e-03
-3.031000000000000139e+00 -3.588500000000000023e-01 2.175900000000000089e-04
-3.002499999999999947e+00 -3.588500000000000023e-01 4.606999999999999767e-04
-2.973899999999999988e+00 -3.588500000000000023e-01 3.497800000000000128e-03
-2.945300000000000029e+00 -3.588500000000000023e-01 7.550099999999999693e-03
-2.916700000000000070e+00 -3.588500000000000023e-01 1.710100000000000162e-02
-2.888100000000000112e+00 -3.588500000000000023e-01 3.051900000000000099e-02
-2.859500000000000153e+00 -3.588500000000000023e-01 4.682800000000000157e-02
-2.830900000000000194e+00 -3.588500000000000023e-01 6.420299999999999618e-02
-2.802299999999999791e+00 -3.588500000000000023e-01 8.035100000000000575e-02
-2.773699999999999832e+00 -3.588500000000000023e-01 9.382999999999999674e-02
-2.745099999999999874e+00 -3.588500000000000023e-01 1.005500000000000005e-01
-2.716499999999999915e+00 -3.588500000000000023e-01 1.052799999999999986e-01
-2.687899999999999956e+00 -3.588500000000000023e-01 1.025999999999999968e-01
-2.659299999999999997e+00 -3.588500000000000023e-01 9.306000000000000383e-02
-2.630700000000000038e+00 -3.588500000000000023e-01 7.845199999999999396e-02
-2.602100000000000080e+00 -3.588500000000000023e-01 6.112700000000000078e-02
-2.573500000000000121e+00 -3.588500000000000023e-01 4.376200000000000229e-02
-2.544900000000000162e+00 -3.588500000000000023e-01 2.815199999999999994e-02
-2.516300000000000203e+00 -3.588500000000000023e-01 1.923499999999999863e-02
-2.487699999999999800e+00 -3.588500000000000023e-01 9.003099999999999992e-03
-2.459200000000000053e+00 -3.588500000000000023e-01 2.860500000000000195e-03
-2.430600000000000094e+00 -3.588500000000000023e-01 3.092699999999999985e-04
-2.402000000000000135e+00 -3.588500000000000023e-01 2.961999999999999898e-04
-2.373400000000000176e+00 -3.588500000000000023e-01 1.619999999999999912e-03
-2.344800000000000217e+00 -3.588500000000000023e-01 3.245300000000000008e-03
-2.316199999999999815e+00 -3.588500000000000023e-01 4.086399999999999581e-03
-2.287599999999999856e+00 -3.588500000000000023e-01 4.622600000000000146e-03
-2.258999999999999897e+00 -3.588500000000000023e-01 4.261899999999999890e-03
-2.230399999999999938e+00 -3.588500000000000023e-01 3.302300000000000200e-03
-2.201799999999999979e+00 -3.588500000000000023e-01 2.102099999999999975e-03
-2.173200000000000021e+00 -3.588500000000000023e-01 1.002300000000000023e-03
-2.144600000000000062e+00 -3.588500000000000023e-01 2.634900000000000133e-04
-2.116000000000000103e+00 -3.588500000000000023e-01 3.928900000000000280e-05
-2.087400000000000144e+00 -3.588500000000000023e-01 7.551600000000000001e-05
-2.058800000000000185e+00 -3.588500000000000023e-01 3.828799999999999933e-04
-2.030199999999999783e+00 -3.588500000000000023e-01 7.828299999999999842e-04
-2.001599999999999824e+00 -3.588500000000000023e-01 1.026199999999999899e-03
-1.973000000000000087e+00 -3.588500000000000023e-01 9.035999999999999545e-04
-1.944399999999999906e+00 -3.588500000000000023e-01 8.543999999999999512e-04
-1.915799999999999947e+00 -3.588500000000000023e-01 6.985500000000000390e-04
-1.887299999999999978e+00 -3.588500000000000023e-01 8.828299999999999483e-05
-1.858700000000000019e+00 -3.588500000000000023e-01 9.151899999999999705e-04
-1.830100000000000060e+00 -3.588500000000000023e-01 7.309400000000000185e-05
-1.801500000000000101e+00 -3.588500000000000023e-01 1.027399999999999928e-03
-1.772899999999999920e+00 -3.588500000000000023e-01 5.041800000000000144e-04
-1.744299999999999962e+00 -3.588500000000000023e-01 1.558700000000000103e-04
-1.715700000000000003e+00 -3.588500000000000023e-01 1.769700000000000082e-04
-1.687100000000000044e+00 -3.588500000000000023e-01 3.223200000000000175e-04
-1.658500000000000085e+00 -3.588500000000000023e-01 8.063700000000000034e-03
-1.629899999999999904e+00 -3.588500000000000023e-01 2.114099999999999833e-03
-1.601299999999999946e+00 -3.588500000000000023e-01 9.159599999999999513e-05
-1.572699999999999987e+00 -3.588500000000000023e-01 1.220899999999999949e-05
-1.515500000000000069e+00 -3.588500000000000023e-01 1.506100000000000073e-06
-1.486900000000000110e+00 -3.588500000000000023e-01 7.221500000000000231e-06
-1.458299999999999930e+00 -3.588500000000000023e-01 1.336200000000000014e-05
-1.429699999999999971e+00 -3.588500000000000023e-01 1.748199999999999966e-05
-1.401100000000000012e+00 -3.588500000000000023e-01 1.878399999999999837e-05
-1.372500000000000053e+00 -3.588500000000000023e-01 1.734599999999999960e-05
-1.344000000000000083e+00 -3.588500000000000023e-01 1.386500000000000024e-05
-1.315399999999999903e+00 -3.588500000000000023e-01 1.101200000000000062e-05
-1.286799999999999944e+00 -3.588500000000000023e-01 6.749400000000000126e-06
-1.258199999999999985e+00 -3.588500000000000023e-01 3.239799999999999881e-06
-1.143799999999999928e+00 -3.588500000000000023e-01 1.443700000000000043e-06
-1.115199999999999969e+00 -3.588500000000000023e-01 2.435100000000000199e-06
-1.086600000000000010e+00 -3.588500000000000023e-01 4.306100000000000158e-06
-1.058000000000000052e+00 -3.588500000000000023e-01 6.972400000000000363e-06
-1.029400000000000093e+00 -3.588500000000000023e-01 8.938300000000000463e-06
-1.000799999999999912e+00 -3.588500000000000023e-01 7.509800000000000503e-05
-9.722199999999999731e-01 -3.588500000000000023e-01 1.606799999999999930e-05
-9.436299999999999688e-01 -3.588500000000000023e-01 4.288199999999999872e-06
-9.150300000000000100e-01 -3.588500000000000023e-01 2.159200000000000012e-06
-8.864400000000000057e-01 -3.588500000000000023e-01 4.592400000000000280e-06
-8.578400000000000469e-01 -3.588500000000000023e-01 5.453100000000000357e-06
-8.292500000000000426e-01 -3.588500000000000023e-01 5.509100000000000329e-06
-8.006499999999999728e-01 -3.588500000000000023e-01 4.813400000000000366e-06
-7.720599999999999685e-01 -3.588500000000000023e-01 3.615699999999999958e-06
-7.434600000000000097e-01 -3.588500000000000023e-01 2.216600000000000089e-06
-5.718999999999999639e-01 -3.588500000000000023e-01 1.802000000000000069e-06
-5.433000000000000052e-01 -3.588500000000000023e-01 2.469400000000000023e-06
-5.147100000000000009e-01 -3.588500000000000023e-01 2.722199999999999957e-06
-4.861099999999999866e-01 -3.588500000000000023e-01 2.619599999999999873e-06
-4.575199999999999823e-01 -3.588500000000000023e-01 2.113199999999999944e-06
-4.289200000000000235e-01 -3.588500000000000023e-01 1.343399999999999920e-06
-2.573500000000000232e-01 -3.588500000000000023e-01 1.845099999999999919e-06
-2.287599999999999911e-01 -3.588500000000000023e-01 2.673800000000000133e-06
-2.001600000000000046e-01 -3.588500000000000023e-01 3.229900000000000196e-06
-1.715700000000000003e-01 -3.588500000000000023e-01 3.425799999999999879e-06
-1.429700000000000137e-01 -3.588500000000000023e-01 3.314899999999999805e-06
-1.143799999999999956e-01 -3.588500000000000023e-01 3.034499999999999915e-06
-8.578399999999999914e-02 -3.588500000000000023e-01 2.867799999999999885e-06
-5.718999999999999778e-02 -3.588500000000000023e-01 2.816399999999999835e-06
-2.859499999999999889e-02 -3.588500000000000023e-01 3.098100000000000035e-06
0.000000000000000000e+00 -3.588500000000000023e-01 3.693899999999999904e-06
-4.489399999999999835e+00 -3.301399999999999890e-01 1.748400000000000065e-05
-4.460799999999999876e+00 -3.301399999999999890e-01 2.457599999999999984e-05
-4.432199999999999918e+00 -3.301399999999999890e-01 3.375899999999999984e-05
-4.403599999999999959e+00 -3.301399999999999890e-01 3.719400000000000337e-05
-4.375000000000000000e+00 -3.301399999999999890e-01 3.804399999999999693e-05
-4.346400000000000041e+00 -3.301399999999999890e-01 3.720399999999999819e-05
-4.317800000000000082e+00 -3.301399999999999890e-01 3.144399999999999913e-05
-4.289200000000000124e+00 -3.301399999999999890e-01 2.153499999999999964e-05
-4.260600000000000165e+00 -3.301399999999999890e-01 1.188200000000000076e-05
-4.232000000000000206e+00 -3.301399999999999890e-01 4.107900000000000090e-06
-4.174800000000000288e+00 -3.301399999999999890e-01 1.244499999999999901e-06
-4.146200000000000330e+00 -3.301399999999999890e-01 5.545000000000000273e-06
-4.117600000000000371e+00 -3.301399999999999890e-01 1.377000000000000030e-05
-4.089100000000000179e+00 -3.301399999999999890e-01 1.964300000000000150e-05
-4.060500000000000220e+00 -3.301399999999999890e-01 2.009799999999999968e-05
-4.031900000000000261e+00 -3.301399999999999890e-01 2.335100000000000055e-05
-4.003300000000000303e+00 -3.301399999999999890e-01 1.850200000000000005e-05
-3.974699999999999900e+00 -3.301399999999999890e-01 1.182400000000000063e-05
-3.946099999999999941e+00 -3.301399999999999890e-01 8.352199999999999417e-06
-3.917499999999999982e+00 -3.301399999999999890e-01 5.642899999999999793e-06
-3.888900000000000023e+00 -3.301399999999999890e-01 8.080399999999999749e-06
-3.860300000000000065e+00 -3.301399999999999890e-01 1.434999999999999983e-05
-3.831700000000000106e+00 -3.301399999999999890e-01 2.286999999999999957e-05
-3.803100000000000147e+00 -3.301399999999999890e-01 3.009499999999999900e-05
-3.774500000000000188e+00 -3.301399999999999890e-01 2.905199999999999899e-05
-3.745899999999999785e+00 -3.301399999999999890e-01 2.613900000000000164e-05
-3.717299999999999827e+00 -3.301399999999999890e-01 1.950500000000000045e-05
-3.688699999999999868e+00 -3.301399999999999890e-01 1.167499999999999918e-05
-3.660099999999999909e+00 -3.301399999999999890e-01 1.066699999999999968e-05
-3.631499999999999950e+00 -3.301399999999999890e-01 2.411900000000000065e-05
-3.602899999999999991e+00 -3.301399999999999890e-01 5.627699999999999668e-05
-3.574300000000000033e+00 -3.301399999999999890e-01 9.940199999999999459e-05
-3.545799999999999841e+00 -3.301399999999999890e-01 1.267999999999999921e-04
-3.517199999999999882e+00 -3.301399999999999890e-01 1.790100000000000090e-04
-3.488599999999999923e+00 -3.301399999999999890e-01 2.138099999999999875e-04
-3.459999999999999964e+00 -3.301399999999999890e-01 2.010799999999999925e-04
-3.431400000000000006e+00 -3.301399999999999890e-01 1.563900000000000121e-04
-3.402800000000000047e+00 -3.301399999999999890e-01 1.102299999999999932e-04
-3.374200000000000088e+00 -3.301399999999999890e-01 4.402099999999999747e-05
-3.345600000000000129e+00 -3.301399999999999890e-01 1.272199999999999949e-05
-3.317000000000000171e+00 -3.301399999999999890e-01 5.592599999999999614e-06
-3.288400000000000212e+00 -3.301399999999999890e-01 5.941699999999999711e-05
-3.259799999999999809e+00 -3.301399999999999890e-01 1.779600000000000105e-04
-3.231199999999999850e+00 -3.301399999999999890e-01 3.320900000000000002e-04
-3.202599999999999891e+00 -3.301399999999999890e-01 5.042100000000000531e-04
-3.173999999999999932e+00 -3.301399999999999890e-01 6.202000000000000048e-04
-3.145399999999999974e+00 -3.301399999999999890e-01 6.334500000000000287e-04
-3.116800000000000015e+00 -3.301399999999999890e-01 5.672799999999999761e-04
-3.088200000000000056e+00 -3.301399999999999890e-01 4.271599999999999963e-04
-3.059600000000000097e+00 -3.301399999999999890e-01 2.051400000000000044e-04
-3.031000000000000139e+00 -3.301399999999999890e-01 2.889099999999999833e-05
-3.002499999999999947e+00 -3.301399999999999890e-01 1.445300000000000037e-05
-2.973899999999999988e+00 -3.301399999999999890e-01 2.945099999999999975e-04
-2.945300000000000029e+00 -3.301399999999999890e-01 6.882799999999999899e-04
-2.916700000000000070e+00 -3.301399999999999890e-01 1.620099999999999969e-03
-2.888100000000000112e+00 -3.301399999999999890e-01 3.047799999999999815e-03
-2.859500000000000153e+00 -3.301399999999999890e-01 4.816899999999999828e-03
-2.830900000000000194e+00 -3.301399999999999890e-01 6.410500000000000399e-03
-2.802299999999999791e+00 -3.301399999999999890e-01 8.119400000000000575e-03
-2.773699999999999832e+00 -3.301399999999999890e-01 9.817899999999999197e-03
-2.745099999999999874e+00 -3.301399999999999890e-01 1.043299999999999957e-02
-2.716499999999999915e+00 -3.301399999999999890e-01 1.036199999999999968e-02
-2.687899999999999956e+00 -3.301399999999999890e-01 1.040899999999999985e-02
-2.659299999999999997e+00 -3.301399999999999890e-01 9.536100000000000479e-03
-2.630700000000000038e+00 -3.301399999999999890e-01 7.682699999999999772e-03
-2.602100000000000080e+00 -3.301399999999999890e-01 5.671500000000000326e-03
-2.573500000000000121e+00 -3.301399999999999890e-01 4.107799999999999993e-03
-2.544900000000000162e+00 -3.301399999999999890e-01 2.462600000000000119e-03
-2.516300000000000203e+00 -3.301399999999999890e-01 1.536299999999999992e-03
-2.487699999999999800e+00 -3.301399999999999890e-01 5.764299999999999546e-04
-2.459200000000000053e+00 -3.301399999999999890e-01 1.206399999999999969e-04
-2.430600000000000094e+00 -3.301399999999999890e-01 1.366999999999999956e-05
-2.402000000000000135e+00 -3.301399999999999890e-01 1.575299999999999910e-04
-2.373400000000000176e+00 -3.301399999999999890e-01 3.994299999999999891e-04
-2.344800000000000217e+00 -3.301399999999999890e-01 6.289699999999999631e-04
-2.316199999999999815e+00 -3.301399999999999890e-01 7.158200000000000413e-04
-2.287599999999999856e+00 -3.301399999999999890e-01 7.398199999999999742e-04
-2.258999999999999897e+00 -3.301399999999999890e-01 6.470700000000000236e-04
-2.230399999999999938e+00 -3.301399999999999890e-01 4.693200000000000128e-04
-2.201799999999999979e+00 -3.301399999999999890e-01 2.668500000000000082e-04
-2.173200000000000021e+00 -3.301399999999999890e-01 1.127299999999999998e-04
-2.144600000000000062e+00 -3.301399999999999890e-01 1.965299999999999971e-05
-2.087400000000000144e+00 -3.301399999999999890e-01 2.826399999999999909e-05
-2.058800000000000185e+00 -3.301399999999999890e-01 9.008700000000000670e-05
-2.030199999999999783e+00 -3.301399999999999890e-01 1.601499999999999896e-04
-2.001599999999999824e+00 -3.301399999999999890e-01 1.985500000000000014e-04
-1.973000000000000087e+00 -3.301399999999999890e-01 1.676399999999999874e-04
-1.944399999999999906e+00 -3.301399999999999890e-01 1.297199999999999981e-04
-1.915799999999999947e+00 -3.301399999999999890e-01 1.534200000000000049e-04
-1.858700000000000019e+00 -3.301399999999999890e-01 6.314500000000000614e-05
-1.830100000000000060e+00 -3.301399999999999890e-01 2.610400000000000028e-06
-1.801500000000000101e+00 -3.301399999999999890e-01 6.110599999999999398e-05
-1.772899999999999920e+00 -3.301399999999999890e-01 1.587000000000000086e-04
-1.744299999999999962e+00 -3.301399999999999890e-01 2.499400000000000159e-05
-1.715700000000000003e+00 -3.301399999999999890e-01 2.764299999999999944e-05
-1.687100000000000044e+00 -3.301399999999999890e-01 3.651400000000000311e-05
-1.658500000000000085e+00 -3.301399999999999890e-01 1.269999999999999970e-04
-1.629899999999999904e+00 -3.301399999999999890e-01 1.134599999999999932e-03
-1.601299999999999946e+00 -3.301399999999999890e-01 1.749300000000000006e-05
-1.572699999999999987e+00 -3.301399999999999890e-01 8.313400000000000737e-06
-1.544100000000000028e+00 -3.301399999999999890e-01 1.722700000000000040e-06
-1.429699999999999971e+00 -3.301399999999999890e-01 1.788400000000000106e-06
-1.401100000000000012e+00 -3.301399999999999890e-01 2.507900000000000163e-06
-1.372500000000000053e+00 -3.301399999999999890e-01 2.936799999999999987e-06
-1.344000000000000083e+00 -3.301399999999999890e-01 3.148900000000000040e-06
-1.315399999999999903e+00 -3.301399999999999890e-01 3.221600000000000207e-06
-1.286799999999999944e+00 -3.301399999999999890e-01 3.077700000000000196e-06
-1.258199999999999985e+00 -3.301399999999999890e-01 2.827300000000000018e-06
-1.229600000000000026e+00 -3.301399999999999890e-01 2.543699999999999888e-06
-1.201000000000000068e+00 -3.301399999999999890e-01 2.252799999999999844e-06
-1.172400000000000109e+00 -3.301399999999999890e-01 1.953500000000000016e-06
-1.143799999999999928e+00 -3.301399999999999890e-01 1.668800000000000014e-06
-1.115199999999999969e+00 -3.301399999999999890e-01 1.502299999999999999e-06
-1.086600000000000010e+00 -3.301399999999999890e-01 1.253999999999999979e-06
-1.058000000000000052e+00 -3.301399999999999890e-01 1.237499999999999925e-05
-1.029400000000000093e+00 -3.301399999999999890e-01 1.468000000000000006e-05
-1.000799999999999912e+00 -3.301399999999999890e-01 1.205399999999999945e-04
-9.722199999999999731e-01 -3.301399999999999890e-01 5.012399999999999647e-06
-9.436299999999999688e-01 -3.301399999999999890e-01 1.975800000000000209e-06
-9.150300000000000100e-01 -3.301399999999999890e-01 1.660800000000000049e-06
-8.864400000000000057e-01 -3.301399999999999890e-01 1.394799999999999969e-06
-8.578400000000000469e-01 -3.301399999999999890e-01 1.148999999999999926e-06
-4.489399999999999835e+00 -3.014399999999999857e-01 1.613999999999999929e-04
-4.460799999999999876e+00 -3.014399999999999857e-01 2.055600000000000038e-04
-4.432199999999999918e+00 -3.014399999999999857e-01 2.255400000000000124e-04
-4.403599999999999959e+00 -3.014399999999999857e-01 2.243000000000000039e-04
-4.375000000000000000e+00 -3.014399999999999857e-01 1.873800000000000118e-04
-4.346400000000000041e+00 -3.014399999999999857e-01 1.483699999999999906e-04
-4.317800000000000082e+00 -3.014399999999999857e-01 8.349299999999999495e-05
-4.289200000000000124e+00 -3.014399999999999857e-01 3.094500000000000272e-05
-4.260600000000000165e+00 -3.014399999999999857e-01 5.314899999999999715e-06
-4.232000000000000206e+00 -3.014399999999999857e-01 1.983300000000000137e-05
-4.203400000000000247e+00 -3.014399999999999857e-01 7.261400000000000645e-05
-4.174800000000000288e+00 -3.014399999999999857e-01 1.502899999999999993e-04
-4.146200000000000330e+00 -3.014399999999999857e-01 2.034100000000000057e-04
-4.117600000000000371e+00 -3.014399999999999857e-01 2.666799999999999878e-04
-4.089100000000000179e+00 -3.014399999999999857e-01 2.950100000000000096e-04
-4.060500000000000220e+00 -3.014399999999999857e-01 2.744900000000000096e-04
-4.031900000000000261e+00 -3.014399999999999857e-01 2.079399999999999912e-04
-4.003300000000000303e+00 -3.014399999999999857e-01 1.261500000000000035e-04
-3.974699999999999900e+00 -3.014399999999999857e-01 4.983999999999999715e-05
-3.946099999999999941e+00 -3.014399999999999857e-01 1.528400000000000139e-05
-3.917499999999999982e+00 -3.014399999999999857e-01 1.760899999999999946e-06
-3.888900000000000023e+00 -3.014399999999999857e-01 3.465799999999999919e-05
-3.860300000000000065e+00 -3.014399999999999857e-01 9.946300000000000638e-05
-3.831700000000000106e+00 -3.014399999999999857e-01 1.670599999999999895e-04
-3.803100000000000147e+00 -3.014399999999999857e-01 2.091899999999999944e-04
-3.774500000000000188e+00 -3.014399999999999857e-01 2.153099999999999968e-04
-3.745899999999999785e+00 -3.014399999999999857e-01 1.944899999999999895e-04
-3.717299999999999827e+00 -3.014399999999999857e-01 1.443299999999999954e-04
-3.688699999999999868e+00 -3.014399999999999857e-01 1.108499999999999975e-04
-3.660099999999999909e+00 -3.014399999999999857e-01 1.383699999999999915e-04
-3.631499999999999950e+00 -3.014399999999999857e-01 2.600300000000000159e-04
-3.602899999999999991e+00 -3.014399999999999857e-01 4.857500000000000164e-04
-3.574300000000000033e+00 -3.014399999999999857e-01 7.983999999999999994e-04
-3.545799999999999841e+00 -3.014399999999999857e-01 1.023899999999999897e-03
-3.517199999999999882e+00 -3.014399999999999857e-01 1.309599999999999957e-03
-3.488599999999999923e+00 -3.014399999999999857e-01 1.472699999999999964e-03
-3.459999999999999964e+00 -3.014399999999999857e-01 1.477000000000000014e-03
-3.431400000000000006e+00 -3.014399999999999857e-01 1.261399999999999978e-03
-3.402800000000000047e+00 -3.014399999999999857e-01 8.817799999999999770e-04
-3.374200000000000088e+00 -3.014399999999999857e-01 4.777200000000000001e-04
-3.345600000000000129e+00 -3.014399999999999857e-01 2.389600000000000025e-04
-3.317000000000000171e+00 -3.014399999999999857e-01 2.578399999999999911e-05
-3.288400000000000212e+00 -3.014399999999999857e-01 6.444399999999999489e-05
-3.259799999999999809e+00 -3.014399999999999857e-01 3.696799999999999978e-04
-3.231199999999999850e+00 -3.014399999999999857e-01 8.623199999999999702e-04
-3.202599999999999891e+00 -3.014399999999999857e-01 1.357700000000000096e-03
-3.173999999999999932e+00 -3.014399999999999857e-01 1.718700000000000089e-03
-3.145399999999999974e+00 -3.014399999999999857e-01 1.819499999999999937e-03
-3.116800000000000015e+00 -3.014399999999999857e-01 1.636700000000000047e-03
-3.088200000000000056e+00 -3.014399999999999857e-01 1.093400000000000014e-03
-3.059600000000000097e+00 -3.014399999999999857e-01 4.654700000000000005e-04
-3.031000000000000139e+00 -3.014399999999999857e-01 3.882899999999999703e-05
-3.002499999999999947e+00 -3.014399999999999857e-01 2.577500000000000038e-04
-2.973899999999999988e+00 -3.014399999999999857e-01 1.530499999999999959e-03
-2.945300000000000029e+00 -3.014399999999999857e-01 3.151699999999999901e-03
-2.916700000000000070e+00 -3.014399999999999857e-01 6.846800000000000108e-03
-2.888100000000000112e+00 -3.014399999999999857e-01 1.185600000000000022e-02
-2.859500000000000153e+00 -3.014399999999999857e-01 1.785600000000000034e-02
-2.830900000000000194e+00 -3.014399999999999857e-01 2.464999999999999830e-02
-2.802299999999999791e+00 -3.014399999999999857e-01 3.048100000000000115e-02
-2.773699999999999832e+00 -3.014399999999999857e-01 3.506700000000000095e-02
-2.745099999999999874e+00 -3.014399999999999857e-01 3.757699999999999929e-02
-2.716499999999999915e+00 -3.014399999999999857e-01 4.001699999999999702e-02
-2.687899999999999956e+00 -3.014399999999999857e-01 3.893200000000000133e-02
-2.659299999999999997e+00 -3.014399999999999857e-01 3.568999999999999950e-02
-2.630700000000000038e+00 -3.014399999999999857e-01 3.083500000000000130e-02
-2.602100000000000080e+00 -3.014399999999999857e-01 2.466499999999999942e-02
-2.573500000000000121e+00 -3.014399999999999857e-01 1.796299999999999980e-02
-2.544900000000000162e+00 -3.014399999999999857e-01 1.233000000000000068e-02
-2.516300000000000203e+00 -3.014399999999999857e-01 8.977000000000000604e-03
-2.487699999999999800e+00 -3.014399999999999857e-01 4.839600000000000325e-03
-2.459200000000000053e+00 -3.014399999999999857e-01 2.036000000000000049e-03
-2.430600000000000094e+00 -3.014399999999999857e-01 5.463199999999999871e-04
-2.402000000000000135e+00 -3.014399999999999857e-01 1.929099999999999877e-05
-2.373400000000000176e+00 -3.014399999999999857e-01 9.390699999999999384e-05
-2.344800000000000217e+00 -3.014399999999999857e-01 4.220399999999999911e-04
-2.316199999999999815e+00 -3.014399999999999857e-01 6.734100000000000459e-04
-2.287599999999999856e+00 -3.014399999999999857e-01 9.099600000000000223e-04
-2.258999999999999897e+00 -3.014399999999999857e-01 9.244799999999999849e-04
-2.230399999999999938e+00 -3.014399999999999857e-01 7.789500000000000417e-04
-2.201799999999999979e+00 -3.014399999999999857e-01 5.529999999999999976e-04
-2.173200000000000021e+00 -3.014399999999999857e-01 3.001200000000000200e-04
-2.144600000000000062e+00 -3.014399999999999857e-01 1.081900000000000060e-04
-2.116000000000000103e+00 -3.014399999999999857e-01 3.231199999999999828e-05
-2.087400000000000144e+00 -3.014399999999999857e-01 2.311299999999999792e-06
-2.058800000000000185e+00 -3.014399999999999857e-01 4.574700000000000093e-05
-2.030199999999999783e+00 -3.014399999999999857e-01 1.260099999999999946e-04
-2.001599999999999824e+00 -3.014399999999999857e-01 2.099699999999999971e-04
-1.973000000000000087e+00 -3.014399999999999857e-01 2.320699999999999922e-04
-1.944399999999999906e+00 -3.014399999999999857e-01 2.116099999999999882e-04
-1.915799999999999947e+00 -3.014399999999999857e-01 3.678099999999999902e-04
-1.887299999999999978e+00 -3.014399999999999857e-01 3.727499999999999802e-05
-1.858700000000000019e+00 -3.014399999999999857e-01 6.554799999999999516e-04
-1.830100000000000060e+00 -3.014399999999999857e-01 8.621500000000000040e-05
-1.801500000000000101e+00 -3.014399999999999857e-01 5.313700000000000302e-05
-1.772899999999999920e+00 -3.014399999999999857e-01 6.721999999999999677e-04
-1.744299999999999962e+00 -3.014399999999999857e-01 2.474099999999999910e-05
-1.715700000000000003e+00 -3.014399999999999857e-01 2.682300000000000052e-05
-1.687100000000000044e+00 -3.014399999999999857e-01 2.987899999999999972e-05
-1.658500000000000085e+00 -3.014399999999999857e-01 2.764800000000000024e-05
-1.629899999999999904e+00 -3.014399999999999857e-01 7.504400000000000046e-04
-1.601299999999999946e+00 -3.014399999999999857e-01 3.210499999999999839e-05
-1.572699999999999987e+00 -3.014399999999999857e-01 2.497199999999999994e-06
-1.544100000000000028e+00 -3.014399999999999857e-01 4.497999999999999964e-06
-1.515500000000000069e+00 -3.014399999999999857e-01 6.750499999999999997e-06
-1.486900000000000110e+00 -3.014399999999999857e-01 9.687399999999999779e-06
-1.458299999999999930e+00 -3.014399999999999857e-01 1.178700000000000082e-05
-1.429699999999999971e+00 -3.014399999999999857e-01 1.274500000000000079e-05
-1.401100000000000012e+00 -3.014399999999999857e-01 1.305799999999999932e-05
-1.372500000000000053e+00 -3.014399999999999857e-01 1.266099999999999957e-05
-1.344000000000000083e+00 -3.014399999999999857e-01 1.169199999999999919e-05
-1.315399999999999903e+00 -3.014399999999999857e-01 1.089600000000000037e-05
-1.286799999999999944e+00 -3.014399999999999857e-01 9.846299999999999223e-06
-1.258199999999999985e+00 -3.014399999999999857e-01 8.885800000000000542e-06
-1.229600000000000026e+00 -3.014399999999999857e-01 8.090800000000000530e-06
-1.201000000000000068e+00 -3.014399999999999857e-01 7.505699999999999983e-06
-1.172400000000000109e+00 -3.014399999999999857e-01 7.109900000000000317e-06
-1.143799999999999928e+00 -3.014399999999999857e-01 6.916300000000000171e-06
-1.115199999999999969e+00 -3.014399999999999857e-01 6.932500000000000118e-06
-1.086600000000000010e+00 -3.014399999999999857e-01 7.335100000000000295e-06
-1.058000000000000052e+00 -3.014399999999999857e-01 4.243899999999999805e-05
-1.029400000000000093e+00 -3.014399999999999857e-01 1.194699999999999929e-03
-1.000799999999999912e+00 -3.014399999999999857e-01 2.793400000000000136e-03
-9.722199999999999731e-01 -3.014399999999999857e-01 2.072300000000000132e-05
-9.436299999999999688e-01 -3.014399999999999857e-01 9.351999999999999568e-06
-9.150300000000000100e-01 -3.014399999999999857e-01 8.573099999999999284e-06
-8.864400000000000057e-01 -3.014399999999999857e-01 7.594700000000000317e-06
-8.578400000000000469e-01 -3.014399999999999857e-01 6.624300000000000256e-06
-8.292500000000000426e-01 -3.014399999999999857e-01 5.387300000000000072e-06
-8.006499999999999728e-01 -3.014399999999999857e-01 3.908399999999999713e-06
-7.720599999999999685e-01 -3.014399999999999857e-01 2.467799999999999903e-06
-7.434600000000000097e-01 -3.014399999999999857e-01 1.231399999999999975e-06
-6.004899999999999682e-01 -3.014399999999999857e-01 1.486400000000000075e-06
-5.718999999999999639e-01 -3.014399999999999857e-01 2.184099999999999976e-06
-5.433000000000000052e-01 -3.014399999999999857e-01 2.627200000000000020e-06
-5.147100000000000009e-01 -3.014399999999999857e-01 2.642300000000000096e-06
-4.861099999999999866e-01 -3.014399999999999857e-01 2.402200000000000057e-06
-4.575199999999999823e-01 -3.014399999999999857e-01 1.813700000000000101e-06
-4.289200000000000235e-01 -3.014399999999999857e-01 1.075899999999999940e-06
-2.859499999999999820e-01 -3.014399999999999857e-01 1.061599999999999924e-06
-2.573500000000000232e-01 -3.014399999999999857e-01 1.798900000000000048e-06
-2.287599999999999911e-01 -3.014399999999999857e-01 2.428500000000000127e-06
-2.001600000000000046e-01 -3.014399999999999857e-01 2.717699999999999831e-06
-1.715700000000000003e-01 -3.014399999999999857e-01 2.602300000000000055e-06
-1.429700000000000137e-01 -3.014399999999999857e-01 2.195600000000000205e-06
-1.143799999999999956e-01 -3.014399999999999857e-01 1.626700000000000028e-06
-8.578399999999999914e-02 -3.014399999999999857e-01 1.260900000000000074e-06
-2.859499999999999889e-02 -3.014399999999999857e-01 1.022399999999999944e-06
0.000000000000000000e+00 -3.014399999999999857e-01 1.503899999999999907e-06
-4.489399999999999835e+00 -2.727299999999999724e-01 7.836800000000000320e-04
-4.460799999999999876e+00 -2.727299999999999724e-01 1.021800000000000009e-03
-4.432199999999999918e+00 -2.727299999999999724e-01 1.172700000000000044e-03
-4.403599999999999959e+00 -2.727299999999999724e-01 1.179900000000000003e-03
-4.375000000000000000e+00 -2.727299999999999724e-01 1.095700000000000016e-03
-4.346400000000000041e+00 -2.727299999999999724e-01 8.564100000000000488e-04
-4.317800000000000082e+00 -2.727299999999999724e-01 5.378400000000000411e-04
-4.289200000000000124e+00 -2.727299999999999724e-01 2.348999999999999905e-04
-4.260600000000000165e+00 -2.727299999999999724e-01 5.075899999999999970e-05
-4.232000000000000206e+00 -2.727299999999999724e-01 4.866800000000000227e-05
-4.203400000000000247e+00 -2.727299999999999724e-01 2.394599999999999875e-04
-4.174800000000000288e+00 -2.727299999999999724e-01 5.709099999999999939e-04
-4.146200000000000330e+00 -2.727299999999999724e-01 8.209899999999999576e-04
-4.117600000000000371e+00 -2.727299999999999724e-01 1.147699999999999979e-03
-4.089100000000000179e+00 -2.727299999999999724e-01 1.313900000000000007e-03
-4.060500000000000220e+00 -2.727299999999999724e-01 1.258500000000000070e-03
-4.031900000000000261e+00 -2.727299999999999724e-01 1.000100000000000077e-03
-4.003300000000000303e+00 -2.727299999999999724e-01 6.229700000000000341e-04
-3.974699999999999900e+00 -2.727299999999999724e-01 2.576599999999999962e-04
-3.946099999999999941e+00 -2.727299999999999724e-01 8.648599999999999832e-05
-3.917499999999999982e+00 -2.727299999999999724e-01 4.754099999999999934e-06
-3.888900000000000023e+00 -2.727299999999999724e-01 1.503700000000000121e-04
-3.860300000000000065e+00 -2.727299999999999724e-01 4.592600000000000176e-04
-3.831700000000000106e+00 -2.727299999999999724e-01 8.010899999999999618e-04
-3.803100000000000147e+00 -2.727299999999999724e-01 1.033300000000000017e-03
-3.774500000000000188e+00 -2.727299999999999724e-01 1.060699999999999924e-03
-3.745899999999999785e+00 -2.727299999999999724e-01 9.634100000000000476e-04
-3.717299999999999827e+00 -2.727299999999999724e-01 7.216800000000000428e-04
-3.688699999999999868e+00 -2.727299999999999724e-01 5.335900000000000191e-04
-3.660099999999999909e+00 -2.727299999999999724e-01 6.348700000000000523e-04
-3.631499999999999950e+00 -2.727299999999999724e-01 1.217900000000000059e-03
-3.602899999999999991e+00 -2.727299999999999724e-01 2.340099999999999906e-03
-3.574300000000000033e+00 -2.727299999999999724e-01 3.878400000000000163e-03
-3.545799999999999841e+00 -2.727299999999999724e-01 4.994300000000000128e-03
-3.517199999999999882e+00 -2.727299999999999724e-01 6.498900000000000163e-03
-3.488599999999999923e+00 -2.727299999999999724e-01 7.399099999999999601e-03
-3.459999999999999964e+00 -2.727299999999999724e-01 7.326700000000000226e-03
-3.431400000000000006e+00 -2.727299999999999724e-01 6.219599999999999608e-03
-3.402800000000000047e+00 -2.727299999999999724e-01 4.348499999999999935e-03
-3.374200000000000088e+00 -2.727299999999999724e-01 2.247600000000000205e-03
-3.345600000000000129e+00 -2.727299999999999724e-01 1.061199999999999991e-03
-3.317000000000000171e+00 -2.727299999999999724e-01 1.034800000000000054e-04
-3.288400000000000212e+00 -2.727299999999999724e-01 5.427299999999999486e-04
-3.259799999999999809e+00 -2.727299999999999724e-01 2.448599999999999995e-03
-3.231199999999999850e+00 -2.727299999999999724e-01 5.363800000000000165e-03
-3.202599999999999891e+00 -2.727299999999999724e-01 8.408900000000000402e-03
-3.173999999999999932e+00 -2.727299999999999724e-01 1.053600000000000023e-02
-3.145399999999999974e+00 -2.727299999999999724e-01 1.098599999999999924e-02
-3.116800000000000015e+00 -2.727299999999999724e-01 9.894999999999999282e-03
-3.088200000000000056e+00 -2.727299999999999724e-01 6.875499999999999667e-03
-3.059600000000000097e+00 -2.727299999999999724e-01 3.011999999999999920e-03
-3.031000000000000139e+00 -2.727299999999999724e-01 3.281299999999999907e-04
-3.002499999999999947e+00 -2.727299999999999724e-01 1.311000000000000099e-03
-2.973899999999999988e+00 -2.727299999999999724e-01 8.356099999999999986e-03
-2.945300000000000029e+00 -2.727299999999999724e-01 1.739599999999999827e-02
-2.916700000000000070e+00 -2.727299999999999724e-01 3.824500000000000122e-02
-2.888100000000000112e+00 -2.727299999999999724e-01 6.752400000000000069e-02
-2.859500000000000153e+00 -2.727299999999999724e-01 1.027900000000000064e-01
-2.830900000000000194e+00 -2.727299999999999724e-01 1.399299999999999988e-01
-2.802299999999999791e+00 -2.727299999999999724e-01 1.746199999999999974e-01
-2.773699999999999832e+00 -2.727299999999999724e-01 2.031000000000000028e-01
-2.745099999999999874e+00 -2.727299999999999724e-01 2.165799999999999947e-01
-2.716499999999999915e+00 -2.727299999999999724e-01 2.265600000000000114e-01
-2.687899999999999956e+00 -2.727299999999999724e-01 2.227300000000000113e-01
-2.659299999999999997e+00 -2.727299999999999724e-01 2.043000000000000094e-01
-2.630700000000000038e+00 -2.727299999999999724e-01 1.735399999999999998e-01
-2.602100000000000080e+00 -2.727299999999999724e-01 1.368300000000000072e-01
-2.573500000000000121e+00 -2.727299999999999724e-01 9.989399999999999669e-02
-2.544900000000000162e+00 -2.727299999999999724e-01 6.616299999999999959e-02
-2.516300000000000203e+00 -2.727299999999999724e-01 4.680999999999999744e-02
-2.487699999999999800e+00 -2.727299999999999724e-01 2.395500000000000060e-02
-2.459200000000000053e+00 -2.727299999999999724e-01 9.149900000000000741e-03
-2.430600000000000094e+00 -2.727299999999999724e-01 1.812199999999999922e-03
-2.402000000000000135e+00 -2.727299999999999724e-01 4.757100000000000244e-05
-2.373400000000000176e+00 -2.727299999999999724e-01 1.478300000000000100e-03
-2.344800000000000217e+00 -2.727299999999999724e-01 4.051599999999999820e-03
-2.316199999999999815e+00 -2.727299999999999724e-01 5.599599999999999717e-03
-2.287599999999999856e+00 -2.727299999999999724e-01 6.922199999999999881e-03
-2.258999999999999897e+00 -2.727299999999999724e-01 6.767999999999999711e-03
-2.230399999999999938e+00 -2.727299999999999724e-01 5.438199999999999805e-03
-2.201799999999999979e+00 -2.727299999999999724e-01 3.588000000000000043e-03
-2.173200000000000021e+00 -2.727299999999999724e-01 1.835299999999999996e-03
-2.144600000000000062e+00 -2.727299999999999724e-01 5.743900000000000351e-04
-2.116000000000000103e+00 -2.727299999999999724e-01 1.261900000000000098e-04
-2.087400000000000144e+00 -2.727299999999999724e-01 4.367899999999999973e-05
-2.058800000000000185e+00 -2.727299999999999724e-01 4.271999999999999756e-04
-2.030199999999999783e+00 -2.727299999999999724e-01 9.744099999999999897e-04
-2.001599999999999824e+00 -2.727299999999999724e-01 1.444799999999999991e-03
-1.973000000000000087e+00 -2.727299999999999724e-01 1.488100000000000013e-03
-1.944399999999999906e+00 -2.727299999999999724e-01 1.186100000000000045e-03
-1.915799999999999947e+00 -2.727299999999999724e-01 1.426500000000000034e-03
-1.887299999999999978e+00 -2.727299999999999724e-01 2.687100000000000209e-04
-1.858700000000000019e+00 -2.727299999999999724e-01 1.371100000000000096e-03
-1.830100000000000060e+00 -2.727299999999999724e-01 9.826600000000000005e-04
-1.801500000000000101e+00 -2.727299999999999724e-01 3.236900000000000129e-04
-1.772899999999999920e+00 -2.727299999999999724e-01 4.859200000000000151e-03
-1.744299999999999962e+00 -2.727299999999999724e-01 3.664200000000000053e-04
-1.715700000000000003e+00 -2.727299999999999724e-01 2.507899999999999756e-04
-1.687100000000000044e+00 -2.727299999999999724e-01 2.696900000000000013e-04
-1.658500000000000085e+00 -2.727299999999999724e-01 5.039699999999999605e-04
-1.629899999999999904e+00 -2.727299999999999724e-01 6.280400000000000219e-03
-1.601299999999999946e+00 -2.727299999999999724e-01 1.018199999999999975e-04
-1.572699999999999987e+00 -2.727299999999999724e-01 8.237400000000000109e-06
-1.544100000000000028e+00 -2.727299999999999724e-01 6.672299999999999627e-06
-1.515500000000000069e+00 -2.727299999999999724e-01 1.930999999999999977e-05
-1.486900000000000110e+00 -2.727299999999999724e-01 3.767600000000000316e-05
-1.458299999999999930e+00 -2.727299999999999724e-01 5.129899999999999792e-05
-1.429699999999999971e+00 -2.727299999999999724e-01 5.848600000000000212e-05
-1.401100000000000012e+00 -2.727299999999999724e-01 5.894600000000000111e-05
-1.372500000000000053e+00 -2.727299999999999724e-01 5.387699999999999933e-05
-1.344000000000000083e+00 -2.727299999999999724e-01 4.533900000000000077e-05
-1.315399999999999903e+00 -2.727299999999999724e-01 3.879799999999999682e-05
-1.286799999999999944e+00 -2.727299999999999724e-01 2.914700000000000063e-05
-1.258199999999999985e+00 -2.727299999999999724e-01 2.114800000000000149e-05
-1.229600000000000026e+00 -2.727299999999999724e-01 1.566400000000000114e-05
-1.201000000000000068e+00 -2.727299999999999724e-01 1.290599999999999976e-05
-1.172400000000000109e+00 -2.727299999999999724e-01 1.271300000000000008e-05
-1.143799999999999928e+00 -2.727299999999999724e-01 1.501300000000000009e-05
-1.115199999999999969e+00 -2.727299999999999724e-01 1.833499999999999979e-05
-1.086600000000000010e+00 -2.727299999999999724e-01 2.782300000000000111e-05
-1.058000000000000052e+00 -2.727299999999999724e-01 1.323199999999999969e-05
-1.029400000000000093e+00 -2.727299999999999724e-01 9.424500000000000585e-03
-1.000799999999999912e+00 -2.727299999999999724e-01 3.860800000000000169e-03
-9.722199999999999731e-01 -2.727299999999999724e-01 4.251600000000000087e-06
-9.436299999999999688e-01 -2.727299999999999724e-01 1.644300000000000164e-05
-9.150300000000000100e-01 -2.727299999999999724e-01 1.693499999999999964e-05
-8.864400000000000057e-01 -2.727299999999999724e-01 1.824199999999999916e-05
-8.578400000000000469e-01 -2.727299999999999724e-01 1.851500000000000145e-05
-8.292500000000000426e-01 -2.727299999999999724e-01 1.705800000000000168e-05
-8.006499999999999728e-01 -2.727299999999999724e-01 1.401100000000000019e-05
-7.720599999999999685e-01 -2.727299999999999724e-01 9.917399999999999271e-06
-7.434600000000000097e-01 -2.727299999999999724e-01 5.692600000000000351e-06
-7.148700000000000054e-01 -2.727299999999999724e-01 2.354300000000000058e-06
-6.290799999999999725e-01 -2.727299999999999724e-01 1.850599999999999908e-06
-6.004899999999999682e-01 -2.727299999999999724e-01 4.358899999999999889e-06
-5.718999999999999639e-01 -2.727299999999999724e-01 7.142300000000000210e-06
-5.433000000000000052e-01 -2.727299999999999724e-01 9.219199999999999756e-06
-5.147100000000000009e-01 -2.727299999999999724e-01 9.898099999999999303e-06
-4.861099999999999866e-01 -2.727299999999999724e-01 9.449800000000000563e-06
-4.575199999999999823e-01 -2.727299999999999724e-01 7.567399999999999748e-06
-4.289200000000000235e-01 -2.727299999999999724e-01 4.820200000000000030e-06
-4.003300000000000192e-01 -2.727299999999999724e-01 2.139599999999999810e-06
-3.145399999999999863e-01 -2.727299999999999724e-01 1.672200000000000058e-06
-2.859499999999999820e-01 -2.727299999999999724e-01 3.371899999999999853e-06
-2.573500000000000232e-01 -2.727299999999999724e-01 6.454099999999999751e-06
-2.287599999999999911e-01 -2.727299999999999724e-01 9.337100000000000778e-06
-2.001600000000000046e-01 -2.727299999999999724e-01 1.120099999999999999e-05
-1.715700000000000003e-01 -2.727299999999999724e-01 1.161199999999999995e-05
-1.429700000000000137e-01 -2.727299999999999724e-01 1.059000000000000025e-05
-1.143799999999999956e-01 -2.727299999999999724e-01 8.697300000000000568e-06
-8.578399999999999914e-02 -2.727299999999999724e-01 7.397899999999999931e-06
-5.718999999999999778e-02 -2.727299999999999724e-01 6.026700000000000252e-06
-2.859499999999999889e-02 -2.727299999999999724e-01 5.946000000000000330e-06
0.000000000000000000e+00 -2.727299999999999724e-01 7.402099999999999823e-06
-4.489399999999999835e+00 -2.440199999999999869e-01 1.353500000000000102e-03
-4.460799999999999876e+00 -2.440199999999999869e-01 1.772899999999999997e-03
-4.432199999999999918e+00 -2.440199999999999869e-01 2.041799999999999865e-03
-4.403599999999999959e+00 -2.440199999999999869e-01 2.073900000000000049e-03
-4.375000000000000000e+00 -2.440199999999999869e-01 1.945899999999999973e-03
-4.346400000000000041e+00 -2.440199999999999869e-01 1.543399999999999894e-03
-4.317800000000000082e+00 -2.440199999999999869e-01 9.911099999999999077e-04
-4.289200000000000124e+00 -2.440199999999999869e-01 4.573299999999999870e-04
-4.260600000000000165e+00 -2.440199999999999869e-01 1.084399999999999985e-04
-4.232000000000000206e+00 -2.440199999999999869e-01 6.786799999999999463e-05
-4.203400000000000247e+00 -2.440199999999999869e-01 3.602899999999999809e-04
-4.174800000000000288e+00 -2.440199999999999869e-01 9.059400000000000439e-04
-4.146200000000000330e+00 -2.440199999999999869e-01 1.326899999999999998e-03
-4.117600000000000371e+00 -2.440199999999999869e-01 1.887800000000000025e-03
-4.089100000000000179e+00 -2.440199999999999869e-01 2.193300000000000024e-03
-4.060500000000000220e+00 -2.440199999999999869e-01 2.133499999999999980e-03
-4.031900000000000261e+00 -2.440199999999999869e-01 1.711700000000000027e-03
-4.003300000000000303e+00 -2.440199999999999869e-01 1.079600000000000004e-03
-3.974699999999999900e+00 -2.440199999999999869e-01 4.601799999999999749e-04
-3.946099999999999941e+00 -2.440199999999999869e-01 1.616800000000000106e-04
-3.917499999999999982e+00 -2.440199999999999869e-01 1.320399999999999928e-05
-3.888900000000000023e+00 -2.440199999999999869e-01 2.539099999999999864e-04
-3.860300000000000065e+00 -2.440199999999999869e-01 7.823399999999999669e-04
-3.831700000000000106e+00 -2.440199999999999869e-01 1.375200000000000033e-03
-3.803100000000000147e+00 -2.440199999999999869e-01 1.778300000000000020e-03
-3.774500000000000188e+00 -2.440199999999999869e-01 1.838400000000000017e-03
-3.745899999999999785e+00 -2.440199999999999869e-01 1.678100000000000078e-03
-3.717299999999999827e+00 -2.440199999999999869e-01 1.256500000000000021e-03
-3.688699999999999868e+00 -2.440199999999999869e-01 9.179499999999999509e-04
-3.660099999999999909e+00 -2.440199999999999869e-01 1.070599999999999894e-03
-3.631499999999999950e+00 -2.440199999999999869e-01 2.051499999999999938e-03
-3.602899999999999991e+00 -2.440199999999999869e-01 3.968099999999999579e-03
-3.574300000000000033e+00 -2.440199999999999869e-01 6.619100000000000157e-03
-3.545799999999999841e+00 -2.440199999999999869e-01 8.563899999999999291e-03
-3.517199999999999882e+00 -2.440199999999999869e-01 1.117899999999999970e-02
-3.488599999999999923e+00 -2.440199999999999869e-01 1.272799999999999973e-02
-3.459999999999999964e+00 -2.440199999999999869e-01 1.264200000000000046e-02
-3.431400000000000006e+00 -2.440199999999999869e-01 1.077099999999999932e-02
-3.402800000000000047e+00 -2.440199999999999869e-01 7.485699999999999646e-03
-3.374200000000000088e+00 -2.440199999999999869e-01 3.827999999999999806e-03
-3.345600000000000129e+00 -2.440199999999999869e-01 1.781999999999999947e-03
-3.317000000000000171e+00 -2.440199999999999869e-01 1.569099999999999868e-04
-3.288400000000000212e+00 -2.440199999999999869e-01 1.047699999999999933e-03
-3.259799999999999809e+00 -2.440199999999999869e-01 4.548299999999999912e-03
-3.231199999999999850e+00 -2.440199999999999869e-01 9.871100000000000707e-03
-3.202599999999999891e+00 -2.440199999999999869e-01 1.538899999999999990e-02
-3.173999999999999932e+00 -2.440199999999999869e-01 1.919600000000000126e-02
-3.145399999999999974e+00 -2.440199999999999869e-01 2.005799999999999944e-02
-3.116800000000000015e+00 -2.440199999999999869e-01 1.813599999999999934e-02
-3.088200000000000056e+00 -2.440199999999999869e-01 1.265299999999999932e-02
-3.059600000000000097e+00 -2.440199999999999869e-01 5.613100000000000207e-03
-3.031000000000000139e+00 -2.440199999999999869e-01 6.237200000000000253e-04
-3.002499999999999947e+00 -2.440199999999999869e-01 2.202700000000000144e-03
-2.973899999999999988e+00 -2.440199999999999869e-01 1.474800000000000069e-02
-2.945300000000000029e+00 -2.440199999999999869e-01 3.089300000000000032e-02
-2.916700000000000070e+00 -2.440199999999999869e-01 6.833400000000000585e-02
-2.888100000000000112e+00 -2.440199999999999869e-01 1.209699999999999942e-01
-2.859500000000000153e+00 -2.440199999999999869e-01 1.844899999999999873e-01
-2.830900000000000194e+00 -2.440199999999999869e-01 2.521200000000000108e-01
-2.802299999999999791e+00 -2.440199999999999869e-01 3.157200000000000006e-01
-2.773699999999999832e+00 -2.440199999999999869e-01 3.653100000000000236e-01
-2.745099999999999874e+00 -2.440199999999999869e-01 3.894199999999999884e-01
-2.716499999999999915e+00 -2.440199999999999869e-01 4.081400000000000028e-01
-2.687899999999999956e+00 -2.440199999999999869e-01 4.018700000000000050e-01
-2.659299999999999997e+00 -2.440199999999999869e-01 3.669399999999999884e-01
-2.630700000000000038e+00 -2.440199999999999869e-01 3.120499999999999940e-01
-2.602100000000000080e+00 -2.440199999999999869e-01 2.457199999999999940e-01
-2.573500000000000121e+00 -2.440199999999999869e-01 1.780599999999999961e-01
-2.544900000000000162e+00 -2.440199999999999869e-01 1.169100000000000000e-01
-2.516300000000000203e+00 -2.440199999999999869e-01 8.222400000000000542e-02
-2.487699999999999800e+00 -2.440199999999999869e-01 4.142200000000000049e-02
-2.459200000000000053e+00 -2.440199999999999869e-01 1.529499999999999957e-02
-2.430600000000000094e+00 -2.440199999999999869e-01 2.742399999999999873e-03
-2.402000000000000135e+00 -2.440199999999999869e-01 1.847600000000000132e-04
-2.373400000000000176e+00 -2.440199999999999869e-01 3.331100000000000033e-03
-2.344800000000000217e+00 -2.440199999999999869e-01 8.314300000000000163e-03
-2.316199999999999815e+00 -2.440199999999999869e-01 1.123000000000000040e-02
-2.287599999999999856e+00 -2.440199999999999869e-01 1.364600000000000014e-02
-2.258999999999999897e+00 -2.440199999999999869e-01 1.310700000000000059e-02
-2.230399999999999938e+00 -2.440199999999999869e-01 1.038299999999999987e-02
-2.201799999999999979e+00 -2.440199999999999869e-01 6.757499999999999618e-03
-2.173200000000000021e+00 -2.440199999999999869e-01 3.367000000000000201e-03
-2.144600000000000062e+00 -2.440199999999999869e-01 1.005299999999999987e-03
-2.116000000000000103e+00 -2.440199999999999869e-01 2.020900000000000116e-04
-2.087400000000000144e+00 -2.440199999999999869e-01 1.178500000000000050e-04
-2.058800000000000185e+00 -2.440199999999999869e-01 9.095200000000000333e-04
-2.030199999999999783e+00 -2.440199999999999869e-01 1.953400000000000102e-03
-2.001599999999999824e+00 -2.440199999999999869e-01 2.827300000000000039e-03
-1.973000000000000087e+00 -2.440199999999999869e-01 2.926100000000000055e-03
-1.944399999999999906e+00 -2.440199999999999869e-01 2.218499999999999986e-03
-1.915799999999999947e+00 -2.440199999999999869e-01 2.169599999999999827e-03
-1.887299999999999978e+00 -2.440199999999999869e-01 8.196300000000000113e-04
-1.858700000000000019e+00 -2.440199999999999869e-01 6.639900000000000446e-04
-1.830100000000000060e+00 -2.440199999999999869e-01 3.118000000000000112e-03
-1.801500000000000101e+00 -2.440199999999999869e-01 5.283799999999999521e-04
-1.772899999999999920e+00 -2.440199999999999869e-01 6.222199999999999780e-03
-1.744299999999999962e+00 -2.440199999999999869e-01 1.427899999999999959e-03
-1.715700000000000003e+00 -2.440199999999999869e-01 5.306300000000000339e-04
-1.687100000000000044e+00 -2.440199999999999869e-01 4.980199999999999514e-04
-1.658500000000000085e+00 -2.440199999999999869e-01 7.908999999999999798e-04
-1.629899999999999904e+00 -2.440199999999999869e-01 7.016699999999999847e-03
-1.601299999999999946e+00 -2.440199999999999869e-01 3.363500000000000170e-03
-1.572699999999999987e+00 -2.440199999999999869e-01 1.471899999999999917e-05
-1.544100000000000028e+00 -2.440199999999999869e-01 7.745599999999999160e-06
-1.515500000000000069e+00 -2.440199999999999869e-01 3.071999999999999725e-05
-1.486900000000000110e+00 -2.440199999999999869e-01 6.638800000000000202e-05
-1.458299999999999930e+00 -2.440199999999999869e-01 9.343099999999999366e-05
-1.429699999999999971e+00 -2.440199999999999869e-01 1.074199999999999981e-04
-1.401100000000000012e+00 -2.440199999999999869e-01 1.082800000000000001e-04
-1.372500000000000053e+00 -2.440199999999999869e-01 9.840099999999999520e-05
-1.344000000000000083e+00 -2.440199999999999869e-01 8.116100000000000441e-05
-1.315399999999999903e+00 -2.440199999999999869e-01 6.770699999999999397e-05
-1.286799999999999944e+00 -2.440199999999999869e-01 4.788799999999999958e-05
-1.258199999999999985e+00 -2.440199999999999869e-01 3.120100000000000163e-05
-1.229600000000000026e+00 -2.440199999999999869e-01 1.943400000000000062e-05
-1.201000000000000068e+00 -2.440199999999999869e-01 1.328100000000000041e-05
-1.172400000000000109e+00 -2.440199999999999869e-01 1.262500000000000025e-05
-1.143799999999999928e+00 -2.440199999999999869e-01 1.779399999999999938e-05
-1.115199999999999969e+00 -2.440199999999999869e-01 2.572800000000000168e-05
-1.086600000000000010e+00 -2.440199999999999869e-01 4.037399999999999664e-05
-1.058000000000000052e+00 -2.440199999999999869e-01 9.888800000000000595e-05
-1.029400000000000093e+00 -2.440199999999999869e-01 5.847299999999999720e-03
-1.000799999999999912e+00 -2.440199999999999869e-01 2.946700000000000095e-06
-9.722199999999999731e-01 -2.440199999999999869e-01 3.962199999999999944e-06
-9.436299999999999688e-01 -2.440199999999999869e-01 1.692999999999999884e-05
-9.150300000000000100e-01 -2.440199999999999869e-01 1.892100000000000062e-05
-8.864400000000000057e-01 -2.440199999999999869e-01 2.283299999999999975e-05
-8.578400000000000469e-01 -2.440199999999999869e-01 2.526599999999999831e-05
-8.292500000000000426e-01 -2.440199999999999869e-01 2.497700000000000159e-05
-8.006499999999999728e-01 -2.440199999999999869e-01 2.159300000000000146e-05
-7.720599999999999685e-01 -2.440199999999999869e-01 1.606700000000000050e-05
-7.434600000000000097e-01 -2.440199999999999869e-01 9.803199999999999585e-06
-7.148700000000000054e-01 -2.440199999999999869e-01 4.382099999999999938e-06
-6.862700000000000466e-01 -2.440199999999999869e-01 1.953999999999999842e-06
-6.290799999999999725e-01 -2.440199999999999869e-01 2.290899999999999953e-06
-6.004899999999999682e-01 -2.440199999999999869e-01 5.998599999999999623e-06
-5.718999999999999639e-01 -2.440199999999999869e-01 1.039300000000000027e-05
-5.433000000000000052e-01 -2.440199999999999869e-01 1.398100000000000048e-05
-5.147100000000000009e-01 -2.440199999999999869e-01 1.550300000000000048e-05
-4.861099999999999866e-01 -2.440199999999999869e-01 1.505500000000000070e-05
-4.575199999999999823e-01 -2.440199999999999869e-01 1.238599999999999966e-05
-4.289200000000000235e-01 -2.440199999999999869e-01 8.208000000000000018e-06
-4.003300000000000192e-01 -2.440199999999999869e-01 3.854500000000000111e-06
-3.145399999999999863e-01 -2.440199999999999869e-01 2.197799999999999947e-06
-2.859499999999999820e-01 -2.440199999999999869e-01 4.800299999999999594e-06
-2.573500000000000232e-01 -2.440199999999999869e-01 9.729199999999999955e-06
-2.287599999999999911e-01 -2.440199999999999869e-01 1.462399999999999924e-05
-2.001600000000000046e-01 -2.440199999999999869e-01 1.816899999999999833e-05
-1.715700000000000003e-01 -2.440199999999999869e-01 1.929800000000000056e-05
-1.429700000000000137e-01 -2.440199999999999869e-01 1.820299999999999834e-05
-1.143799999999999956e-01 -2.440199999999999869e-01 1.559400000000000011e-05
-8.578399999999999914e-02 -2.440199999999999869e-01 1.363700000000000005e-05
-5.718999999999999778e-02 -2.440199999999999869e-01 1.138099999999999996e-05
-2.859499999999999889e-02 -2.440199999999999869e-01 1.105900000000000033e-05
0.000000000000000000e+00 -2.440199999999999869e-01 1.308599999999999973e-05
-4.489399999999999835e+00 -2.153100000000000014e-01 1.336500000000000014e-03
-4.460799999999999876e+00 -2.153100000000000014e-01 1.747199999999999968e-03
-4.432199999999999918e+00 -2.153100000000000014e-01 2.012400000000000126e-03
-4.403599999999999959e+00 -2.153100000000000014e-01 2.048400000000000134e-03
-4.375000000000000000e+00 -2.153100000000000014e-01 1.929500000000000009e-03
-4.346400000000000041e+00 -2.153100000000000014e-01 1.533499999999999924e-03
-4.317800000000000082e+00 -2.153100000000000014e-01 9.924700000000000709e-04
-4.289200000000000124e+00 -2.153100000000000014e-01 4.654899999999999901e-04
-4.260600000000000165e+00 -2.153100000000000014e-01 1.147199999999999994e-04
-4.232000000000000206e+00 -2.153100000000000014e-01 6.456400000000000051e-05
-4.203400000000000247e+00 -2.153100000000000014e-01 3.392099999999999998e-04
-4.174800000000000288e+00 -2.153100000000000014e-01 8.652199999999999865e-04
-4.146200000000000330e+00 -2.153100000000000014e-01 1.276800000000000027e-03
-4.117600000000000371e+00 -2.153100000000000014e-01 1.823200000000000081e-03
-4.089100000000000179e+00 -2.153100000000000014e-01 2.132000000000000214e-03
-4.060500000000000220e+00 -2.153100000000000014e-01 2.082099999999999923e-03
-4.031900000000000261e+00 -2.153100000000000014e-01 1.678199999999999917e-03
-4.003300000000000303e+00 -2.153100000000000014e-01 1.065299999999999928e-03
-3.974699999999999900e+00 -2.153100000000000014e-01 4.610099999999999788e-04
-3.946099999999999941e+00 -2.153100000000000014e-01 1.680499999999999919e-04
-3.917499999999999982e+00 -2.153100000000000014e-01 1.851800000000000126e-05
-3.888900000000000023e+00 -2.153100000000000014e-01 2.501700000000000256e-04
-3.860300000000000065e+00 -2.153100000000000014e-01 7.664899999999999882e-04
-3.831700000000000106e+00 -2.153100000000000014e-01 1.346600000000000097e-03
-3.803100000000000147e+00 -2.153100000000000014e-01 1.746399999999999949e-03
-3.774500000000000188e+00 -2.153100000000000014e-01 1.809499999999999911e-03
-3.745899999999999785e+00 -2.153100000000000014e-01 1.658799999999999988e-03
-3.717299999999999827e+00 -2.153100000000000014e-01 1.238699999999999914e-03
-3.688699999999999868e+00 -2.153100000000000014e-01 9.023800000000000441e-04
-3.660099999999999909e+00 -2.153100000000000014e-01 1.045799999999999941e-03
-3.631499999999999950e+00 -2.153100000000000014e-01 2.002799999999999893e-03
-3.602899999999999991e+00 -2.153100000000000014e-01 3.882500000000000100e-03
-3.574300000000000033e+00 -2.153100000000000014e-01 6.496499999999999671e-03
-3.545799999999999841e+00 -2.153100000000000014e-01 8.416299999999999823e-03
-3.517199999999999882e+00 -2.153100000000000014e-01 1.100899999999999969e-02
-3.488599999999999923e+00 -2.153100000000000014e-01 1.253899999999999980e-02
-3.459999999999999964e+00 -2.153100000000000014e-01 1.248900000000000010e-02
-3.431400000000000006e+00 -2.153100000000000014e-01 1.063200000000000083e-02
-3.402800000000000047e+00 -2.153100000000000014e-01 7.396200000000000344e-03
-3.374200000000000088e+00 -2.153100000000000014e-01 3.780899999999999799e-03
-3.345600000000000129e+00 -2.153100000000000014e-01 1.755999999999999965e-03
-3.317000000000000171e+00 -2.153100000000000014e-01 1.673199999999999904e-04
-3.288400000000000212e+00 -2.153100000000000014e-01 1.069800000000000091e-03
-3.259799999999999809e+00 -2.153100000000000014e-01 4.586599999999999705e-03
-3.231199999999999850e+00 -2.153100000000000014e-01 9.951399999999999135e-03
-3.202599999999999891e+00 -2.153100000000000014e-01 1.548800000000000003e-02
-3.173999999999999932e+00 -2.153100000000000014e-01 1.934200000000000155e-02
-3.145399999999999974e+00 -2.153100000000000014e-01 2.022600000000000092e-02
-3.116800000000000015e+00 -2.153100000000000014e-01 1.834900000000000073e-02
-3.088200000000000056e+00 -2.153100000000000014e-01 1.280500000000000041e-02
-3.059600000000000097e+00 -2.153100000000000014e-01 5.724299999999999874e-03
-3.031000000000000139e+00 -2.153100000000000014e-01 6.446299999999999860e-04
-3.002499999999999947e+00 -2.153100000000000014e-01 2.107100000000000205e-03
-2.973899999999999988e+00 -2.153100000000000014e-01 1.461299999999999925e-02
-2.945300000000000029e+00 -2.153100000000000014e-01 3.076600000000000168e-02
-2.916700000000000070e+00 -2.153100000000000014e-01 6.830300000000000260e-02
-2.888100000000000112e+00 -2.153100000000000014e-01 1.211300000000000016e-01
-2.859500000000000153e+00 -2.153100000000000014e-01 1.849999999999999978e-01
-2.830900000000000194e+00 -2.153100000000000014e-01 2.535899999999999821e-01
-2.802299999999999791e+00 -2.153100000000000014e-01 3.170899999999999830e-01
-2.773699999999999832e+00 -2.153100000000000014e-01 3.673600000000000199e-01
-2.745099999999999874e+00 -2.153100000000000014e-01 3.915699999999999736e-01
-2.716499999999999915e+00 -2.153100000000000014e-01 4.108200000000000185e-01
-2.687899999999999956e+00 -2.153100000000000014e-01 4.038499999999999868e-01
-2.659299999999999997e+00 -2.153100000000000014e-01 3.694200000000000261e-01
-2.630700000000000038e+00 -2.153100000000000014e-01 3.143900000000000028e-01
-2.602100000000000080e+00 -2.153100000000000014e-01 2.476399999999999990e-01
-2.573500000000000121e+00 -2.153100000000000014e-01 1.786200000000000010e-01
-2.544900000000000162e+00 -2.153100000000000014e-01 1.169199999999999962e-01
-2.516300000000000203e+00 -2.153100000000000014e-01 8.205900000000000694e-02
-2.487699999999999800e+00 -2.153100000000000014e-01 4.100299999999999778e-02
-2.459200000000000053e+00 -2.153100000000000014e-01 1.489500000000000025e-02
-2.430600000000000094e+00 -2.153100000000000014e-01 2.528299999999999818e-03
-2.402000000000000135e+00 -2.153100000000000014e-01 2.571900000000000228e-04
-2.373400000000000176e+00 -2.153100000000000014e-01 3.703099999999999968e-03
-2.344800000000000217e+00 -2.153100000000000014e-01 8.912200000000000330e-03
-2.316199999999999815e+00 -2.153100000000000014e-01 1.191900000000000077e-02
-2.287599999999999856e+00 -2.153100000000000014e-01 1.438099999999999969e-02
-2.258999999999999897e+00 -2.153100000000000014e-01 1.373300000000000042e-02
-2.230399999999999938e+00 -2.153100000000000014e-01 1.081999999999999976e-02
-2.201799999999999979e+00 -2.153100000000000014e-01 6.997399999999999974e-03
-2.173200000000000021e+00 -2.153100000000000014e-01 3.450200000000000055e-03
-2.144600000000000062e+00 -2.153100000000000014e-01 1.008699999999999961e-03
-2.116000000000000103e+00 -2.153100000000000014e-01 1.930199999999999917e-04
-2.087400000000000144e+00 -2.153100000000000014e-01 1.401999999999999926e-04
-2.058800000000000185e+00 -2.153100000000000014e-01 9.962400000000000162e-04
-2.030199999999999783e+00 -2.153100000000000014e-01 2.085500000000000114e-03
-2.001599999999999824e+00 -2.153100000000000014e-01 2.986599999999999845e-03
-1.973000000000000087e+00 -2.153100000000000014e-01 3.117700000000000159e-03
-1.944399999999999906e+00 -2.153100000000000014e-01 2.336400000000000195e-03
-1.915799999999999947e+00 -2.153100000000000014e-01 2.031999999999999952e-03
-1.887299999999999978e+00 -2.153100000000000014e-01 1.220699999999999910e-03
-1.858700000000000019e+00 -2.153100000000000014e-01 4.926099999999999880e-04
-1.830100000000000060e+00 -2.153100000000000014e-01 4.154099999999999980e-03
-1.801500000000000101e+00 -2.153100000000000014e-01 5.831000000000000245e-04
-1.772899999999999920e+00 -2.153100000000000014e-01 3.224600000000000209e-03
-1.744299999999999962e+00 -2.153100000000000014e-01 3.001000000000000195e-03
-1.715700000000000003e+00 -2.153100000000000014e-01 6.032099999999999658e-04
-1.687100000000000044e+00 -2.153100000000000014e-01 5.051899999999999794e-04
-1.658500000000000085e+00 -2.153100000000000014e-01 7.240299999999999644e-04
-1.629899999999999904e+00 -2.153100000000000014e-01 4.092600000000000057e-03
-1.601299999999999946e+00 -2.153100000000000014e-01 8.939300000000000718e-03
-1.572699999999999987e+00 -2.153100000000000014e-01 1.037499999999999977e-05
-1.544100000000000028e+00 -2.153100000000000014e-01 7.158299999999999718e-06
-1.515500000000000069e+00 -2.153100000000000014e-01 3.266200000000000001e-05
-1.486900000000000110e+00 -2.153100000000000014e-01 7.181600000000000494e-05
-1.458299999999999930e+00 -2.153100000000000014e-01 1.011500000000000056e-04
-1.429699999999999971e+00 -2.153100000000000014e-01 1.163600000000000040e-04
-1.401100000000000012e+00 -2.153100000000000014e-01 1.172200000000000059e-04
-1.372500000000000053e+00 -2.153100000000000014e-01 1.064900000000000053e-04
-1.344000000000000083e+00 -2.153100000000000014e-01 8.740200000000000107e-05
-1.315399999999999903e+00 -2.153100000000000014e-01 7.246900000000000021e-05
-1.286799999999999944e+00 -2.153100000000000014e-01 5.024599999999999970e-05
-1.258199999999999985e+00 -2.153100000000000014e-01 3.126499999999999966e-05
-1.229600000000000026e+00 -2.153100000000000014e-01 1.746299999999999865e-05
-1.201000000000000068e+00 -2.153100000000000014e-01 9.706599999999999528e-06
-1.172400000000000109e+00 -2.153100000000000014e-01 8.042200000000000691e-06
-1.143799999999999928e+00 -2.153100000000000014e-01 1.312599999999999935e-05
-1.115199999999999969e+00 -2.153100000000000014e-01 2.193300000000000159e-05
-1.086600000000000010e+00 -2.153100000000000014e-01 4.074400000000000157e-05
-1.058000000000000052e+00 -2.153100000000000014e-01 1.021899999999999957e-04
-1.029400000000000093e+00 -2.153100000000000014e-01 6.744199999999999674e-03
-1.000799999999999912e+00 -2.153100000000000014e-01 2.554100000000000161e-05
-9.722199999999999731e-01 -2.153100000000000014e-01 1.518499999999999946e-05
-9.436299999999999688e-01 -2.153100000000000014e-01 1.300600000000000050e-05
-9.150300000000000100e-01 -2.153100000000000014e-01 1.490800000000000024e-05
-8.864400000000000057e-01 -2.153100000000000014e-01 1.901899999999999866e-05
-8.578400000000000469e-01 -2.153100000000000014e-01 2.210600000000000146e-05
-8.292500000000000426e-01 -2.153100000000000014e-01 2.264399999999999868e-05
-8.006499999999999728e-01 -2.153100000000000014e-01 2.021499999999999873e-05
-7.720599999999999685e-01 -2.153100000000000014e-01 1.548300000000000067e-05
-7.434600000000000097e-01 -2.153100000000000014e-01 9.778700000000000074e-06
-7.148700000000000054e-01 -2.153100000000000014e-01 4.569600000000000261e-06
-6.862700000000000466e-01 -2.153100000000000014e-01 2.123799999999999893e-06
-6.290799999999999725e-01 -2.153100000000000014e-01 1.882399999999999968e-06
-6.004899999999999682e-01 -2.153100000000000014e-01 5.240399999999999835e-06
-5.718999999999999639e-01 -2.153100000000000014e-01 9.410799999999999751e-06
-5.433000000000000052e-01 -2.153100000000000014e-01 1.294999999999999968e-05
-5.147100000000000009e-01 -2.153100000000000014e-01 1.463899999999999994e-05
-4.861099999999999866e-01 -2.153100000000000014e-01 1.433199999999999932e-05
-4.575199999999999823e-01 -2.153100000000000014e-01 1.200000000000000030e-05
-4.289200000000000235e-01 -2.153100000000000014e-01 8.116100000000000102e-06
-4.003300000000000192e-01 -2.153100000000000014e-01 3.943700000000000036e-06
-3.145399999999999863e-01 -2.153100000000000014e-01 1.852200000000000029e-06
-2.859499999999999820e-01 -2.153100000000000014e-01 4.251700000000000306e-06
-2.573500000000000232e-01 -2.153100000000000014e-01 8.916700000000000534e-06
-2.287599999999999911e-01 -2.153100000000000014e-01 1.369500000000000017e-05
-2.001600000000000046e-01 -2.153100000000000014e-01 1.723400000000000135e-05
-1.715700000000000003e-01 -2.153100000000000014e-01 1.861200000000000070e-05
-1.429700000000000137e-01 -2.153100000000000014e-01 1.783200000000000139e-05
-1.143799999999999956e-01 -2.153100000000000014e-01 1.559699999999999992e-05
-8.578399999999999914e-02 -2.153100000000000014e-01 1.376899999999999980e-05
-5.718999999999999778e-02 -2.153100000000000014e-01 1.166899999999999958e-05
-2.859499999999999889e-02 -2.153100000000000014e-01 1.132999999999999994e-05
0.000000000000000000e+00 -2.153100000000000014e-01 1.319900000000000017e-05
-4.489399999999999835e+00 -1.865999999999999881e-01 6.106300000000000269e-04
-4.460799999999999876e+00 -1.865999999999999881e-01 7.906099999999999673e-04
-4.432199999999999918e+00 -1.865999999999999881e-01 9.084699999999999807e-04
-4.403599999999999959e+00 -1.865999999999999881e-01 9.171900000000000192e-04
-4.375000000000000000e+00 -1.865999999999999881e-01 8.561699999999999562e-04
-4.346400000000000041e+00 -1.865999999999999881e-01 6.815600000000000000e-04
-4.317800000000000082e+00 -1.865999999999999881e-01 4.441599999999999758e-04
-4.289200000000000124e+00 -1.865999999999999881e-01 2.096199999999999886e-04
-4.260600000000000165e+00 -1.865999999999999881e-01 5.551699999999999718e-05
-4.232000000000000206e+00 -1.865999999999999881e-01 3.314599999999999741e-05
-4.203400000000000247e+00 -1.865999999999999881e-01 1.556399999999999938e-04
-4.174800000000000288e+00 -1.865999999999999881e-01 3.872300000000000178e-04
-4.146200000000000330e+00 -1.865999999999999881e-01 5.688499999999999763e-04
-4.117600000000000371e+00 -1.865999999999999881e-01 8.187999999999999532e-04
-4.089100000000000179e+00 -1.865999999999999881e-01 9.562000000000000404e-04
-4.060500000000000220e+00 -1.865999999999999881e-01 9.315299999999999666e-04
-4.031900000000000261e+00 -1.865999999999999881e-01 7.585600000000000285e-04
-4.003300000000000303e+00 -1.865999999999999881e-01 4.895499999999999461e-04
-3.974699999999999900e+00 -1.865999999999999881e-01 2.191200000000000027e-04
-3.946099999999999941e+00 -1.865999999999999881e-01 8.904899999999999394e-05
-3.917499999999999982e+00 -1.865999999999999881e-01 1.996400000000000063e-05
-3.888900000000000023e+00 -1.865999999999999881e-01 1.212000000000000051e-04
-3.860300000000000065e+00 -1.865999999999999881e-01 3.483900000000000169e-04
-3.831700000000000106e+00 -1.865999999999999881e-01 6.069299999999999912e-04
-3.803100000000000147e+00 -1.865999999999999881e-01 7.884300000000000119e-04
-3.774500000000000188e+00 -1.865999999999999881e-01 8.120199999999999944e-04
-3.745899999999999785e+00 -1.865999999999999881e-01 7.388400000000000479e-04
-3.717299999999999827e+00 -1.865999999999999881e-01 5.545500000000000082e-04
-3.688699999999999868e+00 -1.865999999999999881e-01 4.048799999999999860e-04
-3.660099999999999909e+00 -1.865999999999999881e-01 4.730299999999999891e-04
-3.631499999999999950e+00 -1.865999999999999881e-01 9.141999999999999953e-04
-3.602899999999999991e+00 -1.865999999999999881e-01 1.790099999999999981e-03
-3.574300000000000033e+00 -1.865999999999999881e-01 2.996700000000000145e-03
-3.545799999999999841e+00 -1.865999999999999881e-01 3.870399999999999969e-03
-3.517199999999999882e+00 -1.865999999999999881e-01 5.075900000000000377e-03
-3.488599999999999923e+00 -1.865999999999999881e-01 5.842599999999999877e-03
-3.459999999999999964e+00 -1.865999999999999881e-01 5.812699999999999638e-03
-3.431400000000000006e+00 -1.865999999999999881e-01 4.955799999999999789e-03
-3.402800000000000047e+00 -1.865999999999999881e-01 3.483599999999999891e-03
-3.374200000000000088e+00 -1.865999999999999881e-01 1.801000000000000083e-03
-3.345600000000000129e+00 -1.865999999999999881e-01 8.488600000000000008e-04
-3.317000000000000171e+00 -1.865999999999999881e-01 9.990499999999999977e-05
-3.288400000000000212e+00 -1.865999999999999881e-01 5.068100000000000079e-04
-3.259799999999999809e+00 -1.865999999999999881e-01 2.160000000000000028e-03
-3.231199999999999850e+00 -1.865999999999999881e-01 4.669799999999999993e-03
-3.202599999999999891e+00 -1.865999999999999881e-01 7.337899999999999631e-03
-3.173999999999999932e+00 -1.865999999999999881e-01 9.237699999999999731e-03
-3.145399999999999974e+00 -1.865999999999999881e-01 9.667500000000000746e-03
-3.116800000000000015e+00 -1.865999999999999881e-01 8.757900000000000754e-03
-3.088200000000000056e+00 -1.865999999999999881e-01 6.217300000000000257e-03
-3.059600000000000097e+00 -1.865999999999999881e-01 2.825199999999999934e-03
-3.031000000000000139e+00 -1.865999999999999881e-01 3.266499999999999981e-04
-3.002499999999999947e+00 -1.865999999999999881e-01 9.034099999999999986e-04
-2.973899999999999988e+00 -1.865999999999999881e-01 6.695699999999999742e-03
-2.945300000000000029e+00 -1.865999999999999881e-01 1.431999999999999940e-02
-2.916700000000000070e+00 -1.865999999999999881e-01 3.204200000000000104e-02
-2.888100000000000112e+00 -1.865999999999999881e-01 5.731399999999999689e-02
-2.859500000000000153e+00 -1.865999999999999881e-01 8.842700000000000560e-02
-2.830900000000000194e+00 -1.865999999999999881e-01 1.210399999999999948e-01
-2.802299999999999791e+00 -1.865999999999999881e-01 1.518599999999999950e-01
-2.773699999999999832e+00 -1.865999999999999881e-01 1.773699999999999999e-01
-2.745099999999999874e+00 -1.865999999999999881e-01 1.892600000000000116e-01
-2.716499999999999915e+00 -1.865999999999999881e-01 1.976799999999999946e-01
-2.687899999999999956e+00 -1.865999999999999881e-01 1.947000000000000119e-01
-2.659299999999999997e+00 -1.865999999999999881e-01 1.797199999999999909e-01
-2.630700000000000038e+00 -1.865999999999999881e-01 1.529000000000000081e-01
-2.602100000000000080e+00 -1.865999999999999881e-01 1.196900000000000047e-01
-2.573500000000000121e+00 -1.865999999999999881e-01 8.664199999999999680e-02
-2.544900000000000162e+00 -1.865999999999999881e-01 5.640300000000000175e-02
-2.516300000000000203e+00 -1.865999999999999881e-01 3.926700000000000329e-02
-2.487699999999999800e+00 -1.865999999999999881e-01 1.933299999999999949e-02
-2.459200000000000053e+00 -1.865999999999999881e-01 6.789599999999999802e-03
-2.430600000000000094e+00 -1.865999999999999881e-01 9.981099999999999695e-04
-2.402000000000000135e+00 -1.865999999999999881e-01 2.091399999999999932e-04
-2.373400000000000176e+00 -1.865999999999999881e-01 2.175499999999999916e-03
-2.344800000000000217e+00 -1.865999999999999881e-01 4.952899999999999664e-03
-2.316199999999999815e+00 -1.865999999999999881e-01 6.506800000000000084e-03
-2.287599999999999856e+00 -1.865999999999999881e-01 7.705400000000000270e-03
-2.258999999999999897e+00 -1.865999999999999881e-01 7.372300000000000034e-03
-2.230399999999999938e+00 -1.865999999999999881e-01 5.776100000000000158e-03
-2.201799999999999979e+00 -1.865999999999999881e-01 3.683699999999999822e-03
-2.173200000000000021e+00 -1.865999999999999881e-01 1.791599999999999963e-03
-2.144600000000000062e+00 -1.865999999999999881e-01 5.075000000000000301e-04
-2.116000000000000103e+00 -1.865999999999999881e-01 8.926900000000000199e-05
-2.087400000000000144e+00 -1.865999999999999881e-01 9.274499999999999379e-05
-2.058800000000000185e+00 -1.865999999999999881e-01 5.796599999999999626e-04
-2.030199999999999783e+00 -1.865999999999999881e-01 1.178599999999999917e-03
-2.001599999999999824e+00 -1.865999999999999881e-01 1.648799999999999962e-03
-1.973000000000000087e+00 -1.865999999999999881e-01 1.738100000000000018e-03
-1.944399999999999906e+00 -1.865999999999999881e-01 1.306499999999999936e-03
-1.915799999999999947e+00 -1.865999999999999881e-01 1.004700000000000081e-03
-1.887299999999999978e+00 -1.865999999999999881e-01 1.128899999999999956e-03
-1.858700000000000019e+00 -1.865999999999999881e-01 1.625200000000000093e-04
-1.830100000000000060e+00 -1.865999999999999881e-01 2.594599999999999858e-03
-1.801500000000000101e+00 -1.865999999999999881e-01 3.547800000000000151e-04
-1.772899999999999920e+00 -1.865999999999999881e-01 1.177700000000000058e-03
-1.744299999999999962e+00 -1.865999999999999881e-01 3.854699999999999967e-03
-1.715700000000000003e+00 -1.865999999999999881e-01 4.162899999999999869e-04
-1.687100000000000044e+00 -1.865999999999999881e-01 2.656599999999999739e-04
-1.658500000000000085e+00 -1.865999999999999881e-01 2.944099999999999951e-04
-1.629899999999999904e+00 -1.865999999999999881e-01 7.686799999999999926e-04
-1.601299999999999946e+00 -1.865999999999999881e-01 1.051000000000000024e-02
-1.572699999999999987e+00 -1.865999999999999881e-01 7.535399999999999716e-05
-1.544100000000000028e+00 -1.865999999999999881e-01 2.120499999999999857e-06
-1.515500000000000069e+00 -1.865999999999999881e-01 2.344100000000000139e-05
-1.486900000000000110e+00 -1.865999999999999881e-01 4.801800000000000003e-05
-1.458299999999999930e+00 -1.865999999999999881e-01 6.592099999999999447e-05
-1.429699999999999971e+00 -1.865999999999999881e-01 7.545799999999999480e-05
-1.401100000000000012e+00 -1.865999999999999881e-01 7.629999999999999792e-05
-1.372500000000000053e+00 -1.865999999999999881e-01 6.930399999999999918e-05
-1.344000000000000083e+00 -1.865999999999999881e-01 5.741700000000000270e-05
-1.315399999999999903e+00 -1.865999999999999881e-01 4.799400000000000161e-05
-1.286799999999999944e+00 -1.865999999999999881e-01 3.342199999999999951e-05
-1.258199999999999985e+00 -1.865999999999999881e-01 2.029000000000000055e-05
-1.229600000000000026e+00 -1.865999999999999881e-01 1.014699999999999958e-05
-1.201000000000000068e+00 -1.865999999999999881e-01 3.546099999999999811e-06
-1.143799999999999928e+00 -1.865999999999999881e-01 1.555499999999999972e-06
-1.115199999999999969e+00 -1.865999999999999881e-01 5.878199999999999895e-06
-1.086600000000000010e+00 -1.865999999999999881e-01 1.350600000000000079e-05
-1.058000000000000052e+00 -1.865999999999999881e-01 2.882399999999999806e-03
-1.029400000000000093e+00 -1.865999999999999881e-01 5.392400000000000318e-03
-1.000799999999999912e+00 -1.865999999999999881e-01 2.707099999999999882e-05
-9.722199999999999731e-01 -1.865999999999999881e-01 7.853400000000000059e-06
-9.436299999999999688e-01 -1.865999999999999881e-01 4.327099999999999618e-06
-9.150300000000000100e-01 -1.865999999999999881e-01 4.570499999999999693e-06
-8.864400000000000057e-01 -1.865999999999999881e-01 6.310200000000000164e-06
-8.578400000000000469e-01 -1.865999999999999881e-01 8.146799999999999655e-06
-8.292500000000000426e-01 -1.865999999999999881e-01 9.044900000000000425e-06
-8.006499999999999728e-01 -1.865999999999999881e-01 8.724699999999999662e-06
-7.720599999999999685e-01 -1.865999999999999881e-01 7.169999999999999961e-06
-7.434600000000000097e-01 -1.865999999999999881e-01 4.845000000000000199e-06
-7.148700000000000054e-01 -1.865999999999999881e-01 2.517199999999999803e-06
-6.862700000000000466e-01 -1.865999999999999881e-01 1.294200000000000035e-06
-6.004899999999999682e-01 -1.865999999999999881e-01 1.913900000000000005e-06
-5.718999999999999639e-01 -1.865999999999999881e-01 3.751099999999999966e-06
-5.433000000000000052e-01 -1.865999999999999881e-01 5.412900000000000301e-06
-5.147100000000000009e-01 -1.865999999999999881e-01 6.330700000000000221e-06
-4.861099999999999866e-01 -1.865999999999999881e-01 6.375999999999999601e-06
-4.575199999999999823e-01 -1.865999999999999881e-01 5.535199999999999960e-06
-4.289200000000000235e-01 -1.865999999999999881e-01 3.873599999999999640e-06
-4.003300000000000192e-01 -1.865999999999999881e-01 2.006399999999999967e-06
-2.859499999999999820e-01 -1.865999999999999881e-01 1.576400000000000060e-06
-2.573500000000000232e-01 -1.865999999999999881e-01 3.577500000000000053e-06
-2.287599999999999911e-01 -1.865999999999999881e-01 5.679999999999999828e-06
-2.001600000000000046e-01 -1.865999999999999881e-01 7.303700000000000054e-06
-1.715700000000000003e-01 -1.865999999999999881e-01 8.106100000000000198e-06
-1.429700000000000137e-01 -1.865999999999999881e-01 7.929300000000000467e-06
-1.143799999999999956e-01 -1.865999999999999881e-01 7.043400000000000191e-06
-8.578399999999999914e-02 -1.865999999999999881e-01 6.363900000000000175e-06
-5.718999999999999778e-02 -1.865999999999999881e-01 5.630499999999999709e-06
-2.859499999999999889e-02 -1.865999999999999881e-01 5.598899999999999876e-06
0.000000000000000000e+00 -1.865999999999999881e-01 6.529700000000000349e-06
-4.489399999999999835e+00 -1.578900000000000026e-01 7.187599999999999590e-06
-4.460799999999999876e+00 -1.578900000000000026e-01 1.796800000000000144e-05
-4.432199999999999918e+00 -1.578900000000000026e-01 1.752400000000000027e-05
-4.403599999999999959e+00 -1.578900000000000026e-01 1.993099999999999942e-05
-4.375000000000000000e+00 -1.578900000000000026e-01 2.519699999999999948e-05
-4.346400000000000041e+00 -1.578900000000000026e-01 2.474800000000000090e-05
-4.317800000000000082e+00 -1.578900000000000026e-01 1.495799999999999977e-05
-4.289200000000000124e+00 -1.578900000000000026e-01 9.984200000000000055e-06
-4.260600000000000165e+00 -1.578900000000000026e-01 3.706999999999999829e-06
-4.174800000000000288e+00 -1.578900000000000026e-01 5.287499999999999774e-06
-4.146200000000000330e+00 -1.578900000000000026e-01 1.054399999999999934e-05
-4.117600000000000371e+00 -1.578900000000000026e-01 1.408300000000000052e-05
-4.089100000000000179e+00 -1.578900000000000026e-01 9.095399999999999348e-06
-4.060500000000000220e+00 -1.578900000000000026e-01 2.600400000000000039e-05
-4.031900000000000261e+00 -1.578900000000000026e-01 2.337999999999999977e-05
-4.003300000000000303e+00 -1.578900000000000026e-01 1.719399999999999835e-05
-3.974699999999999900e+00 -1.578900000000000026e-01 1.491699999999999965e-05
-3.946099999999999941e+00 -1.578900000000000026e-01 1.332500000000000032e-05
-3.917499999999999982e+00 -1.578900000000000026e-01 1.323099999999999919e-05
-3.888900000000000023e+00 -1.578900000000000026e-01 1.643899999999999965e-05
-3.860300000000000065e+00 -1.578900000000000026e-01 2.150699999999999924e-05
-3.831700000000000106e+00 -1.578900000000000026e-01 2.774900000000000147e-05
-3.803100000000000147e+00 -1.578900000000000026e-01 2.337799999999999877e-05
-3.774500000000000188e+00 -1.578900000000000026e-01 2.234800000000000016e-05
-3.745899999999999785e+00 -1.578900000000000026e-01 2.249299999999999962e-05
-3.717299999999999827e+00 -1.578900000000000026e-01 1.415100000000000055e-05
-3.688699999999999868e+00 -1.578900000000000026e-01 3.801299999999999926e-06
-3.660099999999999909e+00 -1.578900000000000026e-01 2.285099999999999941e-06
-3.631499999999999950e+00 -1.578900000000000026e-01 8.501900000000000711e-06
-3.602899999999999991e+00 -1.578900000000000026e-01 1.508599999999999922e-05
-3.574300000000000033e+00 -1.578900000000000026e-01 1.253199999999999962e-05
-3.545799999999999841e+00 -1.578900000000000026e-01 5.058899999999999964e-05
-3.517199999999999882e+00 -1.578900000000000026e-01 9.158700000000000250e-05
-3.488599999999999923e+00 -1.578900000000000026e-01 6.886299999999999442e-05
-3.459999999999999964e+00 -1.578900000000000026e-01 4.527700000000000035e-05
-3.431400000000000006e+00 -1.578900000000000026e-01 8.971600000000000635e-05
-3.402800000000000047e+00 -1.578900000000000026e-01 4.849500000000000241e-05
-3.374200000000000088e+00 -1.578900000000000026e-01 1.489900000000000084e-05
-3.345600000000000129e+00 -1.578900000000000026e-01 6.121899999999999781e-06
-3.317000000000000171e+00 -1.578900000000000026e-01 5.683700000000000317e-06
-3.288400000000000212e+00 -1.578900000000000026e-01 7.756800000000000001e-06
-3.259799999999999809e+00 -1.578900000000000026e-01 3.122799999999999984e-05
-3.231199999999999850e+00 -1.578900000000000026e-01 9.748599999999999464e-05
-3.202599999999999891e+00 -1.578900000000000026e-01 1.413999999999999947e-04
-3.173999999999999932e+00 -1.578900000000000026e-01 1.034999999999999950e-04
-3.145399999999999974e+00 -1.578900000000000026e-01 8.061000000000000240e-05
-3.116800000000000015e+00 -1.578900000000000026e-01 1.769600000000000133e-04
-3.088200000000000056e+00 -1.578900000000000026e-01 1.014200000000000014e-04
-3.059600000000000097e+00 -1.578900000000000026e-01 1.905700000000000067e-05
-3.031000000000000139e+00 -1.578900000000000026e-01 1.865799999999999992e-05
-3.002499999999999947e+00 -1.578900000000000026e-01 5.321300000000000026e-05
-2.973899999999999988e+00 -1.578900000000000026e-01 1.269799999999999938e-05
-2.945300000000000029e+00 -1.578900000000000026e-01 5.994100000000000090e-05
-2.916700000000000070e+00 -1.578900000000000026e-01 2.982500000000000125e-04
-2.888100000000000112e+00 -1.578900000000000026e-01 7.810599999999999791e-04
-2.859500000000000153e+00 -1.578900000000000026e-01 6.124000000000000320e-04
-2.830900000000000194e+00 -1.578900000000000026e-01 1.175299999999999999e-03
-2.802299999999999791e+00 -1.578900000000000026e-01 2.306299999999999843e-03
-2.773699999999999832e+00 -1.578900000000000026e-01 2.041700000000000025e-03
-2.745099999999999874e+00 -1.578900000000000026e-01 1.071200000000000017e-03
-2.716499999999999915e+00 -1.578900000000000026e-01 2.442499999999999793e-03
-2.687899999999999956e+00 -1.578900000000000026e-01 2.918099999999999861e-03
-2.659299999999999997e+00 -1.578900000000000026e-01 1.926299999999999931e-03
-2.630700000000000038e+00 -1.578900000000000026e-01 8.217199999999999591e-04
-2.602100000000000080e+00 -1.578900000000000026e-01 1.792799999999999993e-03
-2.573500000000000121e+00 -1.578900000000000026e-01 1.035899999999999972e-03
-2.544900000000000162e+00 -1.578900000000000026e-01 3.409299999999999766e-04
-2.516300000000000203e+00 -1.578900000000000026e-01 1.596699999999999942e-04
-2.487699999999999800e+00 -1.578900000000000026e-01 1.875400000000000103e-04
-2.459200000000000053e+00 -1.578900000000000026e-01 9.833700000000000394e-06
-2.430600000000000094e+00 -1.578900000000000026e-01 1.212099999999999965e-05
-2.402000000000000135e+00 -1.578900000000000026e-01 1.459200000000000022e-05
-2.373400000000000176e+00 -1.578900000000000026e-01 8.133799999999999949e-05
-2.344800000000000217e+00 -1.578900000000000026e-01 1.258599999999999910e-04
-2.316199999999999815e+00 -1.578900000000000026e-01 1.630099999999999995e-04
-2.287599999999999856e+00 -1.578900000000000026e-01 2.096699999999999898e-04
-2.258999999999999897e+00 -1.578900000000000026e-01 1.950400000000000029e-04
-2.230399999999999938e+00 -1.578900000000000026e-01 1.076700000000000042e-04
-2.201799999999999979e+00 -1.578900000000000026e-01 8.173199999999999606e-05
-2.173200000000000021e+00 -1.578900000000000026e-01 3.712200000000000135e-05
-2.144600000000000062e+00 -1.578900000000000026e-01 6.379000000000000250e-06
-2.116000000000000103e+00 -1.578900000000000026e-01 4.217200000000000043e-06
-2.087400000000000144e+00 -1.578900000000000026e-01 9.915000000000000785e-06
-2.058800000000000185e+00 -1.578900000000000026e-01 3.410399999999999738e-05
-2.030199999999999783e+00 -1.578900000000000026e-01 5.772699999999999804e-05
-2.001599999999999824e+00 -1.578900000000000026e-01 7.428100000000000252e-05
-1.973000000000000087e+00 -1.578900000000000026e-01 1.019600000000000064e-04
-1.944399999999999906e+00 -1.578900000000000026e-01 7.188300000000000277e-05
-1.915799999999999947e+00 -1.578900000000000026e-01 4.721900000000000310e-05
-1.887299999999999978e+00 -1.578900000000000026e-01 9.586099999999999580e-05
-1.858700000000000019e+00 -1.578900000000000026e-01 2.937199999999999932e-05
-1.830100000000000060e+00 -1.578900000000000026e-01 9.035700000000000242e-05
-1.801500000000000101e+00 -1.578900000000000026e-01 4.038399999999999824e-05
-1.772899999999999920e+00 -1.578900000000000026e-01 1.047900000000000047e-04
-1.744299999999999962e+00 -1.578900000000000026e-01 5.430199999999999610e-04
-1.715700000000000003e+00 -1.578900000000000026e-01 9.984400000000000154e-05
-1.687100000000000044e+00 -1.578900000000000026e-01 4.224899999999999987e-06
-1.658500000000000085e+00 -1.578900000000000026e-01 2.344100000000000139e-06
-1.629899999999999904e+00 -1.578900000000000026e-01 6.857399999999999770e-05
-1.601299999999999946e+00 -1.578900000000000026e-01 2.257799999999999965e-04
-1.572699999999999987e+00 -1.578900000000000026e-01 5.878600000000000264e-05
-1.544100000000000028e+00 -1.578900000000000026e-01 3.114799999999999807e-06
-1.515500000000000069e+00 -1.578900000000000026e-01 5.454799999999999849e-06
-1.486900000000000110e+00 -1.578900000000000026e-01 7.822700000000000505e-06
-1.458299999999999930e+00 -1.578900000000000026e-01 9.943699999999999341e-06
-1.429699999999999971e+00 -1.578900000000000026e-01 1.137399999999999986e-05
-1.401100000000000012e+00 -1.578900000000000026e-01 1.232300000000000043e-05
-1.372500000000000053e+00 -1.578900000000000026e-01 1.295999999999999958e-05
-1.344000000000000083e+00 -1.578900000000000026e-01 1.323700000000000049e-05
-1.315399999999999903e+00 -1.578900000000000026e-01 1.299900000000000040e-05
-1.286799999999999944e+00 -1.578900000000000026e-01 1.249700000000000080e-05
-1.258199999999999985e+00 -1.578900000000000026e-01 1.200000000000000030e-05
-1.229600000000000026e+00 -1.578900000000000026e-01 1.156900000000000053e-05
-1.201000000000000068e+00 -1.578900000000000026e-01 1.140500000000000007e-05
-1.172400000000000109e+00 -1.578900000000000026e-01 1.199600000000000000e-05
-1.143799999999999928e+00 -1.578900000000000026e-01 1.414100000000000064e-05
-1.115199999999999969e+00 -1.578900000000000026e-01 1.648499999999999887e-05
-1.086600000000000010e+00 -1.578900000000000026e-01 1.797100000000000124e-05
-1.058000000000000052e+00 -1.578900000000000026e-01 9.950799999999999663e-04
-1.029400000000000093e+00 -1.578900000000000026e-01 2.993499999999999850e-04
-9.722199999999999731e-01 -1.578900000000000026e-01 1.062499999999999992e-06
-8.292500000000000426e-01 -1.578900000000000026e-01 1.047199999999999901e-06
-4.489399999999999835e+00 -1.291899999999999993e-01 1.490000000000000005e-03
-4.460799999999999876e+00 -1.291899999999999993e-01 2.019700000000000141e-03
-4.432199999999999918e+00 -1.291899999999999993e-01 2.448800000000000109e-03
-4.403599999999999959e+00 -1.291899999999999993e-01 2.576300000000000118e-03
-4.375000000000000000e+00 -1.291899999999999993e-01 2.467000000000000009e-03
-4.346400000000000041e+00 -1.291899999999999993e-01 2.036599999999999955e-03
-4.317800000000000082e+00 -1.291899999999999993e-01 1.397299999999999974e-03
-4.289200000000000124e+00 -1.291899999999999993e-01 7.017599999999999489e-04
-4.260600000000000165e+00 -1.291899999999999993e-01 1.863599999999999979e-04
-4.232000000000000206e+00 -1.291899999999999993e-01 1.763499999999999972e-05
-4.203400000000000247e+00 -1.291899999999999993e-01 2.558999999999999860e-04
-4.174800000000000288e+00 -1.291899999999999993e-01 8.211499999999999832e-04
-4.146200000000000330e+00 -1.291899999999999993e-01 1.293700000000000058e-03
-4.117600000000000371e+00 -1.291899999999999993e-01 1.979600000000000196e-03
-4.089100000000000179e+00 -1.291899999999999993e-01 2.394299999999999814e-03
-4.060500000000000220e+00 -1.291899999999999993e-01 2.373600000000000015e-03
-4.031900000000000261e+00 -1.291899999999999993e-01 1.959100000000000077e-03
-4.003300000000000303e+00 -1.291899999999999993e-01 1.265999999999999981e-03
-3.974699999999999900e+00 -1.291899999999999993e-01 5.485000000000000509e-04
-3.946099999999999941e+00 -1.291899999999999993e-01 1.979799999999999984e-04
-3.917499999999999982e+00 -1.291899999999999993e-01 6.696900000000000205e-06
-3.888900000000000023e+00 -1.291899999999999993e-01 2.728699999999999811e-04
-3.860300000000000065e+00 -1.291899999999999993e-01 8.908600000000000459e-04
-3.831700000000000106e+00 -1.291899999999999993e-01 1.602600000000000031e-03
-3.803100000000000147e+00 -1.291899999999999993e-01 2.133100000000000187e-03
-3.774500000000000188e+00 -1.291899999999999993e-01 2.238200000000000085e-03
-3.745899999999999785e+00 -1.291899999999999993e-01 2.057900000000000094e-03
-3.717299999999999827e+00 -1.291899999999999993e-01 1.566799999999999920e-03
-3.688699999999999868e+00 -1.291899999999999993e-01 1.111400000000000018e-03
-3.660099999999999909e+00 -1.291899999999999993e-01 1.131899999999999920e-03
-3.631499999999999950e+00 -1.291899999999999993e-01 2.029200000000000101e-03
-3.602899999999999991e+00 -1.291899999999999993e-01 3.956399999999999674e-03
-3.574300000000000033e+00 -1.291899999999999993e-01 6.671400000000000073e-03
-3.545799999999999841e+00 -1.291899999999999993e-01 8.632000000000000783e-03
-3.517199999999999882e+00 -1.291899999999999993e-01 1.127500000000000030e-02
-3.488599999999999923e+00 -1.291899999999999993e-01 1.298099999999999948e-02
-3.459999999999999964e+00 -1.291899999999999993e-01 1.282800000000000086e-02
-3.431400000000000006e+00 -1.291899999999999993e-01 1.072500000000000016e-02
-3.402800000000000047e+00 -1.291899999999999993e-01 7.342300000000000389e-03
-3.374200000000000088e+00 -1.291899999999999993e-01 3.557499999999999898e-03
-3.345600000000000129e+00 -1.291899999999999993e-01 1.488500000000000023e-03
-3.317000000000000171e+00 -1.291899999999999993e-01 1.014900000000000058e-05
-3.288400000000000212e+00 -1.291899999999999993e-01 1.205200000000000021e-03
-3.259799999999999809e+00 -1.291899999999999993e-01 5.167399999999999945e-03
-3.231199999999999850e+00 -1.291899999999999993e-01 1.091199999999999982e-02
-3.202599999999999891e+00 -1.291899999999999993e-01 1.679399999999999990e-02
-3.173999999999999932e+00 -1.291899999999999993e-01 2.079800000000000051e-02
-3.145399999999999974e+00 -1.291899999999999993e-01 2.147200000000000150e-02
-3.116800000000000015e+00 -1.291899999999999993e-01 1.889700000000000060e-02
-3.088200000000000056e+00 -1.291899999999999993e-01 1.305199999999999937e-02
-3.059600000000000097e+00 -1.291899999999999993e-01 5.610300000000000356e-03
-3.031000000000000139e+00 -1.291899999999999993e-01 5.042300000000000428e-04
-3.002499999999999947e+00 -1.291899999999999993e-01 2.505400000000000075e-03
-2.973899999999999988e+00 -1.291899999999999993e-01 1.596300000000000149e-02
-2.945300000000000029e+00 -1.291899999999999993e-01 3.285899999999999932e-02
-2.916700000000000070e+00 -1.291899999999999993e-01 7.120799999999999352e-02
-2.888100000000000112e+00 -1.291899999999999993e-01 1.242899999999999977e-01
-2.859500000000000153e+00 -1.291899999999999993e-01 1.897399999999999920e-01
-2.830900000000000194e+00 -1.291899999999999993e-01 2.564100000000000268e-01
-2.802299999999999791e+00 -1.291899999999999993e-01 3.169199999999999795e-01
-2.773699999999999832e+00 -1.291899999999999993e-01 3.658199999999999785e-01
-2.745099999999999874e+00 -1.291899999999999993e-01 3.881700000000000150e-01
-2.716499999999999915e+00 -1.291899999999999993e-01 3.993700000000000028e-01
-2.687899999999999956e+00 -1.291899999999999993e-01 3.893900000000000139e-01
-2.659299999999999997e+00 -1.291899999999999993e-01 3.572400000000000020e-01
-2.630700000000000038e+00 -1.291899999999999993e-01 3.033100000000000240e-01
-2.602100000000000080e+00 -1.291899999999999993e-01 2.351800000000000002e-01
-2.573500000000000121e+00 -1.291899999999999993e-01 1.701600000000000057e-01
-2.544900000000000162e+00 -1.291899999999999993e-01 1.111100000000000004e-01
-2.516300000000000203e+00 -1.291899999999999993e-01 7.783800000000000441e-02
-2.487699999999999800e+00 -1.291899999999999993e-01 3.903299999999999825e-02
-2.459200000000000053e+00 -1.291899999999999993e-01 1.482299999999999937e-02
-2.430600000000000094e+00 -1.291899999999999993e-01 2.789699999999999992e-03
-2.402000000000000135e+00 -1.291899999999999993e-01 8.059599999999999881e-05
-2.373400000000000176e+00 -1.291899999999999993e-01 2.497599999999999994e-03
-2.344800000000000217e+00 -1.291899999999999993e-01 6.599500000000000331e-03
-2.316199999999999815e+00 -1.291899999999999993e-01 8.947399999999999451e-03
-2.287599999999999856e+00 -1.291899999999999993e-01 1.081999999999999976e-02
-2.258999999999999897e+00 -1.291899999999999993e-01 1.039600000000000073e-02
-2.230399999999999938e+00 -1.291899999999999993e-01 8.200000000000000691e-03
-2.201799999999999979e+00 -1.291899999999999993e-01 5.140399999999999830e-03
-2.173200000000000021e+00 -1.291899999999999993e-01 2.459799999999999834e-03
-2.144600000000000062e+00 -1.291899999999999993e-01 6.882400000000000106e-04
-2.116000000000000103e+00 -1.291899999999999993e-01 1.195999999999999933e-04
-2.087400000000000144e+00 -1.291899999999999993e-01 1.187700000000000030e-04
-2.058800000000000185e+00 -1.291899999999999993e-01 7.528199999999999649e-04
-2.030199999999999783e+00 -1.291899999999999993e-01 1.487100000000000097e-03
-2.001599999999999824e+00 -1.291899999999999993e-01 2.013299999999999985e-03
-1.973000000000000087e+00 -1.291899999999999993e-01 2.158699999999999942e-03
-1.944399999999999906e+00 -1.291899999999999993e-01 1.821799999999999939e-03
-1.915799999999999947e+00 -1.291899999999999993e-01 1.438000000000000042e-03
-1.887299999999999978e+00 -1.291899999999999993e-01 2.414700000000000093e-03
-1.858700000000000019e+00 -1.291899999999999993e-01 3.822599999999999891e-04
-1.830100000000000060e+00 -1.291899999999999993e-01 2.927799999999999934e-03
-1.801500000000000101e+00 -1.291899999999999993e-01 2.176099999999999823e-03
-1.772899999999999920e+00 -1.291899999999999993e-01 6.007599999999999876e-04
-1.744299999999999962e+00 -1.291899999999999993e-01 1.680200000000000096e-02
-1.715700000000000003e+00 -1.291899999999999993e-01 2.766999999999999928e-03
-1.687100000000000044e+00 -1.291899999999999993e-01 3.750700000000000258e-04
-1.658500000000000085e+00 -1.291899999999999993e-01 3.572900000000000164e-04
-1.629899999999999904e+00 -1.291899999999999993e-01 5.059100000000000402e-04
-1.601299999999999946e+00 -1.291899999999999993e-01 6.289099999999999725e-03
-1.572699999999999987e+00 -1.291899999999999993e-01 3.647999999999999767e-04
-1.544100000000000028e+00 -1.291899999999999993e-01 2.012399999999999909e-05
-1.515500000000000069e+00 -1.291899999999999993e-01 1.579300000000000066e-06
-1.486900000000000110e+00 -1.291899999999999993e-01 2.344899999999999860e-05
-1.458299999999999930e+00 -1.291899999999999993e-01 3.717699999999999998e-05
-1.429699999999999971e+00 -1.291899999999999993e-01 4.564900000000000289e-05
-1.401100000000000012e+00 -1.291899999999999993e-01 4.842499999999999799e-05
-1.372500000000000053e+00 -1.291899999999999993e-01 4.668700000000000210e-05
-1.344000000000000083e+00 -1.291899999999999993e-01 4.297699999999999866e-05
-1.315399999999999903e+00 -1.291899999999999993e-01 4.139699999999999684e-05
-1.286799999999999944e+00 -1.291899999999999993e-01 3.961000000000000192e-05
-1.258199999999999985e+00 -1.291899999999999993e-01 4.019599999999999936e-05
-1.229600000000000026e+00 -1.291899999999999993e-01 4.444499999999999883e-05
-1.201000000000000068e+00 -1.291899999999999993e-01 5.357299999999999682e-05
-1.172400000000000109e+00 -1.291899999999999993e-01 7.053399999999999926e-05
-1.143799999999999928e+00 -1.291899999999999993e-01 1.050099999999999992e-04
-1.115199999999999969e+00 -1.291899999999999993e-01 1.455000000000000130e-04
-1.086600000000000010e+00 -1.291899999999999993e-01 9.987699999999999530e-04
-1.058000000000000052e+00 -1.291899999999999993e-01 6.827800000000000535e-02
-1.029400000000000093e+00 -1.291899999999999993e-01 3.977200000000000071e-04
-1.000799999999999912e+00 -1.291899999999999993e-01 2.110799999999999848e-05
-9.722199999999999731e-01 -1.291899999999999993e-01 2.563500000000000105e-06
-9.436299999999999688e-01 -1.291899999999999993e-01 1.077700000000000032e-05
-9.150300000000000100e-01 -1.291899999999999993e-01 1.681699999999999840e-05
-8.864400000000000057e-01 -1.291899999999999993e-01 2.433400000000000114e-05
-8.578400000000000469e-01 -1.291899999999999993e-01 2.814600000000000123e-05
-8.292500000000000426e-01 -1.291899999999999993e-01 2.768599999999999886e-05
-8.006499999999999728e-01 -1.291899999999999993e-01 2.370399999999999870e-05
-7.720599999999999685e-01 -1.291899999999999993e-01 1.720900000000000074e-05
-7.434600000000000097e-01 -1.291899999999999993e-01 9.928299999999999455e-06
-7.148700000000000054e-01 -1.291899999999999993e-01 3.909599999999999804e-06
-6.862700000000000466e-01 -1.291899999999999993e-01 1.328400000000000063e-06
-6.290799999999999725e-01 -1.291899999999999993e-01 2.059800000000000167e-06
-6.004899999999999682e-01 -1.291899999999999993e-01 6.251399999999999981e-06
-5.718999999999999639e-01 -1.291899999999999993e-01 1.120200000000000049e-05
-5.433000000000000052e-01 -1.291899999999999993e-01 1.514200000000000004e-05
-5.147100000000000009e-01 -1.291899999999999993e-01 1.678299999999999839e-05
-4.861099999999999866e-01 -1.291899999999999993e-01 1.641999999999999864e-05
-4.575199999999999823e-01 -1.291899999999999993e-01 1.361199999999999944e-05
-4.289200000000000235e-01 -1.291899999999999993e-01 8.991999999999999627e-06
-4.003300000000000192e-01 -1.291899999999999993e-01 4.184599999999999712e-06
-3.145399999999999863e-01 -1.291899999999999993e-01 2.495700000000000093e-06
-2.859499999999999820e-01 -1.291899999999999993e-01 5.613400000000000330e-06
-2.573500000000000232e-01 -1.291899999999999993e-01 1.176600000000000051e-05
-2.287599999999999911e-01 -1.291899999999999993e-01 1.807900000000000089e-05
-2.001600000000000046e-01 -1.291899999999999993e-01 2.294300000000000039e-05
-1.715700000000000003e-01 -1.291899999999999993e-01 2.535700000000000134e-05
-1.429700000000000137e-01 -1.291899999999999993e-01 2.476099999999999891e-05
-1.143799999999999956e-01 -1.291899999999999993e-01 2.159799999999999887e-05
-8.578399999999999914e-02 -1.291899999999999993e-01 1.892499999999999922e-05
-5.718999999999999778e-02 -1.291899999999999993e-01 1.507599999999999931e-05
-2.859499999999999889e-02 -1.291899999999999993e-01 1.257800000000000053e-05
0.000000000000000000e+00 -1.291899999999999993e-01 1.225900000000000070e-05
-4.489399999999999835e+00 -1.004799999999999999e-01 6.624500000000000180e-03
-4.460799999999999876e+00 -1.004799999999999999e-01 8.944000000000000561e-03
-4.432199999999999918e+00 -1.004799999999999999e-01 1.060900000000000037e-02
-4.403599999999999959e+00 -1.004799999999999999e-01 1.111599999999999915e-02
-4.375000000000000000e+00 -1.004799999999999999e-01 1.063899999999999915e-02
-4.346400000000000041e+00 -1.004799999999999999e-01 8.763500000000000456e-03
-4.317800000000000082e+00 -1.004799999999999999e-01 5.934000000000000039e-03
-4.289200000000000124e+00 -1.004799999999999999e-01 2.984899999999999966e-03
-4.260600000000000165e+00 -1.004799999999999999e-01 8.054600000000000301e-04
-4.232000000000000206e+00 -1.004799999999999999e-01 1.209100000000000062e-04
-4.203400000000000247e+00 -1.004799999999999999e-01 1.178400000000000020e-03
-4.174800000000000288e+00 -1.004799999999999999e-01 3.663299999999999976e-03
-4.146200000000000330e+00 -1.004799999999999999e-01 5.715500000000000094e-03
-4.117600000000000371e+00 -1.004799999999999999e-01 8.610800000000000051e-03
-4.089100000000000179e+00 -1.004799999999999999e-01 1.040400000000000005e-02
-4.060500000000000220e+00 -1.004799999999999999e-01 1.039400000000000046e-02
-4.031900000000000261e+00 -1.004799999999999999e-01 8.534399999999999278e-03
-4.003300000000000303e+00 -1.004799999999999999e-01 5.505600000000000251e-03
-3.974699999999999900e+00 -1.004799999999999999e-01 2.405299999999999973e-03
-3.946099999999999941e+00 -1.004799999999999999e-01 8.682499999999999897e-04
-3.917499999999999982e+00 -1.004799999999999999e-01 7.994000000000000034e-06
-3.888900000000000023e+00 -1.004799999999999999e-01 1.136800000000000093e-03
-3.860300000000000065e+00 -1.004799999999999999e-01 3.811099999999999991e-03
-3.831700000000000106e+00 -1.004799999999999999e-01 6.920499999999999569e-03
-3.803100000000000147e+00 -1.004799999999999999e-01 9.173799999999999316e-03
-3.774500000000000188e+00 -1.004799999999999999e-01 9.681900000000000228e-03
-3.745899999999999785e+00 -1.004799999999999999e-01 8.959399999999999309e-03
-3.717299999999999827e+00 -1.004799999999999999e-01 6.833099999999999938e-03
-3.688699999999999868e+00 -1.004799999999999999e-01 4.870799999999999783e-03
-3.660099999999999909e+00 -1.004799999999999999e-01 5.073000000000000252e-03
-3.631499999999999950e+00 -1.004799999999999999e-01 9.127299999999999650e-03
-3.602899999999999991e+00 -1.004799999999999999e-01 1.763800000000000090e-02
-3.574300000000000033e+00 -1.004799999999999999e-01 2.975399999999999920e-02
-3.545799999999999841e+00 -1.004799999999999999e-01 3.865099999999999786e-02
-3.517199999999999882e+00 -1.004799999999999999e-01 5.068899999999999795e-02
-3.488599999999999923e+00 -1.004799999999999999e-01 5.788800000000000195e-02
-3.459999999999999964e+00 -1.004799999999999999e-01 5.762799999999999867e-02
-3.431400000000000006e+00 -1.004799999999999999e-01 4.876899999999999985e-02
-3.402800000000000047e+00 -1.004799999999999999e-01 3.345399999999999763e-02
-3.374200000000000088e+00 -1.004799999999999999e-01 1.645399999999999988e-02
-3.345600000000000129e+00 -1.004799999999999999e-01 7.102500000000000306e-03
-3.317000000000000171e+00 -1.004799999999999999e-01 2.352499999999999990e-04
-3.288400000000000212e+00 -1.004799999999999999e-01 5.323300000000000427e-03
-3.259799999999999809e+00 -1.004799999999999999e-01 2.292699999999999946e-02
-3.231199999999999850e+00 -1.004799999999999999e-01 4.912300000000000000e-02
-3.202599999999999891e+00 -1.004799999999999999e-01 7.584699999999999775e-02
-3.173999999999999932e+00 -1.004799999999999999e-01 9.386099999999999999e-02
-3.145399999999999974e+00 -1.004799999999999999e-01 9.736000000000000210e-02
-3.116800000000000015e+00 -1.004799999999999999e-01 8.708399999999999475e-02
-3.088200000000000056e+00 -1.004799999999999999e-01 6.012699999999999989e-02
-3.059600000000000097e+00 -1.004799999999999999e-01 2.633699999999999930e-02
-3.031000000000000139e+00 -1.004799999999999999e-01 2.724199999999999972e-03
-3.002499999999999947e+00 -1.004799999999999999e-01 1.073999999999999955e-02
-2.973899999999999988e+00 -1.004799999999999999e-01 7.098899999999999655e-02
-2.945300000000000029e+00 -1.004799999999999999e-01 1.477799999999999947e-01
-2.916700000000000070e+00 -1.004799999999999999e-01 3.231999999999999873e-01
-2.888100000000000112e+00 -1.004799999999999999e-01 5.675299999999999789e-01
-2.859500000000000153e+00 -1.004799999999999999e-01 8.621100000000000430e-01
-2.830900000000000194e+00 -1.004799999999999999e-01 1.177899999999999947e+00
-2.802299999999999791e+00 -1.004799999999999999e-01 1.465300000000000047e+00
-2.773699999999999832e+00 -1.004799999999999999e-01 1.686500000000000110e+00
-2.745099999999999874e+00 -1.004799999999999999e-01 1.785300000000000109e+00
-2.716499999999999915e+00 -1.004799999999999999e-01 1.854000000000000092e+00
-2.687899999999999956e+00 -1.004799999999999999e-01 1.810599999999999987e+00
-2.659299999999999997e+00 -1.004799999999999999e-01 1.656600000000000072e+00
-2.630700000000000038e+00 -1.004799999999999999e-01 1.410199999999999898e+00
-2.602100000000000080e+00 -1.004799999999999999e-01 1.106400000000000050e+00
-2.573500000000000121e+00 -1.004799999999999999e-01 7.929100000000000037e-01
-2.544900000000000162e+00 -1.004799999999999999e-01 5.151799999999999713e-01
-2.516300000000000203e+00 -1.004799999999999999e-01 3.600700000000000012e-01
-2.487699999999999800e+00 -1.004799999999999999e-01 1.805100000000000038e-01
-2.459200000000000053e+00 -1.004799999999999999e-01 6.643300000000000594e-02
-2.430600000000000094e+00 -1.004799999999999999e-01 1.186300000000000028e-02
-2.402000000000000135e+00 -1.004799999999999999e-01 8.813799999999999673e-04
-2.373400000000000176e+00 -1.004799999999999999e-01 1.423699999999999966e-02
-2.344800000000000217e+00 -1.004799999999999999e-01 3.481399999999999773e-02
-2.316199999999999815e+00 -1.004799999999999999e-01 4.665400000000000102e-02
-2.287599999999999856e+00 -1.004799999999999999e-01 5.612799999999999734e-02
-2.258999999999999897e+00 -1.004799999999999999e-01 5.366900000000000143e-02
-2.230399999999999938e+00 -1.004799999999999999e-01 4.185400000000000231e-02
-2.201799999999999979e+00 -1.004799999999999999e-01 2.643200000000000063e-02
-2.173200000000000021e+00 -1.004799999999999999e-01 1.252900000000000021e-02
-2.144600000000000062e+00 -1.004799999999999999e-01 3.428000000000000057e-03
-2.116000000000000103e+00 -1.004799999999999999e-01 5.720200000000000154e-04
-2.087400000000000144e+00 -1.004799999999999999e-01 6.722399999999999470e-04
-2.058800000000000185e+00 -1.004799999999999999e-01 4.093600000000000190e-03
-2.030199999999999783e+00 -1.004799999999999999e-01 7.962300000000000280e-03
-2.001599999999999824e+00 -1.004799999999999999e-01 1.061899999999999997e-02
-1.973000000000000087e+00 -1.004799999999999999e-01 1.147100000000000029e-02
-1.944399999999999906e+00 -1.004799999999999999e-01 9.575699999999999490e-03
-1.915799999999999947e+00 -1.004799999999999999e-01 7.422200000000000325e-03
-1.887299999999999978e+00 -1.004799999999999999e-01 8.445799999999999835e-03
-1.858700000000000019e+00 -1.004799999999999999e-01 2.848799999999999857e-03
-1.830100000000000060e+00 -1.004799999999999999e-01 5.875899999999999873e-03
-1.801500000000000101e+00 -1.004799999999999999e-01 2.381700000000000136e-02
-1.772899999999999920e+00 -1.004799999999999999e-01 2.988499999999999837e-03
-1.744299999999999962e+00 -1.004799999999999999e-01 5.221699999999999953e-02
-1.715700000000000003e+00 -1.004799999999999999e-01 2.704200000000000007e-02
-1.687100000000000044e+00 -1.004799999999999999e-01 2.261500000000000055e-03
-1.658500000000000085e+00 -1.004799999999999999e-01 1.702900000000000030e-03
-1.629899999999999904e+00 -1.004799999999999999e-01 2.044199999999999923e-03
-1.601299999999999946e+00 -1.004799999999999999e-01 9.229199999999999904e-03
-1.572699999999999987e+00 -1.004799999999999999e-01 9.885800000000000143e-03
-1.544100000000000028e+00 -1.004799999999999999e-01 9.552199999999999786e-05
-1.515500000000000069e+00 -1.004799999999999999e-01 5.032299999999999913e-05
-1.486900000000000110e+00 -1.004799999999999999e-01 1.869700000000000073e-04
-1.458299999999999930e+00 -1.004799999999999999e-01 2.730300000000000066e-04
-1.429699999999999971e+00 -1.004799999999999999e-01 3.130100000000000135e-04
-1.401100000000000012e+00 -1.004799999999999999e-01 3.137500000000000098e-04
-1.372500000000000053e+00 -1.004799999999999999e-01 2.858499999999999821e-04
-1.344000000000000083e+00 -1.004799999999999999e-01 2.414100000000000078e-04
-1.315399999999999903e+00 -1.004799999999999999e-01 2.089699999999999999e-04
-1.286799999999999944e+00 -1.004799999999999999e-01 1.657800000000000018e-04
-1.258199999999999985e+00 -1.004799999999999999e-01 1.360699999999999898e-04
-1.229600000000000026e+00 -1.004799999999999999e-01 1.252100000000000023e-04
-1.201000000000000068e+00 -1.004799999999999999e-01 1.390100000000000125e-04
-1.172400000000000109e+00 -1.004799999999999999e-01 1.901299999999999974e-04
-1.143799999999999928e+00 -1.004799999999999999e-01 3.186099999999999870e-04
-1.115199999999999969e+00 -1.004799999999999999e-01 3.420100000000000137e-04
-1.086600000000000010e+00 -1.004799999999999999e-01 9.898899999999999973e-04
-1.058000000000000052e+00 -1.004799999999999999e-01 2.721299999999999830e-01
-1.029400000000000093e+00 -1.004799999999999999e-01 2.669700000000000111e-03
-1.000799999999999912e+00 -1.004799999999999999e-01 2.757400000000000061e-05
-9.722199999999999731e-01 -1.004799999999999999e-01 1.558800000000000051e-05
-9.436299999999999688e-01 -1.004799999999999999e-01 3.772599999999999760e-05
-9.150300000000000100e-01 -1.004799999999999999e-01 5.876599999999999944e-05
-8.864400000000000057e-01 -1.004799999999999999e-01 8.752299999999999533e-05
-8.578400000000000469e-01 -1.004799999999999999e-01 1.054099999999999953e-04
-8.292500000000000426e-01 -1.004799999999999999e-01 1.079199999999999967e-04
-8.006499999999999728e-01 -1.004799999999999999e-01 9.514999999999999532e-05
-7.720599999999999685e-01 -1.004799999999999999e-01 7.134500000000000217e-05
-7.434600000000000097e-01 -1.004799999999999999e-01 4.336200000000000259e-05
-7.148700000000000054e-01 -1.004799999999999999e-01 1.866399999999999952e-05
-6.862700000000000466e-01 -1.004799999999999999e-01 7.300399999999999594e-06
-6.290799999999999725e-01 -1.004799999999999999e-01 7.286300000000000017e-06
-6.004899999999999682e-01 -1.004799999999999999e-01 2.349399999999999902e-05
-5.718999999999999639e-01 -1.004799999999999999e-01 4.352900000000000286e-05
-5.433000000000000052e-01 -1.004799999999999999e-01 6.055499999999999875e-05
-5.147100000000000009e-01 -1.004799999999999999e-01 6.883899999999999601e-05
-4.861099999999999866e-01 -1.004799999999999999e-01 6.794000000000000343e-05
-4.575199999999999823e-01 -1.004799999999999999e-01 5.747299999999999675e-05
-4.289200000000000235e-01 -1.004799999999999999e-01 3.929200000000000260e-05
-4.003300000000000192e-01 -1.004799999999999999e-01 1.938900000000000020e-05
-3.717300000000000049e-01 -1.004799999999999999e-01 4.540799999999999791e-06
-3.145399999999999863e-01 -1.004799999999999999e-01 8.578499999999999266e-06
-2.859499999999999820e-01 -1.004799999999999999e-01 2.061399999999999948e-05
-2.573500000000000232e-01 -1.004799999999999999e-01 4.498599999999999924e-05
-2.287599999999999911e-01 -1.004799999999999999e-01 7.139799999999999641e-05
-2.001600000000000046e-01 -1.004799999999999999e-01 9.274599999999999598e-05
-1.715700000000000003e-01 -1.004799999999999999e-01 1.039600000000000008e-04
-1.429700000000000137e-01 -1.004799999999999999e-01 1.033599999999999997e-04
-1.143799999999999956e-01 -1.004799999999999999e-01 9.303799999999999928e-05
-8.578399999999999914e-02 -1.004799999999999999e-01 8.297900000000000631e-05
-5.718999999999999778e-02 -1.004799999999999999e-01 6.810000000000000189e-05
-2.859499999999999889e-02 -1.004799999999999999e-01 5.878200000000000065e-05
0.000000000000000000e+00 -1.004799999999999999e-01 5.858299999999999798e-05
-4.489399999999999835e+00 -7.177000000000000046e-02 1.494999999999999975e-02
-4.460799999999999876e+00 -7.177000000000000046e-02 2.011599999999999847e-02
-4.432199999999999918e+00 -7.177000000000000046e-02 2.384199999999999861e-02
-4.403599999999999959e+00 -7.177000000000000046e-02 2.489399999999999946e-02
-4.375000000000000000e+00 -7.177000000000000046e-02 2.378399999999999959e-02
-4.346400000000000041e+00 -7.177000000000000046e-02 1.958299999999999971e-02
-4.317800000000000082e+00 -7.177000000000000046e-02 1.329600000000000053e-02
-4.289200000000000124e+00 -7.177000000000000046e-02 6.700799999999999812e-03
-4.260600000000000165e+00 -7.177000000000000046e-02 1.838500000000000073e-03
-4.232000000000000206e+00 -7.177000000000000046e-02 3.047899999999999872e-04
-4.203400000000000247e+00 -7.177000000000000046e-02 2.649900000000000172e-03
-4.174800000000000288e+00 -7.177000000000000046e-02 8.158900000000000180e-03
-4.146200000000000330e+00 -7.177000000000000046e-02 1.274499999999999938e-02
-4.117600000000000371e+00 -7.177000000000000046e-02 1.923700000000000063e-02
-4.089100000000000179e+00 -7.177000000000000046e-02 2.325699999999999990e-02
-4.060500000000000220e+00 -7.177000000000000046e-02 2.325899999999999843e-02
-4.031900000000000261e+00 -7.177000000000000046e-02 1.916500000000000148e-02
-4.003300000000000303e+00 -7.177000000000000046e-02 1.240300000000000083e-02
-3.974699999999999900e+00 -7.177000000000000046e-02 5.442699999999999969e-03
-3.946099999999999941e+00 -7.177000000000000046e-02 1.996899999999999804e-03
-3.917499999999999982e+00 -7.177000000000000046e-02 3.373899999999999664e-05
-3.888900000000000023e+00 -7.177000000000000046e-02 2.501199999999999864e-03
-3.860300000000000065e+00 -7.177000000000000046e-02 8.445599999999999288e-03
-3.831700000000000106e+00 -7.177000000000000046e-02 1.542499999999999948e-02
-3.803100000000000147e+00 -7.177000000000000046e-02 2.053699999999999970e-02
-3.774500000000000188e+00 -7.177000000000000046e-02 2.172200000000000172e-02
-3.745899999999999785e+00 -7.177000000000000046e-02 2.012200000000000100e-02
-3.717299999999999827e+00 -7.177000000000000046e-02 1.541999999999999968e-02
-3.688699999999999868e+00 -7.177000000000000046e-02 1.105500000000000059e-02
-3.660099999999999909e+00 -7.177000000000000046e-02 1.146900000000000003e-02
-3.631499999999999950e+00 -7.177000000000000046e-02 2.056900000000000048e-02
-3.602899999999999991e+00 -7.177000000000000046e-02 3.977399999999999686e-02
-3.574300000000000033e+00 -7.177000000000000046e-02 6.693200000000000538e-02
-3.545799999999999841e+00 -7.177000000000000046e-02 8.690699999999999814e-02
-3.517199999999999882e+00 -7.177000000000000046e-02 1.141100000000000031e-01
-3.488599999999999923e+00 -7.177000000000000046e-02 1.307000000000000106e-01
-3.459999999999999964e+00 -7.177000000000000046e-02 1.301700000000000079e-01
-3.431400000000000006e+00 -7.177000000000000046e-02 1.103900000000000020e-01
-3.402800000000000047e+00 -7.177000000000000046e-02 7.605399999999999661e-02
-3.374200000000000088e+00 -7.177000000000000046e-02 3.759599999999999748e-02
-3.345600000000000129e+00 -7.177000000000000046e-02 1.635599999999999901e-02
-3.317000000000000171e+00 -7.177000000000000046e-02 6.735000000000000535e-04
-3.288400000000000212e+00 -7.177000000000000046e-02 1.197100000000000074e-02
-3.259799999999999809e+00 -7.177000000000000046e-02 5.165999999999999759e-02
-3.231199999999999850e+00 -7.177000000000000046e-02 1.108600000000000002e-01
-3.202599999999999891e+00 -7.177000000000000046e-02 1.718899999999999872e-01
-3.173999999999999932e+00 -7.177000000000000046e-02 2.134000000000000064e-01
-3.145399999999999974e+00 -7.177000000000000046e-02 2.215499999999999969e-01
-3.116800000000000015e+00 -7.177000000000000046e-02 1.983999999999999930e-01
-3.088200000000000056e+00 -7.177000000000000046e-02 1.376300000000000023e-01
-3.059600000000000097e+00 -7.177000000000000046e-02 6.075400000000000245e-02
-3.031000000000000139e+00 -7.177000000000000046e-02 6.327600000000000065e-03
-3.002499999999999947e+00 -7.177000000000000046e-02 2.398700000000000138e-02
-2.973899999999999988e+00 -7.177000000000000046e-02 1.601599999999999968e-01
-2.945300000000000029e+00 -7.177000000000000046e-02 3.342399999999999816e-01
-2.916700000000000070e+00 -7.177000000000000046e-02 7.320900000000000185e-01
-2.888100000000000112e+00 -7.177000000000000046e-02 1.288200000000000012e+00
-2.859500000000000153e+00 -7.177000000000000046e-02 1.963100000000000067e+00
-2.830900000000000194e+00 -7.177000000000000046e-02 2.679899999999999949e+00
-2.802299999999999791e+00 -7.177000000000000046e-02 3.342699999999999783e+00
-2.773699999999999832e+00 -7.177000000000000046e-02 3.856300000000000061e+00
-2.745099999999999874e+00 -7.177000000000000046e-02 4.084699999999999775e+00
-2.716499999999999915e+00 -7.177000000000000046e-02 4.232700000000000351e+00
-2.687899999999999956e+00 -7.177000000000000046e-02 4.134599999999999831e+00
-2.659299999999999997e+00 -7.177000000000000046e-02 3.790299999999999780e+00
-2.630700000000000038e+00 -7.177000000000000046e-02 3.230599999999999916e+00
-2.602100000000000080e+00 -7.177000000000000046e-02 2.535000000000000142e+00
-2.573500000000000121e+00 -7.177000000000000046e-02 1.818899999999999961e+00
-2.544900000000000162e+00 -7.177000000000000046e-02 1.177300000000000013e+00
-2.516300000000000203e+00 -7.177000000000000046e-02 8.211399999999999810e-01
-2.487699999999999800e+00 -7.177000000000000046e-02 4.092000000000000082e-01
-2.459200000000000053e+00 -7.177000000000000046e-02 1.496500000000000052e-01
-2.430600000000000094e+00 -7.177000000000000046e-02 2.553700000000000067e-02
-2.402000000000000135e+00 -7.177000000000000046e-02 2.516700000000000187e-03
-2.373400000000000176e+00 -7.177000000000000046e-02 3.516099999999999781e-02
-2.344800000000000217e+00 -7.177000000000000046e-02 8.386200000000000598e-02
-2.316199999999999815e+00 -7.177000000000000046e-02 1.114399999999999974e-01
-2.287599999999999856e+00 -7.177000000000000046e-02 1.332000000000000128e-01
-2.258999999999999897e+00 -7.177000000000000046e-02 1.272800000000000042e-01
-2.230399999999999938e+00 -7.177000000000000046e-02 9.927600000000000313e-02
-2.201799999999999979e+00 -7.177000000000000046e-02 6.225800000000000084e-02
-2.173200000000000021e+00 -7.177000000000000046e-02 2.933099999999999943e-02
-2.144600000000000062e+00 -7.177000000000000046e-02 7.892599999999999616e-03
-2.116000000000000103e+00 -7.177000000000000046e-02 1.246499999999999995e-03
-2.087400000000000144e+00 -7.177000000000000046e-02 1.701999999999999954e-03
-2.058800000000000185e+00 -7.177000000000000046e-02 1.011100000000000020e-02
-2.030199999999999783e+00 -7.177000000000000046e-02 1.945200000000000054e-02
-2.001599999999999824e+00 -7.177000000000000046e-02 2.548999999999999877e-02
-1.973000000000000087e+00 -7.177000000000000046e-02 2.730099999999999888e-02
-1.944399999999999906e+00 -7.177000000000000046e-02 2.327900000000000108e-02
-1.915799999999999947e+00 -7.177000000000000046e-02 1.815100000000000047e-02
-1.887299999999999978e+00 -7.177000000000000046e-02 1.414499999999999959e-02
-1.858700000000000019e+00 -7.177000000000000046e-02 1.154999999999999950e-02
-1.830100000000000060e+00 -7.177000000000000046e-02 8.062100000000000863e-03
-1.801500000000000101e+00 -7.177000000000000046e-02 1.049599999999999977e-01
-1.772899999999999920e+00 -7.177000000000000046e-02 8.065700000000000300e-03
-1.744299999999999962e+00 -7.177000000000000046e-02 5.410000000000000225e-02
-1.715700000000000003e+00 -7.177000000000000046e-02 1.166900000000000021e-01
-1.687100000000000044e+00 -7.177000000000000046e-02 7.326000000000000047e-03
-1.658500000000000085e+00 -7.177000000000000046e-02 3.908499999999999648e-03
-1.629899999999999904e+00 -7.177000000000000046e-02 3.857300000000000138e-03
-1.601299999999999946e+00 -7.177000000000000046e-02 8.234000000000000000e-03
-1.572699999999999987e+00 -7.177000000000000046e-02 4.950399999999999939e-02
-1.544100000000000028e+00 -7.177000000000000046e-02 6.620200000000000346e-04
-1.515500000000000069e+00 -7.177000000000000046e-02 1.302300000000000050e-04
-1.486900000000000110e+00 -7.177000000000000046e-02 5.498000000000000283e-04
-1.458299999999999930e+00 -7.177000000000000046e-02 7.601899999999999977e-04
-1.429699999999999971e+00 -7.177000000000000046e-02 8.499900000000000120e-04
-1.401100000000000012e+00 -7.177000000000000046e-02 8.379200000000000276e-04
-1.372500000000000053e+00 -7.177000000000000046e-02 7.503199999999999583e-04
-1.344000000000000083e+00 -7.177000000000000046e-02 6.208900000000000270e-04
-1.315399999999999903e+00 -7.177000000000000046e-02 5.274099999999999665e-04
-1.286799999999999944e+00 -7.177000000000000046e-02 3.971399999999999822e-04
-1.258199999999999985e+00 -7.177000000000000046e-02 2.980200000000000232e-04
-1.229600000000000026e+00 -7.177000000000000046e-02 2.455700000000000222e-04
-1.201000000000000068e+00 -7.177000000000000046e-02 2.525399999999999910e-04
-1.172400000000000109e+00 -7.177000000000000046e-02 3.499600000000000172e-04
-1.143799999999999928e+00 -7.177000000000000046e-02 6.271500000000000382e-04
-1.115199999999999969e+00 -7.177000000000000046e-02 7.201199999999999832e-04
-1.086600000000000010e+00 -7.177000000000000046e-02 4.654299999999999636e-06
-1.058000000000000052e+00 -7.177000000000000046e-02 9.446499999999999342e-02
-1.029400000000000093e+00 -7.177000000000000046e-02 2.368100000000000153e-03
-1.000799999999999912e+00 -7.177000000000000046e-02 9.258400000000000668e-05
-9.722199999999999731e-01 -7.177000000000000046e-02 3.635999999999999747e-05
-9.436299999999999688e-01 -7.177000000000000046e-02 7.420700000000000289e-05
-9.150300000000000100e-01 -7.177000000000000046e-02 1.161000000000000031e-04
-8.864400000000000057e-01 -7.177000000000000046e-02 1.774599999999999984e-04
-8.578400000000000469e-01 -7.177000000000000046e-02 2.187099999999999982e-04
-8.292500000000000426e-01 -7.177000000000000046e-02 2.283399999999999991e-04
-8.006499999999999728e-01 -7.177000000000000046e-02 2.052300000000000120e-04
-7.720599999999999685e-01 -7.177000000000000046e-02 1.569599999999999880e-04
-7.434600000000000097e-01 -7.177000000000000046e-02 9.753099999999999845e-05
-7.148700000000000054e-01 -7.177000000000000046e-02 4.371799999999999715e-05
-6.862700000000000466e-01 -7.177000000000000046e-02 1.815300000000000052e-05
-6.576800000000000423e-01 -7.177000000000000046e-02 2.056199999999999897e-06
-6.290799999999999725e-01 -7.177000000000000046e-02 1.415599999999999965e-05
-6.004899999999999682e-01 -7.177000000000000046e-02 4.829899999999999954e-05
-5.718999999999999639e-01 -7.177000000000000046e-02 9.180099999999999740e-05
-5.433000000000000052e-01 -7.177000000000000046e-02 1.297699999999999993e-04
-5.147100000000000009e-01 -7.177000000000000046e-02 1.494300000000000110e-04
-4.861099999999999866e-01 -7.177000000000000046e-02 1.488600000000000079e-04
-4.575199999999999823e-01 -7.177000000000000046e-02 1.276799999999999973e-04
-4.289200000000000235e-01 -7.177000000000000046e-02 8.878299999999999343e-05
-4.003300000000000192e-01 -7.177000000000000046e-02 4.516000000000000130e-05
-3.717300000000000049e-01 -7.177000000000000046e-02 1.162600000000000016e-05
-3.145399999999999863e-01 -7.177000000000000046e-02 1.662899999999999952e-05
-2.859499999999999820e-01 -7.177000000000000046e-02 4.198700000000000305e-05
-2.573500000000000232e-01 -7.177000000000000046e-02 9.476300000000000055e-05
-2.287599999999999911e-01 -7.177000000000000046e-02 1.528900000000000083e-04
-2.001600000000000046e-01 -7.177000000000000046e-02 2.013799999999999998e-04
-1.715700000000000003e-01 -7.177000000000000046e-02 2.288099999999999997e-04
-1.429700000000000137e-01 -7.177000000000000046e-02 2.305499999999999932e-04
-1.143799999999999956e-01 -7.177000000000000046e-02 2.102200000000000032e-04
-8.578399999999999914e-02 -7.177000000000000046e-02 1.896099999999999956e-04
-5.718999999999999778e-02 -7.177000000000000046e-02 1.581900000000000016e-04
-2.859499999999999889e-02 -7.177000000000000046e-02 1.376600000000000068e-04
0.000000000000000000e+00 -7.177000000000000046e-02 1.363799999999999919e-04
-4.489399999999999835e+00 -4.306200000000000305e-02 2.357800000000000173e-02
-4.460799999999999876e+00 -4.306200000000000305e-02 3.169899999999999801e-02
-4.432199999999999918e+00 -4.306200000000000305e-02 3.750499999999999667e-02
-4.403599999999999959e+00 -4.306200000000000305e-02 3.910899999999999793e-02
-4.375000000000000000e+00 -4.306200000000000305e-02 3.737900000000000250e-02
-4.346400000000000041e+00 -4.306200000000000305e-02 3.081599999999999964e-02
-4.317800000000000082e+00 -4.306200000000000305e-02 2.092499999999999916e-02
-4.289200000000000124e+00 -4.306200000000000305e-02 1.058199999999999939e-02
-4.260600000000000165e+00 -4.306200000000000305e-02 2.931599999999999918e-03
-4.232000000000000206e+00 -4.306200000000000305e-02 4.808699999999999954e-04
-4.203400000000000247e+00 -4.306200000000000305e-02 4.119699999999999578e-03
-4.174800000000000288e+00 -4.306200000000000305e-02 1.271199999999999934e-02
-4.146200000000000330e+00 -4.306200000000000305e-02 1.987900000000000084e-02
-4.117600000000000371e+00 -4.306200000000000305e-02 3.006400000000000045e-02
-4.089100000000000179e+00 -4.306200000000000305e-02 3.640299999999999786e-02
-4.060500000000000220e+00 -4.306200000000000305e-02 3.653200000000000197e-02
-4.031900000000000261e+00 -4.306200000000000305e-02 3.018900000000000056e-02
-4.003300000000000303e+00 -4.306200000000000305e-02 1.961900000000000102e-02
-3.974699999999999900e+00 -4.306200000000000305e-02 8.688299999999999496e-03
-3.946099999999999941e+00 -4.306200000000000305e-02 3.206099999999999922e-03
-3.917499999999999982e+00 -4.306200000000000305e-02 5.149200000000000099e-05
-3.888900000000000023e+00 -4.306200000000000305e-02 3.857600000000000091e-03
-3.860300000000000065e+00 -4.306200000000000305e-02 1.312999999999999931e-02
-3.831700000000000106e+00 -4.306200000000000305e-02 2.415600000000000039e-02
-3.803100000000000147e+00 -4.306200000000000305e-02 3.223000000000000170e-02
-3.774500000000000188e+00 -4.306200000000000305e-02 3.418700000000000211e-02
-3.745899999999999785e+00 -4.306200000000000305e-02 3.177800000000000069e-02
-3.717299999999999827e+00 -4.306200000000000305e-02 2.445900000000000157e-02
-3.688699999999999868e+00 -4.306200000000000305e-02 1.761000000000000065e-02
-3.660099999999999909e+00 -4.306200000000000305e-02 1.821199999999999902e-02
-3.631499999999999950e+00 -4.306200000000000305e-02 3.231900000000000051e-02
-3.602899999999999991e+00 -4.306200000000000305e-02 6.232100000000000140e-02
-3.574300000000000033e+00 -4.306200000000000305e-02 1.050299999999999984e-01
-3.545799999999999841e+00 -4.306200000000000305e-02 1.363900000000000112e-01
-3.517199999999999882e+00 -4.306200000000000305e-02 1.791300000000000114e-01
-3.488599999999999923e+00 -4.306200000000000305e-02 2.053500000000000048e-01
-3.459999999999999964e+00 -4.306200000000000305e-02 2.047200000000000131e-01
-3.431400000000000006e+00 -4.306200000000000305e-02 1.741900000000000115e-01
-3.402800000000000047e+00 -4.306200000000000305e-02 1.203000000000000042e-01
-3.374200000000000088e+00 -4.306200000000000305e-02 5.977799999999999780e-02
-3.345600000000000129e+00 -4.306200000000000305e-02 2.617600000000000135e-02
-3.317000000000000171e+00 -4.306200000000000305e-02 1.016399999999999986e-03
-3.288400000000000212e+00 -4.306200000000000305e-02 1.860200000000000048e-02
-3.259799999999999809e+00 -4.306200000000000305e-02 8.099699999999999955e-02
-3.231199999999999850e+00 -4.306200000000000305e-02 1.744999999999999885e-01
-3.202599999999999891e+00 -4.306200000000000305e-02 2.714199999999999946e-01
-3.173999999999999932e+00 -4.306200000000000305e-02 3.371399999999999952e-01
-3.145399999999999974e+00 -4.306200000000000305e-02 3.503299999999999748e-01
-3.116800000000000015e+00 -4.306200000000000305e-02 3.143699999999999828e-01
-3.088200000000000056e+00 -4.306200000000000305e-02 2.185199999999999920e-01
-3.059600000000000097e+00 -4.306200000000000305e-02 9.680099999999999816e-02
-3.031000000000000139e+00 -4.306200000000000305e-02 1.031299999999999925e-02
-3.002499999999999947e+00 -4.306200000000000305e-02 3.674800000000000288e-02
-2.973899999999999988e+00 -4.306200000000000305e-02 2.516100000000000003e-01
-2.945300000000000029e+00 -4.306200000000000305e-02 5.263600000000000501e-01
-2.916700000000000070e+00 -4.306200000000000305e-02 1.154500000000000082e+00
-2.888100000000000112e+00 -4.306200000000000305e-02 2.032099999999999795e+00
-2.859500000000000153e+00 -4.306200000000000305e-02 3.101599999999999913e+00
-2.830900000000000194e+00 -4.306200000000000305e-02 4.241699999999999804e+00
-2.802299999999999791e+00 -4.306200000000000305e-02 5.298600000000000421e+00
-2.773699999999999832e+00 -4.306200000000000305e-02 6.113199999999999967e+00
-2.745099999999999874e+00 -4.306200000000000305e-02 6.474199999999999733e+00
-2.716499999999999915e+00 -4.306200000000000305e-02 6.706299999999999706e+00
-2.687899999999999956e+00 -4.306200000000000305e-02 6.552299999999999791e+00
-2.659299999999999997e+00 -4.306200000000000305e-02 6.003800000000000026e+00
-2.630700000000000038e+00 -4.306200000000000305e-02 5.123400000000000176e+00
-2.602100000000000080e+00 -4.306200000000000305e-02 4.025500000000000078e+00
-2.573500000000000121e+00 -4.306200000000000305e-02 2.887799999999999923e+00
-2.544900000000000162e+00 -4.306200000000000305e-02 1.865699999999999914e+00
-2.516300000000000203e+00 -4.306200000000000305e-02 1.297600000000000087e+00
-2.487699999999999800e+00 -4.306200000000000305e-02 6.448800000000000088e-01
-2.459200000000000053e+00 -4.306200000000000305e-02 2.340800000000000103e-01
-2.430600000000000094e+00 -4.306200000000000305e-02 3.941599999999999965e-02
-2.402000000000000135e+00 -4.306200000000000305e-02 4.462899999999999680e-03
-2.373400000000000176e+00 -4.306200000000000305e-02 5.841999999999999971e-02
-2.344800000000000217e+00 -4.306200000000000305e-02 1.369299999999999962e-01
-2.316199999999999815e+00 -4.306200000000000305e-02 1.808400000000000007e-01
-2.287599999999999856e+00 -4.306200000000000305e-02 2.156500000000000083e-01
-2.258999999999999897e+00 -4.306200000000000305e-02 2.057400000000000062e-01
-2.230399999999999938e+00 -4.306200000000000305e-02 1.602200000000000013e-01
-2.201799999999999979e+00 -4.306200000000000305e-02 1.002799999999999941e-01
-2.173200000000000021e+00 -4.306200000000000305e-02 4.681699999999999751e-02
-2.144600000000000062e+00 -4.306200000000000305e-02 1.234099999999999954e-02
-2.116000000000000103e+00 -4.306200000000000305e-02 1.894499999999999917e-03
-2.087400000000000144e+00 -4.306200000000000305e-02 2.964599999999999961e-03
-2.058800000000000185e+00 -4.306200000000000305e-02 1.695199999999999832e-02
-2.030199999999999783e+00 -4.306200000000000305e-02 3.231799999999999951e-02
-2.001599999999999824e+00 -4.306200000000000305e-02 4.172700000000000020e-02
-1.973000000000000087e+00 -4.306200000000000305e-02 4.422899999999999748e-02
-1.944399999999999906e+00 -4.306200000000000305e-02 3.842600000000000182e-02
-1.915799999999999947e+00 -4.306200000000000305e-02 3.039700000000000041e-02
-1.887299999999999978e+00 -4.306200000000000305e-02 2.228899999999999978e-02
-1.858700000000000019e+00 -4.306200000000000305e-02 3.002799999999999914e-02
-1.830100000000000060e+00 -4.306200000000000305e-02 8.501599999999999782e-03
-1.801500000000000101e+00 -4.306200000000000305e-02 1.757900000000000018e-01
-1.772899999999999920e+00 -4.306200000000000305e-02 1.578699999999999895e-02
-1.744299999999999962e+00 -4.306200000000000305e-02 2.857499999999999971e-02
-1.715700000000000003e+00 -4.306200000000000305e-02 2.081699999999999939e-01
-1.687100000000000044e+00 -4.306200000000000305e-02 1.702199999999999894e-02
-1.658500000000000085e+00 -4.306200000000000305e-02 6.512800000000000013e-03
-1.629899999999999904e+00 -4.306200000000000305e-02 5.350500000000000221e-03
-1.601299999999999946e+00 -4.306200000000000305e-02 7.271099999999999959e-03
-1.572699999999999987e+00 -4.306200000000000305e-02 8.364399999999999613e-02
-1.544100000000000028e+00 -4.306200000000000305e-02 5.456900000000000422e-04
-1.515500000000000069e+00 -4.306200000000000305e-02 3.641399999999999932e-04
-1.486900000000000110e+00 -4.306200000000000305e-02 1.060900000000000037e-03
-1.458299999999999930e+00 -4.306200000000000305e-02 1.396600000000000012e-03
-1.429699999999999971e+00 -4.306200000000000305e-02 1.521400000000000009e-03
-1.401100000000000012e+00 -4.306200000000000305e-02 1.477299999999999967e-03
-1.372500000000000053e+00 -4.306200000000000305e-02 1.311300000000000052e-03
-1.344000000000000083e+00 -4.306200000000000305e-02 1.075299999999999954e-03
-1.315399999999999903e+00 -4.306200000000000305e-02 9.049799999999999988e-04
-1.286799999999999944e+00 -4.306200000000000305e-02 6.669999999999999497e-04
-1.258199999999999985e+00 -4.306200000000000305e-02 4.800299999999999966e-04
-1.229600000000000026e+00 -4.306200000000000305e-02 3.682000000000000051e-04
-1.201000000000000068e+00 -4.306200000000000305e-02 3.541899999999999953e-04
-1.172400000000000109e+00 -4.306200000000000305e-02 4.925199999999999804e-04
-1.143799999999999928e+00 -4.306200000000000305e-02 8.577599999999999461e-04
-1.115199999999999969e+00 -4.306200000000000305e-02 1.859600000000000098e-03
-1.086600000000000010e+00 -4.306200000000000305e-02 5.829999999999999766e-02
-1.058000000000000052e+00 -4.306200000000000305e-02 9.184900000000000009e-02
-1.029400000000000093e+00 -4.306200000000000305e-02 4.945200000000000290e-04
-1.000799999999999912e+00 -4.306200000000000305e-02 1.616900000000000054e-04
-9.722199999999999731e-01 -4.306200000000000305e-02 5.679699999999999847e-05
-9.436299999999999688e-01 -4.306200000000000305e-02 1.059700000000000035e-04
-9.150300000000000100e-01 -4.306200000000000305e-02 1.666299999999999954e-04
-8.864400000000000057e-01 -4.306200000000000305e-02 2.593599999999999834e-04
-8.578400000000000469e-01 -4.306200000000000305e-02 3.248400000000000137e-04
-8.292500000000000426e-01 -4.306200000000000305e-02 3.444899999999999764e-04
-8.006499999999999728e-01 -4.306200000000000305e-02 3.134999999999999766e-04
-7.720599999999999685e-01 -4.306200000000000305e-02 2.427300000000000020e-04
-7.434600000000000097e-01 -4.306200000000000305e-02 1.533499999999999870e-04
-7.148700000000000054e-01 -4.306200000000000305e-02 7.040299999999999662e-05
-6.862700000000000466e-01 -4.306200000000000305e-02 3.021000000000000044e-05
-6.576800000000000423e-01 -4.306200000000000305e-02 3.468899999999999940e-06
-6.290799999999999725e-01 -4.306200000000000305e-02 1.986299999999999939e-05
-6.004899999999999682e-01 -4.306200000000000305e-02 7.084799999999999659e-05
-5.718999999999999639e-01 -4.306200000000000305e-02 1.375699999999999991e-04
-5.433000000000000052e-01 -4.306200000000000305e-02 1.970800000000000037e-04
-5.147100000000000009e-01 -4.306200000000000305e-02 2.295099999999999896e-04
-4.861099999999999866e-01 -4.306200000000000305e-02 2.302399999999999911e-04
-4.575199999999999823e-01 -4.306200000000000305e-02 1.993800000000000054e-04
-4.289200000000000235e-01 -4.306200000000000305e-02 1.406799999999999880e-04
-4.003300000000000192e-01 -4.306200000000000305e-02 7.327699999999999654e-05
-3.717300000000000049e-01 -4.306200000000000305e-02 2.007899999999999868e-05
-3.145399999999999863e-01 -4.306200000000000305e-02 2.305399999999999984e-05
-2.859499999999999820e-01 -4.306200000000000305e-02 6.096899999999999851e-05
-2.573500000000000232e-01 -4.306200000000000305e-02 1.417300000000000135e-04
-2.287599999999999911e-01 -4.306200000000000305e-02 2.324500000000000123e-04
-2.001600000000000046e-01 -4.306200000000000305e-02 3.103700000000000252e-04
-1.715700000000000003e-01 -4.306200000000000305e-02 3.563700000000000049e-04
-1.429700000000000137e-01 -4.306200000000000305e-02 3.630700000000000051e-04
-1.143799999999999956e-01 -4.306200000000000305e-02 3.353399999999999979e-04
-8.578399999999999914e-02 -4.306200000000000305e-02 3.050899999999999944e-04
-5.718999999999999778e-02 -4.306200000000000305e-02 2.571599999999999841e-04
-2.859499999999999889e-02 -4.306200000000000305e-02 2.246700000000000021e-04
0.000000000000000000e+00 -4.306200000000000305e-02 2.206900000000000029e-04
-4.489399999999999835e+00 -1.435400000000000044e-02 2.861100000000000101e-02
-4.460799999999999876e+00 -1.435400000000000044e-02 3.839000000000000051e-02
-4.432199999999999918e+00 -1.435400000000000044e-02 4.544700000000000129e-02
-4.403599999999999959e+00 -1.435400000000000044e-02 4.737500000000000044e-02
-4.375000000000000000e+00 -1.435400000000000044e-02 4.524299999999999849e-02
-4.346400000000000041e+00 -1.435400000000000044e-02 3.727799999999999864e-02
-4.317800000000000082e+00 -1.435400000000000044e-02 2.541900000000000062e-02
-4.289200000000000124e+00 -1.435400000000000044e-02 1.290999999999999960e-02
-4.260600000000000165e+00 -1.435400000000000044e-02 3.620899999999999813e-03
-4.232000000000000206e+00 -1.435400000000000044e-02 5.853399999999999489e-04
-4.203400000000000247e+00 -1.435400000000000044e-02 4.894700000000000092e-03
-4.174800000000000288e+00 -1.435400000000000044e-02 1.523500000000000028e-02
-4.146200000000000330e+00 -1.435400000000000044e-02 2.386699999999999933e-02
-4.117600000000000371e+00 -1.435400000000000044e-02 3.622000000000000219e-02
-4.089100000000000179e+00 -1.435400000000000044e-02 4.399399999999999838e-02
-4.060500000000000220e+00 -1.435400000000000044e-02 4.419399999999999717e-02
-4.031900000000000261e+00 -1.435400000000000044e-02 3.665899999999999714e-02
-4.003300000000000303e+00 -1.435400000000000044e-02 2.394599999999999854e-02
-3.974699999999999900e+00 -1.435400000000000044e-02 1.069200000000000012e-02
-3.946099999999999941e+00 -1.435400000000000044e-02 4.035999999999999657e-03
-3.917499999999999982e+00 -1.435400000000000044e-02 6.806799999999999949e-05
-3.888900000000000023e+00 -1.435400000000000044e-02 4.539900000000000359e-03
-3.860300000000000065e+00 -1.435400000000000044e-02 1.569800000000000015e-02
-3.831700000000000106e+00 -1.435400000000000044e-02 2.899799999999999947e-02
-3.803100000000000147e+00 -1.435400000000000044e-02 3.899199999999999888e-02
-3.774500000000000188e+00 -1.435400000000000044e-02 4.149599999999999816e-02
-3.745899999999999785e+00 -1.435400000000000044e-02 3.865099999999999786e-02
-3.717299999999999827e+00 -1.435400000000000044e-02 2.992399999999999921e-02
-3.688699999999999868e+00 -1.435400000000000044e-02 2.164699999999999958e-02
-3.660099999999999909e+00 -1.435400000000000044e-02 2.226699999999999860e-02
-3.631499999999999950e+00 -1.435400000000000044e-02 3.917899999999999855e-02
-3.602899999999999991e+00 -1.435400000000000044e-02 7.522399999999999920e-02
-3.574300000000000033e+00 -1.435400000000000044e-02 1.266100000000000003e-01
-3.545799999999999841e+00 -1.435400000000000044e-02 1.644500000000000128e-01
-3.517199999999999882e+00 -1.435400000000000044e-02 2.160499999999999921e-01
-3.488599999999999923e+00 -1.435400000000000044e-02 2.480100000000000082e-01
-3.459999999999999964e+00 -1.435400000000000044e-02 2.477199999999999958e-01
-3.431400000000000006e+00 -1.435400000000000044e-02 2.109099999999999864e-01
-3.402800000000000047e+00 -1.435400000000000044e-02 1.460500000000000131e-01
-3.374200000000000088e+00 -1.435400000000000044e-02 7.283299999999999497e-02
-3.345600000000000129e+00 -1.435400000000000044e-02 3.215799999999999909e-02
-3.317000000000000171e+00 -1.435400000000000044e-02 1.497899999999999926e-03
-3.288400000000000212e+00 -1.435400000000000044e-02 2.214299999999999949e-02
-3.259799999999999809e+00 -1.435400000000000044e-02 9.729200000000000348e-02
-3.231199999999999850e+00 -1.435400000000000044e-02 2.105299999999999949e-01
-3.202599999999999891e+00 -1.435400000000000044e-02 3.280699999999999728e-01
-3.173999999999999932e+00 -1.435400000000000044e-02 4.097700000000000231e-01
-3.145399999999999974e+00 -1.435400000000000044e-02 4.254700000000000149e-01
-3.116800000000000015e+00 -1.435400000000000044e-02 3.817200000000000037e-01
-3.088200000000000056e+00 -1.435400000000000044e-02 2.658699999999999952e-01
-3.059600000000000097e+00 -1.435400000000000044e-02 1.180299999999999960e-01
-3.031000000000000139e+00 -1.435400000000000044e-02 1.273600000000000079e-02
-3.002499999999999947e+00 -1.435400000000000044e-02 4.427099999999999785e-02
-2.973899999999999988e+00 -1.435400000000000044e-02 3.032000000000000250e-01
-2.945300000000000029e+00 -1.435400000000000044e-02 6.363600000000000367e-01
-2.916700000000000070e+00 -1.435400000000000044e-02 1.398800000000000043e+00
-2.888100000000000112e+00 -1.435400000000000044e-02 2.462299999999999933e+00
-2.859500000000000153e+00 -1.435400000000000044e-02 3.758700000000000152e+00
-2.830900000000000194e+00 -1.435400000000000044e-02 5.147999999999999687e+00
-2.802299999999999791e+00 -1.435400000000000044e-02 6.432999999999999829e+00
-2.773699999999999832e+00 -1.435400000000000044e-02 7.436600000000000321e+00
-2.745099999999999874e+00 -1.435400000000000044e-02 7.876999999999999780e+00
-2.716499999999999915e+00 -1.435400000000000044e-02 8.147999999999999687e+00
-2.687899999999999956e+00 -1.435400000000000044e-02 7.948199999999999932e+00
-2.659299999999999997e+00 -1.435400000000000044e-02 7.293800000000000061e+00
-2.630700000000000038e+00 -1.435400000000000044e-02 6.229499999999999815e+00
-2.602100000000000080e+00 -1.435400000000000044e-02 4.898100000000000342e+00
-2.573500000000000121e+00 -1.435400000000000044e-02 3.513399999999999856e+00
-2.544900000000000162e+00 -1.435400000000000044e-02 2.266500000000000181e+00
-2.516300000000000203e+00 -1.435400000000000044e-02 1.573800000000000088e+00
-2.487699999999999800e+00 -1.435400000000000044e-02 7.796499999999999542e-01
-2.459200000000000053e+00 -1.435400000000000044e-02 2.813499999999999890e-01
-2.430600000000000094e+00 -1.435400000000000044e-02 4.572699999999999682e-02
-2.402000000000000135e+00 -1.435400000000000044e-02 6.013899999999999975e-03
-2.373400000000000176e+00 -1.435400000000000044e-02 7.340599999999999903e-02
-2.344800000000000217e+00 -1.435400000000000044e-02 1.702100000000000002e-01
-2.316199999999999815e+00 -1.435400000000000044e-02 2.238499999999999934e-01
-2.287599999999999856e+00 -1.435400000000000044e-02 2.654000000000000248e-01
-2.258999999999999897e+00 -1.435400000000000044e-02 2.530700000000000172e-01
-2.230399999999999938e+00 -1.435400000000000044e-02 1.971400000000000097e-01
-2.201799999999999979e+00 -1.435400000000000044e-02 1.227700000000000041e-01
-2.173200000000000021e+00 -1.435400000000000044e-02 5.684000000000000163e-02
-2.144600000000000062e+00 -1.435400000000000044e-02 1.464200000000000050e-02
-2.116000000000000103e+00 -1.435400000000000044e-02 2.028400000000000081e-03
-2.087400000000000144e+00 -1.435400000000000044e-02 3.941499999999999691e-03
-2.058800000000000185e+00 -1.435400000000000044e-02 2.162199999999999886e-02
-2.030199999999999783e+00 -1.435400000000000044e-02 4.102200000000000291e-02
-2.001599999999999824e+00 -1.435400000000000044e-02 5.227300000000000002e-02
-1.973000000000000087e+00 -1.435400000000000044e-02 5.461900000000000088e-02
-1.944399999999999906e+00 -1.435400000000000044e-02 4.810099999999999792e-02
-1.915799999999999947e+00 -1.435400000000000044e-02 3.892999999999999933e-02
-1.887299999999999978e+00 -1.435400000000000044e-02 2.730499999999999941e-02
-1.858700000000000019e+00 -1.435400000000000044e-02 5.228499999999999814e-02
-1.830100000000000060e+00 -1.435400000000000044e-02 1.050700000000000071e-02
-1.801500000000000101e+00 -1.435400000000000044e-02 1.696699999999999875e-01
-1.772899999999999920e+00 -1.435400000000000044e-02 3.079300000000000093e-02
-1.744299999999999962e+00 -1.435400000000000044e-02 2.432600000000000040e-02
-1.715700000000000003e+00 -1.435400000000000044e-02 1.840199999999999891e-01
-1.687100000000000044e+00 -1.435400000000000044e-02 4.184199999999999725e-02
-1.658500000000000085e+00 -1.435400000000000044e-02 8.208899999999999877e-03
-1.629899999999999904e+00 -1.435400000000000044e-02 5.874700000000000061e-03
-1.601299999999999946e+00 -1.435400000000000044e-02 6.416800000000000281e-03
-1.572699999999999987e+00 -1.435400000000000044e-02 4.715099999999999847e-02
-1.544100000000000028e+00 -1.435400000000000044e-02 1.825499999999999920e-04
-1.515500000000000069e+00 -1.435400000000000044e-02 6.457000000000000283e-04
-1.486900000000000110e+00 -1.435400000000000044e-02 1.570299999999999951e-03
-1.458299999999999930e+00 -1.435400000000000044e-02 1.945399999999999907e-03
-1.429699999999999971e+00 -1.435400000000000044e-02 2.060199999999999879e-03
-1.401100000000000012e+00 -1.435400000000000044e-02 1.971200000000000209e-03
-1.372500000000000053e+00 -1.435400000000000044e-02 1.732800000000000052e-03
-1.344000000000000083e+00 -1.435400000000000044e-02 1.411799999999999947e-03
-1.315399999999999903e+00 -1.435400000000000044e-02 1.184200000000000053e-03
-1.286799999999999944e+00 -1.435400000000000044e-02 8.631300000000000387e-04
-1.258199999999999985e+00 -1.435400000000000044e-02 6.059000000000000366e-04
-1.229600000000000026e+00 -1.435400000000000044e-02 4.418900000000000128e-04
-1.201000000000000068e+00 -1.435400000000000044e-02 3.992700000000000177e-04
-1.172400000000000109e+00 -1.435400000000000044e-02 5.494999999999999668e-04
-1.143799999999999928e+00 -1.435400000000000044e-02 8.730600000000000470e-04
-1.115199999999999969e+00 -1.435400000000000044e-02 1.451599999999999939e-03
-1.086600000000000010e+00 -1.435400000000000044e-02 6.422100000000000031e-02
-1.058000000000000052e+00 -1.435400000000000044e-02 9.715800000000000131e-03
-1.029400000000000093e+00 -1.435400000000000044e-02 6.704799999999999909e-05
-1.000799999999999912e+00 -1.435400000000000044e-02 1.894900000000000035e-04
-9.722199999999999731e-01 -1.435400000000000044e-02 6.849399999999999846e-05
-9.436299999999999688e-01 -1.435400000000000044e-02 1.191699999999999991e-04
-9.150300000000000100e-01 -1.435400000000000044e-02 1.875799999999999896e-04
-8.864400000000000057e-01 -1.435400000000000044e-02 2.960600000000000081e-04
-8.578400000000000469e-01 -1.435400000000000044e-02 3.756599999999999913e-04
-8.292500000000000426e-01 -1.435400000000000044e-02 4.020000000000000136e-04
-8.006499999999999728e-01 -1.435400000000000044e-02 3.698199999999999795e-04
-7.720599999999999685e-01 -1.435400000000000044e-02 2.893600000000000078e-04
-7.434600000000000097e-01 -1.435400000000000044e-02 1.848800000000000053e-04
-7.148700000000000054e-01 -1.435400000000000044e-02 8.658000000000000114e-05
-6.862700000000000466e-01 -1.435400000000000044e-02 3.793500000000000187e-05
-6.576800000000000423e-01 -1.435400000000000044e-02 4.185300000000000400e-06
-6.290799999999999725e-01 -1.435400000000000044e-02 2.171999999999999872e-05
-6.004899999999999682e-01 -1.435400000000000044e-02 8.084099999999999392e-05
-5.718999999999999639e-01 -1.435400000000000044e-02 1.600499999999999872e-04
-5.433000000000000052e-01 -1.435400000000000044e-02 2.316399999999999980e-04
-5.147100000000000009e-01 -1.435400000000000044e-02 2.720800000000000106e-04
-4.861099999999999866e-01 -1.435400000000000044e-02 2.745900000000000120e-04
-4.575199999999999823e-01 -1.435400000000000044e-02 2.406700000000000115e-04
-4.289200000000000235e-01 -1.435400000000000044e-02 1.717400000000000057e-04
-4.003300000000000192e-01 -1.435400000000000044e-02 9.143099999999999925e-05
-3.717300000000000049e-01 -1.435400000000000044e-02 2.648600000000000018e-05
-3.145399999999999863e-01 -1.435400000000000044e-02 2.484500000000000014e-05
-2.859499999999999820e-01 -1.435400000000000044e-02 6.852100000000000345e-05
-2.573500000000000232e-01 -1.435400000000000044e-02 1.639599999999999955e-04
-2.287599999999999911e-01 -1.435400000000000044e-02 2.733100000000000243e-04
-2.001600000000000046e-01 -1.435400000000000044e-02 3.690200000000000142e-04
-1.715700000000000003e-01 -1.435400000000000044e-02 4.291400000000000011e-04
-1.429700000000000137e-01 -1.435400000000000044e-02 4.422200000000000046e-04
-1.143799999999999956e-01 -1.435400000000000044e-02 4.130100000000000047e-04
-8.578399999999999914e-02 -1.435400000000000044e-02 3.786199999999999765e-04
-5.718999999999999778e-02 -1.435400000000000044e-02 3.225999999999999810e-04
-2.859499999999999889e-02 -1.435400000000000044e-02 2.822999999999999772e-04
0.000000000000000000e+00 -1.435400000000000044e-02 2.745299999999999889e-04
-4.489399999999999835e+00 1.435400000000000044e-02 2.858300000000000077e-02
-4.460799999999999876e+00 1.435400000000000044e-02 3.834400000000000308e-02
-4.432199999999999918e+00 1.435400000000000044e-02 4.537100000000000161e-02
-4.403599999999999959e+00 1.435400000000000044e-02 4.728700000000000264e-02
-4.375000000000000000e+00 1.435400000000000044e-02 4.310499999999999748e-02
-4.346400000000000041e+00 1.435400000000000044e-02 3.723599999999999827e-02
-4.317800000000000082e+00 1.435400000000000044e-02 2.539399999999999991e-02
-4.289200000000000124e+00 1.435400000000000044e-02 1.293000000000000052e-02
-4.260600000000000165e+00 1.435400000000000044e-02 3.652299999999999817e-03
-4.232000000000000206e+00 1.435400000000000044e-02 5.666199999999999926e-04
-4.203400000000000247e+00 1.435400000000000044e-02 4.845999999999999613e-03
-4.174800000000000288e+00 1.435400000000000044e-02 1.512600000000000056e-02
-4.146200000000000330e+00 1.435400000000000044e-02 2.371399999999999897e-02
-4.117600000000000371e+00 1.435400000000000044e-02 3.606000000000000177e-02
-4.089100000000000179e+00 1.435400000000000044e-02 4.385200000000000209e-02
-4.060500000000000220e+00 1.435400000000000044e-02 4.417000000000000093e-02
-4.031900000000000261e+00 1.435400000000000044e-02 3.673599999999999782e-02
-4.003300000000000303e+00 1.435400000000000044e-02 2.410400000000000043e-02
-3.974699999999999900e+00 1.435400000000000044e-02 1.083499999999999915e-02
-3.946099999999999941e+00 1.435400000000000044e-02 4.133600000000000295e-03
-3.917499999999999982e+00 1.435400000000000044e-02 7.152899999999999905e-05
-3.888900000000000023e+00 1.435400000000000044e-02 4.406300000000000147e-03
-3.860300000000000065e+00 1.435400000000000044e-02 1.550099999999999915e-02
-3.831700000000000106e+00 1.435400000000000044e-02 2.880399999999999974e-02
-3.803100000000000147e+00 1.435400000000000044e-02 3.883600000000000246e-02
-3.774500000000000188e+00 1.435400000000000044e-02 4.148700000000000304e-02
-3.745899999999999785e+00 1.435400000000000044e-02 3.873800000000000160e-02
-3.717299999999999827e+00 1.435400000000000044e-02 3.013300000000000006e-02
-3.688699999999999868e+00 1.435400000000000044e-02 2.189299999999999927e-02
-3.660099999999999909e+00 1.435400000000000044e-02 2.241699999999999943e-02
-3.631499999999999950e+00 1.435400000000000044e-02 3.908400000000000069e-02
-3.602899999999999991e+00 1.435400000000000044e-02 7.490299999999999736e-02
-3.574300000000000033e+00 1.435400000000000044e-02 1.259899999999999909e-01
-3.545799999999999841e+00 1.435400000000000044e-02 1.636299999999999977e-01
-3.517199999999999882e+00 1.435400000000000044e-02 2.150900000000000034e-01
-3.488599999999999923e+00 1.435400000000000044e-02 2.471399999999999986e-01
-3.459999999999999964e+00 1.435400000000000044e-02 2.468700000000000061e-01
-3.431400000000000006e+00 1.435400000000000044e-02 2.106099999999999917e-01
-3.402800000000000047e+00 1.435400000000000044e-02 1.462799999999999934e-01
-3.374200000000000088e+00 1.435400000000000044e-02 7.308499999999999719e-02
-3.345600000000000129e+00 1.435400000000000044e-02 3.238599999999999812e-02
-3.317000000000000171e+00 1.435400000000000044e-02 1.518400000000000045e-03
-3.288400000000000212e+00 1.435400000000000044e-02 2.169799999999999854e-02
-3.259799999999999809e+00 1.435400000000000044e-02 9.643699999999999495e-02
-3.231199999999999850e+00 1.435400000000000044e-02 2.094699999999999895e-01
-3.202599999999999891e+00 1.435400000000000044e-02 3.271499999999999964e-01
-3.173999999999999932e+00 1.435400000000000044e-02 4.084699999999999998e-01
-3.145399999999999974e+00 1.435400000000000044e-02 4.248700000000000254e-01
-3.116800000000000015e+00 1.435400000000000044e-02 3.815200000000000258e-01
-3.088200000000000056e+00 1.435400000000000044e-02 2.660500000000000087e-01
-3.059600000000000097e+00 1.435400000000000044e-02 1.184899999999999981e-01
-3.031000000000000139e+00 1.435400000000000044e-02 1.285599999999999937e-02
-3.002499999999999947e+00 1.435400000000000044e-02 4.336500000000000077e-02
-2.973899999999999988e+00 1.435400000000000044e-02 3.019700000000000162e-01
-2.945300000000000029e+00 1.435400000000000044e-02 6.340200000000000280e-01
-2.916700000000000070e+00 1.435400000000000044e-02 1.395299999999999985e+00
-2.888100000000000112e+00 1.435400000000000044e-02 2.458200000000000163e+00
-2.859500000000000153e+00 1.435400000000000044e-02 3.752899999999999903e+00
-2.830900000000000194e+00 1.435400000000000044e-02 5.139999999999999680e+00
-2.802299999999999791e+00 1.435400000000000044e-02 6.430699999999999861e+00
-2.773699999999999832e+00 1.435400000000000044e-02 7.437899999999999956e+00
-2.745099999999999874e+00 1.435400000000000044e-02 7.876900000000000013e+00
-2.716499999999999915e+00 1.435400000000000044e-02 8.145799999999999486e+00
-2.687899999999999956e+00 1.435400000000000044e-02 7.943100000000000271e+00
-2.659299999999999997e+00 1.435400000000000044e-02 7.288899999999999935e+00
-2.630700000000000038e+00 1.435400000000000044e-02 6.225600000000000023e+00
-2.602100000000000080e+00 1.435400000000000044e-02 4.901099999999999568e+00
-2.573500000000000121e+00 1.435400000000000044e-02 3.516300000000000203e+00
-2.544900000000000162e+00 1.435400000000000044e-02 2.266799999999999926e+00
-2.516300000000000203e+00 1.435400000000000044e-02 1.571099999999999941e+00
-2.487699999999999800e+00 1.435400000000000044e-02 7.764100000000000446e-01
-2.459200000000000053e+00 1.435400000000000044e-02 2.791100000000000247e-01
-2.430600000000000094e+00 1.435400000000000044e-02 4.477300000000000030e-02
-2.402000000000000135e+00 1.435400000000000044e-02 6.280400000000000219e-03
-2.373400000000000176e+00 1.435400000000000044e-02 7.489800000000000624e-02
-2.344800000000000217e+00 1.435400000000000044e-02 1.723200000000000010e-01
-2.316199999999999815e+00 1.435400000000000044e-02 2.260199999999999987e-01
-2.287599999999999856e+00 1.435400000000000044e-02 2.672700000000000076e-01
-2.258999999999999897e+00 1.435400000000000044e-02 2.546499999999999875e-01
-2.230399999999999938e+00 1.435400000000000044e-02 1.980699999999999961e-01
-2.201799999999999979e+00 1.435400000000000044e-02 1.231199999999999933e-01
-2.173200000000000021e+00 1.435400000000000044e-02 5.661200000000000260e-02
-2.144600000000000062e+00 1.435400000000000044e-02 1.427900000000000003e-02
-2.116000000000000103e+00 1.435400000000000044e-02 1.956400000000000066e-03
-2.087400000000000144e+00 1.435400000000000044e-02 4.190499999999999781e-03
-2.058800000000000185e+00 1.435400000000000044e-02 2.235499999999999987e-02
-2.030199999999999783e+00 1.435400000000000044e-02 4.230600000000000332e-02
-2.001599999999999824e+00 1.435400000000000044e-02 5.342600000000000127e-02
-1.973000000000000087e+00 1.435400000000000044e-02 5.531699999999999812e-02
-1.944399999999999906e+00 1.435400000000000044e-02 4.900399999999999895e-02
-1.915799999999999947e+00 1.435400000000000044e-02 4.027499999999999830e-02
-1.887299999999999978e+00 1.435400000000000044e-02 2.814799999999999941e-02
-1.858700000000000019e+00 1.435400000000000044e-02 5.786999999999999783e-02
-1.830100000000000060e+00 1.435400000000000044e-02 1.121400000000000001e-02
-1.801500000000000101e+00 1.435400000000000044e-02 1.148799999999999960e-01
-1.772899999999999920e+00 1.435400000000000044e-02 5.099800000000000166e-02
-1.744299999999999962e+00 1.435400000000000044e-02 2.124900000000000053e-02
-1.715700000000000003e+00 1.435400000000000044e-02 1.214800000000000046e-01
-1.687100000000000044e+00 1.435400000000000044e-02 9.400400000000000422e-02
-1.658500000000000085e+00 1.435400000000000044e-02 8.623300000000000409e-03
-1.629899999999999904e+00 1.435400000000000044e-02 5.628099999999999596e-03
-1.601299999999999946e+00 1.435400000000000044e-02 5.244200000000000077e-03
-1.572699999999999987e+00 1.435400000000000044e-02 1.954799999999999940e-02
-1.544100000000000028e+00 1.435400000000000044e-02 1.020099999999999913e-03
-1.515500000000000069e+00 1.435400000000000044e-02 9.803100000000000789e-04
-1.486900000000000110e+00 1.435400000000000044e-02 1.803399999999999925e-03
-1.458299999999999930e+00 1.435400000000000044e-02 2.137099999999999850e-03
-1.429699999999999971e+00 1.435400000000000044e-02 2.214900000000000115e-03
-1.401100000000000012e+00 1.435400000000000044e-02 2.096000000000000207e-03
-1.372500000000000053e+00 1.435400000000000044e-02 1.830100000000000086e-03
-1.344000000000000083e+00 1.435400000000000044e-02 1.486300000000000078e-03
-1.315399999999999903e+00 1.435400000000000044e-02 1.243900000000000040e-03
-1.286799999999999944e+00 1.435400000000000044e-02 9.031100000000000455e-04
-1.258199999999999985e+00 1.435400000000000044e-02 6.268299999999999870e-04
-1.229600000000000026e+00 1.435400000000000044e-02 4.446499999999999932e-04
-1.201000000000000068e+00 1.435400000000000044e-02 3.848799999999999878e-04
-1.172400000000000109e+00 1.435400000000000044e-02 5.210199999999999684e-04
-1.143799999999999928e+00 1.435400000000000044e-02 6.259100000000000297e-04
-1.115199999999999969e+00 1.435400000000000044e-02 1.183599999999999930e-03
-1.086600000000000010e+00 1.435400000000000044e-02 2.783499999999999863e-01
-1.058000000000000052e+00 1.435400000000000044e-02 8.718300000000000008e-03
-1.029400000000000093e+00 1.435400000000000044e-02 4.342200000000000270e-04
-1.000799999999999912e+00 1.435400000000000044e-02 1.896900000000000083e-04
-9.722199999999999731e-01 1.435400000000000044e-02 6.881999999999999500e-05
-9.436299999999999688e-01 1.435400000000000044e-02 1.145099999999999997e-04
-9.150300000000000100e-01 1.435400000000000044e-02 1.797699999999999949e-04
-8.864400000000000057e-01 1.435400000000000044e-02 2.854199999999999880e-04
-8.578400000000000469e-01 1.435400000000000044e-02 3.642900000000000240e-04
-8.292500000000000426e-01 1.435400000000000044e-02 3.922899999999999998e-04
-8.006499999999999728e-01 1.435400000000000044e-02 3.628400000000000158e-04
-7.720599999999999685e-01 1.435400000000000044e-02 2.854900000000000059e-04
-7.434600000000000097e-01 1.435400000000000044e-02 1.835700000000000060e-04
-7.148700000000000054e-01 1.435400000000000044e-02 8.682999999999999367e-05
-6.862700000000000466e-01 1.435400000000000044e-02 3.849700000000000089e-05
-6.576800000000000423e-01 1.435400000000000044e-02 4.238200000000000351e-06
-6.290799999999999725e-01 1.435400000000000044e-02 2.036199999999999919e-05
-6.004899999999999682e-01 1.435400000000000044e-02 7.783000000000000530e-05
-5.718999999999999639e-01 1.435400000000000044e-02 1.557300000000000015e-04
-5.433000000000000052e-01 1.435400000000000044e-02 2.270899999999999959e-04
-5.147100000000000009e-01 1.435400000000000044e-02 2.683399999999999956e-04
-4.861099999999999866e-01 1.435400000000000044e-02 2.719199999999999851e-04
-4.575199999999999823e-01 1.435400000000000044e-02 2.396699999999999872e-04
-4.289200000000000235e-01 1.435400000000000044e-02 1.726099999999999889e-04
-4.003300000000000192e-01 1.435400000000000044e-02 9.321099999999999915e-05
-3.717300000000000049e-01 1.435400000000000044e-02 2.798200000000000077e-05
-3.145399999999999863e-01 1.435400000000000044e-02 2.275199999999999833e-05
-2.859499999999999820e-01 1.435400000000000044e-02 6.488499999999999964e-05
-2.573500000000000232e-01 1.435400000000000044e-02 1.586299999999999906e-04
-2.287599999999999911e-01 1.435400000000000044e-02 2.674900000000000021e-04
-2.001600000000000046e-01 1.435400000000000044e-02 3.644300000000000057e-04
-1.715700000000000003e-01 1.435400000000000044e-02 4.272500000000000039e-04
-1.429700000000000137e-01 1.435400000000000044e-02 4.436800000000000075e-04
-1.143799999999999956e-01 1.435400000000000044e-02 4.178200000000000078e-04
-8.578399999999999914e-02 1.435400000000000044e-02 3.851799999999999950e-04
-5.718999999999999778e-02 1.435400000000000044e-02 3.304599999999999769e-04
-2.859499999999999889e-02 1.435400000000000044e-02 2.894899999999999947e-04
0.000000000000000000e+00 1.435400000000000044e-02 2.795499999999999916e-04
-4.489399999999999835e+00 4.306200000000000305e-02 2.350899999999999865e-02
-4.460799999999999876e+00 4.306200000000000305e-02 3.148900000000000310e-02
-4.432199999999999918e+00 4.306200000000000305e-02 3.721000000000000002e-02
-4.403599999999999959e+00 4.306200000000000305e-02 3.880700000000000122e-02
-4.375000000000000000e+00 4.306200000000000305e-02 3.541300000000000003e-02
-4.346400000000000041e+00 4.306200000000000305e-02 3.059100000000000014e-02
-4.317800000000000082e+00 4.306200000000000305e-02 2.088900000000000132e-02
-4.289200000000000124e+00 4.306200000000000305e-02 1.067199999999999920e-02
-4.260600000000000165e+00 4.306200000000000305e-02 3.029700000000000188e-03
-4.232000000000000206e+00 4.306200000000000305e-02 4.825300000000000032e-04
-4.203400000000000247e+00 4.306200000000000305e-02 3.910900000000000140e-03
-4.174800000000000288e+00 4.306200000000000305e-02 1.232100000000000035e-02
-4.146200000000000330e+00 4.306200000000000305e-02 1.938499999999999945e-02
-4.117600000000000371e+00 4.306200000000000305e-02 2.952600000000000016e-02
-4.089100000000000179e+00 4.306200000000000305e-02 3.605499999999999677e-02
-4.060500000000000220e+00 4.306200000000000305e-02 3.647500000000000048e-02
-4.031900000000000261e+00 4.306200000000000305e-02 3.044699999999999837e-02
-4.003300000000000303e+00 4.306200000000000305e-02 2.009000000000000022e-02
-3.974699999999999900e+00 4.306200000000000305e-02 9.153599999999999584e-03
-3.946099999999999941e+00 4.306200000000000305e-02 3.572099999999999928e-03
-3.917499999999999982e+00 4.306200000000000305e-02 7.782699999999999872e-05
-3.888900000000000023e+00 4.306200000000000305e-02 3.457399999999999796e-03
-3.860300000000000065e+00 4.306200000000000305e-02 1.242500000000000028e-02
-3.831700000000000106e+00 4.306200000000000305e-02 2.335800000000000029e-02
-3.803100000000000147e+00 4.306200000000000305e-02 3.171700000000000214e-02
-3.774500000000000188e+00 4.306200000000000305e-02 3.415399999999999686e-02
-3.745899999999999785e+00 4.306200000000000305e-02 3.205800000000000316e-02
-3.717299999999999827e+00 4.306200000000000305e-02 2.513500000000000109e-02
-3.688699999999999868e+00 4.306200000000000305e-02 1.841500000000000081e-02
-3.660099999999999909e+00 4.306200000000000305e-02 1.870700000000000141e-02
-3.631499999999999950e+00 4.306200000000000305e-02 3.215500000000000302e-02
-3.602899999999999991e+00 4.306200000000000305e-02 6.122400000000000064e-02
-3.574300000000000033e+00 4.306200000000000305e-02 1.028700000000000031e-01
-3.545799999999999841e+00 4.306200000000000305e-02 1.337700000000000000e-01
-3.517199999999999882e+00 4.306200000000000305e-02 1.758099999999999941e-01
-3.488599999999999923e+00 4.306200000000000305e-02 2.020399999999999974e-01
-3.459999999999999964e+00 4.306200000000000305e-02 2.024799999999999933e-01
-3.431400000000000006e+00 4.306200000000000305e-02 1.731699999999999906e-01
-3.402800000000000047e+00 4.306200000000000305e-02 1.205699999999999966e-01
-3.374200000000000088e+00 4.306200000000000305e-02 6.065299999999999858e-02
-3.345600000000000129e+00 4.306200000000000305e-02 2.700299999999999923e-02
-3.317000000000000171e+00 4.306200000000000305e-02 1.242700000000000011e-03
-3.288400000000000212e+00 4.306200000000000305e-02 1.743799999999999864e-02
-3.259799999999999809e+00 4.306200000000000305e-02 7.800400000000000389e-02
-3.231199999999999850e+00 4.306200000000000305e-02 1.703999999999999959e-01
-3.202599999999999891e+00 4.306200000000000305e-02 2.673099999999999921e-01
-3.173999999999999932e+00 4.306200000000000305e-02 3.345000000000000195e-01
-3.145399999999999974e+00 4.306200000000000305e-02 3.488999999999999879e-01
-3.116800000000000015e+00 4.306200000000000305e-02 3.137099999999999889e-01
-3.088200000000000056e+00 4.306200000000000305e-02 2.188100000000000045e-01
-3.059600000000000097e+00 4.306200000000000305e-02 9.768200000000000494e-02
-3.031000000000000139e+00 4.306200000000000305e-02 1.027499999999999941e-02
-3.002499999999999947e+00 4.306200000000000305e-02 3.495299999999999796e-02
-2.973899999999999988e+00 4.306200000000000305e-02 2.469200000000000006e-01
-2.945300000000000029e+00 4.306200000000000305e-02 5.199099999999999833e-01
-2.916700000000000070e+00 4.306200000000000305e-02 1.143699999999999939e+00
-2.888100000000000112e+00 4.306200000000000305e-02 2.015400000000000080e+00
-2.859500000000000153e+00 4.306200000000000305e-02 3.077500000000000124e+00
-2.830900000000000194e+00 4.306200000000000305e-02 4.222500000000000142e+00
-2.802299999999999791e+00 4.306200000000000305e-02 5.290199999999999569e+00
-2.773699999999999832e+00 4.306200000000000305e-02 6.117200000000000415e+00
-2.745099999999999874e+00 4.306200000000000305e-02 6.481399999999999828e+00
-2.716499999999999915e+00 4.306200000000000305e-02 6.703800000000000203e+00
-2.687899999999999956e+00 4.306200000000000305e-02 6.529799999999999827e+00
-2.659299999999999997e+00 4.306200000000000305e-02 5.983600000000000030e+00
-2.630700000000000038e+00 4.306200000000000305e-02 5.121000000000000441e+00
-2.602100000000000080e+00 4.306200000000000305e-02 4.035599999999999632e+00
-2.573500000000000121e+00 4.306200000000000305e-02 2.893499999999999961e+00
-2.544900000000000162e+00 4.306200000000000305e-02 1.861900000000000110e+00
-2.516300000000000203e+00 4.306200000000000305e-02 1.289500000000000091e+00
-2.487699999999999800e+00 4.306200000000000305e-02 6.340400000000000480e-01
-2.459200000000000053e+00 4.306200000000000305e-02 2.266600000000000004e-01
-2.430600000000000094e+00 4.306200000000000305e-02 3.566799999999999832e-02
-2.402000000000000135e+00 4.306200000000000305e-02 5.137000000000000073e-03
-2.373400000000000176e+00 4.306200000000000305e-02 6.335799999999999765e-02
-2.344800000000000217e+00 4.306200000000000305e-02 1.442599999999999993e-01
-2.316199999999999815e+00 4.306200000000000305e-02 1.885199999999999931e-01
-2.287599999999999856e+00 4.306200000000000305e-02 2.222200000000000009e-01
-2.258999999999999897e+00 4.306200000000000305e-02 2.107999999999999874e-01
-2.230399999999999938e+00 4.306200000000000305e-02 1.636599999999999999e-01
-2.201799999999999979e+00 4.306200000000000305e-02 1.014000000000000040e-01
-2.173200000000000021e+00 4.306200000000000305e-02 4.614999999999999658e-02
-2.144600000000000062e+00 4.306200000000000305e-02 1.136900000000000063e-02
-2.116000000000000103e+00 4.306200000000000305e-02 1.380500000000000000e-03
-2.087400000000000144e+00 4.306200000000000305e-02 3.808600000000000093e-03
-2.058800000000000185e+00 4.306200000000000305e-02 1.947799999999999879e-02
-2.030199999999999783e+00 4.306200000000000305e-02 3.648900000000000060e-02
-2.001599999999999824e+00 4.306200000000000305e-02 4.587000000000000105e-02
-1.973000000000000087e+00 4.306200000000000305e-02 4.676000000000000295e-02
-1.944399999999999906e+00 4.306200000000000305e-02 4.156200000000000172e-02
-1.915799999999999947e+00 4.306200000000000305e-02 3.491299999999999959e-02
-1.887299999999999978e+00 4.306200000000000305e-02 2.493199999999999930e-02
-1.858700000000000019e+00 4.306200000000000305e-02 4.488099999999999729e-02
-1.830100000000000060e+00 4.306200000000000305e-02 1.388499999999999977e-02
-1.801500000000000101e+00 4.306200000000000305e-02 3.929599999999999760e-02
-1.772899999999999920e+00 4.306200000000000305e-02 7.992599999999999705e-02
-1.744299999999999962e+00 4.306200000000000305e-02 1.493899999999999915e-02
-1.715700000000000003e+00 4.306200000000000305e-02 5.078499999999999681e-02
-1.687100000000000044e+00 4.306200000000000305e-02 2.234599999999999920e-01
-1.658500000000000085e+00 4.306200000000000305e-02 8.267299999999999996e-03
-1.629899999999999904e+00 4.306200000000000305e-02 4.340499999999999740e-03
-1.601299999999999946e+00 4.306200000000000305e-02 3.409600000000000044e-03
-1.572699999999999987e+00 4.306200000000000305e-02 4.162500000000000401e-03
-1.544100000000000028e+00 4.306200000000000305e-02 2.210300000000000112e-03
-1.515500000000000069e+00 4.306200000000000305e-02 1.255700000000000002e-03
-1.486900000000000110e+00 4.306200000000000305e-02 1.877500000000000046e-03
-1.458299999999999930e+00 4.306200000000000305e-02 2.052800000000000024e-03
-1.429699999999999971e+00 4.306200000000000305e-02 2.047400000000000001e-03
-1.401100000000000012e+00 4.306200000000000305e-02 1.899300000000000033e-03
-1.372500000000000053e+00 4.306200000000000305e-02 1.644300000000000015e-03
-1.344000000000000083e+00 4.306200000000000305e-02 1.327400000000000064e-03
-1.315399999999999903e+00 4.306200000000000305e-02 1.108499999999999893e-03
-1.286799999999999944e+00 4.306200000000000305e-02 8.011200000000000005e-04
-1.258199999999999985e+00 4.306200000000000305e-02 5.497800000000000386e-04
-1.229600000000000026e+00 4.306200000000000305e-02 3.764099999999999824e-04
-1.201000000000000068e+00 4.306200000000000305e-02 3.032399999999999766e-04
-1.172400000000000109e+00 4.306200000000000305e-02 3.925499999999999736e-04
-1.143799999999999928e+00 4.306200000000000305e-02 3.058700000000000242e-04
-1.115199999999999969e+00 4.306200000000000305e-02 1.257400000000000011e-02
-1.086600000000000010e+00 4.306200000000000305e-02 2.396500000000000019e-01
-1.058000000000000052e+00 4.306200000000000305e-02 3.603799999999999885e-03
-1.029400000000000093e+00 4.306200000000000305e-02 2.544900000000000113e-04
-1.000799999999999912e+00 4.306200000000000305e-02 1.535300000000000022e-04
-9.722199999999999731e-01 4.306200000000000305e-02 5.830199999999999846e-05
-9.436299999999999688e-01 4.306200000000000305e-02 9.012800000000000173e-05
-9.150300000000000100e-01 4.306200000000000305e-02 1.399799999999999981e-04
-8.864400000000000057e-01 4.306200000000000305e-02 2.226899999999999973e-04
-8.578400000000000469e-01 4.306200000000000305e-02 2.865100000000000199e-04
-8.292500000000000426e-01 4.306200000000000305e-02 3.107900000000000246e-04
-8.006499999999999728e-01 4.306200000000000305e-02 2.889999999999999774e-04
-7.720599999999999685e-01 4.306200000000000305e-02 2.289600000000000034e-04
-7.434600000000000097e-01 4.306200000000000305e-02 1.485900000000000122e-04
-7.148700000000000054e-01 4.306200000000000305e-02 7.113299999999999810e-05
-6.862700000000000466e-01 4.306200000000000305e-02 3.209400000000000138e-05
-6.576800000000000423e-01 4.306200000000000305e-02 3.500199999999999963e-06
-6.290799999999999725e-01 4.306200000000000305e-02 1.529300000000000079e-05
-6.004899999999999682e-01 4.306200000000000305e-02 6.082599999999999666e-05
-5.718999999999999639e-01 4.306200000000000305e-02 1.233999999999999908e-04
-5.433000000000000052e-01 4.306200000000000305e-02 1.819500000000000045e-04
-5.147100000000000009e-01 4.306200000000000305e-02 2.167399999999999882e-04
-4.861099999999999866e-01 4.306200000000000305e-02 2.207099999999999926e-04
-4.575199999999999823e-01 4.306200000000000305e-02 1.964699999999999943e-04
-4.289200000000000235e-01 4.306200000000000305e-02 1.436700000000000119e-04
-4.003300000000000192e-01 4.306200000000000305e-02 7.936999999999999394e-05
-3.717300000000000049e-01 4.306200000000000305e-02 2.534000000000000133e-05
-3.145399999999999863e-01 4.306200000000000305e-02 1.595999999999999966e-05
-2.859499999999999820e-01 4.306200000000000305e-02 4.871299999999999930e-05
-2.573500000000000232e-01 4.306200000000000305e-02 1.234700000000000088e-04
-2.287599999999999911e-01 4.306200000000000305e-02 2.125800000000000009e-04
-2.001600000000000046e-01 4.306200000000000305e-02 2.940700000000000085e-04
-1.715700000000000003e-01 4.306200000000000305e-02 3.489899999999999773e-04
-1.429700000000000137e-01 4.306200000000000305e-02 3.677099999999999878e-04
-1.143799999999999956e-01 4.306200000000000305e-02 3.513799999999999866e-04
-8.578399999999999914e-02 4.306200000000000305e-02 3.268300000000000133e-04
-5.718999999999999778e-02 4.306200000000000305e-02 2.833700000000000194e-04
-2.859499999999999889e-02 4.306200000000000305e-02 2.490999999999999833e-04
0.000000000000000000e+00 4.306200000000000305e-02 2.378699999999999977e-04
-4.489399999999999835e+00 7.177000000000000046e-02 1.478100000000000074e-02
-4.460799999999999876e+00 7.177000000000000046e-02 1.980300000000000116e-02
-4.432199999999999918e+00 7.177000000000000046e-02 2.340000000000000066e-02
-4.403599999999999959e+00 7.177000000000000046e-02 2.438699999999999896e-02
-4.375000000000000000e+00 7.177000000000000046e-02 2.330899999999999986e-02
-4.346400000000000041e+00 7.177000000000000046e-02 1.924599999999999922e-02
-4.317800000000000082e+00 7.177000000000000046e-02 1.316799999999999915e-02
-4.289200000000000124e+00 7.177000000000000046e-02 6.749100000000000064e-03
-4.260600000000000165e+00 7.177000000000000046e-02 1.931200000000000104e-03
-4.232000000000000206e+00 7.177000000000000046e-02 2.887400000000000036e-04
-4.203400000000000247e+00 7.177000000000000046e-02 2.440700000000000074e-03
-4.174800000000000288e+00 7.177000000000000046e-02 7.727200000000000041e-03
-4.146200000000000330e+00 7.177000000000000046e-02 1.218600000000000065e-02
-4.117600000000000371e+00 7.177000000000000046e-02 1.865800000000000097e-02
-4.089100000000000179e+00 7.177000000000000046e-02 2.285399999999999932e-02
-4.060500000000000220e+00 7.177000000000000046e-02 2.323700000000000071e-02
-4.031900000000000261e+00 7.177000000000000046e-02 1.955499999999999947e-02
-4.003300000000000303e+00 7.177000000000000046e-02 1.303600000000000071e-02
-3.974699999999999900e+00 7.177000000000000046e-02 6.064700000000000125e-03
-3.946099999999999941e+00 7.177000000000000046e-02 2.441500000000000094e-03
-3.917499999999999982e+00 7.177000000000000046e-02 4.097399999999999767e-05
-3.888900000000000023e+00 7.177000000000000046e-02 1.995699999999999991e-03
-3.860300000000000065e+00 7.177000000000000046e-02 7.521100000000000181e-03
-3.831700000000000106e+00 7.177000000000000046e-02 1.441300000000000046e-02
-3.803100000000000147e+00 7.177000000000000046e-02 1.980300000000000116e-02
-3.774500000000000188e+00 7.177000000000000046e-02 2.151700000000000140e-02
-3.745899999999999785e+00 7.177000000000000046e-02 2.033599999999999991e-02
-3.717299999999999827e+00 7.177000000000000046e-02 1.615899999999999975e-02
-3.688699999999999868e+00 7.177000000000000046e-02 1.200000000000000025e-02
-3.660099999999999909e+00 7.177000000000000046e-02 1.211100000000000024e-02
-3.631499999999999950e+00 7.177000000000000046e-02 2.032799999999999885e-02
-3.602899999999999991e+00 7.177000000000000046e-02 3.840999999999999970e-02
-3.574300000000000033e+00 7.177000000000000046e-02 6.442000000000000504e-02
-3.545799999999999841e+00 7.177000000000000046e-02 8.366999999999999438e-02
-3.517199999999999882e+00 7.177000000000000046e-02 1.102199999999999985e-01
-3.488599999999999923e+00 7.177000000000000046e-02 1.268700000000000105e-01
-3.459999999999999964e+00 7.177000000000000046e-02 1.273299999999999987e-01
-3.431400000000000006e+00 7.177000000000000046e-02 1.093299999999999966e-01
-3.402800000000000047e+00 7.177000000000000046e-02 7.657700000000000617e-02
-3.374200000000000088e+00 7.177000000000000046e-02 3.883600000000000246e-02
-3.345600000000000129e+00 7.177000000000000046e-02 1.753700000000000050e-02
-3.317000000000000171e+00 7.177000000000000046e-02 8.396099999999999657e-04
-3.288400000000000212e+00 7.177000000000000046e-02 1.034400000000000076e-02
-3.259799999999999809e+00 7.177000000000000046e-02 4.807600000000000068e-02
-3.231199999999999850e+00 7.177000000000000046e-02 1.058700000000000058e-01
-3.202599999999999891e+00 7.177000000000000046e-02 1.668900000000000106e-01
-3.173999999999999932e+00 7.177000000000000046e-02 2.096699999999999953e-01
-3.145399999999999974e+00 7.177000000000000046e-02 2.188599999999999990e-01
-3.116800000000000015e+00 7.177000000000000046e-02 1.973199999999999954e-01
-3.088200000000000056e+00 7.177000000000000046e-02 1.380200000000000038e-01
-3.059600000000000097e+00 7.177000000000000046e-02 6.189700000000000063e-02
-3.031000000000000139e+00 7.177000000000000046e-02 6.643600000000000373e-03
-3.002499999999999947e+00 7.177000000000000046e-02 2.121999999999999928e-02
-2.973899999999999988e+00 7.177000000000000046e-02 1.543899999999999995e-01
-2.945300000000000029e+00 7.177000000000000046e-02 3.262800000000000145e-01
-2.916700000000000070e+00 7.177000000000000046e-02 7.192100000000000160e-01
-2.888100000000000112e+00 7.177000000000000046e-02 1.267500000000000071e+00
-2.859500000000000153e+00 7.177000000000000046e-02 1.937200000000000033e+00
-2.830900000000000194e+00 7.177000000000000046e-02 2.658599999999999852e+00
-2.802299999999999791e+00 7.177000000000000046e-02 3.334900000000000198e+00
-2.773699999999999832e+00 7.177000000000000046e-02 3.864100000000000090e+00
-2.745099999999999874e+00 7.177000000000000046e-02 4.093899999999999650e+00
-2.716499999999999915e+00 7.177000000000000046e-02 4.230800000000000338e+00
-2.687899999999999956e+00 7.177000000000000046e-02 4.118299999999999628e+00
-2.659299999999999997e+00 7.177000000000000046e-02 3.773099999999999898e+00
-2.630700000000000038e+00 7.177000000000000046e-02 3.227500000000000036e+00
-2.602100000000000080e+00 7.177000000000000046e-02 2.546699999999999964e+00
-2.573500000000000121e+00 7.177000000000000046e-02 1.828000000000000069e+00
-2.544900000000000162e+00 7.177000000000000046e-02 1.173699999999999966e+00
-2.516300000000000203e+00 7.177000000000000046e-02 8.107699999999999907e-01
-2.487699999999999800e+00 7.177000000000000046e-02 3.967600000000000016e-01
-2.459200000000000053e+00 7.177000000000000046e-02 1.403200000000000003e-01
-2.430600000000000094e+00 7.177000000000000046e-02 2.141900000000000054e-02
-2.402000000000000135e+00 7.177000000000000046e-02 3.546000000000000107e-03
-2.373400000000000176e+00 7.177000000000000046e-02 4.132500000000000062e-02
-2.344800000000000217e+00 7.177000000000000046e-02 9.297600000000000309e-02
-2.316199999999999815e+00 7.177000000000000046e-02 1.208100000000000007e-01
-2.287599999999999856e+00 7.177000000000000046e-02 1.415700000000000014e-01
-2.258999999999999897e+00 7.177000000000000046e-02 1.339799999999999880e-01
-2.230399999999999938e+00 7.177000000000000046e-02 1.035999999999999976e-01
-2.201799999999999979e+00 7.177000000000000046e-02 6.376700000000000423e-02
-2.173200000000000021e+00 7.177000000000000046e-02 2.852800000000000127e-02
-2.144600000000000062e+00 7.177000000000000046e-02 6.670099999999999987e-03
-2.116000000000000103e+00 7.177000000000000046e-02 7.025599999999999684e-04
-2.087400000000000144e+00 7.177000000000000046e-02 2.798000000000000140e-03
-2.058800000000000185e+00 7.177000000000000046e-02 1.333799999999999916e-02
-2.030199999999999783e+00 7.177000000000000046e-02 2.467300000000000049e-02
-2.001599999999999824e+00 7.177000000000000046e-02 3.068900000000000100e-02
-1.973000000000000087e+00 7.177000000000000046e-02 3.091899999999999857e-02
-1.944399999999999906e+00 7.177000000000000046e-02 2.751299999999999926e-02
-1.915799999999999947e+00 7.177000000000000046e-02 2.360399999999999998e-02
-1.887299999999999978e+00 7.177000000000000046e-02 1.731299999999999853e-02
-1.858700000000000019e+00 7.177000000000000046e-02 2.148399999999999962e-02
-1.830100000000000060e+00 7.177000000000000046e-02 1.576699999999999977e-02
-1.801500000000000101e+00 7.177000000000000046e-02 1.438099999999999969e-02
-1.772899999999999920e+00 7.177000000000000046e-02 1.376000000000000001e-01
-1.744299999999999962e+00 7.177000000000000046e-02 1.110099999999999976e-02
-1.715700000000000003e+00 7.177000000000000046e-02 1.441599999999999999e-02
-1.687100000000000044e+00 7.177000000000000046e-02 2.792999999999999927e-01
-1.658500000000000085e+00 7.177000000000000046e-02 5.872500000000000116e-03
-1.629899999999999904e+00 7.177000000000000046e-02 2.771299999999999979e-03
-1.601299999999999946e+00 7.177000000000000046e-02 1.765800000000000095e-03
-1.572699999999999987e+00 7.177000000000000046e-02 1.402400000000000044e-03
-1.544100000000000028e+00 7.177000000000000046e-02 2.089500000000000211e-03
-1.515500000000000069e+00 7.177000000000000046e-02 1.727299999999999973e-03
-1.486900000000000110e+00 7.177000000000000046e-02 1.580000000000000024e-03
-1.458299999999999930e+00 7.177000000000000046e-02 1.557800000000000027e-03
-1.429699999999999971e+00 7.177000000000000046e-02 1.485200000000000105e-03
-1.401100000000000012e+00 7.177000000000000046e-02 1.345999999999999974e-03
-1.372500000000000053e+00 7.177000000000000046e-02 1.151099999999999953e-03
-1.344000000000000083e+00 7.177000000000000046e-02 9.246700000000000492e-04
-1.315399999999999903e+00 7.177000000000000046e-02 7.714100000000000427e-04
-1.286799999999999944e+00 7.177000000000000046e-02 5.569000000000000382e-04
-1.258199999999999985e+00 7.177000000000000046e-02 3.787800000000000021e-04
-1.229600000000000026e+00 7.177000000000000046e-02 2.508200000000000143e-04
-1.201000000000000068e+00 7.177000000000000046e-02 1.851599999999999958e-04
-1.172400000000000109e+00 7.177000000000000046e-02 2.180399999999999927e-04
-1.143799999999999928e+00 7.177000000000000046e-02 2.925700000000000262e-04
-1.115199999999999969e+00 7.177000000000000046e-02 6.848100000000000194e-03
-1.086600000000000010e+00 7.177000000000000046e-02 1.690900000000000070e+00
-1.058000000000000052e+00 7.177000000000000046e-02 8.897099999999999800e-03
-1.029400000000000093e+00 7.177000000000000046e-02 7.618000000000000585e-05
-1.000799999999999912e+00 7.177000000000000046e-02 9.911999999999999967e-05
-9.722199999999999731e-01 7.177000000000000046e-02 3.982600000000000121e-05
-9.436299999999999688e-01 7.177000000000000046e-02 5.570299999999999845e-05
-9.150300000000000100e-01 7.177000000000000046e-02 8.409999999999999778e-05
-8.864400000000000057e-01 7.177000000000000046e-02 1.328799999999999881e-04
-8.578400000000000469e-01 7.177000000000000046e-02 1.712700000000000051e-04
-8.292500000000000426e-01 7.177000000000000046e-02 1.866100000000000040e-04
-8.006499999999999728e-01 7.177000000000000046e-02 1.745200000000000028e-04
-7.720599999999999685e-01 7.177000000000000046e-02 1.389299999999999997e-04
-7.434600000000000097e-01 7.177000000000000046e-02 9.064700000000000134e-05
-7.148700000000000054e-01 7.177000000000000046e-02 4.374299999999999776e-05
-6.862700000000000466e-01 7.177000000000000046e-02 1.988200000000000039e-05
-6.576800000000000423e-01 7.177000000000000046e-02 2.256200000000000099e-06
-6.290799999999999725e-01 7.177000000000000046e-02 9.068399999999999438e-06
-6.004899999999999682e-01 7.177000000000000046e-02 3.670399999999999959e-05
-5.718999999999999639e-01 7.177000000000000046e-02 7.527999999999999753e-05
-5.433000000000000052e-01 7.177000000000000046e-02 1.118199999999999967e-04
-5.147100000000000009e-01 7.177000000000000046e-02 1.343999999999999871e-04
-4.861099999999999866e-01 7.177000000000000046e-02 1.377999999999999885e-04
-4.575199999999999823e-01 7.177000000000000046e-02 1.240699999999999963e-04
-4.289200000000000235e-01 7.177000000000000046e-02 9.218999999999999656e-05
-4.003300000000000192e-01 7.177000000000000046e-02 5.242600000000000255e-05
-3.717300000000000049e-01 7.177000000000000046e-02 1.795700000000000104e-05
-3.145399999999999863e-01 7.177000000000000046e-02 8.101400000000000056e-06
-2.859499999999999820e-01 7.177000000000000046e-02 2.699699999999999919e-05
-2.573500000000000232e-01 7.177000000000000046e-02 7.237900000000000616e-05
-2.287599999999999911e-01 7.177000000000000046e-02 1.279999999999999942e-04
-2.001600000000000046e-01 7.177000000000000046e-02 1.806900000000000064e-04
-1.715700000000000003e-01 7.177000000000000046e-02 2.184599999999999921e-04
-1.429700000000000137e-01 7.177000000000000046e-02 2.341199999999999878e-04
-1.143799999999999956e-01 7.177000000000000046e-02 2.277900000000000129e-04
-8.578399999999999914e-02 7.177000000000000046e-02 2.145100000000000045e-04
-5.718999999999999778e-02 7.177000000000000046e-02 1.888699999999999993e-04
-2.859499999999999889e-02 7.177000000000000046e-02 1.667799999999999990e-04
0.000000000000000000e+00 7.177000000000000046e-02 1.573000000000000017e-04
-4.489399999999999835e+00 1.004799999999999999e-01 6.414900000000000289e-03
-4.460799999999999876e+00 1.004799999999999999e-01 8.592799999999999397e-03
-4.432199999999999918e+00 1.004799999999999999e-01 1.013999999999999971e-02
-4.403599999999999959e+00 1.004799999999999999e-01 1.058399999999999966e-02
-4.375000000000000000e+00 1.004799999999999999e-01 9.675200000000000120e-03
-4.346400000000000041e+00 1.004799999999999999e-01 8.372299999999999187e-03
-4.317800000000000082e+00 1.004799999999999999e-01 5.733799999999999834e-03
-4.289200000000000124e+00 1.004799999999999999e-01 2.944000000000000002e-03
-4.260600000000000165e+00 1.004799999999999999e-01 8.490999999999999850e-04
-4.232000000000000206e+00 1.004799999999999999e-01 1.271800000000000122e-04
-4.203400000000000247e+00 1.004799999999999999e-01 1.059700000000000008e-03
-4.174800000000000288e+00 1.004799999999999999e-01 3.393900000000000042e-03
-4.146200000000000330e+00 1.004799999999999999e-01 5.377999999999999968e-03
-4.117600000000000371e+00 1.004799999999999999e-01 8.260599999999999887e-03
-4.089100000000000179e+00 1.004799999999999999e-01 1.019499999999999920e-02
-4.060500000000000220e+00 1.004799999999999999e-01 1.046700000000000061e-02
-4.031900000000000261e+00 1.004799999999999999e-01 8.911499999999999283e-03
-4.003300000000000303e+00 1.004799999999999999e-01 6.052700000000000267e-03
-3.974699999999999900e+00 1.004799999999999999e-01 2.928099999999999887e-03
-3.946099999999999941e+00 1.004799999999999999e-01 1.251299999999999895e-03
-3.917499999999999982e+00 1.004799999999999999e-01 3.321600000000000182e-05
-3.888900000000000023e+00 1.004799999999999999e-01 7.123400000000000001e-04
-3.860300000000000065e+00 1.004799999999999999e-01 3.023000000000000079e-03
-3.831700000000000106e+00 1.004799999999999999e-01 6.013600000000000022e-03
-3.803100000000000147e+00 1.004799999999999999e-01 8.451800000000000632e-03
-3.774500000000000188e+00 1.004799999999999999e-01 9.364000000000000795e-03
-3.745899999999999785e+00 1.004799999999999999e-01 8.972300000000000761e-03
-3.717299999999999827e+00 1.004799999999999999e-01 7.285699999999999989e-03
-3.688699999999999868e+00 1.004799999999999999e-01 5.528800000000000381e-03
-3.660099999999999909e+00 1.004799999999999999e-01 5.537099999999999661e-03
-3.631499999999999950e+00 1.004799999999999999e-01 9.008499999999999147e-03
-3.602899999999999991e+00 1.004799999999999999e-01 1.666499999999999926e-02
-3.574300000000000033e+00 1.004799999999999999e-01 2.788200000000000053e-02
-3.545799999999999841e+00 1.004799999999999999e-01 3.625199999999999950e-02
-3.517199999999999882e+00 1.004799999999999999e-01 4.782900000000000346e-02
-3.488599999999999923e+00 1.004799999999999999e-01 5.511400000000000327e-02
-3.459999999999999964e+00 1.004799999999999999e-01 5.565200000000000008e-02
-3.431400000000000006e+00 1.004799999999999999e-01 4.809800000000000186e-02
-3.402800000000000047e+00 1.004799999999999999e-01 3.395299999999999707e-02
-3.374200000000000088e+00 1.004799999999999999e-01 1.747200000000000142e-02
-3.345600000000000129e+00 1.004799999999999999e-01 8.062800000000000175e-03
-3.317000000000000171e+00 1.004799999999999999e-01 4.391700000000000118e-04
-3.288400000000000212e+00 1.004799999999999999e-01 4.137799999999999638e-03
-3.259799999999999809e+00 1.004799999999999999e-01 2.002400000000000013e-02
-3.231199999999999850e+00 1.004799999999999999e-01 4.503399999999999764e-02
-3.202599999999999891e+00 1.004799999999999999e-01 7.159699999999999398e-02
-3.173999999999999932e+00 1.004799999999999999e-01 9.048200000000000687e-02
-3.145399999999999974e+00 1.004799999999999999e-01 9.475999999999999701e-02
-3.116800000000000015e+00 1.004799999999999999e-01 8.586100000000000676e-02
-3.088200000000000056e+00 1.004799999999999999e-01 6.013199999999999795e-02
-3.059600000000000097e+00 1.004799999999999999e-01 2.701800000000000035e-02
-3.031000000000000139e+00 1.004799999999999999e-01 2.856500000000000098e-03
-3.002499999999999947e+00 1.004799999999999999e-01 9.033400000000000457e-03
-2.973899999999999988e+00 1.004799999999999999e-01 6.652800000000000380e-02
-2.945300000000000029e+00 1.004799999999999999e-01 1.415800000000000114e-01
-2.916700000000000070e+00 1.004799999999999999e-01 3.134899999999999909e-01
-2.888100000000000112e+00 1.004799999999999999e-01 5.531700000000000506e-01
-2.859500000000000153e+00 1.004799999999999999e-01 8.436900000000000510e-01
-2.830900000000000194e+00 1.004799999999999999e-01 1.163100000000000023e+00
-2.802299999999999791e+00 1.004799999999999999e-01 1.461699999999999999e+00
-2.773699999999999832e+00 1.004799999999999999e-01 1.693999999999999950e+00
-2.745099999999999874e+00 1.004799999999999999e-01 1.793600000000000083e+00
-2.716499999999999915e+00 1.004799999999999999e-01 1.857199999999999962e+00
-2.687899999999999956e+00 1.004799999999999999e-01 1.806499999999999995e+00
-2.659299999999999997e+00 1.004799999999999999e-01 1.651699999999999946e+00
-2.630700000000000038e+00 1.004799999999999999e-01 1.413100000000000023e+00
-2.602100000000000080e+00 1.004799999999999999e-01 1.116900000000000004e+00
-2.573500000000000121e+00 1.004799999999999999e-01 8.005900000000000238e-01
-2.544900000000000162e+00 1.004799999999999999e-01 5.127300000000000191e-01
-2.516300000000000203e+00 1.004799999999999999e-01 3.528899999999999815e-01
-2.487699999999999800e+00 1.004799999999999999e-01 1.718200000000000005e-01
-2.459200000000000053e+00 1.004799999999999999e-01 5.977199999999999874e-02
-2.430600000000000094e+00 1.004799999999999999e-01 8.485599999999999393e-03
-2.402000000000000135e+00 1.004799999999999999e-01 1.619800000000000016e-03
-2.373400000000000176e+00 1.004799999999999999e-01 1.898899999999999894e-02
-2.344800000000000217e+00 1.004799999999999999e-01 4.201900000000000079e-02
-2.316199999999999815e+00 1.004799999999999999e-01 5.422600000000000336e-02
-2.287599999999999856e+00 1.004799999999999999e-01 6.303699999999999581e-02
-2.258999999999999897e+00 1.004799999999999999e-01 5.917200000000000237e-02
-2.230399999999999938e+00 1.004799999999999999e-01 4.533600000000000130e-02
-2.201799999999999979e+00 1.004799999999999999e-01 2.759800000000000100e-02
-2.173200000000000021e+00 1.004799999999999999e-01 1.201299999999999937e-02
-2.144600000000000062e+00 1.004799999999999999e-01 2.555200000000000093e-03
-2.116000000000000103e+00 1.004799999999999999e-01 1.626700000000000129e-04
-2.087400000000000144e+00 1.004799999999999999e-01 1.575400000000000021e-03
-2.058800000000000185e+00 1.004799999999999999e-01 6.710599999999999725e-03
-2.030199999999999783e+00 1.004799999999999999e-01 1.213000000000000016e-02
-2.001599999999999824e+00 1.004799999999999999e-01 1.496199999999999961e-02
-1.973000000000000087e+00 1.004799999999999999e-01 1.490200000000000032e-02
-1.944399999999999906e+00 1.004799999999999999e-01 1.323500000000000024e-02
-1.915799999999999947e+00 1.004799999999999999e-01 1.158299999999999955e-02
-1.887299999999999978e+00 1.004799999999999999e-01 8.821400000000000075e-03
-1.858700000000000019e+00 1.004799999999999999e-01 9.061599999999999516e-03
-1.830100000000000060e+00 1.004799999999999999e-01 1.299100000000000081e-02
-1.801500000000000101e+00 1.004799999999999999e-01 3.649499999999999966e-03
-1.772899999999999920e+00 1.004799999999999999e-01 9.251700000000000201e-02
-1.744299999999999962e+00 1.004799999999999999e-01 5.062900000000000386e-03
-1.715700000000000003e+00 1.004799999999999999e-01 4.617999999999999709e-03
-1.687100000000000044e+00 1.004799999999999999e-01 1.547099999999999864e-01
-1.658500000000000085e+00 1.004799999999999999e-01 3.468300000000000115e-03
-1.629899999999999904e+00 1.004799999999999999e-01 1.168800000000000004e-03
-1.601299999999999946e+00 1.004799999999999999e-01 6.511800000000000097e-04
-1.572699999999999987e+00 1.004799999999999999e-01 3.279000000000000014e-04
-1.544100000000000028e+00 1.004799999999999999e-01 1.492700000000000016e-03
-1.515500000000000069e+00 1.004799999999999999e-01 2.491600000000000065e-03
-1.486900000000000110e+00 1.004799999999999999e-01 1.018999999999999941e-03
-1.458299999999999930e+00 1.004799999999999999e-01 8.754099999999999685e-04
-1.429699999999999971e+00 1.004799999999999999e-01 7.866900000000000455e-04
-1.401100000000000012e+00 1.004799999999999999e-01 6.925100000000000222e-04
-1.372500000000000053e+00 1.004799999999999999e-01 5.847100000000000040e-04
-1.344000000000000083e+00 1.004799999999999999e-01 4.675999999999999818e-04
-1.315399999999999903e+00 1.004799999999999999e-01 3.894799999999999911e-04
-1.286799999999999944e+00 1.004799999999999999e-01 2.811399999999999815e-04
-1.258199999999999985e+00 1.004799999999999999e-01 1.909500000000000064e-04
-1.229600000000000026e+00 1.004799999999999999e-01 1.226499999999999997e-04
-1.201000000000000068e+00 1.004799999999999999e-01 8.032600000000000308e-05
-1.172400000000000109e+00 1.004799999999999999e-01 7.631799999999999673e-05
-1.143799999999999928e+00 1.004799999999999999e-01 5.780600000000000321e-04
-1.115199999999999969e+00 1.004799999999999999e-01 2.406900000000000012e-03
-1.086600000000000010e+00 1.004799999999999999e-01 3.312600000000000267e-02
-1.058000000000000052e+00 1.004799999999999999e-01 1.087700000000000038e-03
-1.029400000000000093e+00 1.004799999999999999e-01 9.645499999999999723e-05
-1.000799999999999912e+00 1.004799999999999999e-01 4.696399999999999962e-05
-9.722199999999999731e-01 1.004799999999999999e-01 2.084500000000000117e-05
-9.436299999999999688e-01 1.004799999999999999e-01 2.486200000000000015e-05
-9.150300000000000100e-01 1.004799999999999999e-01 3.517399999999999899e-05
-8.864400000000000057e-01 1.004799999999999999e-01 5.362899999999999764e-05
-8.578400000000000469e-01 1.004799999999999999e-01 6.880099999999999400e-05
-8.292500000000000426e-01 1.004799999999999999e-01 7.504200000000000421e-05
-8.006499999999999728e-01 1.004799999999999999e-01 7.024500000000000253e-05
-7.720599999999999685e-01 1.004799999999999999e-01 5.592799999999999714e-05
-7.434600000000000097e-01 1.004799999999999999e-01 3.664700000000000336e-05
-7.148700000000000054e-01 1.004799999999999999e-01 1.770800000000000054e-05
-6.862700000000000466e-01 1.004799999999999999e-01 8.048300000000000514e-06
-6.290799999999999725e-01 1.004799999999999999e-01 3.959799999999999763e-06
-6.004899999999999682e-01 1.004799999999999999e-01 1.563199999999999873e-05
-5.718999999999999639e-01 1.004799999999999999e-01 3.198499999999999954e-05
-5.433000000000000052e-01 1.004799999999999999e-01 4.776500000000000092e-05
-5.147100000000000009e-01 1.004799999999999999e-01 5.793699999999999772e-05
-4.861099999999999866e-01 1.004799999999999999e-01 5.981500000000000244e-05
-4.575199999999999823e-01 1.004799999999999999e-01 5.473199999999999707e-05
-4.289200000000000235e-01 1.004799999999999999e-01 4.173300000000000176e-05
-4.003300000000000192e-01 1.004799999999999999e-01 2.481499999999999873e-05
-3.717300000000000049e-01 1.004799999999999999e-01 9.420300000000000253e-06
-3.145399999999999863e-01 1.004799999999999999e-01 2.346200000000000085e-06
-2.859499999999999820e-01 1.004799999999999999e-01 9.459900000000000687e-06
-2.573500000000000232e-01 1.004799999999999999e-01 2.771999999999999887e-05
-2.287599999999999911e-01 1.004799999999999999e-01 5.165099999999999726e-05
-2.001600000000000046e-01 1.004799999999999999e-01 7.546399999999999441e-05
-1.715700000000000003e-01 1.004799999999999999e-01 9.389400000000000599e-05
-1.429700000000000137e-01 1.004799999999999999e-01 1.034699999999999970e-04
-1.143799999999999956e-01 1.004799999999999999e-01 1.038200000000000055e-04
-8.578399999999999914e-02 1.004799999999999999e-01 9.959499999999999766e-05
-5.718999999999999778e-02 1.004799999999999999e-01 8.975700000000000139e-05
-2.859499999999999889e-02 1.004799999999999999e-01 8.002200000000000057e-05
0.000000000000000000e+00 1.004799999999999999e-01 7.448600000000000479e-05
-4.489399999999999835e+00 1.291899999999999993e-01 1.331799999999999954e-03
-4.460799999999999876e+00 1.291899999999999993e-01 1.799000000000000035e-03
-4.432199999999999918e+00 1.291899999999999993e-01 2.144099999999999912e-03
-4.403599999999999959e+00 1.291899999999999993e-01 2.233499999999999808e-03
-4.375000000000000000e+00 1.291899999999999993e-01 2.040699999999999893e-03
-4.346400000000000041e+00 1.291899999999999993e-01 1.778000000000000067e-03
-4.317800000000000082e+00 1.291899999999999993e-01 1.228399999999999935e-03
-4.289200000000000124e+00 1.291899999999999993e-01 6.308600000000000145e-04
-4.260600000000000165e+00 1.291899999999999993e-01 1.804599999999999900e-04
-4.232000000000000206e+00 1.291899999999999993e-01 2.646699999999999918e-05
-4.203400000000000247e+00 1.291899999999999993e-01 2.386099999999999940e-04
-4.174800000000000288e+00 1.291899999999999993e-01 7.636299999999999512e-04
-4.146200000000000330e+00 1.291899999999999993e-01 1.216599999999999973e-03
-4.117600000000000371e+00 1.291899999999999993e-01 1.907300000000000011e-03
-4.089100000000000179e+00 1.291899999999999993e-01 2.384600000000000174e-03
-4.060500000000000220e+00 1.291899999999999993e-01 2.493700000000000170e-03
-4.031900000000000261e+00 1.291899999999999993e-01 2.203399999999999890e-03
-4.003300000000000303e+00 1.291899999999999993e-01 1.579399999999999901e-03
-3.974699999999999900e+00 1.291899999999999993e-01 8.369500000000000420e-04
-3.946099999999999941e+00 1.291899999999999993e-01 4.115599999999999966e-04
-3.917499999999999982e+00 1.291899999999999993e-01 3.412200000000000297e-05
-3.888900000000000023e+00 1.291899999999999993e-01 7.223299999999999773e-05
-3.860300000000000065e+00 1.291899999999999993e-01 4.879099999999999822e-04
-3.831700000000000106e+00 1.291899999999999993e-01 1.122200000000000064e-03
-3.803100000000000147e+00 1.291899999999999993e-01 1.698899999999999933e-03
-3.774500000000000188e+00 1.291899999999999993e-01 1.975199999999999873e-03
-3.745899999999999785e+00 1.291899999999999993e-01 1.939799999999999988e-03
-3.717299999999999827e+00 1.291899999999999993e-01 1.688999999999999963e-03
-3.688699999999999868e+00 1.291899999999999993e-01 1.356199999999999897e-03
-3.660099999999999909e+00 1.291899999999999993e-01 1.335599999999999938e-03
-3.631499999999999950e+00 1.291899999999999993e-01 2.002700000000000053e-03
-3.602899999999999991e+00 1.291899999999999993e-01 3.568899999999999850e-03
-3.574300000000000033e+00 1.291899999999999993e-01 5.878699999999999724e-03
-3.545799999999999841e+00 1.291899999999999993e-01 7.627499999999999732e-03
-3.517199999999999882e+00 1.291899999999999993e-01 1.013400000000000065e-02
-3.488599999999999923e+00 1.291899999999999993e-01 1.187200000000000061e-02
-3.459999999999999964e+00 1.291899999999999993e-01 1.202899999999999976e-02
-3.431400000000000006e+00 1.291899999999999993e-01 1.055900000000000068e-02
-3.402800000000000047e+00 1.291899999999999993e-01 7.661499999999999908e-03
-3.374200000000000088e+00 1.291899999999999993e-01 4.112499999999999836e-03
-3.345600000000000129e+00 1.291899999999999993e-01 1.993899999999999839e-03
-3.317000000000000171e+00 1.291899999999999993e-01 1.435100000000000134e-04
-3.288400000000000212e+00 1.291899999999999993e-01 6.570000000000000319e-04
-3.259799999999999809e+00 1.291899999999999993e-01 3.811699999999999897e-03
-3.231199999999999850e+00 1.291899999999999993e-01 8.870100000000000554e-03
-3.202599999999999891e+00 1.291899999999999993e-01 1.465400000000000036e-02
-3.173999999999999932e+00 1.291899999999999993e-01 1.885600000000000123e-02
-3.145399999999999974e+00 1.291899999999999993e-01 1.985599999999999865e-02
-3.116800000000000015e+00 1.291899999999999993e-01 1.798500000000000099e-02
-3.088200000000000056e+00 1.291899999999999993e-01 1.284599999999999978e-02
-3.059600000000000097e+00 1.291899999999999993e-01 5.791600000000000047e-03
-3.031000000000000139e+00 1.291899999999999993e-01 5.628099999999999596e-04
-3.002499999999999947e+00 1.291899999999999993e-01 1.756699999999999928e-03
-2.973899999999999988e+00 1.291899999999999993e-01 1.409700000000000016e-02
-2.945300000000000029e+00 1.291899999999999993e-01 3.019600000000000062e-02
-2.916700000000000070e+00 1.291899999999999993e-01 6.718399999999999372e-02
-2.888100000000000112e+00 1.291899999999999993e-01 1.193599999999999939e-01
-2.859500000000000153e+00 1.291899999999999993e-01 1.835900000000000032e-01
-2.830900000000000194e+00 1.291899999999999993e-01 2.509299999999999864e-01
-2.802299999999999791e+00 1.291899999999999993e-01 3.174299999999999899e-01
-2.773699999999999832e+00 1.291899999999999993e-01 3.704899999999999860e-01
-2.745099999999999874e+00 1.291899999999999993e-01 3.936600000000000099e-01
-2.716499999999999915e+00 1.291899999999999993e-01 4.030599999999999739e-01
-2.687899999999999956e+00 1.291899999999999993e-01 3.938499999999999779e-01
-2.659299999999999997e+00 1.291899999999999993e-01 3.612900000000000000e-01
-2.630700000000000038e+00 1.291899999999999993e-01 3.080399999999999805e-01
-2.602100000000000080e+00 1.291899999999999993e-01 2.410799999999999887e-01
-2.573500000000000121e+00 1.291899999999999993e-01 1.741099999999999870e-01
-2.544900000000000162e+00 1.291899999999999993e-01 1.108200000000000018e-01
-2.516300000000000203e+00 1.291899999999999993e-01 7.546500000000000430e-02
-2.487699999999999800e+00 1.291899999999999993e-01 3.587499999999999717e-02
-2.459200000000000053e+00 1.291899999999999993e-01 1.205700000000000001e-02
-2.430600000000000094e+00 1.291899999999999993e-01 1.390900000000000036e-03
-2.402000000000000135e+00 1.291899999999999993e-01 4.663900000000000120e-04
-2.373400000000000176e+00 1.291899999999999993e-01 4.689800000000000045e-03
-2.344800000000000217e+00 1.291899999999999993e-01 9.964199999999999446e-03
-2.316199999999999815e+00 1.291899999999999993e-01 1.258399999999999970e-02
-2.287599999999999856e+00 1.291899999999999993e-01 1.425500000000000031e-02
-2.258999999999999897e+00 1.291899999999999993e-01 1.320900000000000026e-02
-2.230399999999999938e+00 1.291899999999999993e-01 9.926199999999999607e-03
-2.201799999999999979e+00 1.291899999999999993e-01 5.738599999999999951e-03
-2.173200000000000021e+00 1.291899999999999993e-01 2.291899999999999927e-03
-2.144600000000000062e+00 1.291899999999999993e-01 3.562899999999999921e-04
-2.116000000000000103e+00 1.291899999999999993e-01 7.587300000000000184e-06
-2.087400000000000144e+00 1.291899999999999993e-01 6.169300000000000174e-04
-2.058800000000000185e+00 1.291899999999999993e-01 2.073399999999999983e-03
-2.030199999999999783e+00 1.291899999999999993e-01 3.540699999999999924e-03
-2.001599999999999824e+00 1.291899999999999993e-01 4.271099999999999897e-03
-1.973000000000000087e+00 1.291899999999999993e-01 4.210400000000000427e-03
-1.944399999999999906e+00 1.291899999999999993e-01 3.779900000000000100e-03
-1.915799999999999947e+00 1.291899999999999993e-01 3.380699999999999938e-03
-1.887299999999999978e+00 1.291899999999999993e-01 2.655100000000000082e-03
-1.858700000000000019e+00 1.291899999999999993e-01 2.241700000000000116e-03
-1.830100000000000060e+00 1.291899999999999993e-01 4.605200000000000266e-03
-1.801500000000000101e+00 1.291899999999999993e-01 6.467800000000000112e-04
-1.772899999999999920e+00 1.291899999999999993e-01 2.373199999999999962e-02
-1.744299999999999962e+00 1.291899999999999993e-01 1.491600000000000044e-03
-1.715700000000000003e+00 1.291899999999999993e-01 7.336000000000000507e-04
-1.687100000000000044e+00 1.291899999999999993e-01 2.016899999999999943e-02
-1.658500000000000085e+00 1.291899999999999993e-01 1.515499999999999920e-03
-1.629899999999999904e+00 1.291899999999999993e-01 2.550200000000000080e-04
-1.601299999999999946e+00 1.291899999999999993e-01 1.122899999999999972e-04
-1.572699999999999987e+00 1.291899999999999993e-01 2.796500000000000076e-05
-1.544100000000000028e+00 1.291899999999999993e-01 5.181400000000000502e-04
-1.515500000000000069e+00 1.291899999999999993e-01 4.102800000000000197e-03
-1.486900000000000110e+00 1.291899999999999993e-01 4.118099999999999756e-04
-1.458299999999999930e+00 1.291899999999999993e-01 2.956699999999999932e-04
-1.429699999999999971e+00 1.291899999999999993e-01 2.451700000000000125e-04
-1.401100000000000012e+00 1.291899999999999993e-01 2.078199999999999991e-04
-1.372500000000000053e+00 1.291899999999999993e-01 1.713499999999999908e-04
-1.344000000000000083e+00 1.291899999999999993e-01 1.367600000000000120e-04
-1.315399999999999903e+00 1.291899999999999993e-01 1.145899999999999989e-04
-1.286799999999999944e+00 1.291899999999999993e-01 8.371400000000000521e-05
-1.258199999999999985e+00 1.291899999999999993e-01 5.702400000000000155e-05
-1.229600000000000026e+00 1.291899999999999993e-01 3.620100000000000119e-05
-1.201000000000000068e+00 1.291899999999999993e-01 2.044900000000000022e-05
-1.172400000000000109e+00 1.291899999999999993e-01 1.018600000000000039e-05
-1.143799999999999928e+00 1.291899999999999993e-01 1.071799999999999970e-05
-1.115199999999999969e+00 1.291899999999999993e-01 5.887400000000000315e-04
-1.086600000000000010e+00 1.291899999999999993e-01 3.788099999999999801e-02
-1.058000000000000052e+00 1.291899999999999993e-01 2.429099999999999901e-04
-1.029400000000000093e+00 1.291899999999999993e-01 1.724199999999999857e-05
-1.000799999999999912e+00 1.291899999999999993e-01 1.393899999999999987e-05
-9.722199999999999731e-01 1.291899999999999993e-01 7.298800000000000321e-06
-9.436299999999999688e-01 1.291899999999999993e-01 6.281600000000000132e-06
-9.150300000000000100e-01 1.291899999999999993e-01 7.214500000000000128e-06
-8.864400000000000057e-01 1.291899999999999993e-01 9.617200000000000011e-06
-8.578400000000000469e-01 1.291899999999999993e-01 1.162600000000000016e-05
-8.292500000000000426e-01 1.291899999999999993e-01 1.245200000000000038e-05
-8.006499999999999728e-01 1.291899999999999993e-01 1.163700000000000056e-05
-7.720599999999999685e-01 1.291899999999999993e-01 9.219600000000000633e-06
-7.434600000000000097e-01 1.291899999999999993e-01 5.813999999999999731e-06
-7.148700000000000054e-01 1.291899999999999993e-01 2.755599999999999926e-06
-6.862700000000000466e-01 1.291899999999999993e-01 1.217399999999999982e-06
-6.290799999999999725e-01 1.291899999999999993e-01 1.095399999999999922e-06
-6.004899999999999682e-01 1.291899999999999993e-01 3.532900000000000090e-06
-5.718999999999999639e-01 1.291899999999999993e-01 6.887000000000000299e-06
-5.433000000000000052e-01 1.291899999999999993e-01 1.013699999999999968e-05
-5.147100000000000009e-01 1.291899999999999993e-01 1.237000000000000015e-05
-4.861099999999999866e-01 1.291899999999999993e-01 1.305199999999999972e-05
-4.575199999999999823e-01 1.291899999999999993e-01 1.237199999999999945e-05
-4.289200000000000235e-01 1.291899999999999993e-01 9.950899999999999882e-06
-4.003300000000000192e-01 1.291899999999999993e-01 6.550100000000000188e-06
-3.717300000000000049e-01 1.291899999999999993e-01 3.107600000000000113e-06
-2.573500000000000232e-01 1.291899999999999993e-01 4.061799999999999803e-06
-2.287599999999999911e-01 1.291899999999999993e-01 8.712399999999999797e-06
-2.001600000000000046e-01 1.291899999999999993e-01 1.414100000000000064e-05
-1.715700000000000003e-01 1.291899999999999993e-01 1.919999999999999913e-05
-1.429700000000000137e-01 1.291899999999999993e-01 2.275600000000000032e-05
-1.143799999999999956e-01 1.291899999999999993e-01 2.416400000000000107e-05
-8.578399999999999914e-02 1.291899999999999993e-01 2.442599999999999958e-05
-5.718999999999999778e-02 1.291899999999999993e-01 2.333499999999999935e-05
-2.859499999999999889e-02 1.291899999999999993e-01 2.131699999999999936e-05
0.000000000000000000e+00 1.291899999999999993e-01 1.931899999999999918e-05
-4.489399999999999835e+00 1.578900000000000026e-01 2.465500000000000027e-05
-4.460799999999999876e+00 1.578900000000000026e-01 3.383799999999999688e-05
-4.432199999999999918e+00 1.578900000000000026e-01 4.098200000000000166e-05
-4.403599999999999959e+00 1.578900000000000026e-01 5.209500000000000182e-05
-4.375000000000000000e+00 1.578900000000000026e-01 5.225399999999999809e-05
-4.346400000000000041e+00 1.578900000000000026e-01 3.765599999999999996e-05
-4.317800000000000082e+00 1.578900000000000026e-01 2.759700000000000022e-05
-4.289200000000000124e+00 1.578900000000000026e-01 1.580300000000000099e-05
-4.260600000000000165e+00 1.578900000000000026e-01 4.640099999999999840e-06
-4.203400000000000247e+00 1.578900000000000026e-01 1.794899999999999959e-06
-4.174800000000000288e+00 1.578900000000000026e-01 1.180899999999999993e-05
-4.146200000000000330e+00 1.578900000000000026e-01 1.974399999999999934e-05
-4.117600000000000371e+00 1.578900000000000026e-01 2.546500000000000098e-05
-4.089100000000000179e+00 1.578900000000000026e-01 4.524899999999999994e-05
-4.060500000000000220e+00 1.578900000000000026e-01 5.465300000000000003e-05
-4.031900000000000261e+00 1.578900000000000026e-01 4.971099999999999890e-05
-4.003300000000000303e+00 1.578900000000000026e-01 4.900700000000000021e-05
-3.974699999999999900e+00 1.578900000000000026e-01 4.937999999999999817e-05
-3.946099999999999941e+00 1.578900000000000026e-01 4.884799999999999716e-05
-3.917499999999999982e+00 1.578900000000000026e-01 5.136099999999999834e-05
-3.888900000000000023e+00 1.578900000000000026e-01 5.588100000000000250e-05
-3.860300000000000065e+00 1.578900000000000026e-01 6.376100000000000159e-05
-3.831700000000000106e+00 1.578900000000000026e-01 6.372500000000000397e-05
-3.803100000000000147e+00 1.578900000000000026e-01 6.395699999999999768e-05
-3.774500000000000188e+00 1.578900000000000026e-01 6.187499999999999966e-05
-3.745899999999999785e+00 1.578900000000000026e-01 5.666699999999999803e-05
-3.717299999999999827e+00 1.578900000000000026e-01 2.928800000000000148e-05
-3.688699999999999868e+00 1.578900000000000026e-01 1.989399999999999960e-05
-3.660099999999999909e+00 1.578900000000000026e-01 1.110600000000000005e-05
-3.631499999999999950e+00 1.578900000000000026e-01 1.009299999999999976e-05
-3.602899999999999991e+00 1.578900000000000026e-01 8.156899999999999779e-06
-3.574300000000000033e+00 1.578900000000000026e-01 3.971899999999999698e-05
-3.545799999999999841e+00 1.578900000000000026e-01 6.123900000000000101e-05
-3.517199999999999882e+00 1.578900000000000026e-01 6.767699999999999595e-05
-3.488599999999999923e+00 1.578900000000000026e-01 4.584199999999999918e-05
-3.459999999999999964e+00 1.578900000000000026e-01 9.930100000000000352e-05
-3.431400000000000006e+00 1.578900000000000026e-01 8.867600000000000276e-05
-3.402800000000000047e+00 1.578900000000000026e-01 4.636399999999999858e-05
-3.374200000000000088e+00 1.578900000000000026e-01 3.367000000000000120e-05
-3.345600000000000129e+00 1.578900000000000026e-01 2.609200000000000023e-05
-3.317000000000000171e+00 1.578900000000000026e-01 2.261700000000000047e-05
-3.288400000000000212e+00 1.578900000000000026e-01 3.546900000000000210e-05
-3.259799999999999809e+00 1.578900000000000026e-01 6.009499999999999976e-05
-3.231199999999999850e+00 1.578900000000000026e-01 1.213400000000000004e-04
-3.202599999999999891e+00 1.578900000000000026e-01 7.420499999999999850e-05
-3.173999999999999932e+00 1.578900000000000026e-01 1.450599999999999969e-04
-3.145399999999999974e+00 1.578900000000000026e-01 1.807099999999999961e-04
-3.116800000000000015e+00 1.578900000000000026e-01 1.813600000000000119e-04
-3.088200000000000056e+00 1.578900000000000026e-01 3.621199999999999820e-05
-3.059600000000000097e+00 1.578900000000000026e-01 2.042399999999999961e-05
-3.031000000000000139e+00 1.578900000000000026e-01 4.418499999999999793e-05
-3.002499999999999947e+00 1.578900000000000026e-01 4.727400000000000173e-05
-2.973899999999999988e+00 1.578900000000000026e-01 4.791300000000000188e-06
-2.945300000000000029e+00 1.578900000000000026e-01 5.458000000000000259e-05
-2.916700000000000070e+00 1.578900000000000026e-01 3.463499999999999890e-04
-2.888100000000000112e+00 1.578900000000000026e-01 4.516999999999999748e-04
-2.859500000000000153e+00 1.578900000000000026e-01 6.405000000000000103e-04
-2.830900000000000194e+00 1.578900000000000026e-01 1.729800000000000088e-03
-2.802299999999999791e+00 1.578900000000000026e-01 1.711700000000000027e-03
-2.773699999999999832e+00 1.578900000000000026e-01 1.478499999999999997e-03
-2.745099999999999874e+00 1.578900000000000026e-01 1.904799999999999896e-03
-2.716499999999999915e+00 1.578900000000000026e-01 3.089999999999999865e-03
-2.687899999999999956e+00 1.578900000000000026e-01 1.930999999999999991e-03
-2.659299999999999997e+00 1.578900000000000026e-01 1.371800000000000059e-03
-2.630700000000000038e+00 1.578900000000000026e-01 1.975900000000000052e-03
-2.602100000000000080e+00 1.578900000000000026e-01 1.866599999999999943e-03
-2.573500000000000121e+00 1.578900000000000026e-01 3.585400000000000197e-04
-2.544900000000000162e+00 1.578900000000000026e-01 4.849400000000000021e-04
-2.516300000000000203e+00 1.578900000000000026e-01 4.177100000000000105e-04
-2.487699999999999800e+00 1.578900000000000026e-01 1.844700000000000007e-04
-2.459200000000000053e+00 1.578900000000000026e-01 4.974199999999999911e-05
-2.430600000000000094e+00 1.578900000000000026e-01 6.161800000000000534e-05
-2.402000000000000135e+00 1.578900000000000026e-01 1.429000000000000040e-04
-2.373400000000000176e+00 1.578900000000000026e-01 2.491899999999999909e-04
-2.344800000000000217e+00 1.578900000000000026e-01 3.242799999999999784e-04
-2.316199999999999815e+00 1.578900000000000026e-01 3.831999999999999903e-04
-2.287599999999999856e+00 1.578900000000000026e-01 4.110399999999999948e-04
-2.258999999999999897e+00 1.578900000000000026e-01 3.081700000000000259e-04
-2.230399999999999938e+00 1.578900000000000026e-01 2.632000000000000008e-04
-2.201799999999999979e+00 1.578900000000000026e-01 2.037100000000000130e-04
-2.173200000000000021e+00 1.578900000000000026e-01 1.233399999999999948e-04
-2.144600000000000062e+00 1.578900000000000026e-01 9.159799999999999952e-05
-2.116000000000000103e+00 1.578900000000000026e-01 8.915499999999999597e-05
-2.087400000000000144e+00 1.578900000000000026e-01 1.188700000000000054e-04
-2.058800000000000185e+00 1.578900000000000026e-01 1.709600000000000030e-04
-2.030199999999999783e+00 1.578900000000000026e-01 2.214700000000000056e-04
-2.001599999999999824e+00 1.578900000000000026e-01 2.597200000000000138e-04
-1.973000000000000087e+00 1.578900000000000026e-01 2.553200000000000153e-04
-1.944399999999999906e+00 1.578900000000000026e-01 2.273200000000000123e-04
-1.915799999999999947e+00 1.578900000000000026e-01 2.104599999999999874e-04
-1.887299999999999978e+00 1.578900000000000026e-01 1.559700000000000127e-04
-1.858700000000000019e+00 1.578900000000000026e-01 7.476400000000000450e-05
-1.830100000000000060e+00 1.578900000000000026e-01 1.374299999999999903e-04
-1.801500000000000101e+00 1.578900000000000026e-01 5.591400000000000032e-05
-1.772899999999999920e+00 1.578900000000000026e-01 3.494899999999999895e-04
-1.744299999999999962e+00 1.578900000000000026e-01 1.342100000000000076e-05
-1.715700000000000003e+00 1.578900000000000026e-01 4.037700000000000322e-05
-1.687100000000000044e+00 1.578900000000000026e-01 2.555099999999999897e-06
-1.658500000000000085e+00 1.578900000000000026e-01 3.132400000000000028e-05
-1.629899999999999904e+00 1.578900000000000026e-01 8.270700000000000282e-06
-1.601299999999999946e+00 1.578900000000000026e-01 1.247600000000000049e-05
-1.572699999999999987e+00 1.578900000000000026e-01 1.734699999999999841e-05
-1.544100000000000028e+00 1.578900000000000026e-01 9.481900000000000137e-05
-1.515500000000000069e+00 1.578900000000000026e-01 3.581899999999999841e-03
-1.486900000000000110e+00 1.578900000000000026e-01 2.948199999999999996e-05
-1.458299999999999930e+00 1.578900000000000026e-01 1.966900000000000091e-05
-1.429699999999999971e+00 1.578900000000000026e-01 1.326000000000000010e-05
-1.401100000000000012e+00 1.578900000000000026e-01 9.769199999999999572e-06
-1.372500000000000053e+00 1.578900000000000026e-01 8.085799999999999731e-06
-1.344000000000000083e+00 1.578900000000000026e-01 6.373100000000000019e-06
-1.315399999999999903e+00 1.578900000000000026e-01 5.578799999999999848e-06
-1.286799999999999944e+00 1.578900000000000026e-01 4.813700000000000177e-06
-1.258199999999999985e+00 1.578900000000000026e-01 4.394500000000000023e-06
-1.229600000000000026e+00 1.578900000000000026e-01 4.260900000000000150e-06
-1.201000000000000068e+00 1.578900000000000026e-01 5.057699999999999874e-06
-1.172400000000000109e+00 1.578900000000000026e-01 7.633699999999999435e-06
-1.143799999999999928e+00 1.578900000000000026e-01 3.099299999999999955e-05
-1.115199999999999969e+00 1.578900000000000026e-01 9.158600000000000031e-05
-1.086600000000000010e+00 1.578900000000000026e-01 1.273799999999999932e-02
-1.058000000000000052e+00 1.578900000000000026e-01 1.350099999999999965e-04
-1.029400000000000093e+00 1.578900000000000026e-01 6.518699999999999946e-06
-1.000799999999999912e+00 1.578900000000000026e-01 2.476800000000000156e-06
-4.489399999999999835e+00 1.865999999999999881e-01 8.221500000000000075e-04
-4.460799999999999876e+00 1.865999999999999881e-01 1.077400000000000059e-03
-4.432199999999999918e+00 1.865999999999999881e-01 1.258800000000000023e-03
-4.403599999999999959e+00 1.865999999999999881e-01 1.294400000000000021e-03
-4.375000000000000000e+00 1.865999999999999881e-01 1.224899999999999904e-03
-4.346400000000000041e+00 1.865999999999999881e-01 1.002800000000000089e-03
-4.317800000000000082e+00 1.865999999999999881e-01 6.855200000000000096e-04
-4.289200000000000124e+00 1.865999999999999881e-01 3.534699999999999886e-04
-4.260600000000000165e+00 1.865999999999999881e-01 1.053299999999999961e-04
-4.232000000000000206e+00 1.865999999999999881e-01 8.491800000000000587e-06
-4.203400000000000247e+00 1.865999999999999881e-01 8.339100000000000169e-05
-4.174800000000000288e+00 1.865999999999999881e-01 2.888400000000000060e-04
-4.146200000000000330e+00 1.865999999999999881e-01 4.582200000000000140e-04
-4.117600000000000371e+00 1.865999999999999881e-01 6.881699999999999927e-04
-4.089100000000000179e+00 1.865999999999999881e-01 8.054800000000000198e-04
-4.060500000000000220e+00 1.865999999999999881e-01 7.549699999999999901e-04
-4.031900000000000261e+00 1.865999999999999881e-01 5.634900000000000412e-04
-4.003300000000000303e+00 1.865999999999999881e-01 3.000500000000000020e-04
-3.974699999999999900e+00 1.865999999999999881e-01 7.643300000000000495e-05
-3.946099999999999941e+00 1.865999999999999881e-01 7.119200000000000380e-06
-3.917499999999999982e+00 1.865999999999999881e-01 6.714599999999999714e-05
-3.888900000000000023e+00 1.865999999999999881e-01 3.231800000000000059e-04
-3.860300000000000065e+00 1.865999999999999881e-01 6.978099999999999884e-04
-3.831700000000000106e+00 1.865999999999999881e-01 1.059000000000000045e-03
-3.803100000000000147e+00 1.865999999999999881e-01 1.269399999999999955e-03
-3.774500000000000188e+00 1.865999999999999881e-01 1.231799999999999909e-03
-3.745899999999999785e+00 1.865999999999999881e-01 1.078600000000000088e-03
-3.717299999999999827e+00 1.865999999999999881e-01 7.478600000000000395e-04
-3.688699999999999868e+00 1.865999999999999881e-01 4.639199999999999899e-04
-3.660099999999999909e+00 1.865999999999999881e-01 4.499999999999999877e-04
-3.631499999999999950e+00 1.865999999999999881e-01 8.882500000000000421e-04
-3.602899999999999991e+00 1.865999999999999881e-01 1.832499999999999928e-03
-3.574300000000000033e+00 1.865999999999999881e-01 3.146799999999999944e-03
-3.545799999999999841e+00 1.865999999999999881e-01 4.068099999999999841e-03
-3.517199999999999882e+00 1.865999999999999881e-01 5.286500000000000400e-03
-3.488599999999999923e+00 1.865999999999999881e-01 5.979199999999999619e-03
-3.459999999999999964e+00 1.865999999999999881e-01 5.838399999999999666e-03
-3.431400000000000006e+00 1.865999999999999881e-01 4.824700000000000343e-03
-3.402800000000000047e+00 1.865999999999999881e-01 3.219800000000000093e-03
-3.374200000000000088e+00 1.865999999999999881e-01 1.476099999999999938e-03
-3.345600000000000129e+00 1.865999999999999881e-01 5.609700000000000450e-04
-3.317000000000000171e+00 1.865999999999999881e-01 1.134800000000000045e-05
-3.288400000000000212e+00 1.865999999999999881e-01 7.587400000000000437e-04
-3.259799999999999809e+00 1.865999999999999881e-01 2.829799999999999937e-03
-3.231199999999999850e+00 1.865999999999999881e-01 5.754399999999999793e-03
-3.202599999999999891e+00 1.865999999999999881e-01 8.732000000000000178e-03
-3.173999999999999932e+00 1.865999999999999881e-01 1.076500000000000026e-02
-3.145399999999999974e+00 1.865999999999999881e-01 1.107799999999999931e-02
-3.116800000000000015e+00 1.865999999999999881e-01 9.823600000000000040e-03
-3.088200000000000056e+00 1.865999999999999881e-01 6.836199999999999742e-03
-3.059600000000000097e+00 1.865999999999999881e-01 3.092899999999999990e-03
-3.031000000000000139e+00 1.865999999999999881e-01 3.755699999999999837e-04
-3.002499999999999947e+00 1.865999999999999881e-01 9.368000000000000025e-04
-2.973899999999999988e+00 1.865999999999999881e-01 6.940299999999999941e-03
-2.945300000000000029e+00 1.865999999999999881e-01 1.475699999999999928e-02
-2.916700000000000070e+00 1.865999999999999881e-01 3.244400000000000062e-02
-2.888100000000000112e+00 1.865999999999999881e-01 5.695200000000000262e-02
-2.859500000000000153e+00 1.865999999999999881e-01 8.679399999999999615e-02
-2.830900000000000194e+00 1.865999999999999881e-01 1.184499999999999997e-01
-2.802299999999999791e+00 1.865999999999999881e-01 1.483899999999999941e-01
-2.773699999999999832e+00 1.865999999999999881e-01 1.727899999999999991e-01
-2.745099999999999874e+00 1.865999999999999881e-01 1.834699999999999942e-01
-2.716499999999999915e+00 1.865999999999999881e-01 1.886700000000000044e-01
-2.687899999999999956e+00 1.865999999999999881e-01 1.831299999999999872e-01
-2.659299999999999997e+00 1.865999999999999881e-01 1.682200000000000084e-01
-2.630700000000000038e+00 1.865999999999999881e-01 1.442700000000000093e-01
-2.602100000000000080e+00 1.865999999999999881e-01 1.147600000000000009e-01
-2.573500000000000121e+00 1.865999999999999881e-01 8.391300000000000148e-02
-2.544900000000000162e+00 1.865999999999999881e-01 5.485299999999999898e-02
-2.516300000000000203e+00 1.865999999999999881e-01 3.830100000000000171e-02
-2.487699999999999800e+00 1.865999999999999881e-01 1.934699999999999961e-02
-2.459200000000000053e+00 1.865999999999999881e-01 7.444799999999999682e-03
-2.430600000000000094e+00 1.865999999999999881e-01 1.598400000000000038e-03
-2.402000000000000135e+00 1.865999999999999881e-01 3.393499999999999815e-04
-2.373400000000000176e+00 1.865999999999999881e-01 1.749399999999999913e-03
-2.344800000000000217e+00 1.865999999999999881e-01 4.015699999999999652e-03
-2.316199999999999815e+00 1.865999999999999881e-01 5.312400000000000108e-03
-2.287599999999999856e+00 1.865999999999999881e-01 6.410899999999999758e-03
-2.258999999999999897e+00 1.865999999999999881e-01 6.365899999999999857e-03
-2.230399999999999938e+00 1.865999999999999881e-01 5.291599999999999603e-03
-2.201799999999999979e+00 1.865999999999999881e-01 3.612499999999999826e-03
-2.173200000000000021e+00 1.865999999999999881e-01 1.956900000000000132e-03
-2.144600000000000062e+00 1.865999999999999881e-01 7.393400000000000059e-04
-2.116000000000000103e+00 1.865999999999999881e-01 2.609199999999999887e-04
-2.087400000000000144e+00 1.865999999999999881e-01 3.966200000000000244e-06
-2.058800000000000185e+00 1.865999999999999881e-01 1.378700000000000064e-04
-2.030199999999999783e+00 1.865999999999999881e-01 4.218900000000000146e-04
-2.001599999999999824e+00 1.865999999999999881e-01 6.101599999999999992e-04
-1.973000000000000087e+00 1.865999999999999881e-01 6.045799999999999612e-04
-1.944399999999999906e+00 1.865999999999999881e-01 4.777599999999999794e-04
-1.915799999999999947e+00 1.865999999999999881e-01 3.813500000000000266e-04
-1.887299999999999978e+00 1.865999999999999881e-01 3.180300000000000162e-04
-1.858700000000000019e+00 1.865999999999999881e-01 4.286299999999999941e-04
-1.830100000000000060e+00 1.865999999999999881e-01 1.307100000000000059e-03
-1.801500000000000101e+00 1.865999999999999881e-01 4.684199999999999909e-04
-1.772899999999999920e+00 1.865999999999999881e-01 1.884800000000000060e-03
-1.744299999999999962e+00 1.865999999999999881e-01 2.941299999999999991e-03
-1.715700000000000003e+00 1.865999999999999881e-01 5.662900000000000008e-04
-1.687100000000000044e+00 1.865999999999999881e-01 1.124500000000000065e-03
-1.658500000000000085e+00 1.865999999999999881e-01 6.231800000000000013e-03
-1.629899999999999904e+00 1.865999999999999881e-01 2.469099999999999789e-04
-1.601299999999999946e+00 1.865999999999999881e-01 1.200200000000000062e-04
-1.572699999999999987e+00 1.865999999999999881e-01 7.820000000000000345e-05
-1.544100000000000028e+00 1.865999999999999881e-01 7.270299999999999831e-05
-1.515500000000000069e+00 1.865999999999999881e-01 1.552100000000000051e-03
-1.486900000000000110e+00 1.865999999999999881e-01 1.141199999999999984e-04
-1.458299999999999930e+00 1.865999999999999881e-01 5.031500000000000192e-05
-1.429699999999999971e+00 1.865999999999999881e-01 4.309699999999999751e-05
-1.401100000000000012e+00 1.865999999999999881e-01 3.642000000000000028e-05
-1.372500000000000053e+00 1.865999999999999881e-01 2.952100000000000077e-05
-1.344000000000000083e+00 1.865999999999999881e-01 2.274299999999999892e-05
-1.315399999999999903e+00 1.865999999999999881e-01 1.848799999999999985e-05
-1.286799999999999944e+00 1.865999999999999881e-01 1.292599999999999957e-05
-1.258199999999999985e+00 1.865999999999999881e-01 9.132300000000000638e-06
-1.229600000000000026e+00 1.865999999999999881e-01 8.106599999999999600e-06
-1.201000000000000068e+00 1.865999999999999881e-01 1.156600000000000073e-05
-1.172400000000000109e+00 1.865999999999999881e-01 2.549900000000000099e-05
-1.143799999999999928e+00 1.865999999999999881e-01 2.848100000000000057e-05
-1.115199999999999969e+00 1.865999999999999881e-01 3.579199999999999884e-05
-1.086600000000000010e+00 1.865999999999999881e-01 1.553900000000000073e-02
-1.058000000000000052e+00 1.865999999999999881e-01 9.872799999999999393e-05
-1.029400000000000093e+00 1.865999999999999881e-01 2.002600000000000105e-05
-1.000799999999999912e+00 1.865999999999999881e-01 3.785599999999999805e-06
-9.436299999999999688e-01 1.865999999999999881e-01 2.181699999999999796e-06
-9.150300000000000100e-01 1.865999999999999881e-01 4.930499999999999634e-06
-8.864400000000000057e-01 1.865999999999999881e-01 9.550000000000000044e-06
-8.578400000000000469e-01 1.865999999999999881e-01 1.335399999999999954e-05
-8.292500000000000426e-01 1.865999999999999881e-01 1.527799999999999840e-05
-8.006499999999999728e-01 1.865999999999999881e-01 1.500700000000000048e-05
-7.720599999999999685e-01 1.865999999999999881e-01 1.267099999999999947e-05
-7.434600000000000097e-01 1.865999999999999881e-01 8.989300000000000483e-06
-7.148700000000000054e-01 1.865999999999999881e-01 5.070200000000000177e-06
-6.862700000000000466e-01 1.865999999999999881e-01 2.827799999999999844e-06
-6.004899999999999682e-01 1.865999999999999881e-01 1.031299999999999977e-06
-5.718999999999999639e-01 1.865999999999999881e-01 2.931499999999999800e-06
-5.433000000000000052e-01 1.865999999999999881e-01 4.858399999999999935e-06
-5.147100000000000009e-01 1.865999999999999881e-01 6.047500000000000121e-06
-4.861099999999999866e-01 1.865999999999999881e-01 6.203399999999999763e-06
-4.575199999999999823e-01 1.865999999999999881e-01 5.367499999999999855e-06
-4.289200000000000235e-01 1.865999999999999881e-01 3.573900000000000206e-06
-4.003300000000000192e-01 1.865999999999999881e-01 1.603199999999999956e-06
-3.145399999999999863e-01 1.865999999999999881e-01 1.755299999999999948e-06
-2.859499999999999820e-01 1.865999999999999881e-01 3.539300000000000147e-06
-2.573500000000000232e-01 1.865999999999999881e-01 6.908399999999999789e-06
-2.287599999999999911e-01 1.865999999999999881e-01 1.025599999999999972e-05
-2.001600000000000046e-01 1.865999999999999881e-01 1.268199999999999987e-05
-1.715700000000000003e-01 1.865999999999999881e-01 1.361100000000000063e-05
-1.429700000000000137e-01 1.865999999999999881e-01 1.281200000000000032e-05
-1.143799999999999956e-01 1.865999999999999881e-01 1.067600000000000078e-05
-8.578399999999999914e-02 1.865999999999999881e-01 8.957600000000000431e-06
-5.718999999999999778e-02 1.865999999999999881e-01 6.605700000000000130e-06
-2.859499999999999889e-02 1.865999999999999881e-01 5.211499999999999993e-06
0.000000000000000000e+00 1.865999999999999881e-01 5.321199999999999976e-06
-4.489399999999999835e+00 2.153100000000000014e-01 1.662700000000000029e-03
-4.460799999999999876e+00 2.153100000000000014e-01 2.162499999999999926e-03
-4.432199999999999918e+00 2.153100000000000014e-01 2.493200000000000104e-03
-4.403599999999999959e+00 2.153100000000000014e-01 2.560900000000000069e-03
-4.375000000000000000e+00 2.153100000000000014e-01 2.311399999999999913e-03
-4.346400000000000041e+00 2.153100000000000014e-01 1.986700000000000098e-03
-4.317800000000000082e+00 2.153100000000000014e-01 1.349299999999999892e-03
-4.289200000000000124e+00 2.153100000000000014e-01 6.966700000000000366e-04
-4.260600000000000165e+00 2.153100000000000014e-01 2.057399999999999919e-04
-4.232000000000000206e+00 2.153100000000000014e-01 1.795700000000000104e-05
-4.203400000000000247e+00 2.153100000000000014e-01 1.766299999999999945e-04
-4.174800000000000288e+00 2.153100000000000014e-01 6.107099999999999855e-04
-4.146200000000000330e+00 2.153100000000000014e-01 9.719800000000000011e-04
-4.117600000000000371e+00 2.153100000000000014e-01 1.466999999999999988e-03
-4.089100000000000179e+00 2.153100000000000014e-01 1.746099999999999996e-03
-4.060500000000000220e+00 2.153100000000000014e-01 1.702799999999999973e-03
-4.031900000000000261e+00 2.153100000000000014e-01 1.317599999999999934e-03
-4.003300000000000303e+00 2.153100000000000014e-01 7.600999999999999901e-04
-3.974699999999999900e+00 2.153100000000000014e-01 2.507599999999999912e-04
-3.946099999999999941e+00 2.153100000000000014e-01 4.889100000000000336e-05
-3.917499999999999982e+00 2.153100000000000014e-01 7.265700000000000587e-05
-3.888900000000000023e+00 2.153100000000000014e-01 5.004700000000000381e-04
-3.860300000000000065e+00 2.153100000000000014e-01 1.207699999999999919e-03
-3.831700000000000106e+00 2.153100000000000014e-01 1.944600000000000104e-03
-3.803100000000000147e+00 2.153100000000000014e-01 2.419600000000000049e-03
-3.774500000000000188e+00 2.153100000000000014e-01 2.458199999999999795e-03
-3.745899999999999785e+00 2.153100000000000014e-01 2.230100000000000051e-03
-3.717299999999999827e+00 2.153100000000000014e-01 1.649599999999999981e-03
-3.688699999999999868e+00 2.153100000000000014e-01 1.126700000000000011e-03
-3.660099999999999909e+00 2.153100000000000014e-01 1.103400000000000040e-03
-3.631499999999999950e+00 2.153100000000000014e-01 1.949200000000000108e-03
-3.602899999999999991e+00 2.153100000000000014e-01 3.791600000000000005e-03
-3.574300000000000033e+00 2.153100000000000014e-01 6.411100000000000305e-03
-3.545799999999999841e+00 2.153100000000000014e-01 8.326399999999999427e-03
-3.517199999999999882e+00 2.153100000000000014e-01 1.085200000000000053e-02
-3.488599999999999923e+00 2.153100000000000014e-01 1.229599999999999964e-02
-3.459999999999999964e+00 2.153100000000000014e-01 1.216700000000000073e-02
-3.431400000000000006e+00 2.153100000000000014e-01 1.029500000000000033e-02
-3.402800000000000047e+00 2.153100000000000014e-01 7.004299999999999762e-03
-3.374200000000000088e+00 2.153100000000000014e-01 3.386800000000000140e-03
-3.345600000000000129e+00 2.153100000000000014e-01 1.412499999999999910e-03
-3.317000000000000171e+00 2.153100000000000014e-01 2.477300000000000151e-05
-3.288400000000000212e+00 2.153100000000000014e-01 1.269900000000000022e-03
-3.259799999999999809e+00 2.153100000000000014e-01 5.212699999999999799e-03
-3.231199999999999850e+00 2.153100000000000014e-01 1.106999999999999998e-02
-3.202599999999999891e+00 2.153100000000000014e-01 1.713999999999999899e-02
-3.173999999999999932e+00 2.153100000000000014e-01 2.132799999999999974e-02
-3.145399999999999974e+00 2.153100000000000014e-01 2.222899999999999876e-02
-3.116800000000000015e+00 2.153100000000000014e-01 2.006099999999999897e-02
-3.088200000000000056e+00 2.153100000000000014e-01 1.401600000000000068e-02
-3.059600000000000097e+00 2.153100000000000014e-01 6.418100000000000367e-03
-3.031000000000000139e+00 2.153100000000000014e-01 8.070100000000000407e-04
-3.002499999999999947e+00 2.153100000000000014e-01 1.793200000000000002e-03
-2.973899999999999988e+00 2.153100000000000014e-01 1.398199999999999964e-02
-2.945300000000000029e+00 2.153100000000000014e-01 2.997899999999999870e-02
-2.916700000000000070e+00 2.153100000000000014e-01 6.671299999999999453e-02
-2.888100000000000112e+00 2.153100000000000014e-01 1.175699999999999940e-01
-2.859500000000000153e+00 2.153100000000000014e-01 1.789600000000000080e-01
-2.830900000000000194e+00 2.153100000000000014e-01 2.461200000000000054e-01
-2.802299999999999791e+00 2.153100000000000014e-01 3.099700000000000233e-01
-2.773699999999999832e+00 2.153100000000000014e-01 3.597099999999999742e-01
-2.745099999999999874e+00 2.153100000000000014e-01 3.819100000000000272e-01
-2.716499999999999915e+00 2.153100000000000014e-01 3.961600000000000121e-01
-2.687899999999999956e+00 2.153100000000000014e-01 3.844400000000000039e-01
-2.659299999999999997e+00 2.153100000000000014e-01 3.507799999999999807e-01
-2.630700000000000038e+00 2.153100000000000014e-01 3.013100000000000223e-01
-2.602100000000000080e+00 2.153100000000000014e-01 2.406600000000000128e-01
-2.573500000000000121e+00 2.153100000000000014e-01 1.747199999999999864e-01
-2.544900000000000162e+00 2.153100000000000014e-01 1.135899999999999965e-01
-2.516300000000000203e+00 2.153100000000000014e-01 7.910200000000000564e-02
-2.487699999999999800e+00 2.153100000000000014e-01 3.948000000000000120e-02
-2.459200000000000053e+00 2.153100000000000014e-01 1.466100000000000042e-02
-2.430600000000000094e+00 2.153100000000000014e-01 2.794800000000000062e-03
-2.402000000000000135e+00 2.153100000000000014e-01 4.903600000000000146e-04
-2.373400000000000176e+00 2.153100000000000014e-01 3.754500000000000025e-03
-2.344800000000000217e+00 2.153100000000000014e-01 8.599900000000000599e-03
-2.316199999999999815e+00 2.153100000000000014e-01 1.132200000000000047e-02
-2.287599999999999856e+00 2.153100000000000014e-01 1.353200000000000063e-02
-2.258999999999999897e+00 2.153100000000000014e-01 1.314700000000000070e-02
-2.230399999999999938e+00 2.153100000000000014e-01 1.065499999999999954e-02
-2.201799999999999979e+00 2.153100000000000014e-01 7.092499999999999846e-03
-2.173200000000000021e+00 2.153100000000000014e-01 3.625499999999999817e-03
-2.144600000000000062e+00 2.153100000000000014e-01 1.200300000000000065e-03
-2.116000000000000103e+00 2.153100000000000014e-01 3.358300000000000152e-04
-2.087400000000000144e+00 2.153100000000000014e-01 3.836500000000000283e-05
-2.058800000000000185e+00 2.153100000000000014e-01 5.586099999999999659e-04
-2.030199999999999783e+00 2.153100000000000014e-01 1.331300000000000105e-03
-2.001599999999999824e+00 2.153100000000000014e-01 1.826799999999999952e-03
-1.973000000000000087e+00 2.153100000000000014e-01 1.814499999999999924e-03
-1.944399999999999906e+00 2.153100000000000014e-01 1.483500000000000010e-03
-1.915799999999999947e+00 2.153100000000000014e-01 1.268999999999999946e-03
-1.887299999999999978e+00 2.153100000000000014e-01 1.155200000000000107e-03
-1.858700000000000019e+00 2.153100000000000014e-01 1.388799999999999930e-03
-1.830100000000000060e+00 2.153100000000000014e-01 2.801399999999999897e-03
-1.801500000000000101e+00 2.153100000000000014e-01 2.350099999999999932e-03
-1.772899999999999920e+00 2.153100000000000014e-01 1.660500000000000084e-03
-1.744299999999999962e+00 2.153100000000000014e-01 1.077900000000000039e-02
-1.715700000000000003e+00 2.153100000000000014e-01 1.702900000000000030e-03
-1.687100000000000044e+00 2.153100000000000014e-01 1.561000000000000104e-03
-1.658500000000000085e+00 2.153100000000000014e-01 1.678199999999999831e-02
-1.629899999999999904e+00 2.153100000000000014e-01 7.332999999999999892e-04
-1.601299999999999946e+00 2.153100000000000014e-01 2.090899999999999920e-04
-1.572699999999999987e+00 2.153100000000000014e-01 1.057900000000000019e-04
-1.544100000000000028e+00 2.153100000000000014e-01 5.245600000000000057e-05
-1.515500000000000069e+00 2.153100000000000014e-01 8.745100000000000009e-04
-1.486900000000000110e+00 2.153100000000000014e-01 1.034100000000000037e-03
-1.458299999999999930e+00 2.153100000000000014e-01 2.239700000000000122e-04
-1.429699999999999971e+00 2.153100000000000014e-01 1.558099999999999871e-04
-1.401100000000000012e+00 2.153100000000000014e-01 1.232000000000000131e-04
-1.372500000000000053e+00 2.153100000000000014e-01 9.803400000000000363e-05
-1.344000000000000083e+00 2.153100000000000014e-01 7.517100000000000247e-05
-1.315399999999999903e+00 2.153100000000000014e-01 6.088100000000000206e-05
-1.286799999999999944e+00 2.153100000000000014e-01 4.241600000000000182e-05
-1.258199999999999985e+00 2.153100000000000014e-01 2.810600000000000161e-05
-1.229600000000000026e+00 2.153100000000000014e-01 1.892700000000000022e-05
-1.201000000000000068e+00 2.153100000000000014e-01 1.698399999999999866e-05
-1.172400000000000109e+00 2.153100000000000014e-01 3.000000000000000076e-05
-1.143799999999999928e+00 2.153100000000000014e-01 4.109099999999999672e-05
-1.115199999999999969e+00 2.153100000000000014e-01 2.888300000000000112e-04
-1.086600000000000010e+00 2.153100000000000014e-01 3.310899999999999954e-02
-1.058000000000000052e+00 2.153100000000000014e-01 2.088899999999999939e-05
-1.029400000000000093e+00 2.153100000000000014e-01 3.590299999999999828e-05
-1.000799999999999912e+00 2.153100000000000014e-01 7.248799999999999952e-06
-9.722199999999999731e-01 2.153100000000000014e-01 1.417599999999999988e-06
-9.436299999999999688e-01 2.153100000000000014e-01 4.927300000000000241e-06
-9.150300000000000100e-01 2.153100000000000014e-01 9.608200000000000605e-06
-8.864400000000000057e-01 2.153100000000000014e-01 1.745399999999999925e-05
-8.578400000000000469e-01 2.153100000000000014e-01 2.399200000000000001e-05
-8.292500000000000426e-01 2.153100000000000014e-01 2.741000000000000015e-05
-8.006499999999999728e-01 2.153100000000000014e-01 2.669599999999999987e-05
-7.720599999999999685e-01 2.153100000000000014e-01 2.244400000000000060e-05
-7.434600000000000097e-01 2.153100000000000014e-01 1.591799999999999904e-05
-7.148700000000000054e-01 2.153100000000000014e-01 8.903999999999999792e-06
-6.862700000000000466e-01 2.153100000000000014e-01 4.896099999999999591e-06
-6.004899999999999682e-01 2.153100000000000014e-01 2.081200000000000081e-06
-5.718999999999999639e-01 2.153100000000000014e-01 5.758200000000000197e-06
-5.433000000000000052e-01 2.153100000000000014e-01 9.618499999999999473e-06
-5.147100000000000009e-01 2.153100000000000014e-01 1.212499999999999995e-05
-4.861099999999999866e-01 2.153100000000000014e-01 1.252899999999999981e-05
-4.575199999999999823e-01 2.153100000000000014e-01 1.111799999999999926e-05
-4.289200000000000235e-01 2.153100000000000014e-01 7.839700000000000512e-06
-4.003300000000000192e-01 2.153100000000000014e-01 3.875500000000000418e-06
-3.145399999999999863e-01 2.153100000000000014e-01 2.317499999999999834e-06
-2.859499999999999820e-01 2.153100000000000014e-01 5.372499999999999807e-06
-2.573500000000000232e-01 2.153100000000000014e-01 1.154200000000000062e-05
-2.287599999999999911e-01 2.153100000000000014e-01 1.828300000000000097e-05
-2.001600000000000046e-01 2.153100000000000014e-01 2.386700000000000036e-05
-1.715700000000000003e-01 2.153100000000000014e-01 2.684899999999999993e-05
-1.429700000000000137e-01 2.153100000000000014e-01 2.682999999999999892e-05
-1.143799999999999956e-01 2.153100000000000014e-01 2.421800000000000089e-05
-8.578399999999999914e-02 2.153100000000000014e-01 2.154699999999999885e-05
-5.718999999999999778e-02 2.153100000000000014e-01 1.743000000000000083e-05
-2.859499999999999889e-02 2.153100000000000014e-01 1.462600000000000023e-05
0.000000000000000000e+00 2.153100000000000014e-01 1.411499999999999954e-05
-4.489399999999999835e+00 2.440199999999999869e-01 1.677899999999999964e-03
-4.460799999999999876e+00 2.440199999999999869e-01 2.154200000000000212e-03
-4.432199999999999918e+00 2.440199999999999869e-01 2.470099999999999813e-03
-4.403599999999999959e+00 2.440199999999999869e-01 2.523099999999999909e-03
-4.375000000000000000e+00 2.440199999999999869e-01 2.272099999999999988e-03
-4.346400000000000041e+00 2.440199999999999869e-01 1.943700000000000028e-03
-4.317800000000000082e+00 2.440199999999999869e-01 1.319099999999999917e-03
-4.289200000000000124e+00 2.440199999999999869e-01 6.799899999999999998e-04
-4.260600000000000165e+00 2.440199999999999869e-01 1.989500000000000112e-04
-4.232000000000000206e+00 2.440199999999999869e-01 1.583500000000000001e-05
-4.203400000000000247e+00 2.440199999999999869e-01 1.712800000000000000e-04
-4.174800000000000288e+00 2.440199999999999869e-01 5.965099999999999656e-04
-4.146200000000000330e+00 2.440199999999999869e-01 9.514099999999999727e-04
-4.117600000000000371e+00 2.440199999999999869e-01 1.440300000000000044e-03
-4.089100000000000179e+00 2.440199999999999869e-01 1.719199999999999938e-03
-4.060500000000000220e+00 2.440199999999999869e-01 1.676399999999999982e-03
-4.031900000000000261e+00 2.440199999999999869e-01 1.307199999999999898e-03
-4.003300000000000303e+00 2.440199999999999869e-01 7.605300000000000385e-04
-3.974699999999999900e+00 2.440199999999999869e-01 2.554200000000000177e-04
-3.946099999999999941e+00 2.440199999999999869e-01 5.290299999999999815e-05
-3.917499999999999982e+00 2.440199999999999869e-01 6.750399999999999608e-05
-3.888900000000000023e+00 2.440199999999999869e-01 4.817199999999999889e-04
-3.860300000000000065e+00 2.440199999999999869e-01 1.180199999999999956e-03
-3.831700000000000106e+00 2.440199999999999869e-01 1.915100000000000092e-03
-3.803100000000000147e+00 2.440199999999999869e-01 2.406999999999999851e-03
-3.774500000000000188e+00 2.440199999999999869e-01 2.472600000000000145e-03
-3.745899999999999785e+00 2.440199999999999869e-01 2.264700000000000133e-03
-3.717299999999999827e+00 2.440199999999999869e-01 1.715900000000000021e-03
-3.688699999999999868e+00 2.440199999999999869e-01 1.211300000000000007e-03
-3.660099999999999909e+00 2.440199999999999869e-01 1.185099999999999912e-03
-3.631499999999999950e+00 2.440199999999999869e-01 2.009899999999999794e-03
-3.602899999999999991e+00 2.440199999999999869e-01 3.815499999999999881e-03
-3.574300000000000033e+00 2.440199999999999869e-01 6.395699999999999823e-03
-3.545799999999999841e+00 2.440199999999999869e-01 8.302999999999999617e-03
-3.517199999999999882e+00 2.440199999999999869e-01 1.080099999999999984e-02
-3.488599999999999923e+00 2.440199999999999869e-01 1.227199999999999992e-02
-3.459999999999999964e+00 2.440199999999999869e-01 1.218299999999999939e-02
-3.431400000000000006e+00 2.440199999999999869e-01 1.035499999999999962e-02
-3.402800000000000047e+00 2.440199999999999869e-01 7.118000000000000195e-03
-3.374200000000000088e+00 2.440199999999999869e-01 3.504399999999999963e-03
-3.345600000000000129e+00 2.440199999999999869e-01 1.506200000000000074e-03
-3.317000000000000171e+00 2.440199999999999869e-01 3.246200000000000192e-05
-3.288400000000000212e+00 2.440199999999999869e-01 1.151700000000000076e-03
-3.259799999999999809e+00 2.440199999999999869e-01 4.954499999999999703e-03
-3.231199999999999850e+00 2.440199999999999869e-01 1.068599999999999932e-02
-3.202599999999999891e+00 2.440199999999999869e-01 1.670699999999999963e-02
-3.173999999999999932e+00 2.440199999999999869e-01 2.095199999999999840e-02
-3.145399999999999974e+00 2.440199999999999869e-01 2.194199999999999970e-02
-3.116800000000000015e+00 2.440199999999999869e-01 1.986500000000000071e-02
-3.088200000000000056e+00 2.440199999999999869e-01 1.399700000000000076e-02
-3.059600000000000097e+00 2.440199999999999869e-01 6.484700000000000360e-03
-3.031000000000000139e+00 2.440199999999999869e-01 8.304900000000000259e-04
-3.002499999999999947e+00 2.440199999999999869e-01 1.667800000000000098e-03
-2.973899999999999988e+00 2.440199999999999869e-01 1.351300000000000071e-02
-2.945300000000000029e+00 2.440199999999999869e-01 2.920700000000000032e-02
-2.916700000000000070e+00 2.440199999999999869e-01 6.557699999999999640e-02
-2.888100000000000112e+00 2.440199999999999869e-01 1.157600000000000018e-01
-2.859500000000000153e+00 2.440199999999999869e-01 1.767600000000000005e-01
-2.830900000000000194e+00 2.440199999999999869e-01 2.433400000000000007e-01
-2.802299999999999791e+00 2.440199999999999869e-01 3.070999999999999841e-01
-2.773699999999999832e+00 2.440199999999999869e-01 3.571300000000000030e-01
-2.745099999999999874e+00 2.440199999999999869e-01 3.798300000000000010e-01
-2.716499999999999915e+00 2.440199999999999869e-01 3.939300000000000024e-01
-2.687899999999999956e+00 2.440199999999999869e-01 3.827800000000000091e-01
-2.659299999999999997e+00 2.440199999999999869e-01 3.493700000000000139e-01
-2.630700000000000038e+00 2.440199999999999869e-01 3.003100000000000214e-01
-2.602100000000000080e+00 2.440199999999999869e-01 2.395400000000000029e-01
-2.573500000000000121e+00 2.440199999999999869e-01 1.742499999999999882e-01
-2.544900000000000162e+00 2.440199999999999869e-01 1.133200000000000041e-01
-2.516300000000000203e+00 2.440199999999999869e-01 7.891800000000000204e-02
-2.487699999999999800e+00 2.440199999999999869e-01 3.919899999999999773e-02
-2.459200000000000053e+00 2.440199999999999869e-01 1.443799999999999945e-02
-2.430600000000000094e+00 2.440199999999999869e-01 2.649700000000000059e-03
-2.402000000000000135e+00 2.440199999999999869e-01 4.400200000000000053e-04
-2.373400000000000176e+00 2.440199999999999869e-01 3.806400000000000148e-03
-2.344800000000000217e+00 2.440199999999999869e-01 8.736799999999999428e-03
-2.316199999999999815e+00 2.440199999999999869e-01 1.147800000000000036e-02
-2.287599999999999856e+00 2.440199999999999869e-01 1.367900000000000019e-02
-2.258999999999999897e+00 2.440199999999999869e-01 1.321699999999999958e-02
-2.230399999999999938e+00 2.440199999999999869e-01 1.068500000000000005e-02
-2.201799999999999979e+00 2.440199999999999869e-01 7.062399999999999928e-03
-2.173200000000000021e+00 2.440199999999999869e-01 3.572000000000000088e-03
-2.144600000000000062e+00 2.440199999999999869e-01 1.153399999999999955e-03
-2.116000000000000103e+00 2.440199999999999869e-01 3.050799999999999996e-04
-2.087400000000000144e+00 2.440199999999999869e-01 5.949499999999999873e-05
-2.058800000000000185e+00 2.440199999999999869e-01 6.365999999999999697e-04
-2.030199999999999783e+00 2.440199999999999869e-01 1.463600000000000014e-03
-2.001599999999999824e+00 2.440199999999999869e-01 2.003500000000000072e-03
-1.973000000000000087e+00 2.440199999999999869e-01 1.994800000000000132e-03
-1.944399999999999906e+00 2.440199999999999869e-01 1.659499999999999951e-03
-1.915799999999999947e+00 2.440199999999999869e-01 1.446299999999999973e-03
-1.887299999999999978e+00 2.440199999999999869e-01 1.361999999999999929e-03
-1.858700000000000019e+00 2.440199999999999869e-01 1.629199999999999919e-03
-1.830100000000000060e+00 2.440199999999999869e-01 2.681900000000000082e-03
-1.801500000000000101e+00 2.440199999999999869e-01 3.996699999999999732e-03
-1.772899999999999920e+00 2.440199999999999869e-01 1.453499999999999931e-03
-1.744299999999999962e+00 2.440199999999999869e-01 1.399199999999999923e-02
-1.715700000000000003e+00 2.440199999999999869e-01 2.535599999999999833e-03
-1.687100000000000044e+00 2.440199999999999869e-01 1.337099999999999921e-03
-1.658500000000000085e+00 2.440199999999999869e-01 1.684499999999999886e-02
-1.629899999999999904e+00 2.440199999999999869e-01 1.116299999999999975e-03
-1.601299999999999946e+00 2.440199999999999869e-01 2.175000000000000013e-04
-1.572699999999999987e+00 2.440199999999999869e-01 9.380399999999999839e-05
-1.544100000000000028e+00 2.440199999999999869e-01 3.537999999999999668e-05
-1.515500000000000069e+00 2.440199999999999869e-01 3.894999999999999808e-04
-1.486900000000000110e+00 2.440199999999999869e-01 2.157200000000000176e-03
-1.458299999999999930e+00 2.440199999999999869e-01 2.998899999999999765e-04
-1.429699999999999971e+00 2.440199999999999869e-01 1.928999999999999996e-04
-1.401100000000000012e+00 2.440199999999999869e-01 1.476299999999999943e-04
-1.372500000000000053e+00 2.440199999999999869e-01 1.156699999999999954e-04
-1.344000000000000083e+00 2.440199999999999869e-01 8.805999999999999375e-05
-1.315399999999999903e+00 2.440199999999999869e-01 7.147799999999999564e-05
-1.286799999999999944e+00 2.440199999999999869e-01 4.989299999999999817e-05
-1.258199999999999985e+00 2.440199999999999869e-01 3.276100000000000024e-05
-1.229600000000000026e+00 2.440199999999999869e-01 2.076000000000000114e-05
-1.201000000000000068e+00 2.440199999999999869e-01 1.547400000000000126e-05
-1.172400000000000109e+00 2.440199999999999869e-01 2.267100000000000029e-05
-1.143799999999999928e+00 2.440199999999999869e-01 2.262599999999999987e-05
-1.115199999999999969e+00 2.440199999999999869e-01 3.712899999999999773e-04
-1.086600000000000010e+00 2.440199999999999869e-01 5.328900000000000303e-02
-1.058000000000000052e+00 2.440199999999999869e-01 7.610799999999999705e-05
-1.029400000000000093e+00 2.440199999999999869e-01 2.498600000000000099e-05
-1.000799999999999912e+00 2.440199999999999869e-01 7.600299999999999890e-06
-9.722199999999999731e-01 2.440199999999999869e-01 2.204800000000000049e-06
-9.436299999999999688e-01 2.440199999999999869e-01 5.540999999999999973e-06
-9.150300000000000100e-01 2.440199999999999869e-01 9.999900000000000599e-06
-8.864400000000000057e-01 2.440199999999999869e-01 1.752700000000000007e-05
-8.578400000000000469e-01 2.440199999999999869e-01 2.382700000000000074e-05
-8.292500000000000426e-01 2.440199999999999869e-01 2.709700000000000162e-05
-8.006499999999999728e-01 2.440199999999999869e-01 2.641500000000000036e-05
-7.720599999999999685e-01 2.440199999999999869e-01 2.226399999999999893e-05
-7.434600000000000097e-01 2.440199999999999869e-01 1.586000000000000062e-05
-7.148700000000000054e-01 2.440199999999999869e-01 8.936000000000000502e-06
-6.862700000000000466e-01 2.440199999999999869e-01 4.970799999999999909e-06
-6.576800000000000423e-01 2.440199999999999869e-01 1.033499999999999930e-06
-6.004899999999999682e-01 2.440199999999999869e-01 1.964000000000000169e-06
-5.718999999999999639e-01 2.440199999999999869e-01 5.543999999999999775e-06
-5.433000000000000052e-01 2.440199999999999869e-01 9.357800000000000428e-06
-5.147100000000000009e-01 2.440199999999999869e-01 1.188200000000000076e-05
-4.861099999999999866e-01 2.440199999999999869e-01 1.234400000000000074e-05
-4.575199999999999823e-01 2.440199999999999869e-01 1.104900000000000043e-05
-4.289200000000000235e-01 2.440199999999999869e-01 7.886800000000000451e-06
-4.003300000000000192e-01 2.440199999999999869e-01 3.971200000000000196e-06
-3.145399999999999863e-01 2.440199999999999869e-01 2.145500000000000041e-06
-2.859499999999999820e-01 2.440199999999999869e-01 5.114099999999999876e-06
-2.573500000000000232e-01 2.440199999999999869e-01 1.123099999999999970e-05
-2.287599999999999911e-01 2.440199999999999869e-01 1.804800000000000067e-05
-2.001600000000000046e-01 2.440199999999999869e-01 2.388499999999999917e-05
-1.715700000000000003e-01 2.440199999999999869e-01 2.727000000000000149e-05
-1.429700000000000137e-01 2.440199999999999869e-01 2.775000000000000028e-05
-1.143799999999999956e-01 2.440199999999999869e-01 2.557900000000000023e-05
-8.578399999999999914e-02 2.440199999999999869e-01 2.316900000000000128e-05
-5.718999999999999778e-02 2.440199999999999869e-01 1.926199999999999955e-05
-2.859499999999999889e-02 2.440199999999999869e-01 1.645899999999999946e-05
0.000000000000000000e+00 2.440199999999999869e-01 1.570199999999999976e-05
-4.489399999999999835e+00 2.727299999999999724e-01 9.940699999999998929e-04
-4.460799999999999876e+00 2.727299999999999724e-01 1.236600000000000026e-03
-4.432199999999999918e+00 2.727299999999999724e-01 1.389199999999999940e-03
-4.403599999999999959e+00 2.727299999999999724e-01 1.392900000000000084e-03
-4.375000000000000000e+00 2.727299999999999724e-01 1.232299999999999975e-03
-4.346400000000000041e+00 2.727299999999999724e-01 1.049000000000000019e-03
-4.317800000000000082e+00 2.727299999999999724e-01 7.057499999999999971e-04
-4.289200000000000124e+00 2.727299999999999724e-01 3.593800000000000184e-04
-4.260600000000000165e+00 2.727299999999999724e-01 1.023100000000000013e-04
-4.232000000000000206e+00 2.727299999999999724e-01 4.561900000000000318e-06
-4.203400000000000247e+00 2.727299999999999724e-01 8.694299999999999750e-05
-4.174800000000000288e+00 2.727299999999999724e-01 3.099299999999999820e-04
-4.146200000000000330e+00 2.727299999999999724e-01 4.937700000000000379e-04
-4.117600000000000371e+00 2.727299999999999724e-01 7.475599999999999780e-04
-4.089100000000000179e+00 2.727299999999999724e-01 8.869499999999999563e-04
-4.060500000000000220e+00 2.727299999999999724e-01 8.534999999999999835e-04
-4.031900000000000261e+00 2.727299999999999724e-01 6.575199999999999795e-04
-4.003300000000000303e+00 2.727299999999999724e-01 3.723199999999999860e-04
-3.974699999999999900e+00 2.727299999999999724e-01 1.148799999999999979e-04
-3.946099999999999941e+00 2.727299999999999724e-01 1.941100000000000101e-05
-3.917499999999999982e+00 2.727299999999999724e-01 5.020000000000000048e-05
-3.888900000000000023e+00 2.727299999999999724e-01 3.011199999999999901e-04
-3.860300000000000065e+00 2.727299999999999724e-01 7.036100000000000210e-04
-3.831700000000000106e+00 2.727299999999999724e-01 1.124900000000000075e-03
-3.803100000000000147e+00 2.727299999999999724e-01 1.413600000000000100e-03
-3.774500000000000188e+00 2.727299999999999724e-01 1.459699999999999973e-03
-3.745899999999999785e+00 2.727299999999999724e-01 1.350800000000000091e-03
-3.717299999999999827e+00 2.727299999999999724e-01 1.059400000000000055e-03
-3.688699999999999868e+00 2.727299999999999724e-01 7.872000000000000525e-04
-3.660099999999999909e+00 2.727299999999999724e-01 7.754500000000000108e-04
-3.631499999999999950e+00 2.727299999999999724e-01 1.227500000000000075e-03
-3.602899999999999991e+00 2.727299999999999724e-01 2.229200000000000192e-03
-3.574300000000000033e+00 2.727299999999999724e-01 3.662100000000000164e-03
-3.545799999999999841e+00 2.727299999999999724e-01 4.708500000000000012e-03
-3.517199999999999882e+00 2.727299999999999724e-01 6.116700000000000088e-03
-3.488599999999999923e+00 2.727299999999999724e-01 6.975199999999999977e-03
-3.459999999999999964e+00 2.727299999999999724e-01 6.938699999999999903e-03
-3.431400000000000006e+00 2.727299999999999724e-01 5.924300000000000399e-03
-3.402800000000000047e+00 2.727299999999999724e-01 4.147500000000000145e-03
-3.374200000000000088e+00 2.727299999999999724e-01 2.103499999999999901e-03
-3.345600000000000129e+00 2.727299999999999724e-01 9.448199999999999698e-04
-3.317000000000000171e+00 2.727299999999999724e-01 3.294400000000000171e-05
-3.288400000000000212e+00 2.727299999999999724e-01 5.319500000000000010e-04
-3.259799999999999809e+00 2.727299999999999724e-01 2.554900000000000140e-03
-3.231199999999999850e+00 2.727299999999999724e-01 5.670999999999999826e-03
-3.202599999999999891e+00 2.727299999999999724e-01 9.035400000000000723e-03
-3.173999999999999932e+00 2.727299999999999724e-01 1.150499999999999960e-02
-3.145399999999999974e+00 2.727299999999999724e-01 1.211899999999999956e-02
-3.116800000000000015e+00 2.727299999999999724e-01 1.109100000000000016e-02
-3.088200000000000056e+00 2.727299999999999724e-01 7.966100000000000264e-03
-3.059600000000000097e+00 2.727299999999999724e-01 3.814500000000000182e-03
-3.031000000000000139e+00 2.727299999999999724e-01 5.690299999999999915e-04
-3.002499999999999947e+00 2.727299999999999724e-01 7.345000000000000183e-04
-2.973899999999999988e+00 2.727299999999999724e-01 6.927700000000000177e-03
-2.945300000000000029e+00 2.727299999999999724e-01 1.535000000000000080e-02
-2.916700000000000070e+00 2.727299999999999724e-01 3.497700000000000115e-02
-2.888100000000000112e+00 2.727299999999999724e-01 6.254400000000000237e-02
-2.859500000000000153e+00 2.727299999999999724e-01 9.634199999999999708e-02
-2.830900000000000194e+00 2.727299999999999724e-01 1.329700000000000049e-01
-2.802299999999999791e+00 2.727299999999999724e-01 1.681999999999999884e-01
-2.773699999999999832e+00 2.727299999999999724e-01 1.971700000000000119e-01
-2.745099999999999874e+00 2.727299999999999724e-01 2.104100000000000137e-01
-2.716499999999999915e+00 2.727299999999999724e-01 2.184899999999999898e-01
-2.687899999999999956e+00 2.727299999999999724e-01 2.126399999999999957e-01
-2.659299999999999997e+00 2.727299999999999724e-01 1.950199999999999989e-01
-2.630700000000000038e+00 2.727299999999999724e-01 1.676600000000000035e-01
-2.602100000000000080e+00 2.727299999999999724e-01 1.338999999999999913e-01
-2.573500000000000121e+00 2.727299999999999724e-01 9.787400000000000266e-02
-2.544900000000000162e+00 2.727299999999999724e-01 6.393200000000000272e-02
-2.516300000000000203e+00 2.727299999999999724e-01 4.446599999999999858e-02
-2.487699999999999800e+00 2.727299999999999724e-01 2.204700000000000062e-02
-2.459200000000000053e+00 2.727299999999999724e-01 8.075799999999999298e-03
-2.430600000000000094e+00 2.727299999999999724e-01 1.447099999999999992e-03
-2.402000000000000135e+00 2.727299999999999724e-01 2.452600000000000201e-04
-2.373400000000000176e+00 2.727299999999999724e-01 2.196700000000000215e-03
-2.344800000000000217e+00 2.727299999999999724e-01 5.069099999999999995e-03
-2.316199999999999815e+00 2.727299999999999724e-01 6.656600000000000364e-03
-2.287599999999999856e+00 2.727299999999999724e-01 7.905000000000000568e-03
-2.258999999999999897e+00 2.727299999999999724e-01 7.676599999999999570e-03
-2.230399999999999938e+00 2.727299999999999724e-01 6.228499999999999662e-03
-2.201799999999999979e+00 2.727299999999999724e-01 4.134699999999999834e-03
-2.173200000000000021e+00 2.727299999999999724e-01 2.102000000000000136e-03
-2.144600000000000062e+00 2.727299999999999724e-01 6.845199999999999852e-04
-2.116000000000000103e+00 2.727299999999999724e-01 1.898299999999999901e-04
-2.087400000000000144e+00 2.727299999999999724e-01 4.441600000000000300e-05
-2.058800000000000185e+00 2.727299999999999724e-01 3.836099999999999948e-04
-2.030199999999999783e+00 2.727299999999999724e-01 8.852299999999999796e-04
-2.001599999999999824e+00 2.727299999999999724e-01 1.226099999999999933e-03
-1.973000000000000087e+00 2.727299999999999724e-01 1.253699999999999953e-03
-1.944399999999999906e+00 2.727299999999999724e-01 1.082400000000000072e-03
-1.915799999999999947e+00 2.727299999999999724e-01 9.765299999999999762e-04
-1.887299999999999978e+00 2.727299999999999724e-01 9.771700000000000785e-04
-1.858700000000000019e+00 2.727299999999999724e-01 1.192399999999999927e-03
-1.830100000000000060e+00 2.727299999999999724e-01 1.506500000000000027e-03
-1.801500000000000101e+00 2.727299999999999724e-01 4.381900000000000205e-03
-1.772899999999999920e+00 2.727299999999999724e-01 7.200200000000000350e-04
-1.744299999999999962e+00 2.727299999999999724e-01 1.002899999999999972e-02
-1.715700000000000003e+00 2.727299999999999724e-01 2.883600000000000052e-03
-1.687100000000000044e+00 2.727299999999999724e-01 6.858899999999999806e-04
-1.658500000000000085e+00 2.727299999999999724e-01 6.735599999999999574e-03
-1.629899999999999904e+00 2.727299999999999724e-01 1.057599999999999903e-03
-1.601299999999999946e+00 2.727299999999999724e-01 1.393699999999999887e-04
-1.572699999999999987e+00 2.727299999999999724e-01 5.095800000000000237e-05
-1.544100000000000028e+00 2.727299999999999724e-01 1.822999999999999995e-05
-1.515500000000000069e+00 2.727299999999999724e-01 2.247299999999999981e-05
-1.486900000000000110e+00 2.727299999999999724e-01 2.656599999999999847e-03
-1.458299999999999930e+00 2.727299999999999724e-01 2.700399999999999827e-04
-1.429699999999999971e+00 2.727299999999999724e-01 1.512600000000000121e-04
-1.401100000000000012e+00 2.727299999999999724e-01 1.092900000000000056e-04
-1.372500000000000053e+00 2.727299999999999724e-01 8.354199999999999398e-05
-1.344000000000000083e+00 2.727299999999999724e-01 6.337599999999999766e-05
-1.315399999999999903e+00 2.727299999999999724e-01 5.167400000000000026e-05
-1.286799999999999944e+00 2.727299999999999724e-01 3.630099999999999684e-05
-1.258199999999999985e+00 2.727299999999999724e-01 2.380700000000000093e-05
-1.229600000000000026e+00 2.727299999999999724e-01 1.439800000000000005e-05
-1.201000000000000068e+00 2.727299999999999724e-01 8.414400000000000278e-06
-1.172400000000000109e+00 2.727299999999999724e-01 7.760000000000000242e-06
-1.143799999999999928e+00 2.727299999999999724e-01 1.597199999999999887e-05
-1.115199999999999969e+00 2.727299999999999724e-01 7.725699999999999571e-05
-1.086600000000000010e+00 2.727299999999999724e-01 3.335299999999999810e-03
-1.058000000000000052e+00 2.727299999999999724e-01 5.646899999999999755e-05
-1.029400000000000093e+00 2.727299999999999724e-01 1.019399999999999930e-05
-1.000799999999999912e+00 2.727299999999999724e-01 5.297300000000000087e-06
-9.722199999999999731e-01 2.727299999999999724e-01 2.535199999999999884e-06
-9.436299999999999688e-01 2.727299999999999724e-01 4.456700000000000037e-06
-9.150300000000000100e-01 2.727299999999999724e-01 6.978999999999999588e-06
-8.864400000000000057e-01 2.727299999999999724e-01 1.127000000000000052e-05
-8.578400000000000469e-01 2.727299999999999724e-01 1.485199999999999943e-05
-8.292500000000000426e-01 2.727299999999999724e-01 1.666599999999999934e-05
-8.006499999999999728e-01 2.727299999999999724e-01 1.627300000000000157e-05
-7.720599999999999685e-01 2.727299999999999724e-01 1.378300000000000000e-05
-7.434600000000000097e-01 2.727299999999999724e-01 9.916200000000000028e-06
-7.148700000000000054e-01 2.727299999999999724e-01 5.736699999999999641e-06
-6.862700000000000466e-01 2.727299999999999724e-01 3.306000000000000196e-06
-5.718999999999999639e-01 2.727299999999999724e-01 2.945000000000000179e-06
-5.433000000000000052e-01 2.727299999999999724e-01 5.074100000000000259e-06
-5.147100000000000009e-01 2.727299999999999724e-01 6.512099999999999874e-06
-4.861099999999999866e-01 2.727299999999999724e-01 6.805000000000000068e-06
-4.575199999999999823e-01 2.727299999999999724e-01 6.107400000000000174e-06
-4.289200000000000235e-01 2.727299999999999724e-01 4.311799999999999951e-06
-4.003300000000000192e-01 2.727299999999999724e-01 2.131899999999999866e-06
-3.145399999999999863e-01 2.727299999999999724e-01 1.412099999999999999e-06
-2.859499999999999820e-01 2.727299999999999724e-01 3.217500000000000111e-06
-2.573500000000000232e-01 2.727299999999999724e-01 6.936899999999999601e-06
-2.287599999999999911e-01 2.727299999999999724e-01 1.106699999999999924e-05
-2.001600000000000046e-01 2.727299999999999724e-01 1.463799999999999944e-05
-1.715700000000000003e-01 2.727299999999999724e-01 1.687800000000000002e-05
-1.429700000000000137e-01 2.727299999999999724e-01 1.737300000000000121e-05
-1.143799999999999956e-01 2.727299999999999724e-01 1.629699999999999999e-05
-8.578399999999999914e-02 2.727299999999999724e-01 1.503400000000000039e-05
-5.718999999999999778e-02 2.727299999999999724e-01 1.294500000000000057e-05
-2.859499999999999889e-02 2.727299999999999724e-01 1.135500000000000055e-05
0.000000000000000000e+00 2.727299999999999724e-01 1.086299999999999916e-05
-4.489399999999999835e+00 3.014399999999999857e-01 2.252400000000000051e-04
-4.460799999999999876e+00 3.014399999999999857e-01 2.517500000000000206e-04
-4.432199999999999918e+00 3.014399999999999857e-01 2.559999999999999884e-04
-4.403599999999999959e+00 3.014399999999999857e-01 2.363699999999999883e-04
-4.375000000000000000e+00 3.014399999999999857e-01 2.153799999999999877e-04
-4.346400000000000041e+00 3.014399999999999857e-01 1.653699999999999972e-04
-4.317800000000000082e+00 3.014399999999999857e-01 1.042599999999999945e-04
-4.289200000000000124e+00 3.014399999999999857e-01 4.961199999999999866e-05
-4.260600000000000165e+00 3.014399999999999857e-01 1.264600000000000056e-05
-4.203400000000000247e+00 3.014399999999999857e-01 1.196499999999999979e-05
-4.174800000000000288e+00 3.014399999999999857e-01 4.191999999999999844e-05
-4.146200000000000330e+00 3.014399999999999857e-01 6.617599999999999795e-05
-4.117600000000000371e+00 3.014399999999999857e-01 9.399499999999999706e-05
-4.089100000000000179e+00 3.014399999999999857e-01 1.043599999999999969e-04
-4.060500000000000220e+00 3.014399999999999857e-01 9.496300000000000542e-05
-4.031900000000000261e+00 3.014399999999999857e-01 6.441399999999999687e-05
-4.003300000000000303e+00 3.014399999999999857e-01 2.550299999999999960e-05
-3.974699999999999900e+00 3.014399999999999857e-01 3.011499999999999881e-06
-3.946099999999999941e+00 3.014399999999999857e-01 3.059399999999999880e-06
-3.917499999999999982e+00 3.014399999999999857e-01 3.335299999999999729e-05
-3.888900000000000023e+00 3.014399999999999857e-01 9.804399999999999845e-05
-3.860300000000000065e+00 3.014399999999999857e-01 1.834799999999999983e-04
-3.831700000000000106e+00 3.014399999999999857e-01 2.658800000000000226e-04
-3.803100000000000147e+00 3.014399999999999857e-01 3.166500000000000261e-04
-3.774500000000000188e+00 3.014399999999999857e-01 3.231099999999999879e-04
-3.745899999999999785e+00 3.014399999999999857e-01 3.072199999999999757e-04
-3.717299999999999827e+00 3.014399999999999857e-01 2.566600000000000261e-04
-3.688699999999999868e+00 3.014399999999999857e-01 2.116200000000000101e-04
-3.660099999999999909e+00 3.014399999999999857e-01 2.168899999999999919e-04
-3.631499999999999950e+00 3.014399999999999857e-01 3.076800000000000086e-04
-3.602899999999999991e+00 3.014399999999999857e-01 4.923899999999999935e-04
-3.574300000000000033e+00 3.014399999999999857e-01 7.526399999999999497e-04
-3.545799999999999841e+00 3.014399999999999857e-01 9.478899999999999522e-04
-3.517199999999999882e+00 3.014399999999999857e-01 1.215900000000000010e-03
-3.488599999999999923e+00 3.014399999999999857e-01 1.356500000000000067e-03
-3.459999999999999964e+00 3.014399999999999857e-01 1.357499999999999983e-03
-3.431400000000000006e+00 3.014399999999999857e-01 1.188000000000000037e-03
-3.402800000000000047e+00 3.014399999999999857e-01 8.564500000000000281e-04
-3.374200000000000088e+00 3.014399999999999857e-01 4.580699999999999833e-04
-3.345600000000000129e+00 3.014399999999999857e-01 2.299000000000000045e-04
-3.317000000000000171e+00 3.014399999999999857e-01 1.636299999999999902e-05
-3.288400000000000212e+00 3.014399999999999857e-01 5.162099999999999924e-05
-3.259799999999999809e+00 3.014399999999999857e-01 3.525000000000000030e-04
-3.231199999999999850e+00 3.014399999999999857e-01 8.951900000000000265e-04
-3.202599999999999891e+00 3.014399999999999857e-01 1.505899999999999904e-03
-3.173999999999999932e+00 3.014399999999999857e-01 1.969700000000000010e-03
-3.145399999999999974e+00 3.014399999999999857e-01 2.105999999999999799e-03
-3.116800000000000015e+00 3.014399999999999857e-01 2.054100000000000110e-03
-3.088200000000000056e+00 3.014399999999999857e-01 1.551400000000000088e-03
-3.059600000000000097e+00 3.014399999999999857e-01 8.184200000000000415e-04
-3.031000000000000139e+00 3.014399999999999857e-01 1.751199999999999903e-04
-3.002499999999999947e+00 3.014399999999999857e-01 3.582100000000000144e-05
-2.973899999999999988e+00 3.014399999999999857e-01 8.649699999999999533e-04
-2.945300000000000029e+00 3.014399999999999857e-01 2.126400000000000078e-03
-2.916700000000000070e+00 3.014399999999999857e-01 5.302600000000000195e-03
-2.888100000000000112e+00 3.014399999999999857e-01 9.933900000000000716e-03
-2.859500000000000153e+00 3.014399999999999857e-01 1.538899999999999990e-02
-2.830900000000000194e+00 3.014399999999999857e-01 2.189800000000000080e-02
-2.802299999999999791e+00 3.014399999999999857e-01 2.850099999999999856e-02
-2.773699999999999832e+00 3.014399999999999857e-01 3.368499999999999966e-02
-2.745099999999999874e+00 3.014399999999999857e-01 3.574100000000000193e-02
-2.716499999999999915e+00 3.014399999999999857e-01 3.807300000000000267e-02
-2.687899999999999956e+00 3.014399999999999857e-01 3.780800000000000133e-02
-2.659299999999999997e+00 3.014399999999999857e-01 3.467800000000000049e-02
-2.630700000000000038e+00 3.014399999999999857e-01 2.973400000000000001e-02
-2.602100000000000080e+00 3.014399999999999857e-01 2.453200000000000172e-02
-2.573500000000000121e+00 3.014399999999999857e-01 1.807599999999999832e-02
-2.544900000000000162e+00 3.014399999999999857e-01 1.182500000000000044e-02
-2.516300000000000203e+00 3.014399999999999857e-01 8.286800000000000416e-03
-2.487699999999999800e+00 3.014399999999999857e-01 4.198099999999999749e-03
-2.459200000000000053e+00 3.014399999999999857e-01 1.546000000000000065e-03
-2.430600000000000094e+00 3.014399999999999857e-01 2.716099999999999830e-04
-2.402000000000000135e+00 3.014399999999999857e-01 3.401300000000000113e-05
-2.373400000000000176e+00 3.014399999999999857e-01 4.231999999999999868e-04
-2.344800000000000217e+00 3.014399999999999857e-01 9.977899999999999183e-04
-2.316199999999999815e+00 3.014399999999999857e-01 1.331500000000000001e-03
-2.287599999999999856e+00 3.014399999999999857e-01 1.638399999999999926e-03
-2.258999999999999897e+00 3.014399999999999857e-01 1.626000000000000058e-03
-2.230399999999999938e+00 3.014399999999999857e-01 1.340499999999999895e-03
-2.201799999999999979e+00 3.014399999999999857e-01 9.366799999999999562e-04
-2.173200000000000021e+00 3.014399999999999857e-01 5.148000000000000449e-04
-2.144600000000000062e+00 3.014399999999999857e-01 1.962599999999999946e-04
-2.116000000000000103e+00 3.014399999999999857e-01 7.347999999999999443e-05
-2.087400000000000144e+00 3.014399999999999857e-01 1.591900000000000124e-05
-2.058800000000000185e+00 3.014399999999999857e-01 6.973399999999999337e-05
-2.030199999999999783e+00 3.014399999999999857e-01 1.694800000000000104e-04
-2.001599999999999824e+00 3.014399999999999857e-01 2.561199999999999805e-04
-1.973000000000000087e+00 3.014399999999999857e-01 2.909100000000000184e-04
-1.944399999999999906e+00 3.014399999999999857e-01 2.810499999999999739e-04
-1.915799999999999947e+00 3.014399999999999857e-01 2.769700000000000265e-04
-1.887299999999999978e+00 3.014399999999999857e-01 3.142900000000000012e-04
-1.858700000000000019e+00 3.014399999999999857e-01 3.922999999999999946e-04
-1.830100000000000060e+00 3.014399999999999857e-01 4.414099999999999903e-04
-1.801500000000000101e+00 3.014399999999999857e-01 1.698199999999999970e-03
-1.772899999999999920e+00 3.014399999999999857e-01 1.725300000000000032e-04
-1.744299999999999962e+00 3.014399999999999857e-01 1.841600000000000095e-03
-1.715700000000000003e+00 3.014399999999999857e-01 1.506600000000000083e-03
-1.687100000000000044e+00 3.014399999999999857e-01 1.746999999999999909e-04
-1.658500000000000085e+00 3.014399999999999857e-01 8.709199999999999624e-04
-1.629899999999999904e+00 3.014399999999999857e-01 1.144400000000000061e-03
-1.601299999999999946e+00 3.014399999999999857e-01 3.958599999999999673e-05
-1.572699999999999987e+00 3.014399999999999857e-01 1.175500000000000011e-05
-1.515500000000000069e+00 3.014399999999999857e-01 7.173500000000000013e-06
-1.486900000000000110e+00 3.014399999999999857e-01 9.048199999999999733e-04
-1.458299999999999930e+00 3.014399999999999857e-01 1.030100000000000048e-04
-1.429699999999999971e+00 3.014399999999999857e-01 4.817199999999999889e-05
-1.401100000000000012e+00 3.014399999999999857e-01 3.371499999999999823e-05
-1.372500000000000053e+00 3.014399999999999857e-01 2.580999999999999852e-05
-1.344000000000000083e+00 3.014399999999999857e-01 1.994900000000000162e-05
-1.315399999999999903e+00 3.014399999999999857e-01 1.652900000000000048e-05
-1.286799999999999944e+00 3.014399999999999857e-01 1.196300000000000049e-05
-1.258199999999999985e+00 3.014399999999999857e-01 8.262400000000000717e-06
-1.229600000000000026e+00 3.014399999999999857e-01 5.175300000000000238e-06
-1.201000000000000068e+00 3.014399999999999857e-01 2.701600000000000104e-06
-1.143799999999999928e+00 3.014399999999999857e-01 6.258400000000000084e-06
-1.115199999999999969e+00 3.014399999999999857e-01 6.413400000000000632e-05
-1.086600000000000010e+00 3.014399999999999857e-01 8.406099999999999900e-04
-1.058000000000000052e+00 3.014399999999999857e-01 7.714199999999999765e-06
-1.029400000000000093e+00 3.014399999999999857e-01 2.813499999999999829e-06
-1.000799999999999912e+00 3.014399999999999857e-01 2.654199999999999931e-06
-9.722199999999999731e-01 3.014399999999999857e-01 2.072900000000000092e-06
-9.436299999999999688e-01 3.014399999999999857e-01 2.449099999999999980e-06
-9.150300000000000100e-01 3.014399999999999857e-01 2.982099999999999790e-06
-8.864400000000000057e-01 3.014399999999999857e-01 3.878699999999999811e-06
-8.578400000000000469e-01 3.014399999999999857e-01 4.624400000000000143e-06
-8.292500000000000426e-01 3.014399999999999857e-01 4.968700000000000387e-06
-8.006499999999999728e-01 3.014399999999999857e-01 4.750499999999999664e-06
-7.720599999999999685e-01 3.014399999999999857e-01 3.985200000000000401e-06
-7.434600000000000097e-01 3.014399999999999857e-01 2.957199999999999825e-06
-7.148700000000000054e-01 3.014399999999999857e-01 1.815700000000000039e-06
-6.862700000000000466e-01 3.014399999999999857e-01 1.136300000000000030e-06
-5.147100000000000009e-01 3.014399999999999857e-01 1.211599999999999970e-06
-4.861099999999999866e-01 3.014399999999999857e-01 1.232900000000000088e-06
-4.575199999999999823e-01 3.014399999999999857e-01 1.029900000000000084e-06
-2.859499999999999820e-01 3.014399999999999857e-01 1.212100000000000008e-06
-2.573500000000000232e-01 3.014399999999999857e-01 2.197399999999999917e-06
-2.287599999999999911e-01 3.014399999999999857e-01 3.208200000000000048e-06
-2.001600000000000046e-01 3.014399999999999857e-01 4.031800000000000091e-06
-1.715700000000000003e-01 3.014399999999999857e-01 4.467600000000000221e-06
-1.429700000000000137e-01 3.014399999999999857e-01 4.467099999999999972e-06
-1.143799999999999956e-01 3.014399999999999857e-01 4.267299999999999784e-06
-8.578399999999999914e-02 3.014399999999999857e-01 4.009599999999999693e-06
-5.718999999999999778e-02 3.014399999999999857e-01 3.610499999999999991e-06
-2.859499999999999889e-02 3.014399999999999857e-01 3.382800000000000036e-06
0.000000000000000000e+00 3.014399999999999857e-01 3.426399999999999924e-06
-4.489399999999999835e+00 3.301399999999999890e-01 1.219199999999999948e-05
-4.460799999999999876e+00 3.301399999999999890e-01 3.114900000000000280e-05
-4.432199999999999918e+00 3.301399999999999890e-01 5.563900000000000041e-05
-4.403599999999999959e+00 3.301399999999999890e-01 7.445899999999999980e-05
-4.375000000000000000e+00 3.301399999999999890e-01 7.756699999999999782e-05
-4.346400000000000041e+00 3.301399999999999890e-01 7.621600000000000347e-05
-4.317800000000000082e+00 3.301399999999999890e-01 6.242700000000000386e-05
-4.289200000000000124e+00 3.301399999999999890e-01 3.977400000000000239e-05
-4.260600000000000165e+00 3.301399999999999890e-01 1.828099999999999997e-05
-4.232000000000000206e+00 3.301399999999999890e-01 7.080500000000000225e-06
-4.203400000000000247e+00 3.301399999999999890e-01 1.185999999999999995e-05
-4.174800000000000288e+00 3.301399999999999890e-01 3.307000000000000017e-05
-4.146200000000000330e+00 3.301399999999999890e-01 5.311200000000000242e-05
-4.117600000000000371e+00 3.301399999999999890e-01 8.974199999999999560e-05
-4.089100000000000179e+00 3.301399999999999890e-01 1.201699999999999963e-04
-4.060500000000000220e+00 3.301399999999999890e-01 1.342899999999999899e-04
-4.031900000000000261e+00 3.301399999999999890e-01 1.305300000000000123e-04
-4.003300000000000303e+00 3.301399999999999890e-01 1.096100000000000026e-04
-3.974699999999999900e+00 3.301399999999999890e-01 7.566100000000000624e-05
-3.946099999999999941e+00 3.301399999999999890e-01 5.194700000000000256e-05
-3.917499999999999982e+00 3.301399999999999890e-01 2.207000000000000045e-05
-3.888900000000000023e+00 3.301399999999999890e-01 5.009900000000000094e-06
-3.860300000000000065e+00 3.301399999999999890e-01 1.584100000000000004e-06
-3.831700000000000106e+00 3.301399999999999890e-01 9.305900000000000128e-06
-3.803100000000000147e+00 3.301399999999999890e-01 2.097699999999999923e-05
-3.774500000000000188e+00 3.301399999999999890e-01 2.575299999999999890e-05
-3.745899999999999785e+00 3.301399999999999890e-01 2.060799999999999988e-05
-3.717299999999999827e+00 3.301399999999999890e-01 1.395300000000000007e-05
-3.688699999999999868e+00 3.301399999999999890e-01 4.368700000000000202e-06
-3.660099999999999909e+00 3.301399999999999890e-01 2.558599999999999948e-06
-3.631499999999999950e+00 3.301399999999999890e-01 1.855899999999999968e-05
-3.602899999999999991e+00 3.301399999999999890e-01 6.152099999999999594e-05
-3.574300000000000033e+00 3.301399999999999890e-01 1.221299999999999979e-04
-3.545799999999999841e+00 3.301399999999999890e-01 1.622999999999999877e-04
-3.517199999999999882e+00 3.301399999999999890e-01 2.111699999999999992e-04
-3.488599999999999923e+00 3.301399999999999890e-01 2.546900000000000162e-04
-3.459999999999999964e+00 3.301399999999999890e-01 2.425600000000000087e-04
-3.431400000000000006e+00 3.301399999999999890e-01 1.860800000000000073e-04
-3.402800000000000047e+00 3.301399999999999890e-01 1.141600000000000047e-04
-3.374200000000000088e+00 3.301399999999999890e-01 4.286599999999999921e-05
-3.345600000000000129e+00 3.301399999999999890e-01 8.284299999999999610e-06
-3.317000000000000171e+00 3.301399999999999890e-01 8.083299999999999332e-06
-3.288400000000000212e+00 3.301399999999999890e-01 7.480100000000000431e-05
-3.259799999999999809e+00 3.301399999999999890e-01 2.061499999999999964e-04
-3.231199999999999850e+00 3.301399999999999890e-01 3.556799999999999827e-04
-3.202599999999999891e+00 3.301399999999999890e-01 5.019300000000000411e-04
-3.173999999999999932e+00 3.301399999999999890e-01 5.841499999999999687e-04
-3.145399999999999974e+00 3.301399999999999890e-01 5.706700000000000097e-04
-3.116800000000000015e+00 3.301399999999999890e-01 4.240900000000000138e-04
-3.088200000000000056e+00 3.301399999999999890e-01 2.497500000000000262e-04
-3.059600000000000097e+00 3.301399999999999890e-01 6.760000000000000329e-05
-3.031000000000000139e+00 3.301399999999999890e-01 1.115999999999999988e-06
-3.002499999999999947e+00 3.301399999999999890e-01 1.911399999999999894e-04
-2.973899999999999988e+00 3.301399999999999890e-01 7.350500000000000046e-04
-2.945300000000000029e+00 3.301399999999999890e-01 1.335100000000000089e-03
-2.916700000000000070e+00 3.301399999999999890e-01 2.525400000000000127e-03
-2.888100000000000112e+00 3.301399999999999890e-01 4.042300000000000407e-03
-2.859500000000000153e+00 3.301399999999999890e-01 5.896799999999999785e-03
-2.830900000000000194e+00 3.301399999999999890e-01 7.520999999999999908e-03
-2.802299999999999791e+00 3.301399999999999890e-01 8.838900000000000229e-03
-2.773699999999999832e+00 3.301399999999999890e-01 1.008099999999999968e-02
-2.745099999999999874e+00 3.301399999999999890e-01 1.061299999999999917e-02
-2.716499999999999915e+00 3.301399999999999890e-01 1.030099999999999939e-02
-2.687899999999999956e+00 3.301399999999999890e-01 9.388199999999999323e-03
-2.659299999999999997e+00 3.301399999999999890e-01 8.518100000000000671e-03
-2.630700000000000038e+00 3.301399999999999890e-01 7.036099999999999993e-03
-2.602100000000000080e+00 3.301399999999999890e-01 5.025400000000000179e-03
-2.573500000000000121e+00 3.301399999999999890e-01 3.614000000000000025e-03
-2.544900000000000162e+00 3.301399999999999890e-01 2.288999999999999802e-03
-2.516300000000000203e+00 3.301399999999999890e-01 1.501500000000000013e-03
-2.487699999999999800e+00 3.301399999999999890e-01 6.488400000000000287e-04
-2.459200000000000053e+00 3.301399999999999890e-01 2.074699999999999906e-04
-2.430600000000000094e+00 3.301399999999999890e-01 1.614300000000000113e-05
-2.402000000000000135e+00 3.301399999999999890e-01 4.893099999999999789e-06
-2.373400000000000176e+00 3.301399999999999890e-01 6.993999999999999783e-05
-2.344800000000000217e+00 3.301399999999999890e-01 1.484699999999999930e-04
-2.316199999999999815e+00 3.301399999999999890e-01 1.796000000000000016e-04
-2.287599999999999856e+00 3.301399999999999890e-01 1.657800000000000018e-04
-2.258999999999999897e+00 3.301399999999999890e-01 1.438800000000000116e-04
-2.230399999999999938e+00 3.301399999999999890e-01 9.990299999999999539e-05
-2.201799999999999979e+00 3.301399999999999890e-01 4.443299999999999962e-05
-2.173200000000000021e+00 3.301399999999999890e-01 1.214700000000000076e-05
-2.144600000000000062e+00 3.301399999999999890e-01 6.554199999999999860e-06
-2.116000000000000103e+00 3.301399999999999890e-01 1.349699999999999969e-05
-2.087400000000000144e+00 3.301399999999999890e-01 3.370400000000000121e-05
-2.058800000000000185e+00 3.301399999999999890e-01 5.418199999999999725e-05
-2.030199999999999783e+00 3.301399999999999890e-01 6.818499999999999854e-05
-2.001599999999999824e+00 3.301399999999999890e-01 6.565300000000000313e-05
-1.973000000000000087e+00 3.301399999999999890e-01 4.759800000000000066e-05
-1.944399999999999906e+00 3.301399999999999890e-01 2.867999999999999985e-05
-1.915799999999999947e+00 3.301399999999999890e-01 1.752400000000000027e-05
-1.887299999999999978e+00 3.301399999999999890e-01 6.476700000000000179e-06
-1.858700000000000019e+00 3.301399999999999890e-01 7.096000000000000331e-06
-1.830100000000000060e+00 3.301399999999999890e-01 1.243200000000000057e-05
-1.801500000000000101e+00 3.301399999999999890e-01 7.952699999999999938e-05
-1.772899999999999920e+00 3.301399999999999890e-01 1.388599999999999927e-06
-1.744299999999999962e+00 3.301399999999999890e-01 2.865499999999999924e-05
-1.715700000000000003e+00 3.301399999999999890e-01 1.773800000000000127e-04
-1.687100000000000044e+00 3.301399999999999890e-01 1.164199999999999967e-05
-1.658500000000000085e+00 3.301399999999999890e-01 1.012200000000000024e-06
-1.629899999999999904e+00 3.301399999999999890e-01 1.817499999999999997e-04
-1.601299999999999946e+00 3.301399999999999890e-01 1.475500000000000018e-05
-1.515500000000000069e+00 3.301399999999999890e-01 3.417600000000000110e-06
-1.486900000000000110e+00 3.301399999999999890e-01 6.740700000000000023e-05
-1.458299999999999930e+00 3.301399999999999890e-01 7.835700000000000212e-06
-1.429699999999999971e+00 3.301399999999999890e-01 1.049200000000000051e-06
-1.401100000000000012e+00 3.301399999999999890e-01 2.343199999999999859e-06
-1.372500000000000053e+00 3.301399999999999890e-01 1.579000000000000044e-06
-1.344000000000000083e+00 3.301399999999999890e-01 1.226100000000000001e-06
-1.315399999999999903e+00 3.301399999999999890e-01 1.143999999999999974e-06
-1.286799999999999944e+00 3.301399999999999890e-01 1.105400000000000038e-06
-1.258199999999999985e+00 3.301399999999999890e-01 1.094300000000000051e-06
-1.229600000000000026e+00 3.301399999999999890e-01 1.303500000000000098e-06
-1.201000000000000068e+00 3.301399999999999890e-01 1.760100000000000097e-06
-1.172400000000000109e+00 3.301399999999999890e-01 2.871899999999999981e-06
-1.143799999999999928e+00 3.301399999999999890e-01 6.162600000000000086e-06
-1.115199999999999969e+00 3.301399999999999890e-01 3.923900000000000158e-05
-1.086600000000000010e+00 3.301399999999999890e-01 5.643800000000000032e-03
-1.058000000000000052e+00 3.301399999999999890e-01 3.403500000000000194e-05
-1.029400000000000093e+00 3.301399999999999890e-01 3.282400000000000117e-06
-1.000799999999999912e+00 3.301399999999999890e-01 2.198500000000000211e-06
-9.722199999999999731e-01 3.301399999999999890e-01 1.432500000000000049e-06
-9.436299999999999688e-01 3.301399999999999890e-01 1.051299999999999997e-06
-4.489399999999999835e+00 3.588500000000000023e-01 2.971399999999999909e-04
-4.460799999999999876e+00 3.588500000000000023e-01 4.659399999999999740e-04
-4.432199999999999918e+00 3.588500000000000023e-01 6.120400000000000016e-04
-4.403599999999999959e+00 3.588500000000000023e-01 6.900100000000000157e-04
-4.375000000000000000e+00 3.588500000000000023e-01 6.901900000000000309e-04
-4.346400000000000041e+00 3.588500000000000023e-01 6.081399999999999610e-04
-4.317800000000000082e+00 3.588500000000000023e-01 4.461299999999999858e-04
-4.289200000000000124e+00 3.588500000000000023e-01 2.550599999999999873e-04
-4.260600000000000165e+00 3.588500000000000023e-01 9.544900000000000042e-05
-4.232000000000000206e+00 3.588500000000000023e-01 1.959600000000000008e-05
-4.203400000000000247e+00 3.588500000000000023e-01 5.757400000000000137e-05
-4.174800000000000288e+00 3.588500000000000023e-01 1.987000000000000051e-04
-4.146200000000000330e+00 3.588500000000000023e-01 3.293500000000000095e-04
-4.117600000000000371e+00 3.588500000000000023e-01 5.323399999999999617e-04
-4.089100000000000179e+00 3.588500000000000023e-01 6.788399999999999990e-04
-4.060500000000000220e+00 3.588500000000000023e-01 7.234299999999999498e-04
-4.031900000000000261e+00 3.588500000000000023e-01 6.460899999999999890e-04
-4.003300000000000303e+00 3.588500000000000023e-01 4.694200000000000152e-04
-3.974699999999999900e+00 3.588500000000000023e-01 2.564199999999999878e-04
-3.946099999999999941e+00 3.588500000000000023e-01 1.316699999999999913e-04
-3.917499999999999982e+00 3.588500000000000023e-01 1.712499999999999952e-05
-3.888900000000000023e+00 3.588500000000000023e-01 1.868800000000000132e-05
-3.860300000000000065e+00 3.588500000000000023e-01 1.251600000000000011e-04
-3.831700000000000106e+00 3.588500000000000023e-01 2.838499999999999877e-04
-3.803100000000000147e+00 3.588500000000000023e-01 4.188999999999999907e-04
-3.774500000000000188e+00 3.588500000000000023e-01 4.669200000000000086e-04
-3.745899999999999785e+00 3.588500000000000023e-01 4.387099999999999789e-04
-3.717299999999999827e+00 3.588500000000000023e-01 3.250199999999999747e-04
-3.688699999999999868e+00 3.588500000000000023e-01 1.949400000000000004e-04
-3.660099999999999909e+00 3.588500000000000023e-01 1.577100000000000062e-04
-3.631499999999999950e+00 3.588500000000000023e-01 3.112799999999999877e-04
-3.602899999999999991e+00 3.588500000000000023e-01 7.022800000000000049e-04
-3.574300000000000033e+00 3.588500000000000023e-01 1.290899999999999990e-03
-3.545799999999999841e+00 3.588500000000000023e-01 1.736499999999999979e-03
-3.517199999999999882e+00 3.588500000000000023e-01 2.346899999999999854e-03
-3.488599999999999923e+00 3.588500000000000023e-01 2.711700000000000048e-03
-3.459999999999999964e+00 3.588500000000000023e-01 2.689700000000000164e-03
-3.431400000000000006e+00 3.588500000000000023e-01 2.267499999999999984e-03
-3.402800000000000047e+00 3.588500000000000023e-01 1.524500000000000030e-03
-3.374200000000000088e+00 3.588500000000000023e-01 7.011800000000000324e-04
-3.345600000000000129e+00 3.588500000000000023e-01 2.662799999999999781e-04
-3.317000000000000171e+00 3.588500000000000023e-01 4.125899999999999749e-06
-3.288400000000000212e+00 3.588500000000000023e-01 3.869000000000000260e-04
-3.259799999999999809e+00 3.588500000000000023e-01 1.416299999999999894e-03
-3.231199999999999850e+00 3.588500000000000023e-01 2.871700000000000034e-03
-3.202599999999999891e+00 3.588500000000000023e-01 4.342699999999999685e-03
-3.173999999999999932e+00 3.588500000000000023e-01 5.283000000000000369e-03
-3.145399999999999974e+00 3.588500000000000023e-01 5.406499999999999848e-03
-3.116800000000000015e+00 3.588500000000000023e-01 4.712499999999999675e-03
-3.088200000000000056e+00 3.588500000000000023e-01 3.118399999999999905e-03
-3.059600000000000097e+00 3.588500000000000023e-01 1.227599999999999915e-03
-3.031000000000000139e+00 3.588500000000000023e-01 6.094600000000000229e-05
-3.002499999999999947e+00 3.588500000000000023e-01 7.848799999999999527e-04
-2.973899999999999988e+00 3.588500000000000023e-01 4.553800000000000209e-03
-2.945300000000000029e+00 3.588500000000000023e-01 9.161499999999999505e-03
-2.916700000000000070e+00 3.588500000000000023e-01 1.933100000000000096e-02
-2.888100000000000112e+00 3.588500000000000023e-01 3.296799999999999731e-02
-2.859500000000000153e+00 3.588500000000000023e-01 4.882299999999999834e-02
-2.830900000000000194e+00 3.588500000000000023e-01 6.543300000000000505e-02
-2.802299999999999791e+00 3.588500000000000023e-01 8.105199999999999905e-02
-2.773699999999999832e+00 3.588500000000000023e-01 9.310699999999999532e-02
-2.745099999999999874e+00 3.588500000000000023e-01 9.801500000000000490e-02
-2.716499999999999915e+00 3.588500000000000023e-01 1.001200000000000007e-01
-2.687899999999999956e+00 3.588500000000000023e-01 9.591800000000000326e-02
-2.659299999999999997e+00 3.588500000000000023e-01 8.599299999999999999e-02
-2.630700000000000038e+00 3.588500000000000023e-01 7.219200000000000617e-02
-2.602100000000000080e+00 3.588500000000000023e-01 5.662199999999999872e-02
-2.573500000000000121e+00 3.588500000000000023e-01 4.063499999999999751e-02
-2.544900000000000162e+00 3.588500000000000023e-01 2.592300000000000160e-02
-2.516300000000000203e+00 3.588500000000000023e-01 1.773500000000000076e-02
-2.487699999999999800e+00 3.588500000000000023e-01 8.513400000000000828e-03
-2.459200000000000053e+00 3.588500000000000023e-01 2.945999999999999834e-03
-2.430600000000000094e+00 3.588500000000000023e-01 4.594199999999999890e-04
-2.402000000000000135e+00 3.588500000000000023e-01 1.040100000000000020e-04
-2.373400000000000176e+00 3.588500000000000023e-01 8.830900000000000034e-04
-2.344800000000000217e+00 3.588500000000000023e-01 1.903699999999999923e-03
-2.316199999999999815e+00 3.588500000000000023e-01 2.402599999999999961e-03
-2.287599999999999856e+00 3.588500000000000023e-01 2.690600000000000023e-03
-2.258999999999999897e+00 3.588500000000000023e-01 2.435000000000000098e-03
-2.230399999999999938e+00 3.588500000000000023e-01 1.797399999999999996e-03
-2.201799999999999979e+00 3.588500000000000023e-01 1.047299999999999924e-03
-2.173200000000000021e+00 3.588500000000000023e-01 4.211899999999999976e-04
-2.144600000000000062e+00 3.588500000000000023e-01 6.940600000000000599e-05
-2.116000000000000103e+00 3.588500000000000023e-01 3.172999999999999944e-06
-2.087400000000000144e+00 3.588500000000000023e-01 9.275899999999999738e-05
-2.058800000000000185e+00 3.588500000000000023e-01 2.947299999999999920e-04
-2.030199999999999783e+00 3.588500000000000023e-01 4.816700000000000148e-04
-2.001599999999999824e+00 3.588500000000000023e-01 5.527299999999999748e-04
-1.973000000000000087e+00 3.588500000000000023e-01 4.772399999999999776e-04
-1.944399999999999906e+00 3.588500000000000023e-01 3.147000000000000058e-04
-1.915799999999999947e+00 3.588500000000000023e-01 2.144699999999999981e-04
-1.887299999999999978e+00 3.588500000000000023e-01 1.427099999999999940e-04
-1.858700000000000019e+00 3.588500000000000023e-01 2.106499999999999974e-04
-1.830100000000000060e+00 3.588500000000000023e-01 3.642699999999999801e-04
-1.801500000000000101e+00 3.588500000000000023e-01 8.721599999999999709e-04
-1.772899999999999920e+00 3.588500000000000023e-01 4.507800000000000175e-04
-1.744299999999999962e+00 3.588500000000000023e-01 3.879700000000000141e-04
-1.715700000000000003e+00 3.588500000000000023e-01 2.629900000000000120e-03
-1.687100000000000044e+00 3.588500000000000023e-01 2.321199999999999934e-04
-1.658500000000000085e+00 3.588500000000000023e-01 2.028400000000000027e-04
-1.629899999999999904e+00 3.588500000000000023e-01 5.156299999999999946e-03
-1.601299999999999946e+00 3.588500000000000023e-01 2.698599999999999879e-05
-1.572699999999999987e+00 3.588500000000000023e-01 1.004899999999999984e-05
-1.544100000000000028e+00 3.588500000000000023e-01 9.045899999999999230e-06
-1.515500000000000069e+00 3.588500000000000023e-01 1.578199999999999899e-05
-1.486900000000000110e+00 3.588500000000000023e-01 3.348900000000000141e-04
-1.458299999999999930e+00 3.588500000000000023e-01 1.658299999999999922e-03
-1.429699999999999971e+00 3.588500000000000023e-01 7.467399999999999689e-05
-1.401100000000000012e+00 3.588500000000000023e-01 4.031500000000000280e-05
-1.372500000000000053e+00 3.588500000000000023e-01 2.490100000000000096e-05
-1.344000000000000083e+00 3.588500000000000023e-01 1.636299999999999902e-05
-1.315399999999999903e+00 3.588500000000000023e-01 1.236000000000000025e-05
-1.286799999999999944e+00 3.588500000000000023e-01 7.954000000000000417e-06
-1.258199999999999985e+00 3.588500000000000023e-01 5.061000000000000333e-06
-1.229600000000000026e+00 3.588500000000000023e-01 3.418800000000000200e-06
-1.201000000000000068e+00 3.588500000000000023e-01 3.167500000000000166e-06
-1.172400000000000109e+00 3.588500000000000023e-01 5.349100000000000167e-06
-1.143799999999999928e+00 3.588500000000000023e-01 1.123799999999999981e-05
-1.115199999999999969e+00 3.588500000000000023e-01 2.917200000000000123e-05
-1.086600000000000010e+00 3.588500000000000023e-01 2.116199999999999939e-03
-1.058000000000000052e+00 3.588500000000000023e-01 2.224000000000000052e-05
-1.029400000000000093e+00 3.588500000000000023e-01 9.240699999999999465e-06
-1.000799999999999912e+00 3.588500000000000023e-01 3.266200000000000170e-06
-8.864400000000000057e-01 3.588500000000000023e-01 1.351799999999999915e-06
-8.578400000000000469e-01 3.588500000000000023e-01 1.953399999999999797e-06
-8.292500000000000426e-01 3.588500000000000023e-01 2.364000000000000151e-06
-8.006499999999999728e-01 3.588500000000000023e-01 2.438000000000000205e-06
-7.720599999999999685e-01 3.588500000000000023e-01 2.152999999999999969e-06
-7.434600000000000097e-01 3.588500000000000023e-01 1.615300000000000018e-06
-5.433000000000000052e-01 3.588500000000000023e-01 1.683000000000000022e-06
-5.147100000000000009e-01 3.588500000000000023e-01 2.407600000000000039e-06
-4.861099999999999866e-01 3.588500000000000023e-01 2.766799999999999920e-06
-4.575199999999999823e-01 3.588500000000000023e-01 2.979399999999999799e-06
-4.289200000000000235e-01 3.588500000000000023e-01 2.767799999999999995e-06
-4.003300000000000192e-01 3.588500000000000023e-01 2.178999999999999805e-06
-3.717300000000000049e-01 3.588500000000000023e-01 1.368000000000000074e-06
-2.287599999999999911e-01 3.588500000000000023e-01 1.151399999999999894e-06
-2.001600000000000046e-01 3.588500000000000023e-01 2.245400000000000135e-06
-1.715700000000000003e-01 3.588500000000000023e-01 3.339400000000000164e-06
-1.429700000000000137e-01 3.588500000000000023e-01 4.142599999999999944e-06
-1.143799999999999956e-01 3.588500000000000023e-01 4.482399999999999639e-06
-8.578399999999999914e-02 3.588500000000000023e-01 4.403199999999999618e-06
-5.718999999999999778e-02 3.588500000000000023e-01 3.872799999999999580e-06
-2.859499999999999889e-02 3.588500000000000023e-01 3.078200000000000022e-06
0.000000000000000000e+00 3.588500000000000023e-01 2.301600000000000122e-06
-4.489399999999999835e+00 3.875600000000000156e-01 5.765899999999999801e-04
-4.460799999999999876e+00 3.875600000000000156e-01 8.468199999999999729e-04
-4.432199999999999918e+00 3.875600000000000156e-01 1.073100000000000009e-03
-4.403599999999999959e+00 3.875600000000000156e-01 1.183400000000000033e-03
-4.375000000000000000e+00 3.875600000000000156e-01 1.168800000000000004e-03
-4.346400000000000041e+00 3.875600000000000156e-01 1.009899999999999990e-03
-4.317800000000000082e+00 3.875600000000000156e-01 7.345700000000000363e-04
-4.289200000000000124e+00 3.875600000000000156e-01 4.166700000000000069e-04
-4.260600000000000165e+00 3.875600000000000156e-01 1.525099999999999882e-04
-4.232000000000000206e+00 3.875600000000000156e-01 2.645499999999999997e-05
-4.203400000000000247e+00 3.875600000000000156e-01 7.987500000000000351e-05
-4.174800000000000288e+00 3.875600000000000156e-01 2.987399999999999756e-04
-4.146200000000000330e+00 3.875600000000000156e-01 4.998199999999999952e-04
-4.117600000000000371e+00 3.875600000000000156e-01 8.099000000000000079e-04
-4.089100000000000179e+00 3.875600000000000156e-01 1.038300000000000030e-03
-4.060500000000000220e+00 3.875600000000000156e-01 1.093599999999999911e-03
-4.031900000000000261e+00 3.875600000000000156e-01 9.610699999999999582e-04
-4.003300000000000303e+00 3.875600000000000156e-01 6.833199999999999561e-04
-3.974699999999999900e+00 3.875600000000000156e-01 3.559500000000000055e-04
-3.946099999999999941e+00 3.875600000000000156e-01 1.693400000000000016e-04
-3.917499999999999982e+00 3.875600000000000156e-01 1.538799999999999904e-05
-3.888900000000000023e+00 3.875600000000000156e-01 5.322900000000000147e-05
-3.860300000000000065e+00 3.875600000000000156e-01 2.628700000000000090e-04
-3.831700000000000106e+00 3.875600000000000156e-01 5.518699999999999864e-04
-3.803100000000000147e+00 3.875600000000000156e-01 7.995199999999999616e-04
-3.774500000000000188e+00 3.875600000000000156e-01 8.957799999999999921e-04
-3.745899999999999785e+00 3.875600000000000156e-01 8.522000000000000061e-04
-3.717299999999999827e+00 3.875600000000000156e-01 6.617500000000000118e-04
-3.688699999999999868e+00 3.875600000000000156e-01 4.407999999999999809e-04
-3.660099999999999909e+00 3.875600000000000156e-01 3.651899999999999916e-04
-3.631499999999999950e+00 3.875600000000000156e-01 6.049000000000000123e-04
-3.602899999999999991e+00 3.875600000000000156e-01 1.242999999999999964e-03
-3.574300000000000033e+00 3.875600000000000156e-01 2.231499999999999977e-03
-3.545799999999999841e+00 3.875600000000000156e-01 2.974000000000000081e-03
-3.517199999999999882e+00 3.875600000000000156e-01 3.997999999999999818e-03
-3.488599999999999923e+00 3.875600000000000156e-01 4.642699999999999605e-03
-3.459999999999999964e+00 3.875600000000000156e-01 4.668099999999999680e-03
-3.431400000000000006e+00 3.875600000000000156e-01 3.963600000000000283e-03
-3.402800000000000047e+00 3.875600000000000156e-01 2.725700000000000171e-03
-3.374200000000000088e+00 3.875600000000000156e-01 1.320699999999999956e-03
-3.345600000000000129e+00 3.875600000000000156e-01 5.437099999999999832e-04
-3.317000000000000171e+00 3.875600000000000156e-01 9.880499999999999675e-06
-3.288400000000000212e+00 3.875600000000000156e-01 5.331999999999999500e-04
-3.259799999999999809e+00 3.875600000000000156e-01 2.154600000000000005e-03
-3.231199999999999850e+00 3.875600000000000156e-01 4.533800000000000156e-03
-3.202599999999999891e+00 3.875600000000000156e-01 6.978899999999999687e-03
-3.173999999999999932e+00 3.875600000000000156e-01 8.679199999999999762e-03
-3.145399999999999974e+00 3.875600000000000156e-01 9.015199999999999256e-03
-3.116800000000000015e+00 3.875600000000000156e-01 7.967300000000000076e-03
-3.088200000000000056e+00 3.875600000000000156e-01 5.400199999999999965e-03
-3.059600000000000097e+00 3.875600000000000156e-01 2.274400000000000206e-03
-3.031000000000000139e+00 3.875600000000000156e-01 1.599399999999999899e-04
-3.002499999999999947e+00 3.875600000000000156e-01 1.054800000000000052e-03
-2.973899999999999988e+00 3.875600000000000156e-01 6.865500000000000075e-03
-2.945300000000000029e+00 3.875600000000000156e-01 1.415699999999999945e-02
-2.916700000000000070e+00 3.875600000000000156e-01 3.056000000000000036e-02
-2.888100000000000112e+00 3.875600000000000156e-01 5.273100000000000009e-02
-2.859500000000000153e+00 3.875600000000000156e-01 7.901900000000000590e-02
-2.830900000000000194e+00 3.875600000000000156e-01 1.067700000000000038e-01
-2.802299999999999791e+00 3.875600000000000156e-01 1.324400000000000022e-01
-2.773699999999999832e+00 3.875600000000000156e-01 1.529399999999999926e-01
-2.745099999999999874e+00 3.875600000000000156e-01 1.622099999999999931e-01
-2.716499999999999915e+00 3.875600000000000156e-01 1.665699999999999958e-01
-2.687899999999999956e+00 3.875600000000000156e-01 1.596400000000000041e-01
-2.659299999999999997e+00 3.875600000000000156e-01 1.437199999999999867e-01
-2.630700000000000038e+00 3.875600000000000156e-01 1.216300000000000020e-01
-2.602100000000000080e+00 3.875600000000000156e-01 9.534299999999999720e-02
-2.573500000000000121e+00 3.875600000000000156e-01 6.860700000000000132e-02
-2.544900000000000162e+00 3.875600000000000156e-01 4.422700000000000242e-02
-2.516300000000000203e+00 3.875600000000000156e-01 3.040299999999999947e-02
-2.487699999999999800e+00 3.875600000000000156e-01 1.462500000000000085e-02
-2.459200000000000053e+00 3.875600000000000156e-01 5.107099999999999834e-03
-2.430600000000000094e+00 3.875600000000000156e-01 8.044600000000000058e-04
-2.402000000000000135e+00 3.875600000000000156e-01 1.686799999999999910e-04
-2.373400000000000176e+00 3.875600000000000156e-01 1.502199999999999976e-03
-2.344800000000000217e+00 3.875600000000000156e-01 3.288300000000000077e-03
-2.316199999999999815e+00 3.875600000000000156e-01 4.185499999999999984e-03
-2.287599999999999856e+00 3.875600000000000156e-01 4.708300000000000332e-03
-2.258999999999999897e+00 3.875600000000000156e-01 4.268799999999999678e-03
-2.230399999999999938e+00 3.875600000000000156e-01 3.202099999999999825e-03
-2.201799999999999979e+00 3.875600000000000156e-01 1.898500000000000014e-03
-2.173200000000000021e+00 3.875600000000000156e-01 7.833900000000000195e-04
-2.144600000000000062e+00 3.875600000000000156e-01 1.423300000000000010e-04
-2.116000000000000103e+00 3.875600000000000156e-01 4.010700000000000411e-06
-2.087400000000000144e+00 3.875600000000000156e-01 1.367999999999999913e-04
-2.058800000000000185e+00 3.875600000000000156e-01 4.747299999999999762e-04
-2.030199999999999783e+00 3.875600000000000156e-01 8.011300000000000495e-04
-2.001599999999999824e+00 3.875600000000000156e-01 9.502599999999999719e-04
-1.973000000000000087e+00 3.875600000000000156e-01 8.452600000000000217e-04
-1.944399999999999906e+00 3.875600000000000156e-01 5.986200000000000115e-04
-1.915799999999999947e+00 3.875600000000000156e-01 4.500300000000000264e-04
-1.887299999999999978e+00 3.875600000000000156e-01 3.746199999999999877e-04
-1.858700000000000019e+00 3.875600000000000156e-01 5.636299999999999687e-04
-1.830100000000000060e+00 3.875600000000000156e-01 8.987199999999999876e-04
-1.801500000000000101e+00 3.875600000000000156e-01 1.282399999999999946e-03
-1.772899999999999920e+00 3.875600000000000156e-01 1.958399999999999898e-03
-1.744299999999999962e+00 3.875600000000000156e-01 5.996600000000000151e-04
-1.715700000000000003e+00 3.875600000000000156e-01 3.828699999999999985e-03
-1.687100000000000044e+00 3.875600000000000156e-01 6.893799999999999624e-04
-1.658500000000000085e+00 3.875600000000000156e-01 3.349199999999999985e-04
-1.629899999999999904e+00 3.875600000000000156e-01 6.496499999999999671e-03
-1.601299999999999946e+00 3.875600000000000156e-01 2.317999999999999965e-04
-1.572699999999999987e+00 3.875600000000000156e-01 3.437100000000000008e-05
-1.544100000000000028e+00 3.875600000000000156e-01 1.986299999999999939e-05
-1.515500000000000069e+00 3.875600000000000156e-01 2.464699999999999967e-05
-1.486900000000000110e+00 3.875600000000000156e-01 1.601800000000000012e-04
-1.458299999999999930e+00 3.875600000000000156e-01 5.945599999999999670e-03
-1.429699999999999971e+00 3.875600000000000156e-01 2.057999999999999879e-04
-1.401100000000000012e+00 3.875600000000000156e-01 9.949800000000000181e-05
-1.372500000000000053e+00 3.875600000000000156e-01 5.991300000000000049e-05
-1.344000000000000083e+00 3.875600000000000156e-01 3.879199999999999722e-05
-1.315399999999999903e+00 3.875600000000000156e-01 2.938399999999999853e-05
-1.286799999999999944e+00 3.875600000000000156e-01 1.902900000000000026e-05
-1.258199999999999985e+00 3.875600000000000156e-01 1.172399999999999990e-05
-1.229600000000000026e+00 3.875600000000000156e-01 6.740600000000000312e-06
-1.201000000000000068e+00 3.875600000000000156e-01 3.846800000000000168e-06
-1.172400000000000109e+00 3.875600000000000156e-01 3.563099999999999818e-06
-1.143799999999999928e+00 3.875600000000000156e-01 8.156600000000000815e-06
-1.115199999999999969e+00 3.875600000000000156e-01 1.408900000000000012e-05
-1.086600000000000010e+00 3.875600000000000156e-01 1.874599999999999921e-03
-1.058000000000000052e+00 3.875600000000000156e-01 5.587299999999999851e-05
-1.029400000000000093e+00 3.875600000000000156e-01 1.159900000000000025e-05
-1.000799999999999912e+00 3.875600000000000156e-01 3.437300000000000107e-06
-9.150300000000000100e-01 3.875600000000000156e-01 1.073799999999999994e-06
-8.864400000000000057e-01 3.875600000000000156e-01 2.346499999999999895e-06
-8.578400000000000469e-01 3.875600000000000156e-01 3.672000000000000164e-06
-8.292500000000000426e-01 3.875600000000000156e-01 4.595199999999999643e-06
-8.006499999999999728e-01 3.875600000000000156e-01 4.904900000000000252e-06
-7.720599999999999685e-01 3.875600000000000156e-01 4.537999999999999581e-06
-7.434600000000000097e-01 3.875600000000000156e-01 3.586499999999999882e-06
-7.148700000000000054e-01 3.875600000000000156e-01 2.312499999999999882e-06
-6.862700000000000466e-01 3.875600000000000156e-01 1.470599999999999947e-06
-5.718999999999999639e-01 3.875600000000000156e-01 1.142300000000000058e-06
-5.433000000000000052e-01 3.875600000000000156e-01 2.424000000000000000e-06
-5.147100000000000009e-01 3.875600000000000156e-01 3.717699999999999998e-06
-4.861099999999999866e-01 3.875600000000000156e-01 4.400099999999999597e-06
-4.575199999999999823e-01 3.875600000000000156e-01 4.922300000000000289e-06
-4.289200000000000235e-01 3.875600000000000156e-01 4.669499999999999931e-06
-4.003300000000000192e-01 3.875600000000000156e-01 3.695399999999999805e-06
-3.717300000000000049e-01 3.875600000000000156e-01 2.305899999999999810e-06
-2.287599999999999911e-01 3.875600000000000156e-01 2.489300000000000036e-06
-2.001600000000000046e-01 3.875600000000000156e-01 4.797200000000000419e-06
-1.715700000000000003e-01 3.875600000000000156e-01 7.175299999999999724e-06
-1.429700000000000137e-01 3.875600000000000156e-01 9.062800000000000711e-06
-1.143799999999999956e-01 3.875600000000000156e-01 9.962800000000000564e-06
-8.578399999999999914e-02 3.875600000000000156e-01 9.935800000000000653e-06
-5.718999999999999778e-02 3.875600000000000156e-01 9.081100000000000180e-06
-2.859499999999999889e-02 3.875600000000000156e-01 7.576900000000000250e-06
0.000000000000000000e+00 3.875600000000000156e-01 5.945100000000000051e-06
-4.489399999999999835e+00 4.162699999999999734e-01 5.062899999999999519e-04
-4.460799999999999876e+00 4.162699999999999734e-01 7.305400000000000088e-04
-4.432199999999999918e+00 4.162699999999999734e-01 9.084600000000000401e-04
-4.403599999999999959e+00 4.162699999999999734e-01 9.900499999999999145e-04
-4.375000000000000000e+00 4.162699999999999734e-01 9.442800000000000325e-04
-4.346400000000000041e+00 4.162699999999999734e-01 8.442099999999999691e-04
-4.317800000000000082e+00 4.162699999999999734e-01 6.133799999999999582e-04
-4.289200000000000124e+00 4.162699999999999734e-01 3.507499999999999876e-04
-4.260600000000000165e+00 4.162699999999999734e-01 1.309700000000000013e-04
-4.232000000000000206e+00 4.162699999999999734e-01 2.046600000000000022e-05
-4.203400000000000247e+00 4.162699999999999734e-01 5.448000000000000016e-05
-4.174800000000000288e+00 4.162699999999999734e-01 2.198900000000000106e-04
-4.146200000000000330e+00 4.162699999999999734e-01 3.774699999999999757e-04
-4.117600000000000371e+00 4.162699999999999734e-01 6.214700000000000519e-04
-4.089100000000000179e+00 4.162699999999999734e-01 7.994299999999999540e-04
-4.060500000000000220e+00 4.162699999999999734e-01 8.510899999999999846e-04
-4.031900000000000261e+00 4.162699999999999734e-01 7.518800000000000179e-04
-4.003300000000000303e+00 4.162699999999999734e-01 5.340600000000000468e-04
-3.974699999999999900e+00 4.162699999999999734e-01 2.771800000000000262e-04
-3.946099999999999941e+00 4.162699999999999734e-01 1.313700000000000111e-04
-3.917499999999999982e+00 4.162699999999999734e-01 1.150100000000000051e-05
-3.888900000000000023e+00 4.162699999999999734e-01 4.774599999999999992e-05
-3.860300000000000065e+00 4.162699999999999734e-01 2.240400000000000030e-04
-3.831700000000000106e+00 4.162699999999999734e-01 4.718100000000000245e-04
-3.803100000000000147e+00 4.162699999999999734e-01 6.884000000000000362e-04
-3.774500000000000188e+00 4.162699999999999734e-01 7.864499999999999529e-04
-3.745899999999999785e+00 4.162699999999999734e-01 7.661599999999999964e-04
-3.717299999999999827e+00 4.162699999999999734e-01 6.265900000000000029e-04
-3.688699999999999868e+00 4.162699999999999734e-01 4.451400000000000105e-04
-3.660099999999999909e+00 4.162699999999999734e-01 3.667899999999999763e-04
-3.631499999999999950e+00 4.162699999999999734e-01 5.271400000000000521e-04
-3.602899999999999991e+00 4.162699999999999734e-01 1.001600000000000060e-03
-3.574300000000000033e+00 4.162699999999999734e-01 1.754399999999999927e-03
-3.545799999999999841e+00 4.162699999999999734e-01 2.339799999999999953e-03
-3.517199999999999882e+00 4.162699999999999734e-01 3.172400000000000133e-03
-3.488599999999999923e+00 4.162699999999999734e-01 3.702500000000000062e-03
-3.459999999999999964e+00 4.162699999999999734e-01 3.745699999999999811e-03
-3.431400000000000006e+00 4.162699999999999734e-01 3.241899999999999817e-03
-3.402800000000000047e+00 4.162699999999999734e-01 2.281599999999999948e-03
-3.374200000000000088e+00 4.162699999999999734e-01 1.155400000000000003e-03
-3.345600000000000129e+00 4.162699999999999734e-01 5.136900000000000233e-04
-3.317000000000000171e+00 4.162699999999999734e-01 1.850899999999999846e-05
-3.288400000000000212e+00 4.162699999999999734e-01 3.461199999999999997e-04
-3.259799999999999809e+00 4.162699999999999734e-01 1.544900000000000093e-03
-3.231199999999999850e+00 4.162699999999999734e-01 3.367399999999999994e-03
-3.202599999999999891e+00 4.162699999999999734e-01 5.309900000000000210e-03
-3.173999999999999932e+00 4.162699999999999734e-01 6.680600000000000080e-03
-3.145399999999999974e+00 4.162699999999999734e-01 6.983099999999999898e-03
-3.116800000000000015e+00 4.162699999999999734e-01 6.302300000000000263e-03
-3.088200000000000056e+00 4.162699999999999734e-01 4.357699999999999942e-03
-3.059600000000000097e+00 4.162699999999999734e-01 1.901399999999999922e-03
-3.031000000000000139e+00 4.162699999999999734e-01 1.713899999999999972e-04
-3.002499999999999947e+00 4.162699999999999734e-01 6.857099999999999654e-04
-2.973899999999999988e+00 4.162699999999999734e-01 5.000000000000000104e-03
-2.945300000000000029e+00 4.162699999999999734e-01 1.055700000000000041e-02
-2.916700000000000070e+00 4.162699999999999734e-01 2.314899999999999944e-02
-2.888100000000000112e+00 4.162699999999999734e-01 4.041000000000000147e-02
-2.859500000000000153e+00 4.162699999999999734e-01 6.075900000000000051e-02
-2.830900000000000194e+00 4.162699999999999734e-01 8.232000000000000428e-02
-2.802299999999999791e+00 4.162699999999999734e-01 1.028099999999999986e-01
-2.773699999999999832e+00 4.162699999999999734e-01 1.190900000000000014e-01
-2.745099999999999874e+00 4.162699999999999734e-01 1.261500000000000121e-01
-2.716499999999999915e+00 4.162699999999999734e-01 1.300000000000000044e-01
-2.687899999999999956e+00 4.162699999999999734e-01 1.252900000000000125e-01
-2.659299999999999997e+00 4.162699999999999734e-01 1.128900000000000042e-01
-2.630700000000000038e+00 4.162699999999999734e-01 9.518999999999999684e-02
-2.602100000000000080e+00 4.162699999999999734e-01 7.499500000000000610e-02
-2.573500000000000121e+00 4.162699999999999734e-01 5.408099999999999713e-02
-2.544900000000000162e+00 4.162699999999999734e-01 3.484500000000000097e-02
-2.516300000000000203e+00 4.162699999999999734e-01 2.397900000000000031e-02
-2.487699999999999800e+00 4.162699999999999734e-01 1.159999999999999920e-02
-2.459200000000000053e+00 4.162699999999999734e-01 4.048300000000000336e-03
-2.430600000000000094e+00 4.162699999999999734e-01 6.447799999999999625e-04
-2.402000000000000135e+00 4.162699999999999734e-01 1.190300000000000039e-04
-2.373400000000000176e+00 4.162699999999999734e-01 1.153900000000000021e-03
-2.344800000000000217e+00 4.162699999999999734e-01 2.545200000000000067e-03
-2.316199999999999815e+00 4.162699999999999734e-01 3.239199999999999805e-03
-2.287599999999999856e+00 4.162699999999999734e-01 3.646599999999999842e-03
-2.258999999999999897e+00 4.162699999999999734e-01 3.301899999999999974e-03
-2.230399999999999938e+00 4.162699999999999734e-01 2.441399999999999820e-03
-2.201799999999999979e+00 4.162699999999999734e-01 1.428100000000000072e-03
-2.173200000000000021e+00 4.162699999999999734e-01 5.764299999999999546e-04
-2.144600000000000062e+00 4.162699999999999734e-01 9.556800000000000386e-05
-2.116000000000000103e+00 4.162699999999999734e-01 3.318599999999999872e-06
-2.087400000000000144e+00 4.162699999999999734e-01 1.241799999999999935e-04
-2.058800000000000185e+00 4.162699999999999734e-01 3.986300000000000238e-04
-2.030199999999999783e+00 4.162699999999999734e-01 6.539999999999999590e-04
-2.001599999999999824e+00 4.162699999999999734e-01 7.667299999999999723e-04
-1.973000000000000087e+00 4.162699999999999734e-01 6.970700000000000464e-04
-1.944399999999999906e+00 4.162699999999999734e-01 5.168899999999999927e-04
-1.915799999999999947e+00 4.162699999999999734e-01 4.163699999999999997e-04
-1.887299999999999978e+00 4.162699999999999734e-01 4.007300000000000206e-04
-1.858700000000000019e+00 4.162699999999999734e-01 6.224800000000000168e-04
-1.830100000000000060e+00 4.162699999999999734e-01 9.684900000000000193e-04
-1.801500000000000101e+00 4.162699999999999734e-01 1.162700000000000018e-03
-1.772899999999999920e+00 4.162699999999999734e-01 3.939699999999999973e-03
-1.744299999999999962e+00 4.162699999999999734e-01 4.656500000000000157e-04
-1.715700000000000003e+00 4.162699999999999734e-01 2.081899999999999810e-03
-1.687100000000000044e+00 4.162699999999999734e-01 1.769399999999999966e-03
-1.658500000000000085e+00 4.162699999999999734e-01 2.905399999999999931e-04
-1.629899999999999904e+00 4.162699999999999734e-01 2.559200000000000190e-03
-1.601299999999999946e+00 4.162699999999999734e-01 7.135299999999999802e-04
-1.572699999999999987e+00 4.162699999999999734e-01 4.591800000000000319e-05
-1.544100000000000028e+00 4.162699999999999734e-01 2.592599999999999877e-05
-1.515500000000000069e+00 4.162699999999999734e-01 2.894900000000000015e-05
-1.486900000000000110e+00 4.162699999999999734e-01 6.362600000000000373e-05
-1.458299999999999930e+00 4.162699999999999734e-01 6.224699999999999678e-03
-1.429699999999999971e+00 4.162699999999999734e-01 3.594900000000000157e-04
-1.401100000000000012e+00 4.162699999999999734e-01 1.145999999999999938e-04
-1.372500000000000053e+00 4.162699999999999734e-01 6.461299999999999954e-05
-1.344000000000000083e+00 4.162699999999999734e-01 4.115899999999999675e-05
-1.315399999999999903e+00 4.162699999999999734e-01 3.114300000000000320e-05
-1.286799999999999944e+00 4.162699999999999734e-01 2.046900000000000003e-05
-1.258199999999999985e+00 4.162699999999999734e-01 1.302700000000000080e-05
-1.229600000000000026e+00 4.162699999999999734e-01 7.750399999999999521e-06
-1.201000000000000068e+00 4.162699999999999734e-01 4.019200000000000414e-06
-1.172400000000000109e+00 4.162699999999999734e-01 1.534400000000000081e-06
-1.115199999999999969e+00 4.162699999999999734e-01 7.517400000000000227e-06
-1.086600000000000010e+00 4.162699999999999734e-01 1.568399999999999959e-03
-1.058000000000000052e+00 4.162699999999999734e-01 2.051199999999999944e-05
-1.029400000000000093e+00 4.162699999999999734e-01 5.639099999999999931e-06
-1.000799999999999912e+00 4.162699999999999734e-01 1.890699999999999956e-06
-8.864400000000000057e-01 4.162699999999999734e-01 1.681000000000000084e-06
-8.578400000000000469e-01 4.162699999999999734e-01 2.649399999999999994e-06
-8.292500000000000426e-01 4.162699999999999734e-01 3.467299999999999820e-06
-8.006499999999999728e-01 4.162699999999999734e-01 3.915200000000000224e-06
-7.720599999999999685e-01 4.162699999999999734e-01 3.868100000000000286e-06
-7.434600000000000097e-01 4.162699999999999734e-01 3.354899999999999846e-06
-7.148700000000000054e-01 4.162699999999999734e-01 2.487000000000000075e-06
-6.862700000000000466e-01 4.162699999999999734e-01 1.806699999999999998e-06
-5.433000000000000052e-01 4.162699999999999734e-01 1.370300000000000035e-06
-5.147100000000000009e-01 4.162699999999999734e-01 2.479799999999999957e-06
-4.861099999999999866e-01 4.162699999999999734e-01 3.175099999999999890e-06
-4.575199999999999823e-01 4.162699999999999734e-01 3.900299999999999740e-06
-4.289200000000000235e-01 4.162699999999999734e-01 4.037399999999999664e-06
-4.003300000000000192e-01 4.162699999999999734e-01 3.511399999999999957e-06
-3.717300000000000049e-01 4.162699999999999734e-01 2.451500000000000161e-06
-3.431400000000000006e-01 4.162699999999999734e-01 1.223099999999999987e-06
-2.287599999999999911e-01 4.162699999999999734e-01 1.806099999999999953e-06
-2.001600000000000046e-01 4.162699999999999734e-01 3.986799999999999674e-06
-1.715700000000000003e-01 4.162699999999999734e-01 6.487900000000000173e-06
-1.429700000000000137e-01 4.162699999999999734e-01 8.715600000000000037e-06
-1.143799999999999956e-01 4.162699999999999734e-01 1.018200000000000009e-05
-8.578399999999999914e-02 4.162699999999999734e-01 1.054600000000000033e-05
-5.718999999999999778e-02 4.162699999999999734e-01 1.013500000000000037e-05
-2.859499999999999889e-02 4.162699999999999734e-01 8.822400000000000438e-06
0.000000000000000000e+00 4.162699999999999734e-01 7.107200000000000326e-06
-4.489399999999999835e+00 4.449799999999999867e-01 3.098500000000000234e-04
-4.460799999999999876e+00 4.449799999999999867e-01 4.429500000000000061e-04
-4.432199999999999918e+00 4.449799999999999867e-01 5.484399999999999735e-04
-4.403599999999999959e+00 4.449799999999999867e-01 5.952400000000000269e-04
-4.375000000000000000e+00 4.449799999999999867e-01 5.672200000000000072e-04
-4.346400000000000041e+00 4.449799999999999867e-01 5.077700000000000529e-04
-4.317800000000000082e+00 4.449799999999999867e-01 3.722199999999999836e-04
-4.289200000000000124e+00 4.449799999999999867e-01 2.159800000000000023e-04
-4.260600000000000165e+00 4.449799999999999867e-01 8.357100000000000336e-05
-4.232000000000000206e+00 4.449799999999999867e-01 1.294299999999999958e-05
-4.203400000000000247e+00 4.449799999999999867e-01 2.537400000000000134e-05
-4.174800000000000288e+00 4.449799999999999867e-01 1.145899999999999989e-04
-4.146200000000000330e+00 4.449799999999999867e-01 2.026899999999999991e-04
-4.117600000000000371e+00 4.449799999999999867e-01 3.427300000000000203e-04
-4.089100000000000179e+00 4.449799999999999867e-01 4.476799999999999963e-04
-4.060500000000000220e+00 4.449799999999999867e-01 4.817900000000000069e-04
-4.031900000000000261e+00 4.449799999999999867e-01 4.317599999999999997e-04
-4.003300000000000303e+00 4.449799999999999867e-01 3.115799999999999950e-04
-3.974699999999999900e+00 4.449799999999999867e-01 1.654000000000000088e-04
-3.946099999999999941e+00 4.449799999999999867e-01 8.056899999999999381e-05
-3.917499999999999982e+00 4.449799999999999867e-01 8.494200000000000768e-06
-3.888900000000000023e+00 4.449799999999999867e-01 2.533700000000000153e-05
-3.860300000000000065e+00 4.449799999999999867e-01 1.256700000000000080e-04
-3.831700000000000106e+00 4.449799999999999867e-01 2.729000000000000197e-04
-3.803100000000000147e+00 4.449799999999999867e-01 4.095400000000000125e-04
-3.774500000000000188e+00 4.449799999999999867e-01 4.821800000000000218e-04
-3.745899999999999785e+00 4.449799999999999867e-01 4.818099999999999965e-04
-3.717299999999999827e+00 4.449799999999999867e-01 4.150700000000000223e-04
-3.688699999999999868e+00 4.449799999999999867e-01 3.140600000000000119e-04
-3.660099999999999909e+00 4.449799999999999867e-01 2.573300000000000045e-04
-3.631499999999999950e+00 4.449799999999999867e-01 3.236299999999999897e-04
-3.602899999999999991e+00 4.449799999999999867e-01 5.609400000000000063e-04
-3.574300000000000033e+00 4.449799999999999867e-01 9.564699999999999548e-04
-3.545799999999999841e+00 4.449799999999999867e-01 1.270099999999999918e-03
-3.517199999999999882e+00 4.449799999999999867e-01 1.734599999999999987e-03
-3.488599999999999923e+00 4.449799999999999867e-01 2.048900000000000200e-03
-3.459999999999999964e+00 4.449799999999999867e-01 2.100100000000000144e-03
-3.431400000000000006e+00 4.449799999999999867e-01 1.849100000000000006e-03
-3.402800000000000047e+00 4.449799999999999867e-01 1.341799999999999981e-03
-3.374200000000000088e+00 4.449799999999999867e-01 7.186099999999999519e-04
-3.345600000000000129e+00 4.449799999999999867e-01 3.488300000000000060e-04
-3.317000000000000171e+00 4.449799999999999867e-01 3.145299999999999854e-05
-3.288400000000000212e+00 4.449799999999999867e-01 1.518699999999999944e-04
-3.259799999999999809e+00 4.449799999999999867e-01 7.515799999999999564e-04
-3.231199999999999850e+00 4.449799999999999867e-01 1.708499999999999949e-03
-3.202599999999999891e+00 4.449799999999999867e-01 2.761200000000000113e-03
-3.173999999999999932e+00 4.449799999999999867e-01 3.542899999999999869e-03
-3.145399999999999974e+00 4.449799999999999867e-01 3.738800000000000023e-03
-3.116800000000000015e+00 4.449799999999999867e-01 3.422999999999999828e-03
-3.088200000000000056e+00 4.449799999999999867e-01 2.422800000000000127e-03
-3.059600000000000097e+00 4.449799999999999867e-01 1.101200000000000095e-03
-3.031000000000000139e+00 4.449799999999999867e-01 1.252600000000000035e-04
-3.002499999999999947e+00 4.449799999999999867e-01 3.236399999999999845e-04
-2.973899999999999988e+00 4.449799999999999867e-01 2.536800000000000079e-03
-2.945300000000000029e+00 4.449799999999999867e-01 5.447399999999999812e-03
-2.916700000000000070e+00 4.449799999999999867e-01 1.212500000000000036e-02
-2.888100000000000112e+00 4.449799999999999867e-01 2.140299999999999842e-02
-2.859500000000000153e+00 4.449799999999999867e-01 3.240200000000000025e-02
-2.830900000000000194e+00 4.449799999999999867e-01 4.401900000000000257e-02
-2.802299999999999791e+00 4.449799999999999867e-01 5.506899999999999989e-02
-2.773699999999999832e+00 4.449799999999999867e-01 6.414100000000000357e-02
-2.745099999999999874e+00 4.449799999999999867e-01 6.808200000000000363e-02
-2.716499999999999915e+00 4.449799999999999867e-01 7.020700000000000551e-02
-2.687899999999999956e+00 4.449799999999999867e-01 6.780700000000000616e-02
-2.659299999999999997e+00 4.449799999999999867e-01 6.124399999999999983e-02
-2.630700000000000038e+00 4.449799999999999867e-01 5.162599999999999828e-02
-2.602100000000000080e+00 4.449799999999999867e-01 4.062700000000000339e-02
-2.573500000000000121e+00 4.449799999999999867e-01 2.939599999999999852e-02
-2.544900000000000162e+00 4.449799999999999867e-01 1.895700000000000163e-02
-2.516300000000000203e+00 4.449799999999999867e-01 1.304699999999999957e-02
-2.487699999999999800e+00 4.449799999999999867e-01 6.313499999999999668e-03
-2.459200000000000053e+00 4.449799999999999867e-01 2.211199999999999971e-03
-2.430600000000000094e+00 4.449799999999999867e-01 3.499700000000000120e-04
-2.402000000000000135e+00 4.449799999999999867e-01 5.072600000000000188e-05
-2.373400000000000176e+00 4.449799999999999867e-01 5.918199999999999546e-04
-2.344800000000000217e+00 4.449799999999999867e-01 1.323799999999999977e-03
-2.316199999999999815e+00 4.449799999999999867e-01 1.684600000000000073e-03
-2.287599999999999856e+00 4.449799999999999867e-01 1.883799999999999928e-03
-2.258999999999999897e+00 4.449799999999999867e-01 1.688100000000000104e-03
-2.230399999999999938e+00 4.449799999999999867e-01 1.227299999999999962e-03
-2.201799999999999979e+00 4.449799999999999867e-01 6.939900000000000149e-04
-2.173200000000000021e+00 4.449799999999999867e-01 2.612100000000000012e-04
-2.144600000000000062e+00 4.449799999999999867e-01 3.351200000000000034e-05
-2.116000000000000103e+00 4.449799999999999867e-01 2.289499999999999848e-06
-2.087400000000000144e+00 4.449799999999999867e-01 8.822000000000000577e-05
-2.058800000000000185e+00 4.449799999999999867e-01 2.460300000000000009e-04
-2.030199999999999783e+00 4.449799999999999867e-01 3.836700000000000180e-04
-2.001599999999999824e+00 4.449799999999999867e-01 4.406100000000000251e-04
-1.973000000000000087e+00 4.449799999999999867e-01 4.029500000000000096e-04
-1.944399999999999906e+00 4.449799999999999867e-01 3.168900000000000102e-04
-1.915799999999999947e+00 4.449799999999999867e-01 2.759899999999999918e-04
-1.887299999999999978e+00 4.449799999999999867e-01 2.999400000000000048e-04
-1.858700000000000019e+00 4.449799999999999867e-01 4.700300000000000246e-04
-1.830100000000000060e+00 4.449799999999999867e-01 7.094599999999999735e-04
-1.801500000000000101e+00 4.449799999999999867e-01 7.678599999999999835e-04
-1.772899999999999920e+00 4.449799999999999867e-01 3.807300000000000007e-03
-1.744299999999999962e+00 4.449799999999999867e-01 2.811499999999999763e-04
-1.715700000000000003e+00 4.449799999999999867e-01 8.497500000000000279e-04
-1.687100000000000044e+00 4.449799999999999867e-01 1.924499999999999995e-03
-1.658500000000000085e+00 4.449799999999999867e-01 1.785400000000000084e-04
-1.629899999999999904e+00 4.449799999999999867e-01 8.288699999999999974e-04
-1.601299999999999946e+00 4.449799999999999867e-01 8.766099999999999977e-04
-1.572699999999999987e+00 4.449799999999999867e-01 4.123399999999999857e-05
-1.544100000000000028e+00 4.449799999999999867e-01 2.531699999999999833e-05
-1.515500000000000069e+00 4.449799999999999867e-01 2.710799999999999863e-05
-1.486900000000000110e+00 4.449799999999999867e-01 5.063499999999999886e-05
-1.458299999999999930e+00 4.449799999999999867e-01 3.458000000000000136e-03
-1.429699999999999971e+00 4.449799999999999867e-01 4.385300000000000179e-04
-1.401100000000000012e+00 4.449799999999999867e-01 8.799000000000000289e-05
-1.372500000000000053e+00 4.449799999999999867e-01 4.748400000000000141e-05
-1.344000000000000083e+00 4.449799999999999867e-01 2.967299999999999864e-05
-1.315399999999999903e+00 4.449799999999999867e-01 2.266299999999999969e-05
-1.286799999999999944e+00 4.449799999999999867e-01 1.548600000000000047e-05
-1.258199999999999985e+00 4.449799999999999867e-01 1.064500000000000057e-05
-1.229600000000000026e+00 4.449799999999999867e-01 7.286499999999999608e-06
-1.201000000000000068e+00 4.449799999999999867e-01 4.915300000000000187e-06
-1.172400000000000109e+00 4.449799999999999867e-01 3.188799999999999861e-06
-1.115199999999999969e+00 4.449799999999999867e-01 1.164899999999999977e-05
-1.086600000000000010e+00 4.449799999999999867e-01 5.063500000000000292e-04
-1.058000000000000052e+00 4.449799999999999867e-01 5.788199999999999910e-05
-1.029400000000000093e+00 4.449799999999999867e-01 1.979000000000000026e-06
-8.578400000000000469e-01 4.449799999999999867e-01 1.157999999999999967e-06
-8.292500000000000426e-01 4.449799999999999867e-01 1.578099999999999976e-06
-8.006499999999999728e-01 4.449799999999999867e-01 1.958800000000000202e-06
-7.720599999999999685e-01 4.449799999999999867e-01 2.169500000000000150e-06
-7.434600000000000097e-01 4.449799999999999867e-01 2.149699999999999933e-06
-7.148700000000000054e-01 4.449799999999999867e-01 1.882799999999999998e-06
-6.862700000000000466e-01 4.449799999999999867e-01 1.578500000000000006e-06
-6.576800000000000423e-01 4.449799999999999867e-01 1.024100000000000071e-06
-5.147100000000000009e-01 4.449799999999999867e-01 1.036699999999999959e-06
-4.861099999999999866e-01 4.449799999999999867e-01 1.526000000000000086e-06
-4.575199999999999823e-01 4.449799999999999867e-01 2.193600000000000055e-06
-4.289200000000000235e-01 4.449799999999999867e-01 2.582499999999999838e-06
-4.003300000000000192e-01 4.449799999999999867e-01 2.546700000000000113e-06
-3.717300000000000049e-01 4.449799999999999867e-01 2.060500000000000008e-06
-3.431400000000000006e-01 4.449799999999999867e-01 1.281199999999999905e-06
-2.001600000000000046e-01 4.449799999999999867e-01 2.107100000000000121e-06
-1.715700000000000003e-01 4.449799999999999867e-01 3.944600000000000316e-06
-1.429700000000000137e-01 4.449799999999999867e-01 5.821799999999999893e-06
-1.143799999999999956e-01 4.449799999999999867e-01 7.314799999999999829e-06
-8.578399999999999914e-02 4.449799999999999867e-01 7.911400000000000181e-06
-5.718999999999999778e-02 4.449799999999999867e-01 8.039299999999999414e-06
-2.859499999999999889e-02 4.449799999999999867e-01 7.326299999999999634e-06
0.000000000000000000e+00 4.449799999999999867e-01 6.041700000000000109e-06
-4.489399999999999835e+00 4.736799999999999899e-01 5.013800000000000006e-05
-4.460799999999999876e+00 4.736799999999999899e-01 7.315700000000000447e-05
-4.432199999999999918e+00 4.736799999999999899e-01 9.011100000000000511e-05
-4.403599999999999959e+00 4.736799999999999899e-01 1.009500000000000008e-04
-4.375000000000000000e+00 4.736799999999999899e-01 9.680599999999999438e-05
-4.346400000000000041e+00 4.736799999999999899e-01 8.642999999999999750e-05
-4.317800000000000082e+00 4.736799999999999899e-01 6.409099999999999335e-05
-4.289200000000000124e+00 4.736799999999999899e-01 3.995999999999999688e-05
-4.260600000000000165e+00 4.736799999999999899e-01 1.718799999999999874e-05
-4.232000000000000206e+00 4.736799999999999899e-01 3.061200000000000015e-06
-4.174800000000000288e+00 4.736799999999999899e-01 9.661300000000000148e-06
-4.146200000000000330e+00 4.736799999999999899e-01 1.996900000000000142e-05
-4.117600000000000371e+00 4.736799999999999899e-01 3.807700000000000152e-05
-4.089100000000000179e+00 4.736799999999999899e-01 5.508400000000000319e-05
-4.060500000000000220e+00 4.736799999999999899e-01 6.387499999999999407e-05
-4.031900000000000261e+00 4.736799999999999899e-01 5.927499999999999745e-05
-4.003300000000000303e+00 4.736799999999999899e-01 4.771900000000000170e-05
-3.974699999999999900e+00 4.736799999999999899e-01 2.977999999999999948e-05
-3.946099999999999941e+00 4.736799999999999899e-01 1.732800000000000079e-05
-3.917499999999999982e+00 4.736799999999999899e-01 4.074800000000000356e-06
-3.860300000000000065e+00 4.736799999999999899e-01 9.918600000000000208e-06
-3.831700000000000106e+00 4.736799999999999899e-01 2.847200000000000116e-05
-3.803100000000000147e+00 4.736799999999999899e-01 5.076300000000000170e-05
-3.774500000000000188e+00 4.736799999999999899e-01 7.404600000000000222e-05
-3.745899999999999785e+00 4.736799999999999899e-01 8.347300000000000531e-05
-3.717299999999999827e+00 4.736799999999999899e-01 8.831800000000000382e-05
-3.688699999999999868e+00 4.736799999999999899e-01 8.479799999999999686e-05
-3.660099999999999909e+00 4.736799999999999899e-01 7.733600000000000630e-05
-3.631499999999999950e+00 4.736799999999999899e-01 7.286199999999999459e-05
-3.602899999999999991e+00 4.736799999999999899e-01 7.870700000000000385e-05
-3.574300000000000033e+00 4.736799999999999899e-01 1.015200000000000038e-04
-3.545799999999999841e+00 4.736799999999999899e-01 1.258300000000000065e-04
-3.517199999999999882e+00 4.736799999999999899e-01 1.593599999999999921e-04
-3.488599999999999923e+00 4.736799999999999899e-01 1.955100000000000034e-04
-3.459999999999999964e+00 4.736799999999999899e-01 2.245100000000000036e-04
-3.431400000000000006e+00 4.736799999999999899e-01 2.237600000000000125e-04
-3.402800000000000047e+00 4.736799999999999899e-01 1.882999999999999962e-04
-3.374200000000000088e+00 4.736799999999999899e-01 1.454200000000000002e-04
-3.345600000000000129e+00 4.736799999999999899e-01 1.070099999999999936e-04
-3.317000000000000171e+00 4.736799999999999899e-01 5.403300000000000258e-05
-3.288400000000000212e+00 4.736799999999999899e-01 2.382400000000000094e-05
-3.259799999999999809e+00 4.736799999999999899e-01 2.896500000000000135e-05
-3.231199999999999850e+00 4.736799999999999899e-01 7.291400000000000019e-05
-3.202599999999999891e+00 4.736799999999999899e-01 1.319899999999999882e-04
-3.173999999999999932e+00 4.736799999999999899e-01 1.934100000000000066e-04
-3.145399999999999974e+00 4.736799999999999899e-01 2.460100000000000112e-04
-3.116800000000000015e+00 4.736799999999999899e-01 2.596499999999999958e-04
-3.088200000000000056e+00 4.736799999999999899e-01 2.146700000000000030e-04
-3.059600000000000097e+00 4.736799999999999899e-01 1.431699999999999997e-04
-3.031000000000000139e+00 4.736799999999999899e-01 6.482400000000000141e-05
-3.002499999999999947e+00 4.736799999999999899e-01 3.991699999999999746e-05
-2.973899999999999988e+00 4.736799999999999899e-01 1.221499999999999875e-04
-2.945300000000000029e+00 4.736799999999999899e-01 2.754500000000000004e-04
-2.916700000000000070e+00 4.736799999999999899e-01 6.839500000000000093e-04
-2.888100000000000112e+00 4.736799999999999899e-01 1.194799999999999985e-03
-2.859500000000000153e+00 4.736799999999999899e-01 1.939399999999999978e-03
-2.830900000000000194e+00 4.736799999999999899e-01 2.889000000000000075e-03
-2.802299999999999791e+00 4.736799999999999899e-01 3.668799999999999839e-03
-2.773699999999999832e+00 4.736799999999999899e-01 3.930999999999999599e-03
-2.745099999999999874e+00 4.736799999999999899e-01 4.610900000000000241e-03
-2.716499999999999915e+00 4.736799999999999899e-01 5.087000000000000376e-03
-2.687899999999999956e+00 4.736799999999999899e-01 4.828700000000000006e-03
-2.659299999999999997e+00 4.736799999999999899e-01 4.178099999999999696e-03
-2.630700000000000038e+00 4.736799999999999899e-01 3.867499999999999844e-03
-2.602100000000000080e+00 4.736799999999999899e-01 3.057100000000000095e-03
-2.573500000000000121e+00 4.736799999999999899e-01 2.131300000000000035e-03
-2.544900000000000162e+00 4.736799999999999899e-01 1.391700000000000055e-03
-2.516300000000000203e+00 4.736799999999999899e-01 9.987799999999998936e-04
-2.487699999999999800e+00 4.736799999999999899e-01 4.772700000000000163e-04
-2.459200000000000053e+00 4.736799999999999899e-01 1.617099999999999950e-04
-2.430600000000000094e+00 4.736799999999999899e-01 2.235000000000000116e-05
-2.402000000000000135e+00 4.736799999999999899e-01 2.515699999999999902e-06
-2.373400000000000176e+00 4.736799999999999899e-01 3.387199999999999689e-05
-2.344800000000000217e+00 4.736799999999999899e-01 8.165099999999999463e-05
-2.316199999999999815e+00 4.736799999999999899e-01 1.089500000000000055e-04
-2.287599999999999856e+00 4.736799999999999899e-01 1.181499999999999987e-04
-2.258999999999999897e+00 4.736799999999999899e-01 8.840400000000000265e-05
-2.230399999999999938e+00 4.736799999999999899e-01 5.848999999999999734e-05
-2.201799999999999979e+00 4.736799999999999899e-01 2.944100000000000154e-05
-2.173200000000000021e+00 4.736799999999999899e-01 7.259300000000000106e-06
-2.144600000000000062e+00 4.736799999999999899e-01 4.733099999999999627e-06
-2.116000000000000103e+00 4.736799999999999899e-01 1.197900000000000000e-05
-2.087400000000000144e+00 4.736799999999999899e-01 3.020199999999999984e-05
-2.058800000000000185e+00 4.736799999999999899e-01 4.993800000000000197e-05
-2.030199999999999783e+00 4.736799999999999899e-01 6.583200000000000260e-05
-2.001599999999999824e+00 4.736799999999999899e-01 7.796799999999999618e-05
-1.973000000000000087e+00 4.736799999999999899e-01 8.405800000000000056e-05
-1.944399999999999906e+00 4.736799999999999899e-01 9.018199999999999817e-05
-1.915799999999999947e+00 4.736799999999999899e-01 9.933100000000000154e-05
-1.887299999999999978e+00 4.736799999999999899e-01 1.243700000000000036e-04
-1.858700000000000019e+00 4.736799999999999899e-01 1.676699999999999989e-04
-1.830100000000000060e+00 4.736799999999999899e-01 2.069600000000000107e-04
-1.801500000000000101e+00 4.736799999999999899e-01 1.806300000000000104e-04
-1.772899999999999920e+00 4.736799999999999899e-01 7.406100000000000530e-04
-1.744299999999999962e+00 4.736799999999999899e-01 5.102699999999999781e-05
-1.715700000000000003e+00 4.736799999999999899e-01 5.724300000000000064e-05
-1.687100000000000044e+00 4.736799999999999899e-01 6.930400000000000189e-04
-1.658500000000000085e+00 4.736799999999999899e-01 2.259199999999999986e-05
-1.629899999999999904e+00 4.736799999999999899e-01 5.521199999999999925e-05
-1.601299999999999946e+00 4.736799999999999899e-01 5.145300000000000221e-04
-1.572699999999999987e+00 4.736799999999999899e-01 2.647799999999999958e-05
-1.544100000000000028e+00 4.736799999999999899e-01 1.898199999999999885e-05
-1.515500000000000069e+00 4.736799999999999899e-01 1.992700000000000081e-05
-1.486900000000000110e+00 4.736799999999999899e-01 3.100099999999999677e-05
-1.458299999999999930e+00 4.736799999999999899e-01 5.719199999999999588e-04
-1.429699999999999971e+00 4.736799999999999899e-01 4.127700000000000206e-04
-1.401100000000000012e+00 4.736799999999999899e-01 2.799900000000000078e-05
-1.372500000000000053e+00 4.736799999999999899e-01 1.300500000000000000e-05
-1.344000000000000083e+00 4.736799999999999899e-01 8.270399999999999624e-06
-1.315399999999999903e+00 4.736799999999999899e-01 6.894499999999999804e-06
-1.286799999999999944e+00 4.736799999999999899e-01 6.141999999999999809e-06
-1.258199999999999985e+00 4.736799999999999899e-01 6.126000000000000301e-06
-1.229600000000000026e+00 4.736799999999999899e-01 6.683999999999999871e-06
-1.201000000000000068e+00 4.736799999999999899e-01 7.972099999999999448e-06
-1.172400000000000109e+00 4.736799999999999899e-01 1.063800000000000047e-05
-1.143799999999999928e+00 4.736799999999999899e-01 1.464899999999999984e-05
-1.115199999999999969e+00 4.736799999999999899e-01 1.999200000000000104e-05
-1.086600000000000010e+00 4.736799999999999899e-01 1.402400000000000044e-03
-1.058000000000000052e+00 4.736799999999999899e-01 3.287699999999999846e-04
-1.029400000000000093e+00 4.736799999999999899e-01 5.292999999999999975e-06
-6.576800000000000423e-01 4.736799999999999899e-01 1.037800000000000042e-06
-3.717300000000000049e-01 4.736799999999999899e-01 1.145799999999999897e-06
-3.431400000000000006e-01 4.736799999999999899e-01 1.130700000000000033e-06
-1.429700000000000137e-01 4.736799999999999899e-01 1.258999999999999931e-06
-1.143799999999999956e-01 4.736799999999999899e-01 2.141500000000000164e-06
-8.578399999999999914e-02 4.736799999999999899e-01 2.690699999999999920e-06
-5.718999999999999778e-02 4.736799999999999899e-01 3.301300000000000054e-06
-2.859499999999999889e-02 4.736799999999999899e-01 3.505599999999999945e-06
0.000000000000000000e+00 4.736799999999999899e-01 3.225000000000000039e-06
