-4.489399999999999835e+00 -1.478499999999999925e+00 1.090499999999999978e-05
-4.460799999999999876e+00 -1.478499999999999925e+00 1.440900000000000045e-05
-4.432199999999999918e+00 -1.478499999999999925e+00 1.706400000000000129e-05
-4.403599999999999959e+00 -1.478499999999999925e+00 1.797899999999999845e-05
-4.375000000000000000e+00 -1.478499999999999925e+00 1.724000000000000096e-05
-4.346400000000000041e+00 -1.478499999999999925e+00 1.429899999999999981e-05
-4.317800000000000082e+00 -1.478499999999999925e+00 9.888500000000000276e-06
-4.289200000000000124e+00 -1.478499999999999925e+00 5.185400000000000362e-06
-4.260600000000000165e+00 -1.478499999999999925e+00 1.608999999999999968e-06
-4.203400000000000247e+00 -1.478499999999999925e+00 1.723200000000000078e-06
-4.174800000000000288e+00 -1.478499999999999925e+00 5.393600000000000334e-06
-4.146200000000000330e+00 -1.478499999999999925e+00 8.483100000000000146e-06
-4.117600000000000371e+00 -1.478499999999999925e+00 1.289700000000000036e-05
-4.089100000000000179e+00 -1.478499999999999925e+00 1.565399999999999954e-05
-4.060500000000000220e+00 -1.478499999999999925e+00 1.564400000000000133e-05
-4.031900000000000261e+00 -1.478499999999999925e+00 1.293299999999999967e-05
-4.003300000000000303e+00 -1.478499999999999925e+00 8.534200000000000385e-06
-3.974699999999999900e+00 -1.478499999999999925e+00 3.927900000000000120e-06
-3.946099999999999941e+00 -1.478499999999999925e+00 1.664999999999999941e-06
-3.888900000000000023e+00 -1.478499999999999925e+00 2.248900000000000186e-06
-3.860300000000000065e+00 -1.478499999999999925e+00 6.285200000000000403e-06
-3.831700000000000106e+00 -1.478499999999999925e+00 1.084999999999999946e-05
-3.803100000000000147e+00 -1.478499999999999925e+00 1.407699999999999922e-05
-3.774500000000000188e+00 -1.478499999999999925e+00 1.454299999999999950e-05
-3.745899999999999785e+00 -1.478499999999999925e+00 1.307400000000000052e-05
-3.717299999999999827e+00 -1.478499999999999925e+00 9.519300000000000491e-06
-3.688699999999999868e+00 -1.478499999999999925e+00 6.894000000000000402e-06
-3.660099999999999909e+00 -1.478499999999999925e+00 8.741699999999999669e-06
-3.631499999999999950e+00 -1.478499999999999925e+00 1.808200000000000069e-05
-3.602899999999999991e+00 -1.478499999999999925e+00 3.599400000000000131e-05
-3.574300000000000033e+00 -1.478499999999999925e+00 6.080300000000000044e-05
-3.545799999999999841e+00 -1.478499999999999925e+00 7.846600000000000395e-05
-3.517199999999999882e+00 -1.478499999999999925e+00 1.013199999999999989e-04
-3.488599999999999923e+00 -1.478499999999999925e+00 1.142599999999999936e-04
-3.459999999999999964e+00 -1.478499999999999925e+00 1.116899999999999962e-04
-3.431400000000000006e+00 -1.478499999999999925e+00 9.294000000000000124e-05
-3.402800000000000047e+00 -1.478499999999999925e+00 6.305899999999999375e-05
-3.374200000000000088e+00 -1.478499999999999925e+00 3.090500000000000311e-05
-3.345600000000000129e+00 -1.478499999999999925e+00 1.335399999999999954e-05
-3.317000000000000171e+00 -1.478499999999999925e+00 1.796800000000000102e-06
-3.288400000000000212e+00 -1.478499999999999925e+00 1.422600000000000068e-05
-3.259799999999999809e+00 -1.478499999999999925e+00 5.133999999999999973e-05
-3.231199999999999850e+00 -1.478499999999999925e+00 1.050699999999999952e-04
-3.202599999999999891e+00 -1.478499999999999925e+00 1.610700000000000011e-04
-3.173999999999999932e+00 -1.478499999999999925e+00 2.023799999999999970e-04
-3.145399999999999974e+00 -1.478499999999999925e+00 2.131099999999999976e-04
-3.116800000000000015e+00 -1.478499999999999925e+00 1.931299999999999890e-04
-3.088200000000000056e+00 -1.478499999999999925e+00 1.366100000000000083e-04
-3.059600000000000097e+00 -1.478499999999999925e+00 6.339600000000000085e-05
-3.031000000000000139e+00 -1.478499999999999925e+00 8.551100000000000172e-06
-3.002499999999999947e+00 -1.478499999999999925e+00 1.842800000000000042e-05
-2.973899999999999988e+00 -1.478499999999999925e+00 1.403800000000000078e-04
-2.945300000000000029e+00 -1.478499999999999925e+00 3.035299999999999890e-04
-2.916700000000000070e+00 -1.478499999999999925e+00 6.814100000000000235e-04
-2.888100000000000112e+00 -1.478499999999999925e+00 1.197200000000000044e-03
-2.859500000000000153e+00 -1.478499999999999925e+00 1.818699999999999917e-03
-2.830900000000000194e+00 -1.478499999999999925e+00 2.478100000000000008e-03
-2.802299999999999791e+00 -1.478499999999999925e+00 3.101099999999999864e-03
-2.773699999999999832e+00 -1.478499999999999925e+00 3.608099999999999936e-03
-2.745099999999999874e+00 -1.478499999999999925e+00 3.842299999999999882e-03
-2.716499999999999915e+00 -1.478499999999999925e+00 3.928199999999999747e-03
-2.687899999999999956e+00 -1.478499999999999925e+00 3.733100000000000047e-03
-2.659299999999999997e+00 -1.478499999999999925e+00 3.356000000000000042e-03
-2.630700000000000038e+00 -1.478499999999999925e+00 2.868299999999999843e-03
-2.602100000000000080e+00 -1.478499999999999925e+00 2.267599999999999824e-03
-2.573500000000000121e+00 -1.478499999999999925e+00 1.624999999999999925e-03
-2.544900000000000162e+00 -1.478499999999999925e+00 1.033199999999999960e-03
-2.516300000000000203e+00 -1.478499999999999925e+00 7.023399999999999739e-04
-2.487699999999999800e+00 -1.478499999999999925e+00 3.310699999999999863e-04
-2.459200000000000053e+00 -1.478499999999999925e+00 1.087299999999999974e-04
-2.430600000000000094e+00 -1.478499999999999925e+00 1.243200000000000057e-05
-2.402000000000000135e+00 -1.478499999999999925e+00 1.117800000000000038e-05
-2.373400000000000176e+00 -1.478499999999999925e+00 6.216399999999999639e-05
-2.344800000000000217e+00 -1.478499999999999925e+00 1.218000000000000061e-04
-2.316199999999999815e+00 -1.478499999999999925e+00 1.519299999999999904e-04
-2.287599999999999856e+00 -1.478499999999999925e+00 1.751300000000000122e-04
-2.258999999999999897e+00 -1.478499999999999925e+00 1.691600000000000135e-04
-2.230399999999999938e+00 -1.478499999999999925e+00 1.262299999999999891e-04
-2.201799999999999979e+00 -1.478499999999999925e+00 6.968900000000000311e-05
-2.173200000000000021e+00 -1.478499999999999925e+00 3.518299999999999840e-05
-2.144600000000000062e+00 -1.478499999999999925e+00 7.095100000000000052e-06
-2.087400000000000144e+00 -1.478499999999999925e+00 5.965899999999999919e-06
-2.058800000000000185e+00 -1.478499999999999925e+00 3.198299999999999939e-06
-2.030199999999999783e+00 -1.478499999999999925e+00 2.025300000000000074e-05
-2.001599999999999824e+00 -1.478499999999999925e+00 5.886800000000000118e-06
-1.973000000000000087e+00 -1.478499999999999925e+00 3.125400000000000265e-05
-1.944399999999999906e+00 -1.478499999999999925e+00 1.300100000000000105e-04
-1.915799999999999947e+00 -1.478499999999999925e+00 8.676599999999999225e-06
-1.887299999999999978e+00 -1.478499999999999925e+00 1.569699999999999981e-06
-1.772899999999999920e+00 -1.478499999999999925e+00 1.215300000000000036e-06
-1.744299999999999962e+00 -1.478499999999999925e+00 1.318199999999999932e-06
-1.715700000000000003e+00 -1.478499999999999925e+00 1.296499999999999996e-06
-1.687100000000000044e+00 -1.478499999999999925e+00 1.135699999999999985e-06
-4.489399999999999835e+00 -1.449799999999999978e+00 1.233999999999999959e-06
-4.460799999999999876e+00 -1.449799999999999978e+00 1.766899999999999973e-06
-4.432199999999999918e+00 -1.449799999999999978e+00 2.266600000000000034e-06
-4.403599999999999959e+00 -1.449799999999999978e+00 2.498899999999999910e-06
-4.375000000000000000e+00 -1.449799999999999978e+00 2.517199999999999803e-06
-4.346400000000000041e+00 -1.449799999999999978e+00 2.405999999999999919e-06
-4.317800000000000082e+00 -1.449799999999999978e+00 1.925500000000000030e-06
-4.289200000000000124e+00 -1.449799999999999978e+00 1.265299999999999981e-06
-4.117600000000000371e+00 -1.449799999999999978e+00 1.041400000000000100e-06
-4.089100000000000179e+00 -1.449799999999999978e+00 1.411899999999999984e-06
-4.060500000000000220e+00 -1.449799999999999978e+00 1.591599999999999932e-06
-4.031900000000000261e+00 -1.449799999999999978e+00 1.539300000000000026e-06
-4.003300000000000303e+00 -1.449799999999999978e+00 1.170900000000000089e-06
-3.831700000000000106e+00 -1.449799999999999978e+00 1.441700000000000105e-06
-3.803100000000000147e+00 -1.449799999999999978e+00 1.875899999999999903e-06
-3.774500000000000188e+00 -1.449799999999999978e+00 1.894800000000000053e-06
-3.745899999999999785e+00 -1.449799999999999978e+00 1.691700000000000041e-06
-3.717299999999999827e+00 -1.449799999999999978e+00 1.259399999999999961e-06
-3.631499999999999950e+00 -1.449799999999999978e+00 1.773700000000000060e-06
-3.602899999999999991e+00 -1.449799999999999978e+00 3.994599999999999837e-06
-3.574300000000000033e+00 -1.449799999999999978e+00 6.891799999999999813e-06
-3.545799999999999841e+00 -1.449799999999999978e+00 9.097699999999999310e-06
-3.517199999999999882e+00 -1.449799999999999978e+00 1.224699999999999980e-05
-3.488599999999999923e+00 -1.449799999999999978e+00 1.426700000000000079e-05
-3.459999999999999964e+00 -1.449799999999999978e+00 1.346299999999999968e-05
-3.431400000000000006e+00 -1.449799999999999978e+00 1.107700000000000084e-05
-3.402800000000000047e+00 -1.449799999999999978e+00 7.337400000000000256e-06
-3.374200000000000088e+00 -1.449799999999999978e+00 3.101600000000000086e-06
-3.345600000000000129e+00 -1.449799999999999978e+00 1.016999999999999961e-06
-3.288400000000000212e+00 -1.449799999999999978e+00 3.296799999999999928e-06
-3.259799999999999809e+00 -1.449799999999999978e+00 1.008499999999999916e-05
-3.231199999999999850e+00 -1.449799999999999978e+00 1.920799999999999973e-05
-3.202599999999999891e+00 -1.449799999999999978e+00 2.948799999999999956e-05
-3.173999999999999932e+00 -1.449799999999999978e+00 3.641500000000000287e-05
-3.145399999999999974e+00 -1.449799999999999978e+00 3.765599999999999996e-05
-3.116800000000000015e+00 -1.449799999999999978e+00 3.420699999999999961e-05
-3.088200000000000056e+00 -1.449799999999999978e+00 2.523099999999999949e-05
-3.059600000000000097e+00 -1.449799999999999978e+00 1.199099999999999920e-05
-3.031000000000000139e+00 -1.449799999999999978e+00 1.701299999999999915e-06
-3.002499999999999947e+00 -1.449799999999999978e+00 1.569199999999999943e-06
-2.973899999999999988e+00 -1.449799999999999978e+00 1.953099999999999986e-05
-2.945300000000000029e+00 -1.449799999999999978e+00 4.487300000000000219e-05
-2.916700000000000070e+00 -1.449799999999999978e+00 1.044399999999999962e-04
-2.888100000000000112e+00 -1.449799999999999978e+00 1.917599999999999936e-04
-2.859500000000000153e+00 -1.449799999999999978e+00 2.930100000000000152e-04
-2.830900000000000194e+00 -1.449799999999999978e+00 3.932599999999999854e-04
-2.802299999999999791e+00 -1.449799999999999978e+00 4.998900000000000132e-04
-2.773699999999999832e+00 -1.449799999999999978e+00 5.917500000000000451e-04
-2.745099999999999874e+00 -1.449799999999999978e+00 6.197499999999999667e-04
-2.716499999999999915e+00 -1.449799999999999978e+00 6.243099999999999908e-04
-2.687899999999999956e+00 -1.449799999999999978e+00 6.024000000000000058e-04
-2.659299999999999997e+00 -1.449799999999999978e+00 5.400700000000000249e-04
-2.630700000000000038e+00 -1.449799999999999978e+00 4.427599999999999960e-04
-2.602100000000000080e+00 -1.449799999999999978e+00 3.390600000000000233e-04
-2.573500000000000121e+00 -1.449799999999999978e+00 2.442400000000000061e-04
-2.544900000000000162e+00 -1.449799999999999978e+00 1.465799999999999959e-04
-2.516300000000000203e+00 -1.449799999999999978e+00 9.261900000000000211e-05
-2.487699999999999800e+00 -1.449799999999999978e+00 3.798100000000000109e-05
-2.459200000000000053e+00 -1.449799999999999978e+00 8.977399999999999801e-06
-2.402000000000000135e+00 -1.449799999999999978e+00 7.430000000000000013e-06
-2.373400000000000176e+00 -1.449799999999999978e+00 2.092500000000000040e-05
-2.344800000000000217e+00 -1.449799999999999978e+00 3.312400000000000338e-05
-2.316199999999999815e+00 -1.449799999999999978e+00 3.787900000000000105e-05
-2.287599999999999856e+00 -1.449799999999999978e+00 4.003700000000000309e-05
-2.258999999999999897e+00 -1.449799999999999978e+00 3.733399999999999864e-05
-2.230399999999999938e+00 -1.449799999999999978e+00 2.686800000000000093e-05
-2.201799999999999979e+00 -1.449799999999999978e+00 1.367900000000000066e-05
-2.173200000000000021e+00 -1.449799999999999978e+00 5.946000000000000330e-06
-2.144600000000000062e+00 -1.449799999999999978e+00 1.038699999999999898e-06
-2.087400000000000144e+00 -1.449799999999999978e+00 2.892099999999999805e-06
-2.058800000000000185e+00 -1.449799999999999978e+00 1.087099999999999934e-06
-2.030199999999999783e+00 -1.449799999999999978e+00 6.110200000000000384e-06
-2.001599999999999824e+00 -1.449799999999999978e+00 1.356100000000000027e-06
-1.973000000000000087e+00 -1.449799999999999978e+00 2.368400000000000058e-06
-1.944399999999999906e+00 -1.449799999999999978e+00 5.295100000000000176e-05
-1.915799999999999947e+00 -1.449799999999999978e+00 3.875999999999999820e-06
-4.489399999999999835e+00 -1.421100000000000030e+00 6.629099999999999770e-06
-4.460799999999999876e+00 -1.421100000000000030e+00 8.378300000000000742e-06
-4.432199999999999918e+00 -1.421100000000000030e+00 9.231599999999999840e-06
-4.403599999999999959e+00 -1.421100000000000030e+00 9.041399999999999527e-06
-4.375000000000000000e+00 -1.421100000000000030e+00 7.568300000000000027e-06
-4.346400000000000041e+00 -1.421100000000000030e+00 5.890400000000000388e-06
-4.317800000000000082e+00 -1.421100000000000030e+00 3.272000000000000182e-06
-4.289200000000000124e+00 -1.421100000000000030e+00 1.155900000000000021e-06
-4.203400000000000247e+00 -1.421100000000000030e+00 3.163499999999999866e-06
-4.174800000000000288e+00 -1.421100000000000030e+00 6.391599999999999926e-06
-4.146200000000000330e+00 -1.421100000000000030e+00 8.572599999999999882e-06
-4.117600000000000371e+00 -1.421100000000000030e+00 1.081500000000000064e-05
-4.089100000000000179e+00 -1.421100000000000030e+00 1.203000000000000002e-05
-4.060500000000000220e+00 -1.421100000000000030e+00 1.105900000000000033e-05
-4.031900000000000261e+00 -1.421100000000000030e+00 8.397500000000000491e-06
-4.003300000000000303e+00 -1.421100000000000030e+00 4.975399999999999831e-06
-3.974699999999999900e+00 -1.421100000000000030e+00 1.969699999999999962e-06
-3.888900000000000023e+00 -1.421100000000000030e+00 1.402200000000000102e-06
-3.860300000000000065e+00 -1.421100000000000030e+00 3.977899999999999641e-06
-3.831700000000000106e+00 -1.421100000000000030e+00 6.629199999999999989e-06
-3.803100000000000147e+00 -1.421100000000000030e+00 8.356099999999999498e-06
-3.774500000000000188e+00 -1.421100000000000030e+00 8.553500000000000353e-06
-3.745899999999999785e+00 -1.421100000000000030e+00 7.760000000000000242e-06
-3.717299999999999827e+00 -1.421100000000000030e+00 5.712099999999999910e-06
-3.688699999999999868e+00 -1.421100000000000030e+00 4.429499999999999688e-06
-3.660099999999999909e+00 -1.421100000000000030e+00 5.604699999999999888e-06
-3.631499999999999950e+00 -1.421100000000000030e+00 1.063699999999999997e-05
-3.602899999999999991e+00 -1.421100000000000030e+00 1.955199999999999847e-05
-3.574300000000000033e+00 -1.421100000000000030e+00 3.272599999999999804e-05
-3.545799999999999841e+00 -1.421100000000000030e+00 4.172799999999999757e-05
-3.517199999999999882e+00 -1.421100000000000030e+00 5.342899999999999955e-05
-3.488599999999999923e+00 -1.421100000000000030e+00 5.852999999999999696e-05
-3.459999999999999964e+00 -1.421100000000000030e+00 5.908500000000000096e-05
-3.431400000000000006e+00 -1.421100000000000030e+00 5.001099999999999941e-05
-3.402800000000000047e+00 -1.421100000000000030e+00 3.512699999999999758e-05
-3.374200000000000088e+00 -1.421100000000000030e+00 1.898799999999999845e-05
-3.345600000000000129e+00 -1.421100000000000030e+00 9.633099999999999299e-06
-3.317000000000000171e+00 -1.421100000000000030e+00 1.020700000000000028e-06
-3.288400000000000212e+00 -1.421100000000000030e+00 2.087400000000000123e-06
-3.259799999999999809e+00 -1.421100000000000030e+00 1.320300000000000048e-05
-3.231199999999999850e+00 -1.421100000000000030e+00 3.143099999999999773e-05
-3.202599999999999891e+00 -1.421100000000000030e+00 4.938800000000000216e-05
-3.173999999999999932e+00 -1.421100000000000030e+00 6.443600000000000445e-05
-3.145399999999999974e+00 -1.421100000000000030e+00 6.843300000000000023e-05
-3.116800000000000015e+00 -1.421100000000000030e+00 6.198100000000000170e-05
-3.088200000000000056e+00 -1.421100000000000030e+00 4.113000000000000092e-05
-3.059600000000000097e+00 -1.421100000000000030e+00 1.735999999999999981e-05
-3.031000000000000139e+00 -1.421100000000000030e+00 1.105000000000000008e-06
-3.002499999999999947e+00 -1.421100000000000030e+00 9.717599999999999930e-06
-2.973899999999999988e+00 -1.421100000000000030e+00 6.006699999999999935e-05
-2.945300000000000029e+00 -1.421100000000000030e+00 1.239400000000000094e-04
-2.916700000000000070e+00 -1.421100000000000030e+00 2.695400000000000248e-04
-2.888100000000000112e+00 -1.421100000000000030e+00 4.583799999999999854e-04
-2.859500000000000153e+00 -1.421100000000000030e+00 6.839300000000000197e-04
-2.830900000000000194e+00 -1.421100000000000030e+00 9.418299999999999459e-04
-2.802299999999999791e+00 -1.421100000000000030e+00 1.159000000000000091e-03
-2.773699999999999832e+00 -1.421100000000000030e+00 1.327899999999999914e-03
-2.745099999999999874e+00 -1.421100000000000030e+00 1.422800000000000106e-03
-2.716499999999999915e+00 -1.421100000000000030e+00 1.488799999999999976e-03
-2.687899999999999956e+00 -1.421100000000000030e+00 1.421699999999999917e-03
-2.659299999999999997e+00 -1.421100000000000030e+00 1.268000000000000030e-03
-2.630700000000000038e+00 -1.421100000000000030e+00 1.107700000000000091e-03
-2.602100000000000080e+00 -1.421100000000000030e+00 9.015499999999999859e-04
-2.573500000000000121e+00 -1.421100000000000030e+00 6.587000000000000190e-04
-2.544900000000000162e+00 -1.421100000000000030e+00 4.531900000000000164e-04
-2.516300000000000203e+00 -1.421100000000000030e+00 3.295099999999999809e-04
-2.487699999999999800e+00 -1.421100000000000030e+00 1.780899999999999974e-04
-2.459200000000000053e+00 -1.421100000000000030e+00 7.775899999999999869e-05
-2.430600000000000094e+00 -1.421100000000000030e+00 2.249099999999999862e-05
-2.402000000000000135e+00 -1.421100000000000030e+00 1.053699999999999966e-06
-2.373400000000000176e+00 -1.421100000000000030e+00 2.865600000000000143e-06
-2.344800000000000217e+00 -1.421100000000000030e+00 1.469700000000000006e-05
-2.316199999999999815e+00 -1.421100000000000030e+00 2.357400000000000164e-05
-2.287599999999999856e+00 -1.421100000000000030e+00 3.258600000000000277e-05
-2.258999999999999897e+00 -1.421100000000000030e+00 3.427600000000000183e-05
-2.230399999999999938e+00 -1.421100000000000030e+00 3.037700000000000071e-05
-2.201799999999999979e+00 -1.421100000000000030e+00 1.913999999999999971e-05
-2.173200000000000021e+00 -1.421100000000000030e+00 9.714700000000000348e-06
-2.144600000000000062e+00 -1.421100000000000030e+00 3.780399999999999838e-06
-2.030199999999999783e+00 -1.421100000000000030e+00 2.237199999999999942e-06
-2.001599999999999824e+00 -1.421100000000000030e+00 1.568200000000000080e-06
-1.973000000000000087e+00 -1.421100000000000030e+00 1.370900000000000080e-06
-1.944399999999999906e+00 -1.421100000000000030e+00 6.355399999999999494e-05
-1.915799999999999947e+00 -1.421100000000000030e+00 5.059399999999999705e-05
-4.489399999999999835e+00 -1.392300000000000093e+00 4.321099999999999675e-05
-4.460799999999999876e+00 -1.392300000000000093e+00 5.644499999999999913e-05
-4.432199999999999918e+00 -1.392300000000000093e+00 6.483700000000000281e-05
-4.403599999999999959e+00 -1.392300000000000093e+00 6.536400000000000641e-05
-4.375000000000000000e+00 -1.392300000000000093e+00 5.711899999999999980e-05
-4.346400000000000041e+00 -1.392300000000000093e+00 4.749600000000000062e-05
-4.317800000000000082e+00 -1.392300000000000093e+00 2.975499999999999887e-05
-4.289200000000000124e+00 -1.392300000000000093e+00 1.298299999999999919e-05
-4.260600000000000165e+00 -1.392300000000000093e+00 2.783799999999999927e-06
-4.232000000000000206e+00 -1.392300000000000093e+00 2.724499999999999919e-06
-4.203400000000000247e+00 -1.392300000000000093e+00 1.329800000000000041e-05
-4.174800000000000288e+00 -1.392300000000000093e+00 3.157399999999999958e-05
-4.146200000000000330e+00 -1.392300000000000093e+00 4.526900000000000314e-05
-4.117600000000000371e+00 -1.392300000000000093e+00 6.284200000000000582e-05
-4.089100000000000179e+00 -1.392300000000000093e+00 7.153999999999999606e-05
-4.060500000000000220e+00 -1.392300000000000093e+00 6.819499999999999336e-05
-4.031900000000000261e+00 -1.392300000000000093e+00 5.396400000000000036e-05
-4.003300000000000303e+00 -1.392300000000000093e+00 3.350700000000000293e-05
-3.974699999999999900e+00 -1.392300000000000093e+00 1.378000000000000020e-05
-3.946099999999999941e+00 -1.392300000000000093e+00 4.639100000000000188e-06
-3.888900000000000023e+00 -1.392300000000000093e+00 7.943200000000000453e-06
-3.860300000000000065e+00 -1.392300000000000093e+00 2.436399999999999916e-05
-3.831700000000000106e+00 -1.392300000000000093e+00 4.268999999999999954e-05
-3.803100000000000147e+00 -1.392300000000000093e+00 5.522000000000000324e-05
-3.774500000000000188e+00 -1.392300000000000093e+00 5.681700000000000167e-05
-3.745899999999999785e+00 -1.392300000000000093e+00 5.177900000000000010e-05
-3.717299999999999827e+00 -1.392300000000000093e+00 3.880900000000000061e-05
-3.688699999999999868e+00 -1.392300000000000093e+00 2.871000000000000125e-05
-3.660099999999999909e+00 -1.392300000000000093e+00 3.459599999999999877e-05
-3.631499999999999950e+00 -1.392300000000000093e+00 6.716000000000000073e-05
-3.602899999999999991e+00 -1.392300000000000093e+00 1.296100000000000008e-04
-3.574300000000000033e+00 -1.392300000000000093e+00 2.145299999999999941e-04
-3.545799999999999841e+00 -1.392300000000000093e+00 2.769199999999999982e-04
-3.517199999999999882e+00 -1.392300000000000093e+00 3.591900000000000084e-04
-3.488599999999999923e+00 -1.392300000000000093e+00 4.055899999999999978e-04
-3.459999999999999964e+00 -1.392300000000000093e+00 3.972900000000000129e-04
-3.431400000000000006e+00 -1.392300000000000093e+00 3.358500000000000049e-04
-3.402800000000000047e+00 -1.392300000000000093e+00 2.343199999999999927e-04
-3.374200000000000088e+00 -1.392300000000000093e+00 1.208900000000000030e-04
-3.345600000000000129e+00 -1.392300000000000093e+00 5.726200000000000165e-05
-3.317000000000000171e+00 -1.392300000000000093e+00 5.463599999999999663e-06
-3.288400000000000212e+00 -1.392300000000000093e+00 2.766599999999999905e-05
-3.259799999999999809e+00 -1.392300000000000093e+00 1.261900000000000098e-04
-3.231199999999999850e+00 -1.392300000000000093e+00 2.774000000000000207e-04
-3.202599999999999891e+00 -1.392300000000000093e+00 4.382000000000000261e-04
-3.173999999999999932e+00 -1.392300000000000093e+00 5.529499999999999693e-04
-3.145399999999999974e+00 -1.392300000000000093e+00 5.789400000000000102e-04
-3.116800000000000015e+00 -1.392300000000000093e+00 5.261499999999999684e-04
-3.088200000000000056e+00 -1.392300000000000093e+00 3.668799999999999839e-04
-3.059600000000000097e+00 -1.392300000000000093e+00 1.604400000000000021e-04
-3.031000000000000139e+00 -1.392300000000000093e+00 1.708400000000000109e-05
-3.002499999999999947e+00 -1.392300000000000093e+00 6.996299999999999405e-05
-2.973899999999999988e+00 -1.392300000000000093e+00 4.554100000000000053e-04
-2.945300000000000029e+00 -1.392300000000000093e+00 9.522899999999999508e-04
-2.916700000000000070e+00 -1.392300000000000093e+00 2.099600000000000077e-03
-2.888100000000000112e+00 -1.392300000000000093e+00 3.675599999999999788e-03
-2.859500000000000153e+00 -1.392300000000000093e+00 5.514599999999999710e-03
-2.830900000000000194e+00 -1.392300000000000093e+00 7.420000000000000380e-03
-2.802299999999999791e+00 -1.392300000000000093e+00 9.264599999999999572e-03
-2.773699999999999832e+00 -1.392300000000000093e+00 1.078999999999999924e-02
-2.745099999999999874e+00 -1.392300000000000093e+00 1.145400000000000064e-02
-2.716499999999999915e+00 -1.392300000000000093e+00 1.181800000000000038e-02
-2.687899999999999956e+00 -1.392300000000000093e+00 1.135800000000000004e-02
-2.659299999999999997e+00 -1.392300000000000093e+00 1.019800000000000047e-02
-2.630700000000000038e+00 -1.392300000000000093e+00 8.616800000000000848e-03
-2.602100000000000080e+00 -1.392300000000000093e+00 6.906500000000000312e-03
-2.573500000000000121e+00 -1.392300000000000093e+00 5.117899999999999880e-03
-2.544900000000000162e+00 -1.392300000000000093e+00 3.369000000000000033e-03
-2.516300000000000203e+00 -1.392300000000000093e+00 2.359200000000000099e-03
-2.487699999999999800e+00 -1.392300000000000093e+00 1.202600000000000066e-03
-2.459200000000000053e+00 -1.392300000000000093e+00 4.648100000000000170e-04
-2.430600000000000094e+00 -1.392300000000000093e+00 9.471699999999999456e-05
-2.402000000000000135e+00 -1.392300000000000093e+00 1.875300000000000070e-06
-2.373400000000000176e+00 -1.392300000000000093e+00 8.003399999999999978e-05
-2.344800000000000217e+00 -1.392300000000000093e+00 2.166899999999999870e-04
-2.316199999999999815e+00 -1.392300000000000093e+00 2.932899999999999787e-04
-2.287599999999999856e+00 -1.392300000000000093e+00 3.587299999999999755e-04
-2.258999999999999897e+00 -1.392300000000000093e+00 3.656700000000000141e-04
-2.230399999999999938e+00 -1.392300000000000093e+00 3.058599999999999752e-04
-2.201799999999999979e+00 -1.392300000000000093e+00 1.840099999999999950e-04
-2.173200000000000021e+00 -1.392300000000000093e+00 8.411299999999999918e-05
-2.144600000000000062e+00 -1.392300000000000093e+00 2.875399999999999948e-05
-2.116000000000000103e+00 -1.392300000000000093e+00 4.327499999999999648e-06
-2.087400000000000144e+00 -1.392300000000000093e+00 2.369899999999999959e-06
-2.058800000000000185e+00 -1.392300000000000093e+00 2.437100000000000095e-05
-2.030199999999999783e+00 -1.392300000000000093e+00 1.574499999999999918e-05
-2.001599999999999824e+00 -1.392300000000000093e+00 2.933199999999999970e-05
-1.973000000000000087e+00 -1.392300000000000093e+00 1.299600000000000059e-05
-1.944399999999999906e+00 -1.392300000000000093e+00 1.495099999999999966e-04
-1.915799999999999947e+00 -1.392300000000000093e+00 5.434800000000000481e-04
-1.887299999999999978e+00 -1.392300000000000093e+00 1.677399999999999898e-05
-1.858700000000000019e+00 -1.392300000000000093e+00 5.474700000000000286e-06
-1.830100000000000060e+00 -1.392300000000000093e+00 4.326200000000000186e-06
-1.801500000000000101e+00 -1.392300000000000093e+00 4.033199999999999772e-06
-1.772899999999999920e+00 -1.392300000000000093e+00 3.919000000000000086e-06
-1.744299999999999962e+00 -1.392300000000000093e+00 3.631899999999999904e-06
-1.715700000000000003e+00 -1.392300000000000093e+00 3.264499999999999831e-06
-1.687100000000000044e+00 -1.392300000000000093e+00 2.509099999999999829e-06
-1.658500000000000085e+00 -1.392300000000000093e+00 1.648699999999999986e-06
-1.458299999999999930e+00 -1.392300000000000093e+00 1.176200000000000063e-06
-1.429699999999999971e+00 -1.392300000000000093e+00 1.544199999999999971e-06
-1.401100000000000012e+00 -1.392300000000000093e+00 1.729100000000000098e-06
-1.372500000000000053e+00 -1.392300000000000093e+00 1.698399999999999909e-06
-1.344000000000000083e+00 -1.392300000000000093e+00 1.505500000000000028e-06
-1.315399999999999903e+00 -1.392300000000000093e+00 1.315499999999999941e-06
-4.489399999999999835e+00 -1.363599999999999923e+00 9.138200000000000023e-05
-4.460799999999999876e+00 -1.363599999999999923e+00 1.199399999999999935e-04
-4.432199999999999918e+00 -1.363599999999999923e+00 1.382900000000000058e-04
-4.403599999999999959e+00 -1.363599999999999923e+00 1.409199999999999993e-04
-4.375000000000000000e+00 -1.363599999999999923e+00 1.250199999999999922e-04
-4.346400000000000041e+00 -1.363599999999999923e+00 1.052100000000000040e-04
-4.317800000000000082e+00 -1.363599999999999923e+00 6.768000000000000253e-05
-4.289200000000000124e+00 -1.363599999999999923e+00 3.124199999999999666e-05
-4.260600000000000165e+00 -1.363599999999999923e+00 7.435200000000000404e-06
-4.232000000000000206e+00 -1.363599999999999923e+00 4.522900000000000352e-06
-4.203400000000000247e+00 -1.363599999999999923e+00 2.431299999999999914e-05
-4.174800000000000288e+00 -1.363599999999999923e+00 6.105400000000000193e-05
-4.146200000000000330e+00 -1.363599999999999923e+00 8.924600000000000577e-05
-4.117600000000000371e+00 -1.363599999999999923e+00 1.265200000000000016e-04
-4.089100000000000179e+00 -1.363599999999999923e+00 1.462000000000000029e-04
-4.060500000000000220e+00 -1.363599999999999923e+00 1.414800000000000074e-04
-4.031900000000000261e+00 -1.363599999999999923e+00 1.130499999999999967e-04
-4.003300000000000303e+00 -1.363599999999999923e+00 7.126400000000000074e-05
-3.974699999999999900e+00 -1.363599999999999923e+00 3.038500000000000131e-05
-3.946099999999999941e+00 -1.363599999999999923e+00 1.069799999999999989e-05
-3.888900000000000023e+00 -1.363599999999999923e+00 1.637800000000000142e-05
-3.860300000000000065e+00 -1.363599999999999923e+00 5.072699999999999730e-05
-3.831700000000000106e+00 -1.363599999999999923e+00 8.956600000000000271e-05
-3.803100000000000147e+00 -1.363599999999999923e+00 1.163100000000000028e-04
-3.774500000000000188e+00 -1.363599999999999923e+00 1.207800000000000057e-04
-3.745899999999999785e+00 -1.363599999999999923e+00 1.104200000000000033e-04
-3.717299999999999827e+00 -1.363599999999999923e+00 8.270000000000000441e-05
-3.688699999999999868e+00 -1.363599999999999923e+00 6.058299999999999916e-05
-3.660099999999999909e+00 -1.363599999999999923e+00 7.155700000000000623e-05
-3.631499999999999950e+00 -1.363599999999999923e+00 1.383699999999999915e-04
-3.602899999999999991e+00 -1.363599999999999923e+00 2.688300000000000130e-04
-3.574300000000000033e+00 -1.363599999999999923e+00 4.497899999999999880e-04
-3.545799999999999841e+00 -1.363599999999999923e+00 5.815899999999999933e-04
-3.517199999999999882e+00 -1.363599999999999923e+00 7.573999999999999786e-04
-3.488599999999999923e+00 -1.363599999999999923e+00 8.574400000000000034e-04
-3.459999999999999964e+00 -1.363599999999999923e+00 8.447599999999999554e-04
-3.431400000000000006e+00 -1.363599999999999923e+00 7.136500000000000265e-04
-3.402800000000000047e+00 -1.363599999999999923e+00 4.937299999999999502e-04
-3.374200000000000088e+00 -1.363599999999999923e+00 2.524000000000000093e-04
-3.345600000000000129e+00 -1.363599999999999923e+00 1.175299999999999945e-04
-3.317000000000000171e+00 -1.363599999999999923e+00 1.060899999999999956e-05
-3.288400000000000212e+00 -1.363599999999999923e+00 6.634099999999999383e-05
-3.259799999999999809e+00 -1.363599999999999923e+00 2.899600000000000224e-04
-3.231199999999999850e+00 -1.363599999999999923e+00 6.294700000000000295e-04
-3.202599999999999891e+00 -1.363599999999999923e+00 9.844100000000000159e-04
-3.173999999999999932e+00 -1.363599999999999923e+00 1.238200000000000064e-03
-3.145399999999999974e+00 -1.363599999999999923e+00 1.302100000000000046e-03
-3.116800000000000015e+00 -1.363599999999999923e+00 1.186100000000000045e-03
-3.088200000000000056e+00 -1.363599999999999923e+00 8.294399999999999733e-04
-3.059600000000000097e+00 -1.363599999999999923e+00 3.687000000000000173e-04
-3.031000000000000139e+00 -1.363599999999999923e+00 4.127399999999999819e-05
-3.002499999999999947e+00 -1.363599999999999923e+00 1.442299999999999930e-04
-2.973899999999999988e+00 -1.363599999999999923e+00 9.853200000000000326e-04
-2.945300000000000029e+00 -1.363599999999999923e+00 2.080799999999999837e-03
-2.916700000000000070e+00 -1.363599999999999923e+00 4.618899999999999569e-03
-2.888100000000000112e+00 -1.363599999999999923e+00 8.115199999999999497e-03
-2.859500000000000153e+00 -1.363599999999999923e+00 1.221000000000000037e-02
-2.830900000000000194e+00 -1.363599999999999923e+00 1.652299999999999949e-02
-2.802299999999999791e+00 -1.363599999999999923e+00 2.058300000000000060e-02
-2.773699999999999832e+00 -1.363599999999999923e+00 2.387999999999999845e-02
-2.745099999999999874e+00 -1.363599999999999923e+00 2.540800000000000003e-02
-2.716499999999999915e+00 -1.363599999999999923e+00 2.632800000000000071e-02
-2.687899999999999956e+00 -1.363599999999999923e+00 2.529400000000000051e-02
-2.659299999999999997e+00 -1.363599999999999923e+00 2.263300000000000034e-02
-2.630700000000000038e+00 -1.363599999999999923e+00 1.909599999999999839e-02
-2.602100000000000080e+00 -1.363599999999999923e+00 1.523599999999999954e-02
-2.573500000000000121e+00 -1.363599999999999923e+00 1.118000000000000070e-02
-2.544900000000000162e+00 -1.363599999999999923e+00 7.337599999999999678e-03
-2.516300000000000203e+00 -1.363599999999999923e+00 5.121900000000000411e-03
-2.487699999999999800e+00 -1.363599999999999923e+00 2.554999999999999979e-03
-2.459200000000000053e+00 -1.363599999999999923e+00 9.484100000000000082e-04
-2.430600000000000094e+00 -1.363599999999999923e+00 1.727400000000000029e-04
-2.402000000000000135e+00 -1.363599999999999923e+00 1.190999999999999947e-05
-2.373400000000000176e+00 -1.363599999999999923e+00 2.246600000000000073e-04
-2.344800000000000217e+00 -1.363599999999999923e+00 5.536300000000000509e-04
-2.316199999999999815e+00 -1.363599999999999923e+00 7.340100000000000010e-04
-2.287599999999999856e+00 -1.363599999999999923e+00 8.733000000000000311e-04
-2.258999999999999897e+00 -1.363599999999999923e+00 8.642899999999999801e-04
-2.230399999999999938e+00 -1.363599999999999923e+00 7.211099999999999585e-04
-2.201799999999999979e+00 -1.363599999999999923e+00 4.445000000000000166e-04
-2.173200000000000021e+00 -1.363599999999999923e+00 1.919900000000000100e-04
-2.144600000000000062e+00 -1.363599999999999923e+00 6.143300000000000627e-05
-2.116000000000000103e+00 -1.363599999999999923e+00 1.106699999999999924e-05
-2.087400000000000144e+00 -1.363599999999999923e+00 2.404999999999999844e-06
-2.058800000000000185e+00 -1.363599999999999923e+00 1.428300000000000132e-04
-2.030199999999999783e+00 -1.363599999999999923e+00 2.806299999999999881e-05
-2.001599999999999824e+00 -1.363599999999999923e+00 1.919299999999999869e-04
-1.973000000000000087e+00 -1.363599999999999923e+00 2.860300000000000041e-05
-1.944399999999999906e+00 -1.363599999999999923e+00 8.637000000000000146e-05
-1.915799999999999947e+00 -1.363599999999999923e+00 7.875500000000000339e-04
-1.887299999999999978e+00 -1.363599999999999923e+00 6.756400000000000567e-05
-1.858700000000000019e+00 -1.363599999999999923e+00 1.591400000000000044e-05
-1.830100000000000060e+00 -1.363599999999999923e+00 1.079500000000000083e-05
-1.801500000000000101e+00 -1.363599999999999923e+00 1.019700000000000080e-05
-1.772899999999999920e+00 -1.363599999999999923e+00 1.007499999999999925e-05
-1.744299999999999962e+00 -1.363599999999999923e+00 9.412500000000000090e-06
-1.715700000000000003e+00 -1.363599999999999923e+00 8.533199999999999886e-06
-1.687100000000000044e+00 -1.363599999999999923e+00 6.706299999999999641e-06
-1.658500000000000085e+00 -1.363599999999999923e+00 4.530200000000000265e-06
-1.629899999999999904e+00 -1.363599999999999923e+00 2.449900000000000040e-06
-1.486900000000000110e+00 -1.363599999999999923e+00 1.442399999999999946e-06
-1.458299999999999930e+00 -1.363599999999999923e+00 2.501399999999999886e-06
-1.429699999999999971e+00 -1.363599999999999923e+00 3.345799999999999798e-06
-1.401100000000000012e+00 -1.363599999999999923e+00 3.763500000000000050e-06
-1.372500000000000053e+00 -1.363599999999999923e+00 3.690999999999999898e-06
-1.344000000000000083e+00 -1.363599999999999923e+00 3.207399999999999988e-06
-1.315399999999999903e+00 -1.363599999999999923e+00 2.717699999999999831e-06
-1.286799999999999944e+00 -1.363599999999999923e+00 1.923899999999999910e-06
-1.258199999999999985e+00 -1.363599999999999923e+00 1.204900000000000102e-06
-2.001600000000000046e-01 -1.363599999999999923e+00 1.058399999999999895e-06
-1.715700000000000003e-01 -1.363599999999999923e+00 1.134400000000000099e-06
-1.429700000000000137e-01 -1.363599999999999923e+00 1.078599999999999931e-06
-4.489399999999999835e+00 -1.334899999999999975e+00 9.583799999999999958e-05
-4.460799999999999876e+00 -1.334899999999999975e+00 1.252799999999999931e-04
-4.432199999999999918e+00 -1.334899999999999975e+00 1.455600000000000090e-04
-4.403599999999999959e+00 -1.334899999999999975e+00 1.480499999999999937e-04
-4.375000000000000000e+00 -1.334899999999999975e+00 1.389399999999999945e-04
-4.346400000000000041e+00 -1.334899999999999975e+00 1.111899999999999976e-04
-4.317800000000000082e+00 -1.334899999999999975e+00 7.286299999999999678e-05
-4.289200000000000124e+00 -1.334899999999999975e+00 3.427799999999999944e-05
-4.260600000000000165e+00 -1.334899999999999975e+00 8.716999999999999719e-06
-4.232000000000000206e+00 -1.334899999999999975e+00 4.576600000000000363e-06
-4.203400000000000247e+00 -1.334899999999999975e+00 2.390799999999999878e-05
-4.174800000000000288e+00 -1.334899999999999975e+00 6.114299999999999380e-05
-4.146200000000000330e+00 -1.334899999999999975e+00 9.018400000000000255e-05
-4.117600000000000371e+00 -1.334899999999999975e+00 1.294599999999999972e-04
-4.089100000000000179e+00 -1.334899999999999975e+00 1.507900000000000115e-04
-4.060500000000000220e+00 -1.334899999999999975e+00 1.460400000000000044e-04
-4.031900000000000261e+00 -1.334899999999999975e+00 1.179300000000000042e-04
-4.003300000000000303e+00 -1.334899999999999975e+00 7.519299999999999649e-05
-3.974699999999999900e+00 -1.334899999999999975e+00 3.272800000000000242e-05
-3.946099999999999941e+00 -1.334899999999999975e+00 1.226399999999999981e-05
-3.917499999999999982e+00 -1.334899999999999975e+00 1.433699999999999927e-06
-3.888900000000000023e+00 -1.334899999999999975e+00 1.718100000000000034e-05
-3.860300000000000065e+00 -1.334899999999999975e+00 5.257799999999999703e-05
-3.831700000000000106e+00 -1.334899999999999975e+00 9.286800000000000599e-05
-3.803100000000000147e+00 -1.334899999999999975e+00 1.218199999999999958e-04
-3.774500000000000188e+00 -1.334899999999999975e+00 1.261500000000000035e-04
-3.745899999999999785e+00 -1.334899999999999975e+00 1.152499999999999960e-04
-3.717299999999999827e+00 -1.334899999999999975e+00 8.670000000000000677e-05
-3.688699999999999868e+00 -1.334899999999999975e+00 6.341799999999999488e-05
-3.660099999999999909e+00 -1.334899999999999975e+00 7.420299999999999411e-05
-3.631499999999999950e+00 -1.334899999999999975e+00 1.436400000000000003e-04
-3.602899999999999991e+00 -1.334899999999999975e+00 2.804899999999999928e-04
-3.574300000000000033e+00 -1.334899999999999975e+00 4.700600000000000091e-04
-3.545799999999999841e+00 -1.334899999999999975e+00 6.078200000000000183e-04
-3.517199999999999882e+00 -1.334899999999999975e+00 7.936300000000000299e-04
-3.488599999999999923e+00 -1.334899999999999975e+00 9.058599999999999769e-04
-3.459999999999999964e+00 -1.334899999999999975e+00 8.923499999999999792e-04
-3.431400000000000006e+00 -1.334899999999999975e+00 7.520299999999999945e-04
-3.402800000000000047e+00 -1.334899999999999975e+00 5.227800000000000329e-04
-3.374200000000000088e+00 -1.334899999999999975e+00 2.671999999999999896e-04
-3.345600000000000129e+00 -1.334899999999999975e+00 1.242399999999999895e-04
-3.317000000000000171e+00 -1.334899999999999975e+00 1.251799999999999941e-05
-3.288400000000000212e+00 -1.334899999999999975e+00 7.357499999999999945e-05
-3.259799999999999809e+00 -1.334899999999999975e+00 3.157699999999999938e-04
-3.231199999999999850e+00 -1.334899999999999975e+00 6.811099999999999620e-04
-3.202599999999999891e+00 -1.334899999999999975e+00 1.066700000000000070e-03
-3.173999999999999932e+00 -1.334899999999999975e+00 1.347899999999999966e-03
-3.145399999999999974e+00 -1.334899999999999975e+00 1.414600000000000015e-03
-3.116800000000000015e+00 -1.334899999999999975e+00 1.286899999999999893e-03
-3.088200000000000056e+00 -1.334899999999999975e+00 9.091400000000000132e-04
-3.059600000000000097e+00 -1.334899999999999975e+00 4.083900000000000117e-04
-3.031000000000000139e+00 -1.334899999999999975e+00 4.723299999999999992e-05
-3.002499999999999947e+00 -1.334899999999999975e+00 1.484199999999999918e-04
-2.973899999999999988e+00 -1.334899999999999975e+00 1.041299999999999995e-03
-2.945300000000000029e+00 -1.334899999999999975e+00 2.217699999999999966e-03
-2.916700000000000070e+00 -1.334899999999999975e+00 4.944300000000000431e-03
-2.888100000000000112e+00 -1.334899999999999975e+00 8.745799999999999755e-03
-2.859500000000000153e+00 -1.334899999999999975e+00 1.328799999999999946e-02
-2.830900000000000194e+00 -1.334899999999999975e+00 1.792099999999999943e-02
-2.802299999999999791e+00 -1.334899999999999975e+00 2.229199999999999932e-02
-2.773699999999999832e+00 -1.334899999999999975e+00 2.597700000000000009e-02
-2.745099999999999874e+00 -1.334899999999999975e+00 2.775100000000000136e-02
-2.716499999999999915e+00 -1.334899999999999975e+00 2.863299999999999873e-02
-2.687899999999999956e+00 -1.334899999999999975e+00 2.759199999999999847e-02
-2.659299999999999997e+00 -1.334899999999999975e+00 2.478299999999999947e-02
-2.630700000000000038e+00 -1.334899999999999975e+00 2.081300000000000164e-02
-2.602100000000000080e+00 -1.334899999999999975e+00 1.646500000000000047e-02
-2.573500000000000121e+00 -1.334899999999999975e+00 1.209099999999999932e-02
-2.544900000000000162e+00 -1.334899999999999975e+00 7.929500000000000784e-03
-2.516300000000000203e+00 -1.334899999999999975e+00 5.516400000000000296e-03
-2.487699999999999800e+00 -1.334899999999999975e+00 2.712500000000000067e-03
-2.459200000000000053e+00 -1.334899999999999975e+00 9.784600000000000068e-04
-2.430600000000000094e+00 -1.334899999999999975e+00 1.620299999999999920e-04
-2.402000000000000135e+00 -1.334899999999999975e+00 2.192099999999999900e-05
-2.373400000000000176e+00 -1.334899999999999975e+00 2.829700000000000097e-04
-2.344800000000000217e+00 -1.334899999999999975e+00 6.705800000000000476e-04
-2.316199999999999815e+00 -1.334899999999999975e+00 8.714900000000000467e-04
-2.287599999999999856e+00 -1.334899999999999975e+00 1.016600000000000099e-03
-2.258999999999999897e+00 -1.334899999999999975e+00 9.900700000000000126e-04
-2.230399999999999938e+00 -1.334899999999999975e+00 8.293999999999999940e-04
-2.201799999999999979e+00 -1.334899999999999975e+00 5.200600000000000318e-04
-2.173200000000000021e+00 -1.334899999999999975e+00 2.206800000000000081e-04
-2.144600000000000062e+00 -1.334899999999999975e+00 6.510800000000000073e-05
-2.116000000000000103e+00 -1.334899999999999975e+00 1.159099999999999965e-05
-2.058800000000000185e+00 -1.334899999999999975e+00 2.754799999999999849e-04
-2.030199999999999783e+00 -1.334899999999999975e+00 3.167299999999999982e-05
-2.001599999999999824e+00 -1.334899999999999975e+00 3.371900000000000158e-04
-1.973000000000000087e+00 -1.334899999999999975e+00 2.891200000000000033e-05
-1.944399999999999906e+00 -1.334899999999999975e+00 5.456199999999999700e-05
-1.915799999999999947e+00 -1.334899999999999975e+00 3.567199999999999863e-04
-1.887299999999999978e+00 -1.334899999999999975e+00 3.197300000000000034e-04
-1.858700000000000019e+00 -1.334899999999999975e+00 1.916299999999999932e-05
-1.830100000000000060e+00 -1.334899999999999975e+00 1.384200000000000063e-05
-1.801500000000000101e+00 -1.334899999999999975e+00 1.277699999999999981e-05
-1.772899999999999920e+00 -1.334899999999999975e+00 1.252199999999999971e-05
-1.744299999999999962e+00 -1.334899999999999975e+00 1.170299999999999959e-05
-1.715700000000000003e+00 -1.334899999999999975e+00 1.066900000000000068e-05
-1.687100000000000044e+00 -1.334899999999999975e+00 8.363600000000000697e-06
-1.658500000000000085e+00 -1.334899999999999975e+00 5.676400000000000404e-06
-1.629899999999999904e+00 -1.334899999999999975e+00 3.118099999999999843e-06
-1.601299999999999946e+00 -1.334899999999999975e+00 1.165799999999999917e-06
-1.486900000000000110e+00 -1.334899999999999975e+00 1.671900000000000035e-06
-1.458299999999999930e+00 -1.334899999999999975e+00 2.942399999999999984e-06
-1.429699999999999971e+00 -1.334899999999999975e+00 3.984099999999999683e-06
-1.401100000000000012e+00 -1.334899999999999975e+00 4.515100000000000190e-06
-1.372500000000000053e+00 -1.334899999999999975e+00 4.424700000000000174e-06
-1.344000000000000083e+00 -1.334899999999999975e+00 3.816799999999999608e-06
-1.315399999999999903e+00 -1.334899999999999975e+00 3.225099999999999835e-06
-1.286799999999999944e+00 -1.334899999999999975e+00 2.218700000000000035e-06
-1.258199999999999985e+00 -1.334899999999999975e+00 1.294900000000000087e-06
-2.001600000000000046e-01 -1.334899999999999975e+00 1.049500000000000074e-06
-1.715700000000000003e-01 -1.334899999999999975e+00 1.158600000000000012e-06
-1.429700000000000137e-01 -1.334899999999999975e+00 1.129299999999999928e-06
-4.489399999999999835e+00 -1.306200000000000028e+00 5.887200000000000148e-05
-4.460799999999999876e+00 -1.306200000000000028e+00 7.643200000000000276e-05
-4.432199999999999918e+00 -1.306200000000000028e+00 8.846999999999999829e-05
-4.403599999999999959e+00 -1.306200000000000028e+00 8.971799999999999719e-05
-4.375000000000000000e+00 -1.306200000000000028e+00 8.372199999999999564e-05
-4.346400000000000041e+00 -1.306200000000000028e+00 6.702000000000000546e-05
-4.317800000000000082e+00 -1.306200000000000028e+00 4.404700000000000027e-05
-4.289200000000000124e+00 -1.306200000000000028e+00 2.082999999999999877e-05
-4.260600000000000165e+00 -1.306200000000000028e+00 5.503200000000000097e-06
-4.232000000000000206e+00 -1.306200000000000028e+00 3.100100000000000185e-06
-4.203400000000000247e+00 -1.306200000000000028e+00 1.480900000000000001e-05
-4.174800000000000288e+00 -1.306200000000000028e+00 3.724000000000000259e-05
-4.146200000000000330e+00 -1.306200000000000028e+00 5.467099999999999884e-05
-4.117600000000000371e+00 -1.306200000000000028e+00 7.858099999999999862e-05
-4.089100000000000179e+00 -1.306200000000000028e+00 9.151099999999999849e-05
-4.060500000000000220e+00 -1.306200000000000028e+00 8.872799999999999481e-05
-4.031900000000000261e+00 -1.306200000000000028e+00 7.209200000000000027e-05
-4.003300000000000303e+00 -1.306200000000000028e+00 4.643499999999999841e-05
-3.974699999999999900e+00 -1.306200000000000028e+00 2.070199999999999932e-05
-3.946099999999999941e+00 -1.306200000000000028e+00 8.340099999999999990e-06
-3.917499999999999982e+00 -1.306200000000000028e+00 1.645199999999999935e-06
-3.888900000000000023e+00 -1.306200000000000028e+00 1.101999999999999952e-05
-3.860300000000000065e+00 -1.306200000000000028e+00 3.225599999999999746e-05
-3.831700000000000106e+00 -1.306200000000000028e+00 5.652499999999999837e-05
-3.803100000000000147e+00 -1.306200000000000028e+00 7.406600000000000542e-05
-3.774500000000000188e+00 -1.306200000000000028e+00 7.653200000000000519e-05
-3.745899999999999785e+00 -1.306200000000000028e+00 6.966199999999999812e-05
-3.717299999999999827e+00 -1.306200000000000028e+00 5.246099999999999798e-05
-3.688699999999999868e+00 -1.306200000000000028e+00 3.859900000000000093e-05
-3.660099999999999909e+00 -1.306200000000000028e+00 4.539800000000000140e-05
-3.631499999999999950e+00 -1.306200000000000028e+00 8.833999999999999784e-05
-3.602899999999999991e+00 -1.306200000000000028e+00 1.733799999999999968e-04
-3.574300000000000033e+00 -1.306200000000000028e+00 2.909699999999999873e-04
-3.545799999999999841e+00 -1.306200000000000028e+00 3.760999999999999803e-04
-3.517199999999999882e+00 -1.306200000000000028e+00 4.926899999999999466e-04
-3.488599999999999923e+00 -1.306200000000000028e+00 5.636799999999999970e-04
-3.459999999999999964e+00 -1.306200000000000028e+00 5.572300000000000300e-04
-3.431400000000000006e+00 -1.306200000000000028e+00 4.702800000000000036e-04
-3.402800000000000047e+00 -1.306200000000000028e+00 3.294500000000000119e-04
-3.374200000000000088e+00 -1.306200000000000028e+00 1.691700000000000083e-04
-3.345600000000000129e+00 -1.306200000000000028e+00 7.973200000000000166e-05
-3.317000000000000171e+00 -1.306200000000000028e+00 9.083099999999999483e-06
-3.288400000000000212e+00 -1.306200000000000028e+00 4.642299999999999920e-05
-3.259799999999999809e+00 -1.306200000000000028e+00 1.983300000000000069e-04
-3.231199999999999850e+00 -1.306200000000000028e+00 4.276099999999999801e-04
-3.202599999999999891e+00 -1.306200000000000028e+00 6.719200000000000042e-04
-3.173999999999999932e+00 -1.306200000000000028e+00 8.531699999999999917e-04
-3.145399999999999974e+00 -1.306200000000000028e+00 8.953799999999999823e-04
-3.116800000000000015e+00 -1.306200000000000028e+00 8.168200000000000027e-04
-3.088200000000000056e+00 -1.306200000000000028e+00 5.814099999999999780e-04
-3.059600000000000097e+00 -1.306200000000000028e+00 2.647600000000000062e-04
-3.031000000000000139e+00 -1.306200000000000028e+00 3.081200000000000247e-05
-3.002499999999999947e+00 -1.306200000000000028e+00 8.677400000000000640e-05
-2.973899999999999988e+00 -1.306200000000000028e+00 6.416300000000000215e-04
-2.945300000000000029e+00 -1.306200000000000028e+00 1.382800000000000001e-03
-2.916700000000000070e+00 -1.306200000000000028e+00 3.099600000000000098e-03
-2.888100000000000112e+00 -1.306200000000000028e+00 5.527299999999999748e-03
-2.859500000000000153e+00 -1.306200000000000028e+00 8.421899999999999525e-03
-2.830900000000000194e+00 -1.306200000000000028e+00 1.139300000000000035e-02
-2.802299999999999791e+00 -1.306200000000000028e+00 1.419199999999999975e-02
-2.773699999999999832e+00 -1.306200000000000028e+00 1.662599999999999842e-02
-2.745099999999999874e+00 -1.306200000000000028e+00 1.771000000000000005e-02
-2.716499999999999915e+00 -1.306200000000000028e+00 1.834300000000000166e-02
-2.687899999999999956e+00 -1.306200000000000028e+00 1.772200000000000164e-02
-2.659299999999999997e+00 -1.306200000000000028e+00 1.600299999999999986e-02
-2.630700000000000038e+00 -1.306200000000000028e+00 1.337400000000000047e-02
-2.602100000000000080e+00 -1.306200000000000028e+00 1.055299999999999988e-02
-2.573500000000000121e+00 -1.306200000000000028e+00 7.738499999999999719e-03
-2.544900000000000162e+00 -1.306200000000000028e+00 5.073499999999999885e-03
-2.516300000000000203e+00 -1.306200000000000028e+00 3.514699999999999942e-03
-2.487699999999999800e+00 -1.306200000000000028e+00 1.710499999999999998e-03
-2.459200000000000053e+00 -1.306200000000000028e+00 6.021000000000000527e-04
-2.430600000000000094e+00 -1.306200000000000028e+00 9.039300000000000004e-05
-2.402000000000000135e+00 -1.306200000000000028e+00 1.931899999999999918e-05
-2.373400000000000176e+00 -1.306200000000000028e+00 2.069600000000000107e-04
-2.344800000000000217e+00 -1.306200000000000028e+00 4.713499999999999916e-04
-2.316199999999999815e+00 -1.306200000000000028e+00 6.096100000000000130e-04
-2.287599999999999856e+00 -1.306200000000000028e+00 7.024200000000000409e-04
-2.258999999999999897e+00 -1.306200000000000028e+00 6.775299999999999725e-04
-2.230399999999999938e+00 -1.306200000000000028e+00 5.634299999999999638e-04
-2.201799999999999979e+00 -1.306200000000000028e+00 3.596499999999999871e-04
-2.173200000000000021e+00 -1.306200000000000028e+00 1.520299999999999928e-04
-2.144600000000000062e+00 -1.306200000000000028e+00 4.230500000000000238e-05
-2.116000000000000103e+00 -1.306200000000000028e+00 7.690299999999999876e-06
-2.058800000000000185e+00 -1.306200000000000028e+00 2.177600000000000022e-04
-2.030199999999999783e+00 -1.306200000000000028e+00 2.609400000000000123e-05
-2.001599999999999824e+00 -1.306200000000000028e+00 2.235999999999999869e-04
-1.973000000000000087e+00 -1.306200000000000028e+00 2.187400000000000097e-05
-1.944399999999999906e+00 -1.306200000000000028e+00 2.845300000000000016e-05
-1.915799999999999947e+00 -1.306200000000000028e+00 1.112000000000000060e-04
-1.887299999999999978e+00 -1.306200000000000028e+00 5.034500000000000130e-04
-1.858700000000000019e+00 -1.306200000000000028e+00 1.413599999999999984e-05
-1.830100000000000060e+00 -1.306200000000000028e+00 9.998499999999999223e-06
-1.801500000000000101e+00 -1.306200000000000028e+00 9.105599999999999691e-06
-1.772899999999999920e+00 -1.306200000000000028e+00 8.907300000000000252e-06
-1.744299999999999962e+00 -1.306200000000000028e+00 8.370899999999999763e-06
-1.715700000000000003e+00 -1.306200000000000028e+00 7.625399999999999870e-06
-1.687100000000000044e+00 -1.306200000000000028e+00 5.970899999999999872e-06
-1.658500000000000085e+00 -1.306200000000000028e+00 4.045400000000000265e-06
-1.629899999999999904e+00 -1.306200000000000028e+00 2.221299999999999807e-06
-1.486900000000000110e+00 -1.306200000000000028e+00 1.288100000000000000e-06
-1.458299999999999930e+00 -1.306200000000000028e+00 2.258100000000000030e-06
-1.429699999999999971e+00 -1.306200000000000028e+00 3.071399999999999934e-06
-1.401100000000000012e+00 -1.306200000000000028e+00 3.493100000000000064e-06
-1.372500000000000053e+00 -1.306200000000000028e+00 3.441999999999999825e-06
-1.344000000000000083e+00 -1.306200000000000028e+00 2.995800000000000184e-06
-1.315399999999999903e+00 -1.306200000000000028e+00 2.542300000000000206e-06
-1.286799999999999944e+00 -1.306200000000000028e+00 1.752299999999999935e-06
-1.258199999999999985e+00 -1.306200000000000028e+00 1.011199999999999949e-06
-4.460799999999999876e+00 -1.277500000000000080e+00 1.003199999999999983e-06
-4.375000000000000000e+00 -1.277500000000000080e+00 1.142100000000000043e-06
-4.346400000000000041e+00 -1.277500000000000080e+00 1.103000000000000070e-06
-4.060500000000000220e+00 -1.277500000000000080e+00 1.635900000000000084e-06
-4.031900000000000261e+00 -1.277500000000000080e+00 1.572900000000000009e-06
-4.003300000000000303e+00 -1.277500000000000080e+00 1.227599999999999902e-06
-3.974699999999999900e+00 -1.277500000000000080e+00 1.349899999999999984e-06
-3.946099999999999941e+00 -1.277500000000000080e+00 1.311500000000000064e-06
-3.917499999999999982e+00 -1.277500000000000080e+00 1.336100000000000006e-06
-3.888900000000000023e+00 -1.277500000000000080e+00 1.538599999999999973e-06
-3.860300000000000065e+00 -1.277500000000000080e+00 1.761099999999999961e-06
-3.831700000000000106e+00 -1.277500000000000080e+00 1.927500000000000180e-06
-3.803100000000000147e+00 -1.277500000000000080e+00 1.466900000000000092e-06
-3.745899999999999785e+00 -1.277500000000000080e+00 1.253799999999999964e-06
-3.602899999999999991e+00 -1.277500000000000080e+00 1.567500000000000027e-06
-3.574300000000000033e+00 -1.277500000000000080e+00 3.206900000000000162e-06
-3.545799999999999841e+00 -1.277500000000000080e+00 4.972699999999999840e-06
-3.517199999999999882e+00 -1.277500000000000080e+00 8.901100000000000209e-06
-3.488599999999999923e+00 -1.277500000000000080e+00 7.387099999999999967e-06
-3.459999999999999964e+00 -1.277500000000000080e+00 7.929400000000000687e-06
-3.431400000000000006e+00 -1.277500000000000080e+00 9.612999999999999272e-06
-3.402800000000000047e+00 -1.277500000000000080e+00 5.985700000000000136e-06
-3.374200000000000088e+00 -1.277500000000000080e+00 2.818699999999999796e-06
-3.345600000000000129e+00 -1.277500000000000080e+00 1.908799999999999834e-06
-3.259799999999999809e+00 -1.277500000000000080e+00 2.535100000000000089e-06
-3.231199999999999850e+00 -1.277500000000000080e+00 9.245499999999999826e-06
-3.202599999999999891e+00 -1.277500000000000080e+00 1.250600000000000020e-05
-3.173999999999999932e+00 -1.277500000000000080e+00 1.309199999999999934e-05
-3.145399999999999974e+00 -1.277500000000000080e+00 1.218199999999999958e-05
-3.116800000000000015e+00 -1.277500000000000080e+00 1.970499999999999853e-05
-3.088200000000000056e+00 -1.277500000000000080e+00 1.270400000000000068e-05
-3.059600000000000097e+00 -1.277500000000000080e+00 4.937199999999999926e-06
-3.002499999999999947e+00 -1.277500000000000080e+00 7.281199999999999845e-06
-2.973899999999999988e+00 -1.277500000000000080e+00 2.257999999999999811e-06
-2.945300000000000029e+00 -1.277500000000000080e+00 6.401899999999999641e-06
-2.916700000000000070e+00 -1.277500000000000080e+00 4.598999999999999844e-05
-2.888100000000000112e+00 -1.277500000000000080e+00 8.514999999999999620e-05
-2.859500000000000153e+00 -1.277500000000000080e+00 1.064200000000000009e-04
-2.830900000000000194e+00 -1.277500000000000080e+00 1.904700000000000110e-04
-2.802299999999999791e+00 -1.277500000000000080e+00 2.929100000000000128e-04
-2.773699999999999832e+00 -1.277500000000000080e+00 3.077299999999999827e-04
-2.745099999999999874e+00 -1.277500000000000080e+00 2.824300000000000183e-04
-2.716499999999999915e+00 -1.277500000000000080e+00 3.678199999999999851e-04
-2.687899999999999956e+00 -1.277500000000000080e+00 4.581899999999999753e-04
-2.659299999999999997e+00 -1.277500000000000080e+00 3.074899999999999986e-04
-2.630700000000000038e+00 -1.277500000000000080e+00 2.289000000000000073e-04
-2.602100000000000080e+00 -1.277500000000000080e+00 2.606999999999999942e-04
-2.573500000000000121e+00 -1.277500000000000080e+00 1.620199999999999971e-04
-2.544900000000000162e+00 -1.277500000000000080e+00 8.465599999999999720e-05
-2.516300000000000203e+00 -1.277500000000000080e+00 5.740700000000000110e-05
-2.487699999999999800e+00 -1.277500000000000080e+00 2.582599999999999973e-05
-2.430600000000000094e+00 -1.277500000000000080e+00 2.971899999999999871e-06
-2.402000000000000135e+00 -1.277500000000000080e+00 2.988499999999999847e-06
-2.373400000000000176e+00 -1.277500000000000080e+00 1.498000000000000057e-05
-2.344800000000000217e+00 -1.277500000000000080e+00 2.697600000000000057e-05
-2.316199999999999815e+00 -1.277500000000000080e+00 3.262200000000000039e-05
-2.287599999999999856e+00 -1.277500000000000080e+00 3.965799999999999875e-05
-2.258999999999999897e+00 -1.277500000000000080e+00 3.470800000000000041e-05
-2.230399999999999938e+00 -1.277500000000000080e+00 2.676699999999999970e-05
-2.201799999999999979e+00 -1.277500000000000080e+00 1.841799999999999883e-05
-2.173200000000000021e+00 -1.277500000000000080e+00 6.968299999999999843e-06
-2.144600000000000062e+00 -1.277500000000000080e+00 1.393999999999999909e-06
-2.058800000000000185e+00 -1.277500000000000080e+00 1.843199999999999903e-05
-2.001599999999999824e+00 -1.277500000000000080e+00 1.375799999999999940e-05
-1.915799999999999947e+00 -1.277500000000000080e+00 2.639400000000000090e-06
-1.887299999999999978e+00 -1.277500000000000080e+00 7.175699999999999754e-05
-1.858700000000000019e+00 -1.277500000000000080e+00 6.574999999999999729e-06
-1.830100000000000060e+00 -1.277500000000000080e+00 1.102900000000000062e-06
-4.489399999999999835e+00 -1.248799999999999910e+00 1.361300000000000129e-04
-4.460799999999999876e+00 -1.248799999999999910e+00 1.862800000000000122e-04
-4.432199999999999918e+00 -1.248799999999999910e+00 2.251499999999999975e-04
-4.403599999999999959e+00 -1.248799999999999910e+00 2.383300000000000034e-04
-4.375000000000000000e+00 -1.248799999999999910e+00 2.175500000000000025e-04
-4.346400000000000041e+00 -1.248799999999999910e+00 1.893999999999999959e-04
-4.317800000000000082e+00 -1.248799999999999910e+00 1.302099999999999883e-04
-4.289200000000000124e+00 -1.248799999999999910e+00 6.559499999999999793e-05
-4.260600000000000165e+00 -1.248799999999999910e+00 1.743199999999999844e-05
-4.232000000000000206e+00 -1.248799999999999910e+00 1.316199999999999994e-06
-4.203400000000000247e+00 -1.248799999999999910e+00 2.296500000000000120e-05
-4.174800000000000288e+00 -1.248799999999999910e+00 7.492400000000000297e-05
-4.146200000000000330e+00 -1.248799999999999910e+00 1.166800000000000009e-04
-4.117600000000000371e+00 -1.248799999999999910e+00 1.812000000000000134e-04
-4.089100000000000179e+00 -1.248799999999999910e+00 2.179399999999999903e-04
-4.060500000000000220e+00 -1.248799999999999910e+00 2.151199999999999868e-04
-4.031900000000000261e+00 -1.248799999999999910e+00 1.751900000000000083e-04
-4.003300000000000303e+00 -1.248799999999999910e+00 1.139199999999999935e-04
-3.974699999999999900e+00 -1.248799999999999910e+00 4.929800000000000132e-05
-3.946099999999999941e+00 -1.248799999999999910e+00 1.794499999999999844e-05
-3.888900000000000023e+00 -1.248799999999999910e+00 2.450799999999999981e-05
-3.860300000000000065e+00 -1.248799999999999910e+00 7.924699999999999529e-05
-3.831700000000000106e+00 -1.248799999999999910e+00 1.427300000000000107e-04
-3.803100000000000147e+00 -1.248799999999999910e+00 1.900399999999999897e-04
-3.774500000000000188e+00 -1.248799999999999910e+00 2.009000000000000044e-04
-3.745899999999999785e+00 -1.248799999999999910e+00 1.838300000000000069e-04
-3.717299999999999827e+00 -1.248799999999999910e+00 1.404499999999999987e-04
-3.688699999999999868e+00 -1.248799999999999910e+00 9.939799999999999938e-05
-3.660099999999999909e+00 -1.248799999999999910e+00 1.016899999999999971e-04
-3.631499999999999950e+00 -1.248799999999999910e+00 1.830299999999999874e-04
-3.602899999999999991e+00 -1.248799999999999910e+00 3.621699999999999833e-04
-3.574300000000000033e+00 -1.248799999999999910e+00 6.133399999999999790e-04
-3.545799999999999841e+00 -1.248799999999999910e+00 7.923700000000000318e-04
-3.517199999999999882e+00 -1.248799999999999910e+00 1.029200000000000080e-03
-3.488599999999999923e+00 -1.248799999999999910e+00 1.192099999999999974e-03
-3.459999999999999964e+00 -1.248799999999999910e+00 1.169499999999999967e-03
-3.431400000000000006e+00 -1.248799999999999910e+00 9.697599999999999580e-04
-3.402800000000000047e+00 -1.248799999999999910e+00 6.549000000000000351e-04
-3.374200000000000088e+00 -1.248799999999999910e+00 3.174000000000000172e-04
-3.345600000000000129e+00 -1.248799999999999910e+00 1.311499999999999895e-04
-3.288400000000000212e+00 -1.248799999999999910e+00 1.050800000000000036e-04
-3.259799999999999809e+00 -1.248799999999999910e+00 4.540799999999999893e-04
-3.231199999999999850e+00 -1.248799999999999910e+00 9.499000000000000499e-04
-3.202599999999999891e+00 -1.248799999999999910e+00 1.458000000000000095e-03
-3.173999999999999932e+00 -1.248799999999999910e+00 1.809599999999999967e-03
-3.145399999999999974e+00 -1.248799999999999910e+00 1.883499999999999975e-03
-3.116800000000000015e+00 -1.248799999999999910e+00 1.668400000000000005e-03
-3.088200000000000056e+00 -1.248799999999999910e+00 1.156799999999999929e-03
-3.059600000000000097e+00 -1.248799999999999910e+00 4.990500000000000144e-04
-3.031000000000000139e+00 -1.248799999999999910e+00 4.144999999999999786e-05
-3.002499999999999947e+00 -1.248799999999999910e+00 2.234100000000000040e-04
-2.973899999999999988e+00 -1.248799999999999910e+00 1.436200000000000107e-03
-2.945300000000000029e+00 -1.248799999999999910e+00 2.991600000000000075e-03
-2.916700000000000070e+00 -1.248799999999999910e+00 6.507999999999999896e-03
-2.888100000000000112e+00 -1.248799999999999910e+00 1.136799999999999963e-02
-2.859500000000000153e+00 -1.248799999999999910e+00 1.722100000000000020e-02
-2.830900000000000194e+00 -1.248799999999999910e+00 2.305300000000000057e-02
-2.802299999999999791e+00 -1.248799999999999910e+00 2.818000000000000019e-02
-2.773699999999999832e+00 -1.248799999999999910e+00 3.248800000000000299e-02
-2.745099999999999874e+00 -1.248799999999999910e+00 3.457799999999999763e-02
-2.716499999999999915e+00 -1.248799999999999910e+00 3.548699999999999771e-02
-2.687899999999999956e+00 -1.248799999999999910e+00 3.384000000000000202e-02
-2.659299999999999997e+00 -1.248799999999999910e+00 3.056999999999999995e-02
-2.630700000000000038e+00 -1.248799999999999910e+00 2.542399999999999868e-02
-2.602100000000000080e+00 -1.248799999999999910e+00 1.969500000000000070e-02
-2.573500000000000121e+00 -1.248799999999999910e+00 1.437399999999999962e-02
-2.544900000000000162e+00 -1.248799999999999910e+00 9.492199999999999249e-03
-2.516300000000000203e+00 -1.248799999999999910e+00 6.649300000000000349e-03
-2.487699999999999800e+00 -1.248799999999999910e+00 3.318799999999999788e-03
-2.459200000000000053e+00 -1.248799999999999910e+00 1.243500000000000031e-03
-2.430600000000000094e+00 -1.248799999999999910e+00 2.341599999999999942e-04
-2.402000000000000135e+00 -1.248799999999999910e+00 3.233399999999999823e-06
-2.373400000000000176e+00 -1.248799999999999910e+00 2.204399999999999968e-04
-2.344800000000000217e+00 -1.248799999999999910e+00 5.947599999999999502e-04
-2.316199999999999815e+00 -1.248799999999999910e+00 8.091100000000000375e-04
-2.287599999999999856e+00 -1.248799999999999910e+00 9.427500000000000116e-04
-2.258999999999999897e+00 -1.248799999999999910e+00 8.983799999999999468e-04
-2.230399999999999938e+00 -1.248799999999999910e+00 7.389500000000000452e-04
-2.201799999999999979e+00 -1.248799999999999910e+00 4.903200000000000353e-04
-2.173200000000000021e+00 -1.248799999999999910e+00 2.121000000000000055e-04
-2.144600000000000062e+00 -1.248799999999999910e+00 5.106900000000000182e-05
-2.116000000000000103e+00 -1.248799999999999910e+00 8.971400000000000197e-06
-2.087400000000000144e+00 -1.248799999999999910e+00 5.324999999999999838e-06
-2.058800000000000185e+00 -1.248799999999999910e+00 4.734399999999999937e-05
-2.030199999999999783e+00 -1.248799999999999910e+00 1.196800000000000061e-04
-2.001599999999999824e+00 -1.248799999999999910e+00 5.428499999999999949e-05
-1.973000000000000087e+00 -1.248799999999999910e+00 6.164399999999999459e-05
-1.944399999999999906e+00 -1.248799999999999910e+00 2.213700000000000167e-05
-1.915799999999999947e+00 -1.248799999999999910e+00 3.008800000000000060e-05
-1.887299999999999978e+00 -1.248799999999999910e+00 8.976200000000000151e-04
-1.858700000000000019e+00 -1.248799999999999910e+00 6.520399999999999439e-05
-1.830100000000000060e+00 -1.248799999999999910e+00 2.565599999999999966e-05
-1.801500000000000101e+00 -1.248799999999999910e+00 2.148600000000000062e-05
-1.772899999999999920e+00 -1.248799999999999910e+00 1.788799999999999882e-05
-1.744299999999999962e+00 -1.248799999999999910e+00 1.502499999999999929e-05
-1.715700000000000003e+00 -1.248799999999999910e+00 1.301600000000000040e-05
-1.687100000000000044e+00 -1.248799999999999910e+00 9.857000000000000663e-06
-1.658500000000000085e+00 -1.248799999999999910e+00 6.631600000000000170e-06
-1.629899999999999904e+00 -1.248799999999999910e+00 3.906499999999999782e-06
-1.601299999999999946e+00 -1.248799999999999910e+00 1.794499999999999929e-06
-1.458299999999999930e+00 -1.248799999999999910e+00 1.210999999999999925e-06
-1.429699999999999971e+00 -1.248799999999999910e+00 1.767900000000000048e-06
-1.401100000000000012e+00 -1.248799999999999910e+00 2.178600000000000199e-06
-1.372500000000000053e+00 -1.248799999999999910e+00 2.304700000000000143e-06
-1.344000000000000083e+00 -1.248799999999999910e+00 2.280200000000000208e-06
-1.315399999999999903e+00 -1.248799999999999910e+00 2.218200000000000209e-06
-1.286799999999999944e+00 -1.248799999999999910e+00 2.122099999999999977e-06
-1.258199999999999985e+00 -1.248799999999999910e+00 2.044700000000000091e-06
-1.229600000000000026e+00 -1.248799999999999910e+00 2.010900000000000093e-06
-1.201000000000000068e+00 -1.248799999999999910e+00 1.973400000000000029e-06
-1.172400000000000109e+00 -1.248799999999999910e+00 1.870100000000000103e-06
-1.143799999999999928e+00 -1.248799999999999910e+00 1.649600000000000054e-06
-1.115199999999999969e+00 -1.248799999999999910e+00 1.435300000000000048e-06
-1.086600000000000010e+00 -1.248799999999999910e+00 1.036399999999999937e-06
-8.578400000000000469e-01 -1.248799999999999910e+00 1.018400000000000067e-06
-8.292500000000000426e-01 -1.248799999999999910e+00 1.139300000000000044e-06
-8.006499999999999728e-01 -1.248799999999999910e+00 1.078799999999999946e-06
-5.433000000000000052e-01 -1.248799999999999910e+00 1.046600000000000068e-06
-5.147100000000000009e-01 -1.248799999999999910e+00 1.176500000000000086e-06
-4.861099999999999866e-01 -1.248799999999999910e+00 1.177099999999999919e-06
-2.287599999999999911e-01 -1.248799999999999910e+00 1.480600000000000063e-06
-2.001600000000000046e-01 -1.248799999999999910e+00 1.880500000000000037e-06
-1.715700000000000003e-01 -1.248799999999999910e+00 2.089999999999999895e-06
-1.429700000000000137e-01 -1.248799999999999910e+00 2.043299999999999986e-06
-1.143799999999999956e-01 -1.248799999999999910e+00 1.781900000000000041e-06
-8.578399999999999914e-02 -1.248799999999999910e+00 1.566599999999999959e-06
-5.718999999999999778e-02 -1.248799999999999910e+00 1.268199999999999987e-06
-2.859499999999999889e-02 -1.248799999999999910e+00 1.084399999999999943e-06
0.000000000000000000e+00 -1.248799999999999910e+00 1.095000000000000104e-06
-4.489399999999999835e+00 -1.220099999999999962e+00 7.497299999999999928e-04
-4.460799999999999876e+00 -1.220099999999999962e+00 1.012499999999999945e-03
-4.432199999999999918e+00 -1.220099999999999962e+00 1.203300000000000029e-03
-4.403599999999999959e+00 -1.220099999999999962e+00 1.261200000000000081e-03
-4.375000000000000000e+00 -1.220099999999999962e+00 1.157999999999999958e-03
-4.346400000000000041e+00 -1.220099999999999962e+00 1.001200000000000050e-03
-4.317800000000000082e+00 -1.220099999999999962e+00 6.799599999999999611e-04
-4.289200000000000124e+00 -1.220099999999999962e+00 3.422400000000000030e-04
-4.260600000000000165e+00 -1.220099999999999962e+00 9.273600000000000116e-05
-4.232000000000000206e+00 -1.220099999999999962e+00 1.303300000000000041e-05
-4.203400000000000247e+00 -1.220099999999999962e+00 1.322299999999999994e-04
-4.174800000000000288e+00 -1.220099999999999962e+00 4.134499999999999937e-04
-4.146200000000000330e+00 -1.220099999999999962e+00 6.467499999999999725e-04
-4.117600000000000371e+00 -1.220099999999999962e+00 9.705000000000000085e-04
-4.089100000000000179e+00 -1.220099999999999962e+00 1.168299999999999937e-03
-4.060500000000000220e+00 -1.220099999999999962e+00 1.163600000000000094e-03
-4.031900000000000261e+00 -1.220099999999999962e+00 9.517300000000000239e-04
-4.003300000000000303e+00 -1.220099999999999962e+00 6.100199999999999633e-04
-3.974699999999999900e+00 -1.220099999999999962e+00 2.667200000000000213e-04
-3.946099999999999941e+00 -1.220099999999999962e+00 9.616800000000000489e-05
-3.888900000000000023e+00 -1.220099999999999962e+00 1.238900000000000081e-04
-3.860300000000000065e+00 -1.220099999999999962e+00 4.167299999999999759e-04
-3.831700000000000106e+00 -1.220099999999999962e+00 7.586999999999999560e-04
-3.803100000000000147e+00 -1.220099999999999962e+00 1.007499999999999932e-03
-3.774500000000000188e+00 -1.220099999999999962e+00 1.064599999999999965e-03
-3.745899999999999785e+00 -1.220099999999999962e+00 9.870099999999999707e-04
-3.717299999999999827e+00 -1.220099999999999962e+00 7.549899999999999797e-04
-3.688699999999999868e+00 -1.220099999999999962e+00 5.379599999999999790e-04
-3.660099999999999909e+00 -1.220099999999999962e+00 5.655499999999999503e-04
-3.631499999999999950e+00 -1.220099999999999962e+00 1.030499999999999949e-03
-3.602899999999999991e+00 -1.220099999999999962e+00 2.000500000000000108e-03
-3.574300000000000033e+00 -1.220099999999999962e+00 3.387699999999999999e-03
-3.545799999999999841e+00 -1.220099999999999962e+00 4.408399999999999819e-03
-3.517199999999999882e+00 -1.220099999999999962e+00 5.789400000000000102e-03
-3.488599999999999923e+00 -1.220099999999999962e+00 6.591299999999999590e-03
-3.459999999999999964e+00 -1.220099999999999962e+00 6.520299999999999707e-03
-3.431400000000000006e+00 -1.220099999999999962e+00 5.477000000000000098e-03
-3.402800000000000047e+00 -1.220099999999999962e+00 3.731200000000000055e-03
-3.374200000000000088e+00 -1.220099999999999962e+00 1.827499999999999914e-03
-3.345600000000000129e+00 -1.220099999999999962e+00 7.885499999999999498e-04
-3.317000000000000171e+00 -1.220099999999999962e+00 2.309099999999999965e-05
-3.288400000000000212e+00 -1.220099999999999962e+00 5.770499999999999588e-04
-3.259799999999999809e+00 -1.220099999999999962e+00 2.488999999999999893e-03
-3.231199999999999850e+00 -1.220099999999999962e+00 5.313199999999999694e-03
-3.202599999999999891e+00 -1.220099999999999962e+00 8.191999999999999629e-03
-3.173999999999999932e+00 -1.220099999999999962e+00 1.016599999999999969e-02
-3.145399999999999974e+00 -1.220099999999999962e+00 1.057600000000000033e-02
-3.116800000000000015e+00 -1.220099999999999962e+00 9.539799999999999322e-03
-3.088200000000000056e+00 -1.220099999999999962e+00 6.639199999999999616e-03
-3.059600000000000097e+00 -1.220099999999999962e+00 2.913499999999999857e-03
-3.031000000000000139e+00 -1.220099999999999962e+00 2.914799999999999943e-04
-3.002499999999999947e+00 -1.220099999999999962e+00 1.176200000000000075e-03
-2.973899999999999988e+00 -1.220099999999999962e+00 7.927200000000000565e-03
-2.945300000000000029e+00 -1.220099999999999962e+00 1.660100000000000117e-02
-2.916700000000000070e+00 -1.220099999999999962e+00 3.673200000000000076e-02
-2.888100000000000112e+00 -1.220099999999999962e+00 6.478799999999999837e-02
-2.859500000000000153e+00 -1.220099999999999962e+00 9.788800000000000279e-02
-2.830900000000000194e+00 -1.220099999999999962e+00 1.320699999999999930e-01
-2.802299999999999791e+00 -1.220099999999999962e+00 1.627399999999999958e-01
-2.773699999999999832e+00 -1.220099999999999962e+00 1.865499999999999936e-01
-2.745099999999999874e+00 -1.220099999999999962e+00 1.979200000000000126e-01
-2.716499999999999915e+00 -1.220099999999999962e+00 2.051499999999999990e-01
-2.687899999999999956e+00 -1.220099999999999962e+00 1.984499999999999875e-01
-2.659299999999999997e+00 -1.220099999999999962e+00 1.777199999999999891e-01
-2.630700000000000038e+00 -1.220099999999999962e+00 1.479499999999999982e-01
-2.602100000000000080e+00 -1.220099999999999962e+00 1.153200000000000058e-01
-2.573500000000000121e+00 -1.220099999999999962e+00 8.343100000000000516e-02
-2.544900000000000162e+00 -1.220099999999999962e+00 5.496299999999999797e-02
-2.516300000000000203e+00 -1.220099999999999962e+00 3.843799999999999994e-02
-2.487699999999999800e+00 -1.220099999999999962e+00 1.912000000000000158e-02
-2.459200000000000053e+00 -1.220099999999999962e+00 6.976500000000000062e-03
-2.430600000000000094e+00 -1.220099999999999962e+00 1.235200000000000100e-03
-2.402000000000000135e+00 -1.220099999999999962e+00 8.661900000000000534e-05
-2.373400000000000176e+00 -1.220099999999999962e+00 1.598299999999999981e-03
-2.344800000000000217e+00 -1.220099999999999962e+00 3.998999999999999951e-03
-2.316199999999999815e+00 -1.220099999999999962e+00 5.333300000000000020e-03
-2.287599999999999856e+00 -1.220099999999999962e+00 6.259599999999999713e-03
-2.258999999999999897e+00 -1.220099999999999962e+00 5.857600000000000133e-03
-2.230399999999999938e+00 -1.220099999999999962e+00 4.720399999999999596e-03
-2.201799999999999979e+00 -1.220099999999999962e+00 3.171699999999999953e-03
-2.173200000000000021e+00 -1.220099999999999962e+00 1.427700000000000063e-03
-2.144600000000000062e+00 -1.220099999999999962e+00 3.331699999999999831e-04
-2.116000000000000103e+00 -1.220099999999999962e+00 5.439599999999999893e-05
-2.087400000000000144e+00 -1.220099999999999962e+00 5.506299999999999780e-05
-2.058800000000000185e+00 -1.220099999999999962e+00 1.815400000000000000e-04
-2.030199999999999783e+00 -1.220099999999999962e+00 1.289400000000000008e-03
-2.001599999999999824e+00 -1.220099999999999962e+00 2.505499999999999915e-04
-1.973000000000000087e+00 -1.220099999999999962e+00 9.067500000000000039e-04
-1.944399999999999906e+00 -1.220099999999999962e+00 1.375399999999999876e-04
-1.915799999999999947e+00 -1.220099999999999962e+00 1.858700000000000077e-04
-1.887299999999999978e+00 -1.220099999999999962e+00 1.931800000000000010e-03
-1.858700000000000019e+00 -1.220099999999999962e+00 2.599199999999999861e-03
-1.830100000000000060e+00 -1.220099999999999962e+00 2.223000000000000095e-04
-1.801500000000000101e+00 -1.220099999999999962e+00 1.564600000000000029e-04
-1.772899999999999920e+00 -1.220099999999999962e+00 1.259999999999999998e-04
-1.744299999999999962e+00 -1.220099999999999962e+00 1.039600000000000008e-04
-1.715700000000000003e+00 -1.220099999999999962e+00 8.992699999999999468e-05
-1.687100000000000044e+00 -1.220099999999999962e+00 6.758100000000000229e-05
-1.658500000000000085e+00 -1.220099999999999962e+00 4.552399999999999985e-05
-1.629899999999999904e+00 -1.220099999999999962e+00 2.595999999999999878e-05
-1.601299999999999946e+00 -1.220099999999999962e+00 1.142499999999999988e-05
-1.572699999999999987e+00 -1.220099999999999962e+00 2.865899999999999954e-06
-1.515500000000000069e+00 -1.220099999999999962e+00 1.201400000000000051e-06
-1.486900000000000110e+00 -1.220099999999999962e+00 5.208999999999999594e-06
-1.458299999999999930e+00 -1.220099999999999962e+00 1.034900000000000036e-05
-1.429699999999999971e+00 -1.220099999999999962e+00 1.465700000000000045e-05
-1.401100000000000012e+00 -1.220099999999999962e+00 1.689899999999999863e-05
-1.372500000000000053e+00 -1.220099999999999962e+00 1.707300000000000069e-05
-1.344000000000000083e+00 -1.220099999999999962e+00 1.517099999999999925e-05
-1.315399999999999903e+00 -1.220099999999999962e+00 1.328999999999999981e-05
-1.286799999999999944e+00 -1.220099999999999962e+00 1.031399999999999984e-05
-1.258199999999999985e+00 -1.220099999999999962e+00 7.846299999999999737e-06
-1.229600000000000026e+00 -1.220099999999999962e+00 6.240399999999999578e-06
-1.201000000000000068e+00 -1.220099999999999962e+00 5.496000000000000404e-06
-1.172400000000000109e+00 -1.220099999999999962e+00 5.248399999999999589e-06
-1.143799999999999928e+00 -1.220099999999999962e+00 5.009100000000000034e-06
-1.115199999999999969e+00 -1.220099999999999962e+00 4.660099999999999648e-06
-1.086600000000000010e+00 -1.220099999999999962e+00 3.761299999999999885e-06
-1.058000000000000052e+00 -1.220099999999999962e+00 2.515600000000000106e-06
-1.029400000000000093e+00 -1.220099999999999962e+00 1.252500000000000078e-06
-9.150300000000000100e-01 -1.220099999999999962e+00 1.839699999999999937e-06
-8.864400000000000057e-01 -1.220099999999999962e+00 3.363300000000000054e-06
-8.578400000000000469e-01 -1.220099999999999962e+00 4.746299999999999772e-06
-8.292500000000000426e-01 -1.220099999999999962e+00 5.504599999999999779e-06
-8.006499999999999728e-01 -1.220099999999999962e+00 5.364299999999999615e-06
-7.720599999999999685e-01 -1.220099999999999962e+00 4.369900000000000292e-06
-7.434600000000000097e-01 -1.220099999999999962e+00 2.864299999999999834e-06
-7.148700000000000054e-01 -1.220099999999999962e+00 1.315199999999999918e-06
-6.004899999999999682e-01 -1.220099999999999962e+00 1.867799999999999930e-06
-5.718999999999999639e-01 -1.220099999999999962e+00 3.584300000000000140e-06
-5.433000000000000052e-01 -1.220099999999999962e+00 5.155099999999999991e-06
-5.147100000000000009e-01 -1.220099999999999962e+00 6.020100000000000180e-06
-4.861099999999999866e-01 -1.220099999999999962e+00 6.024400000000000291e-06
-4.575199999999999823e-01 -1.220099999999999962e+00 5.200899999999999621e-06
-4.289200000000000235e-01 -1.220099999999999962e+00 3.635100000000000145e-06
-4.003300000000000192e-01 -1.220099999999999962e+00 1.820499999999999976e-06
-2.859499999999999820e-01 -1.220099999999999962e+00 2.042000000000000100e-06
-2.573500000000000232e-01 -1.220099999999999962e+00 4.490300000000000021e-06
-2.287599999999999911e-01 -1.220099999999999962e+00 7.176799999999999625e-06
-2.001600000000000046e-01 -1.220099999999999962e+00 9.398999999999999288e-06
-1.715700000000000003e-01 -1.220099999999999962e+00 1.056799999999999945e-05
-1.429700000000000137e-01 -1.220099999999999962e+00 1.055099999999999944e-05
-1.143799999999999956e-01 -1.220099999999999962e+00 9.560699999999999789e-06
-8.578399999999999914e-02 -1.220099999999999962e+00 8.584600000000000783e-06
-5.718999999999999778e-02 -1.220099999999999962e+00 7.140899999999999681e-06
-2.859499999999999889e-02 -1.220099999999999962e+00 6.348699999999999880e-06
0.000000000000000000e+00 -1.220099999999999962e+00 6.524499999999999958e-06
-4.489399999999999835e+00 -1.191400000000000015e+00 1.968300000000000084e-03
-4.460799999999999876e+00 -1.191400000000000015e+00 2.648399999999999973e-03
-4.432199999999999918e+00 -1.191400000000000015e+00 3.141800000000000148e-03
-4.403599999999999959e+00 -1.191400000000000015e+00 3.289100000000000096e-03
-4.375000000000000000e+00 -1.191400000000000015e+00 3.010300000000000042e-03
-4.346400000000000041e+00 -1.191400000000000015e+00 2.601000000000000013e-03
-4.317800000000000082e+00 -1.191400000000000015e+00 1.770800000000000108e-03
-4.289200000000000124e+00 -1.191400000000000015e+00 8.961499999999999631e-04
-4.260600000000000165e+00 -1.191400000000000015e+00 2.452700000000000149e-04
-4.232000000000000206e+00 -1.191400000000000015e+00 3.918300000000000076e-05
-4.203400000000000247e+00 -1.191400000000000015e+00 3.465100000000000146e-04
-4.174800000000000288e+00 -1.191400000000000015e+00 1.073799999999999972e-03
-4.146200000000000330e+00 -1.191400000000000015e+00 1.678000000000000021e-03
-4.117600000000000371e+00 -1.191400000000000015e+00 2.529399999999999791e-03
-4.089100000000000179e+00 -1.191400000000000015e+00 3.048799999999999948e-03
-4.060500000000000220e+00 -1.191400000000000015e+00 3.036000000000000070e-03
-4.031900000000000261e+00 -1.191400000000000015e+00 2.489599999999999799e-03
-4.003300000000000303e+00 -1.191400000000000015e+00 1.605300000000000043e-03
-3.974699999999999900e+00 -1.191400000000000015e+00 7.020099999999999821e-04
-3.946099999999999941e+00 -1.191400000000000015e+00 2.581799999999999980e-04
-3.917499999999999982e+00 -1.191400000000000015e+00 3.459900000000000111e-06
-3.888900000000000023e+00 -1.191400000000000015e+00 3.170599999999999764e-04
-3.860300000000000065e+00 -1.191400000000000015e+00 1.075900000000000077e-03
-3.831700000000000106e+00 -1.191400000000000015e+00 1.967200000000000112e-03
-3.803100000000000147e+00 -1.191400000000000015e+00 2.621200000000000179e-03
-3.774500000000000188e+00 -1.191400000000000015e+00 2.778599999999999993e-03
-3.745899999999999785e+00 -1.191400000000000015e+00 2.579800000000000149e-03
-3.717299999999999827e+00 -1.191400000000000015e+00 1.980099999999999829e-03
-3.688699999999999868e+00 -1.191400000000000015e+00 1.422000000000000087e-03
-3.660099999999999909e+00 -1.191400000000000015e+00 1.490299999999999958e-03
-3.631499999999999950e+00 -1.191400000000000015e+00 2.708700000000000083e-03
-3.602899999999999991e+00 -1.191400000000000015e+00 5.265800000000000168e-03
-3.574300000000000033e+00 -1.191400000000000015e+00 8.877499999999999974e-03
-3.545799999999999841e+00 -1.191400000000000015e+00 1.155199999999999977e-02
-3.517199999999999882e+00 -1.191400000000000015e+00 1.518700000000000085e-02
-3.488599999999999923e+00 -1.191400000000000015e+00 1.736000000000000043e-02
-3.459999999999999964e+00 -1.191400000000000015e+00 1.721999999999999920e-02
-3.431400000000000006e+00 -1.191400000000000015e+00 1.450899999999999933e-02
-3.402800000000000047e+00 -1.191400000000000015e+00 9.924399999999999888e-03
-3.374200000000000088e+00 -1.191400000000000015e+00 4.877799999999999844e-03
-3.345600000000000129e+00 -1.191400000000000015e+00 2.125600000000000059e-03
-3.317000000000000171e+00 -1.191400000000000015e+00 8.166999999999999564e-05
-3.288400000000000212e+00 -1.191400000000000015e+00 1.521100000000000056e-03
-3.259799999999999809e+00 -1.191400000000000015e+00 6.551099999999999805e-03
-3.231199999999999850e+00 -1.191400000000000015e+00 1.400900000000000062e-02
-3.202599999999999891e+00 -1.191400000000000015e+00 2.166300000000000170e-02
-3.173999999999999932e+00 -1.191400000000000015e+00 2.692400000000000002e-02
-3.145399999999999974e+00 -1.191400000000000015e+00 2.802899999999999836e-02
-3.116800000000000015e+00 -1.191400000000000015e+00 2.534000000000000141e-02
-3.088200000000000056e+00 -1.191400000000000015e+00 1.770599999999999952e-02
-3.059600000000000097e+00 -1.191400000000000015e+00 7.846000000000000543e-03
-3.031000000000000139e+00 -1.191400000000000015e+00 8.011799999999999694e-04
-3.002499999999999947e+00 -1.191400000000000015e+00 3.060600000000000126e-03
-2.973899999999999988e+00 -1.191400000000000015e+00 2.085100000000000148e-02
-2.945300000000000029e+00 -1.191400000000000015e+00 4.379700000000000260e-02
-2.916700000000000070e+00 -1.191400000000000015e+00 9.698400000000000076e-02
-2.888100000000000112e+00 -1.191400000000000015e+00 1.716300000000000048e-01
-2.859500000000000153e+00 -1.191400000000000015e+00 2.604699999999999793e-01
-2.830900000000000194e+00 -1.191400000000000015e+00 3.516599999999999726e-01
-2.802299999999999791e+00 -1.191400000000000015e+00 4.343400000000000039e-01
-2.773699999999999832e+00 -1.191400000000000015e+00 4.995399999999999840e-01
-2.745099999999999874e+00 -1.191400000000000015e+00 5.286899999999999933e-01
-2.716499999999999915e+00 -1.191400000000000015e+00 5.480099999999999971e-01
-2.687899999999999956e+00 -1.191400000000000015e+00 5.312700000000000200e-01
-2.659299999999999997e+00 -1.191400000000000015e+00 4.778000000000000025e-01
-2.630700000000000038e+00 -1.191400000000000015e+00 3.975099999999999745e-01
-2.602100000000000080e+00 -1.191400000000000015e+00 3.092900000000000094e-01
-2.573500000000000121e+00 -1.191400000000000015e+00 2.236299999999999955e-01
-2.544900000000000162e+00 -1.191400000000000015e+00 1.464999999999999913e-01
-2.516300000000000203e+00 -1.191400000000000015e+00 1.023300000000000043e-01
-2.487699999999999800e+00 -1.191400000000000015e+00 5.082099999999999812e-02
-2.459200000000000053e+00 -1.191400000000000015e+00 1.837300000000000044e-02
-2.430600000000000094e+00 -1.191400000000000015e+00 3.110100000000000191e-03
-2.402000000000000135e+00 -1.191400000000000015e+00 2.959400000000000160e-04
-2.373400000000000176e+00 -1.191400000000000015e+00 4.609099999999999656e-03
-2.344800000000000217e+00 -1.191400000000000015e+00 1.125999999999999918e-02
-2.316199999999999815e+00 -1.191400000000000015e+00 1.496800000000000040e-02
-2.287599999999999856e+00 -1.191400000000000015e+00 1.755200000000000163e-02
-2.258999999999999897e+00 -1.191400000000000015e+00 1.635500000000000148e-02
-2.230399999999999938e+00 -1.191400000000000015e+00 1.297599999999999969e-02
-2.201799999999999979e+00 -1.191400000000000015e+00 8.691000000000000808e-03
-2.173200000000000021e+00 -1.191400000000000015e+00 4.029600000000000369e-03
-2.144600000000000062e+00 -1.191400000000000015e+00 9.266399999999999507e-04
-2.116000000000000103e+00 -1.191400000000000015e+00 1.361500000000000026e-04
-2.087400000000000144e+00 -1.191400000000000015e+00 2.260399999999999974e-04
-2.058800000000000185e+00 -1.191400000000000015e+00 3.501299999999999833e-04
-2.030199999999999783e+00 -1.191400000000000015e+00 6.659799999999999574e-03
-2.001599999999999824e+00 -1.191400000000000015e+00 7.184799999999999650e-04
-1.973000000000000087e+00 -1.191400000000000015e+00 3.167800000000000130e-03
-1.944399999999999906e+00 -1.191400000000000015e+00 3.837299999999999869e-04
-1.915799999999999947e+00 -1.191400000000000015e+00 3.786099999999999817e-04
-1.887299999999999978e+00 -1.191400000000000015e+00 1.434100000000000001e-03
-1.858700000000000019e+00 -1.191400000000000015e+00 2.500300000000000092e-02
-1.830100000000000060e+00 -1.191400000000000015e+00 6.976699999999999525e-04
-1.801500000000000101e+00 -1.191400000000000015e+00 5.074300000000000121e-04
-1.772899999999999920e+00 -1.191400000000000015e+00 3.951499999999999826e-04
-1.744299999999999962e+00 -1.191400000000000015e+00 3.176599999999999910e-04
-1.715700000000000003e+00 -1.191400000000000015e+00 2.705599999999999845e-04
-1.687100000000000044e+00 -1.191400000000000015e+00 2.005400000000000010e-04
-1.658500000000000085e+00 -1.191400000000000015e+00 1.336700000000000128e-04
-1.629899999999999904e+00 -1.191400000000000015e+00 7.592799999999999539e-05
-1.601299999999999946e+00 -1.191400000000000015e+00 3.273899999999999944e-05
-1.572699999999999987e+00 -1.191400000000000015e+00 7.880999999999999591e-06
-1.515500000000000069e+00 -1.191400000000000015e+00 3.864600000000000234e-06
-1.486900000000000110e+00 -1.191400000000000015e+00 1.616799999999999835e-05
-1.458299999999999930e+00 -1.191400000000000015e+00 3.169099999999999863e-05
-1.429699999999999971e+00 -1.191400000000000015e+00 4.479200000000000076e-05
-1.401100000000000012e+00 -1.191400000000000015e+00 5.160300000000000043e-05
-1.372500000000000053e+00 -1.191400000000000015e+00 5.104100000000000141e-05
-1.344000000000000083e+00 -1.191400000000000015e+00 4.459100000000000048e-05
-1.315399999999999903e+00 -1.191400000000000015e+00 3.833600000000000023e-05
-1.286799999999999944e+00 -1.191400000000000015e+00 2.809999999999999862e-05
-1.258199999999999985e+00 -1.191400000000000015e+00 1.926400000000000055e-05
-1.229600000000000026e+00 -1.191400000000000015e+00 1.342899999999999967e-05
-1.201000000000000068e+00 -1.191400000000000015e+00 1.063299999999999967e-05
-1.172400000000000109e+00 -1.191400000000000015e+00 9.951699999999999942e-06
-1.143799999999999928e+00 -1.191400000000000015e+00 9.956500000000000303e-06
-1.115199999999999969e+00 -1.191400000000000015e+00 9.701700000000000642e-06
-1.086600000000000010e+00 -1.191400000000000015e+00 8.409900000000000575e-06
-1.058000000000000052e+00 -1.191400000000000015e+00 6.042299999999999730e-06
-1.029400000000000093e+00 -1.191400000000000015e+00 3.304099999999999841e-06
-1.000799999999999912e+00 -1.191400000000000015e+00 1.263600000000000065e-06
-9.436299999999999688e-01 -1.191400000000000015e+00 2.369000000000000103e-06
-9.150300000000000100e-01 -1.191400000000000015e+00 4.355600000000000277e-06
-8.864400000000000057e-01 -1.191400000000000015e+00 8.088999999999999972e-06
-8.578400000000000469e-01 -1.191400000000000015e+00 1.160200000000000005e-05
-8.292500000000000426e-01 -1.191400000000000015e+00 1.369099999999999987e-05
-8.006499999999999728e-01 -1.191400000000000015e+00 1.361199999999999944e-05
-7.720599999999999685e-01 -1.191400000000000015e+00 1.133400000000000024e-05
-7.434600000000000097e-01 -1.191400000000000015e+00 7.572200000000000109e-06
-7.148700000000000054e-01 -1.191400000000000015e+00 3.631800000000000109e-06
-6.862700000000000466e-01 -1.191400000000000015e+00 1.584900000000000064e-06
-6.290799999999999725e-01 -1.191400000000000015e+00 1.247799999999999937e-06
-6.004899999999999682e-01 -1.191400000000000015e+00 4.486799999999999969e-06
-5.718999999999999639e-01 -1.191400000000000015e+00 8.871299999999999241e-06
-5.433000000000000052e-01 -1.191400000000000015e+00 1.295500000000000048e-05
-5.147100000000000009e-01 -1.191400000000000015e+00 1.533900000000000001e-05
-4.861099999999999866e-01 -1.191400000000000015e+00 1.554599999999999990e-05
-4.575199999999999823e-01 -1.191400000000000015e+00 1.364800000000000045e-05
-4.289200000000000235e-01 -1.191400000000000015e+00 9.677399999999999875e-06
-4.003300000000000192e-01 -1.191400000000000015e+00 5.015199999999999857e-06
-3.717300000000000049e-01 -1.191400000000000015e+00 1.313600000000000010e-06
-3.145399999999999863e-01 -1.191400000000000015e+00 1.915900000000000156e-06
-2.859499999999999820e-01 -1.191400000000000015e+00 4.879899999999999645e-06
-2.573500000000000232e-01 -1.191400000000000015e+00 1.113700000000000027e-05
-2.287599999999999911e-01 -1.191400000000000015e+00 1.809999999999999950e-05
-2.001600000000000046e-01 -1.191400000000000015e+00 2.398600000000000040e-05
-1.715700000000000003e-01 -1.191400000000000015e+00 2.739500000000000114e-05
-1.429700000000000137e-01 -1.191400000000000015e+00 2.777399999999999869e-05
-1.143799999999999956e-01 -1.191400000000000015e+00 2.547700000000000019e-05
-8.578399999999999914e-02 -1.191400000000000015e+00 2.311000000000000066e-05
-5.718999999999999778e-02 -1.191400000000000015e+00 1.960499999999999949e-05
-2.859499999999999889e-02 -1.191400000000000015e+00 1.749999999999999847e-05
0.000000000000000000e+00 -1.191400000000000015e+00 1.783599999999999999e-05
-4.489399999999999835e+00 -1.162700000000000067e+00 3.553800000000000188e-03
-4.460799999999999876e+00 -1.162700000000000067e+00 4.771899999999999926e-03
-4.432199999999999918e+00 -1.162700000000000067e+00 5.654499999999999804e-03
-4.403599999999999959e+00 -1.162700000000000067e+00 5.912899999999999580e-03
-4.375000000000000000e+00 -1.162700000000000067e+00 5.409800000000000199e-03
-4.346400000000000041e+00 -1.162700000000000067e+00 4.685400000000000155e-03
-4.317800000000000082e+00 -1.162700000000000067e+00 3.192500000000000025e-03
-4.289200000000000124e+00 -1.162700000000000067e+00 1.619500000000000063e-03
-4.260600000000000165e+00 -1.162700000000000067e+00 4.504600000000000205e-04
-4.232000000000000206e+00 -1.162700000000000067e+00 7.004700000000000206e-05
-4.203400000000000247e+00 -1.162700000000000067e+00 6.175399999999999726e-04
-4.174800000000000288e+00 -1.162700000000000067e+00 1.916799999999999971e-03
-4.146200000000000330e+00 -1.162700000000000067e+00 2.998499999999999863e-03
-4.117600000000000371e+00 -1.162700000000000067e+00 4.530900000000000032e-03
-4.089100000000000179e+00 -1.162700000000000067e+00 5.470599999999999942e-03
-4.060500000000000220e+00 -1.162700000000000067e+00 5.462999999999999974e-03
-4.031900000000000261e+00 -1.162700000000000067e+00 4.492499999999999966e-03
-4.003300000000000303e+00 -1.162700000000000067e+00 2.912599999999999998e-03
-3.974699999999999900e+00 -1.162700000000000067e+00 1.288199999999999979e-03
-3.946099999999999941e+00 -1.162700000000000067e+00 4.769500000000000193e-04
-3.917499999999999982e+00 -1.162700000000000067e+00 5.703000000000000285e-06
-3.888900000000000023e+00 -1.162700000000000067e+00 5.603599999999999814e-04
-3.860300000000000065e+00 -1.162700000000000067e+00 1.915699999999999998e-03
-3.831700000000000106e+00 -1.162700000000000067e+00 3.522700000000000137e-03
-3.803100000000000147e+00 -1.162700000000000067e+00 4.708600000000000285e-03
-3.774500000000000188e+00 -1.162700000000000067e+00 5.005299999999999853e-03
-3.745899999999999785e+00 -1.162700000000000067e+00 4.657599999999999588e-03
-3.717299999999999827e+00 -1.162700000000000067e+00 3.590700000000000055e-03
-3.688699999999999868e+00 -1.162700000000000067e+00 2.593300000000000206e-03
-3.660099999999999909e+00 -1.162700000000000067e+00 2.716000000000000098e-03
-3.631499999999999950e+00 -1.162700000000000067e+00 4.876000000000000126e-03
-3.602899999999999991e+00 -1.162700000000000067e+00 9.456000000000000863e-03
-3.574300000000000033e+00 -1.162700000000000067e+00 1.596399999999999902e-02
-3.545799999999999841e+00 -1.162700000000000067e+00 2.076599999999999974e-02
-3.517199999999999882e+00 -1.162700000000000067e+00 2.731300000000000047e-02
-3.488599999999999923e+00 -1.162700000000000067e+00 3.129300000000000137e-02
-3.459999999999999964e+00 -1.162700000000000067e+00 3.107800000000000146e-02
-3.431400000000000006e+00 -1.162700000000000067e+00 2.624999999999999903e-02
-3.402800000000000047e+00 -1.162700000000000067e+00 1.800300000000000164e-02
-3.374200000000000088e+00 -1.162700000000000067e+00 8.903299999999999409e-03
-3.345600000000000129e+00 -1.162700000000000067e+00 3.893199999999999873e-03
-3.317000000000000171e+00 -1.162700000000000067e+00 1.572599999999999953e-04
-3.288400000000000212e+00 -1.162700000000000067e+00 2.698299999999999831e-03
-3.259799999999999809e+00 -1.162700000000000067e+00 1.179799999999999946e-02
-3.231199999999999850e+00 -1.162700000000000067e+00 2.530800000000000063e-02
-3.202599999999999891e+00 -1.162700000000000067e+00 3.920400000000000273e-02
-3.173999999999999932e+00 -1.162700000000000067e+00 4.875899999999999679e-02
-3.145399999999999974e+00 -1.162700000000000067e+00 5.083499999999999824e-02
-3.116800000000000015e+00 -1.162700000000000067e+00 4.591900000000000148e-02
-3.088200000000000056e+00 -1.162700000000000067e+00 3.215099999999999902e-02
-3.059600000000000097e+00 -1.162700000000000067e+00 1.432899999999999972e-02
-3.031000000000000139e+00 -1.162700000000000067e+00 1.524200000000000077e-03
-3.002499999999999947e+00 -1.162700000000000067e+00 5.365599999999999883e-03
-2.973899999999999988e+00 -1.162700000000000067e+00 3.747500000000000137e-02
-2.945300000000000029e+00 -1.162700000000000067e+00 7.900400000000000478e-02
-2.916700000000000070e+00 -1.162700000000000067e+00 1.750599999999999934e-01
-2.888100000000000112e+00 -1.162700000000000067e+00 3.099500000000000033e-01
-2.859500000000000153e+00 -1.162700000000000067e+00 4.725599999999999801e-01
-2.830900000000000194e+00 -1.162700000000000067e+00 6.410900000000000487e-01
-2.802299999999999791e+00 -1.162700000000000067e+00 7.919300000000000228e-01
-2.773699999999999832e+00 -1.162700000000000067e+00 9.084600000000000453e-01
-2.745099999999999874e+00 -1.162700000000000067e+00 9.617799999999999683e-01
-2.716499999999999915e+00 -1.162700000000000067e+00 9.972499999999999698e-01
-2.687899999999999956e+00 -1.162700000000000067e+00 9.682100000000000151e-01
-2.659299999999999997e+00 -1.162700000000000067e+00 8.731600000000000472e-01
-2.630700000000000038e+00 -1.162700000000000067e+00 7.276700000000000390e-01
-2.602100000000000080e+00 -1.162700000000000067e+00 5.644099999999999673e-01
-2.573500000000000121e+00 -1.162700000000000067e+00 4.064599999999999880e-01
-2.544900000000000162e+00 -1.162700000000000067e+00 2.658300000000000107e-01
-2.516300000000000203e+00 -1.162700000000000067e+00 1.859099999999999919e-01
-2.487699999999999800e+00 -1.162700000000000067e+00 9.206799999999999706e-02
-2.459200000000000053e+00 -1.162700000000000067e+00 3.303699999999999692e-02
-2.430600000000000094e+00 -1.162700000000000067e+00 5.484600000000000065e-03
-2.402000000000000135e+00 -1.162700000000000067e+00 6.318100000000000105e-04
-2.373400000000000176e+00 -1.162700000000000067e+00 8.742400000000000865e-03
-2.344800000000000217e+00 -1.162700000000000067e+00 2.104400000000000021e-02
-2.316199999999999815e+00 -1.162700000000000067e+00 2.798600000000000046e-02
-2.287599999999999856e+00 -1.162700000000000067e+00 3.284399999999999820e-02
-2.258999999999999897e+00 -1.162700000000000067e+00 3.047199999999999909e-02
-2.230399999999999938e+00 -1.162700000000000067e+00 2.385699999999999973e-02
-2.201799999999999979e+00 -1.162700000000000067e+00 1.589399999999999841e-02
-2.173200000000000021e+00 -1.162700000000000067e+00 7.566200000000000356e-03
-2.144600000000000062e+00 -1.162700000000000067e+00 1.718399999999999919e-03
-2.116000000000000103e+00 -1.162700000000000067e+00 2.358299999999999969e-04
-2.087400000000000144e+00 -1.162700000000000067e+00 4.873599999999999959e-04
-2.058800000000000185e+00 -1.162700000000000067e+00 6.708499999999999620e-04
-2.030199999999999783e+00 -1.162700000000000067e+00 1.380900000000000009e-02
-2.001599999999999824e+00 -1.162700000000000067e+00 1.762200000000000008e-03
-1.973000000000000087e+00 -1.162700000000000067e+00 5.226800000000000196e-03
-1.944399999999999906e+00 -1.162700000000000067e+00 8.809500000000000273e-04
-1.915799999999999947e+00 -1.162700000000000067e+00 5.885600000000000163e-04
-1.887299999999999978e+00 -1.162700000000000067e+00 9.346200000000000471e-04
-1.858700000000000019e+00 -1.162700000000000067e+00 6.501500000000000334e-02
-1.830100000000000060e+00 -1.162700000000000067e+00 2.560499999999999842e-03
-1.801500000000000101e+00 -1.162700000000000067e+00 1.167999999999999984e-03
-1.772899999999999920e+00 -1.162700000000000067e+00 8.492699999999999512e-04
-1.744299999999999962e+00 -1.162700000000000067e+00 6.557899999999999537e-04
-1.715700000000000003e+00 -1.162700000000000067e+00 5.492599999999999826e-04
-1.687100000000000044e+00 -1.162700000000000067e+00 4.009199999999999765e-04
-1.658500000000000085e+00 -1.162700000000000067e+00 2.642499999999999992e-04
-1.629899999999999904e+00 -1.162700000000000067e+00 1.483699999999999906e-04
-1.601299999999999946e+00 -1.162700000000000067e+00 6.364400000000000255e-05
-1.572699999999999987e+00 -1.162700000000000067e+00 1.509100000000000002e-05
-1.544100000000000028e+00 -1.162700000000000067e+00 1.335299999999999946e-06
-1.515500000000000069e+00 -1.162700000000000067e+00 7.761600000000000362e-06
-1.486900000000000110e+00 -1.162700000000000067e+00 3.212699999999999920e-05
-1.458299999999999930e+00 -1.162700000000000067e+00 6.268399999999999818e-05
-1.429699999999999971e+00 -1.162700000000000067e+00 8.823100000000000278e-05
-1.401100000000000012e+00 -1.162700000000000067e+00 1.013499999999999969e-04
-1.372500000000000053e+00 -1.162700000000000067e+00 1.000999999999999937e-04
-1.344000000000000083e+00 -1.162700000000000067e+00 8.692299999999999430e-05
-1.315399999999999903e+00 -1.162700000000000067e+00 7.388799999999999459e-05
-1.286799999999999944e+00 -1.162700000000000067e+00 5.283900000000000012e-05
-1.258199999999999985e+00 -1.162700000000000067e+00 3.448199999999999952e-05
-1.229600000000000026e+00 -1.162700000000000067e+00 2.197199999999999902e-05
-1.201000000000000068e+00 -1.162700000000000067e+00 1.582399999999999961e-05
-1.172400000000000109e+00 -1.162700000000000067e+00 1.438100000000000004e-05
-1.143799999999999928e+00 -1.162700000000000067e+00 1.489500000000000054e-05
-1.115199999999999969e+00 -1.162700000000000067e+00 1.503199999999999940e-05
-1.086600000000000010e+00 -1.162700000000000067e+00 1.368500000000000026e-05
-1.058000000000000052e+00 -1.162700000000000067e+00 1.032699999999999955e-05
-1.029400000000000093e+00 -1.162700000000000067e+00 5.985800000000000356e-06
-1.000799999999999912e+00 -1.162700000000000067e+00 2.486499999999999826e-06
-9.722199999999999731e-01 -1.162700000000000067e+00 1.551500000000000095e-06
-9.436299999999999688e-01 -1.162700000000000067e+00 3.986899999999999894e-06
-9.150300000000000100e-01 -1.162700000000000067e+00 7.313699999999999958e-06
-8.864400000000000057e-01 -1.162700000000000067e+00 1.374600000000000019e-05
-8.578400000000000469e-01 -1.162700000000000067e+00 1.998499999999999924e-05
-8.292500000000000426e-01 -1.162700000000000067e+00 2.390400000000000017e-05
-8.006499999999999728e-01 -1.162700000000000067e+00 2.404000000000000023e-05
-7.720599999999999685e-01 -1.162700000000000067e+00 2.023600000000000073e-05
-7.434600000000000097e-01 -1.162700000000000067e+00 1.375300000000000029e-05
-7.148700000000000054e-01 -1.162700000000000067e+00 6.774299999999999667e-06
-6.862700000000000466e-01 -1.162700000000000067e+00 3.048900000000000150e-06
-6.290799999999999725e-01 -1.162700000000000067e+00 2.020899999999999997e-06
-6.004899999999999682e-01 -1.162700000000000067e+00 7.607100000000000401e-06
-5.718999999999999639e-01 -1.162700000000000067e+00 1.539399999999999864e-05
-5.433000000000000052e-01 -1.162700000000000067e+00 2.280600000000000154e-05
-5.147100000000000009e-01 -1.162700000000000067e+00 2.735000000000000072e-05
-4.861099999999999866e-01 -1.162700000000000067e+00 2.793400000000000055e-05
-4.575199999999999823e-01 -1.162700000000000067e+00 2.478800000000000052e-05
-4.289200000000000235e-01 -1.162700000000000067e+00 1.786600000000000140e-05
-4.003300000000000192e-01 -1.162700000000000067e+00 9.485799999999999880e-06
-3.717300000000000049e-01 -1.162700000000000067e+00 2.652200000000000204e-06
-3.145399999999999863e-01 -1.162700000000000067e+00 3.116500000000000146e-06
-2.859499999999999820e-01 -1.162700000000000067e+00 8.283399999999999330e-06
-2.573500000000000232e-01 -1.162700000000000067e+00 1.945900000000000123e-05
-2.287599999999999911e-01 -1.162700000000000067e+00 3.214499999999999801e-05
-2.001600000000000046e-01 -1.162700000000000067e+00 4.314900000000000311e-05
-1.715700000000000003e-01 -1.162700000000000067e+00 4.981599999999999874e-05
-1.429700000000000137e-01 -1.162700000000000067e+00 5.094699999999999858e-05
-1.143799999999999956e-01 -1.162700000000000067e+00 4.729000000000000293e-05
-8.578399999999999914e-02 -1.162700000000000067e+00 4.326499999999999996e-05
-5.718999999999999778e-02 -1.162700000000000067e+00 3.705100000000000152e-05
-2.859499999999999889e-02 -1.162700000000000067e+00 3.319299999999999882e-05
0.000000000000000000e+00 -1.162700000000000067e+00 3.353400000000000114e-05
-4.489399999999999835e+00 -1.133999999999999897e+00 4.896199999999999858e-03
-4.460799999999999876e+00 -1.133999999999999897e+00 6.569499999999999819e-03
-4.432199999999999918e+00 -1.133999999999999897e+00 7.782299999999999808e-03
-4.403599999999999959e+00 -1.133999999999999897e+00 8.130800000000000527e-03
-4.375000000000000000e+00 -1.133999999999999897e+00 7.782500000000000355e-03
-4.346400000000000041e+00 -1.133999999999999897e+00 6.434999999999999748e-03
-4.317800000000000082e+00 -1.133999999999999897e+00 4.401399999999999757e-03
-4.289200000000000124e+00 -1.133999999999999897e+00 2.240999999999999936e-03
-4.260600000000000165e+00 -1.133999999999999897e+00 6.324500000000000044e-04
-4.232000000000000206e+00 -1.133999999999999897e+00 9.950000000000000619e-05
-4.203400000000000247e+00 -1.133999999999999897e+00 8.341699999999999636e-04
-4.174800000000000288e+00 -1.133999999999999897e+00 2.610799999999999926e-03
-4.146200000000000330e+00 -1.133999999999999897e+00 4.092900000000000010e-03
-4.117600000000000371e+00 -1.133999999999999897e+00 6.206800000000000164e-03
-4.089100000000000179e+00 -1.133999999999999897e+00 7.515299999999999932e-03
-4.060500000000000220e+00 -1.133999999999999897e+00 7.520999999999999908e-03
-4.031900000000000261e+00 -1.133999999999999897e+00 6.210499999999999875e-03
-4.003300000000000303e+00 -1.133999999999999897e+00 4.043599999999999625e-03
-3.974699999999999900e+00 -1.133999999999999897e+00 1.799800000000000054e-03
-3.946099999999999941e+00 -1.133999999999999897e+00 6.808199999999999495e-04
-3.917499999999999982e+00 -1.133999999999999897e+00 1.181700000000000053e-05
-3.888900000000000023e+00 -1.133999999999999897e+00 7.498099999999999514e-04
-3.860300000000000065e+00 -1.133999999999999897e+00 2.602999999999999845e-03
-3.831700000000000106e+00 -1.133999999999999897e+00 4.810599999999999946e-03
-3.803100000000000147e+00 -1.133999999999999897e+00 6.467999999999999791e-03
-3.774500000000000188e+00 -1.133999999999999897e+00 6.899699999999999930e-03
-3.745899999999999785e+00 -1.133999999999999897e+00 6.434699999999999795e-03
-3.717299999999999827e+00 -1.133999999999999897e+00 4.991500000000000277e-03
-3.688699999999999868e+00 -1.133999999999999897e+00 3.622799999999999805e-03
-3.660099999999999909e+00 -1.133999999999999897e+00 3.769199999999999894e-03
-3.631499999999999950e+00 -1.133999999999999897e+00 6.719199999999999826e-03
-3.602899999999999991e+00 -1.133999999999999897e+00 1.297099999999999989e-02
-3.574300000000000033e+00 -1.133999999999999897e+00 2.188199999999999867e-02
-3.545799999999999841e+00 -1.133999999999999897e+00 2.846299999999999872e-02
-3.517199999999999882e+00 -1.133999999999999897e+00 3.744800000000000212e-02
-3.488599999999999923e+00 -1.133999999999999897e+00 4.299700000000000050e-02
-3.459999999999999964e+00 -1.133999999999999897e+00 4.278400000000000258e-02
-3.431400000000000006e+00 -1.133999999999999897e+00 3.621599999999999819e-02
-3.402800000000000047e+00 -1.133999999999999897e+00 2.490900000000000059e-02
-3.374200000000000088e+00 -1.133999999999999897e+00 1.234900000000000060e-02
-3.345600000000000129e+00 -1.133999999999999897e+00 5.442699999999999969e-03
-3.317000000000000171e+00 -1.133999999999999897e+00 2.458599999999999805e-04
-3.288400000000000212e+00 -1.133999999999999897e+00 3.677199999999999826e-03
-3.259799999999999809e+00 -1.133999999999999897e+00 1.614499999999999963e-02
-3.231199999999999850e+00 -1.133999999999999897e+00 3.478699999999999848e-02
-3.202599999999999891e+00 -1.133999999999999897e+00 5.399199999999999833e-02
-3.173999999999999932e+00 -1.133999999999999897e+00 6.731600000000000084e-02
-3.145399999999999974e+00 -1.133999999999999897e+00 7.018199999999999439e-02
-3.116800000000000015e+00 -1.133999999999999897e+00 6.335100000000000453e-02
-3.088200000000000056e+00 -1.133999999999999897e+00 4.447899999999999771e-02
-3.059600000000000097e+00 -1.133999999999999897e+00 1.988499999999999990e-02
-3.031000000000000139e+00 -1.133999999999999897e+00 2.130200000000000062e-03
-3.002499999999999947e+00 -1.133999999999999897e+00 7.418000000000000115e-03
-2.973899999999999988e+00 -1.133999999999999897e+00 5.127999999999999919e-02
-2.945300000000000029e+00 -1.133999999999999897e+00 1.083199999999999996e-01
-2.916700000000000070e+00 -1.133999999999999897e+00 2.408200000000000063e-01
-2.888100000000000112e+00 -1.133999999999999897e+00 4.273100000000000231e-01
-2.859500000000000153e+00 -1.133999999999999897e+00 6.529399999999999649e-01
-2.830900000000000194e+00 -1.133999999999999897e+00 8.871200000000000196e-01
-2.802299999999999791e+00 -1.133999999999999897e+00 1.096999999999999975e+00
-2.773699999999999832e+00 -1.133999999999999897e+00 1.259100000000000108e+00
-2.745099999999999874e+00 -1.133999999999999897e+00 1.332999999999999963e+00
-2.716499999999999915e+00 -1.133999999999999897e+00 1.379399999999999959e+00
-2.687899999999999956e+00 -1.133999999999999897e+00 1.340899999999999981e+00
-2.659299999999999997e+00 -1.133999999999999897e+00 1.213100000000000067e+00
-2.630700000000000038e+00 -1.133999999999999897e+00 1.013200000000000101e+00
-2.602100000000000080e+00 -1.133999999999999897e+00 7.835999999999999632e-01
-2.573500000000000121e+00 -1.133999999999999897e+00 5.625900000000000345e-01
-2.544900000000000162e+00 -1.133999999999999897e+00 3.669000000000000039e-01
-2.516300000000000203e+00 -1.133999999999999897e+00 2.565000000000000058e-01
-2.487699999999999800e+00 -1.133999999999999897e+00 1.270600000000000063e-01
-2.459200000000000053e+00 -1.133999999999999897e+00 4.538999999999999979e-02
-2.430600000000000094e+00 -1.133999999999999897e+00 7.271299999999999639e-03
-2.402000000000000135e+00 -1.133999999999999897e+00 9.607599999999999561e-04
-2.373400000000000176e+00 -1.133999999999999897e+00 1.243400000000000061e-02
-2.344800000000000217e+00 -1.133999999999999897e+00 2.965900000000000133e-02
-2.316199999999999815e+00 -1.133999999999999897e+00 3.942500000000000171e-02
-2.287599999999999856e+00 -1.133999999999999897e+00 4.633600000000000219e-02
-2.258999999999999897e+00 -1.133999999999999897e+00 4.294100000000000000e-02
-2.230399999999999938e+00 -1.133999999999999897e+00 3.328400000000000108e-02
-2.201799999999999979e+00 -1.133999999999999897e+00 2.187000000000000055e-02
-2.173200000000000021e+00 -1.133999999999999897e+00 1.058199999999999939e-02
-2.144600000000000062e+00 -1.133999999999999897e+00 2.432500000000000200e-03
-2.116000000000000103e+00 -1.133999999999999897e+00 2.926499999999999848e-04
-2.087400000000000144e+00 -1.133999999999999897e+00 7.633299999999999981e-04
-2.058800000000000185e+00 -1.133999999999999897e+00 1.308899999999999994e-03
-2.030199999999999783e+00 -1.133999999999999897e+00 1.423600000000000039e-02
-2.001599999999999824e+00 -1.133999999999999897e+00 4.182599999999999860e-03
-1.973000000000000087e+00 -1.133999999999999897e+00 4.593899999999999720e-03
-1.944399999999999906e+00 -1.133999999999999897e+00 2.487800000000000081e-03
-1.915799999999999947e+00 -1.133999999999999897e+00 8.149200000000000107e-04
-1.887299999999999978e+00 -1.133999999999999897e+00 1.078299999999999918e-03
-1.858700000000000019e+00 -1.133999999999999897e+00 3.827300000000000146e-02
-1.830100000000000060e+00 -1.133999999999999897e+00 8.831699999999999620e-03
-1.801500000000000101e+00 -1.133999999999999897e+00 2.171900000000000046e-03
-1.772899999999999920e+00 -1.133999999999999897e+00 1.405199999999999895e-03
-1.744299999999999962e+00 -1.133999999999999897e+00 1.034399999999999990e-03
-1.715700000000000003e+00 -1.133999999999999897e+00 8.500100000000000017e-04
-1.687100000000000044e+00 -1.133999999999999897e+00 6.078499999999999485e-04
-1.658500000000000085e+00 -1.133999999999999897e+00 3.949800000000000164e-04
-1.629899999999999904e+00 -1.133999999999999897e+00 2.197800000000000133e-04
-1.601299999999999946e+00 -1.133999999999999897e+00 9.323599999999999976e-05
-1.572699999999999987e+00 -1.133999999999999897e+00 2.189700000000000058e-05
-1.544100000000000028e+00 -1.133999999999999897e+00 2.066900000000000065e-06
-1.515500000000000069e+00 -1.133999999999999897e+00 1.166000000000000017e-05
-1.486900000000000110e+00 -1.133999999999999897e+00 4.768599999999999711e-05
-1.458299999999999930e+00 -1.133999999999999897e+00 9.259199999999999711e-05
-1.429699999999999971e+00 -1.133999999999999897e+00 1.299499999999999874e-04
-1.401100000000000012e+00 -1.133999999999999897e+00 1.492999999999999969e-04
-1.372500000000000053e+00 -1.133999999999999897e+00 1.471800000000000105e-04
-1.344000000000000083e+00 -1.133999999999999897e+00 1.272099999999999967e-04
-1.315399999999999903e+00 -1.133999999999999897e+00 1.077899999999999963e-04
-1.286799999999999944e+00 -1.133999999999999897e+00 7.611499999999999885e-05
-1.258199999999999985e+00 -1.133999999999999897e+00 4.806099999999999945e-05
-1.229600000000000026e+00 -1.133999999999999897e+00 2.868399999999999845e-05
-1.201000000000000068e+00 -1.133999999999999897e+00 1.891800000000000081e-05
-1.172400000000000109e+00 -1.133999999999999897e+00 1.652699999999999948e-05
-1.143799999999999928e+00 -1.133999999999999897e+00 1.756600000000000088e-05
-1.115199999999999969e+00 -1.133999999999999897e+00 1.825099999999999856e-05
-1.086600000000000010e+00 -1.133999999999999897e+00 1.736700000000000160e-05
-1.058000000000000052e+00 -1.133999999999999897e+00 1.361100000000000063e-05
-1.029400000000000093e+00 -1.133999999999999897e+00 8.218699999999999763e-06
-1.000799999999999912e+00 -1.133999999999999897e+00 3.613100000000000186e-06
-9.722199999999999731e-01 -1.133999999999999897e+00 2.183200000000000121e-06
-9.436299999999999688e-01 -1.133999999999999897e+00 5.209200000000000032e-06
-9.150300000000000100e-01 -1.133999999999999897e+00 9.519300000000000491e-06
-8.864400000000000057e-01 -1.133999999999999897e+00 1.805700000000000008e-05
-8.578400000000000469e-01 -1.133999999999999897e+00 2.653199999999999941e-05
-8.292500000000000426e-01 -1.133999999999999897e+00 3.199800000000000094e-05
-8.006499999999999728e-01 -1.133999999999999897e+00 3.248000000000000073e-05
-7.720599999999999685e-01 -1.133999999999999897e+00 2.766100000000000164e-05
-7.434600000000000097e-01 -1.133999999999999897e+00 1.902500000000000165e-05
-7.148700000000000054e-01 -1.133999999999999897e+00 9.549500000000000642e-06
-6.862700000000000466e-01 -1.133999999999999897e+00 4.408299999999999789e-06
-6.290799999999999725e-01 -1.133999999999999897e+00 2.551700000000000065e-06
-6.004899999999999682e-01 -1.133999999999999897e+00 1.002700000000000073e-05
-5.718999999999999639e-01 -1.133999999999999897e+00 2.067300000000000011e-05
-5.433000000000000052e-01 -1.133999999999999897e+00 3.103700000000000117e-05
-5.147100000000000009e-01 -1.133999999999999897e+00 3.760599999999999875e-05
-4.861099999999999866e-01 -1.133999999999999897e+00 3.867400000000000275e-05
-4.575199999999999823e-01 -1.133999999999999897e+00 3.475899999999999704e-05
-4.289200000000000235e-01 -1.133999999999999897e+00 2.540699999999999916e-05
-4.003300000000000192e-01 -1.133999999999999897e+00 1.379400000000000041e-05
-3.717300000000000049e-01 -1.133999999999999897e+00 4.057800000000000350e-06
-3.145399999999999863e-01 -1.133999999999999897e+00 3.992800000000000125e-06
-2.859499999999999820e-01 -1.133999999999999897e+00 1.103200000000000042e-05
-2.573500000000000232e-01 -1.133999999999999897e+00 2.655999999999999981e-05
-2.287599999999999911e-01 -1.133999999999999897e+00 4.451800000000000304e-05
-2.001600000000000046e-01 -1.133999999999999897e+00 6.034300000000000145e-05
-1.715700000000000003e-01 -1.133999999999999897e+00 7.029000000000000634e-05
-1.429700000000000137e-01 -1.133999999999999897e+00 7.259500000000000544e-05
-1.143799999999999956e-01 -1.133999999999999897e+00 6.799500000000000205e-05
-8.578399999999999914e-02 -1.133999999999999897e+00 6.260999999999999855e-05
-5.718999999999999778e-02 -1.133999999999999897e+00 5.407499999999999980e-05
-2.859499999999999889e-02 -1.133999999999999897e+00 4.854499999999999685e-05
0.000000000000000000e+00 -1.133999999999999897e+00 4.866400000000000028e-05
-4.489399999999999835e+00 -1.105299999999999949e+00 5.314199999999999827e-03
-4.460799999999999876e+00 -1.105299999999999949e+00 7.125600000000000163e-03
-4.432199999999999918e+00 -1.105299999999999949e+00 8.442200000000000398e-03
-4.403599999999999959e+00 -1.105299999999999949e+00 8.813700000000000701e-03
-4.375000000000000000e+00 -1.105299999999999949e+00 8.059999999999999457e-03
-4.346400000000000041e+00 -1.105299999999999949e+00 6.978899999999999687e-03
-4.317800000000000082e+00 -1.105299999999999949e+00 4.779399999999999621e-03
-4.289200000000000124e+00 -1.105299999999999949e+00 2.440599999999999801e-03
-4.260600000000000165e+00 -1.105299999999999949e+00 6.935599999999999665e-04
-4.232000000000000206e+00 -1.105299999999999949e+00 1.069199999999999995e-04
-4.203400000000000247e+00 -1.105299999999999949e+00 8.969699999999999722e-04
-4.174800000000000288e+00 -1.105299999999999949e+00 2.816100000000000200e-03
-4.146200000000000330e+00 -1.105299999999999949e+00 4.419300000000000138e-03
-4.117600000000000371e+00 -1.105299999999999949e+00 6.715299999999999568e-03
-4.089100000000000179e+00 -1.105299999999999949e+00 8.149299999999999947e-03
-4.060500000000000220e+00 -1.105299999999999949e+00 8.171700000000000491e-03
-4.031900000000000261e+00 -1.105299999999999949e+00 6.766399999999999672e-03
-4.003300000000000303e+00 -1.105299999999999949e+00 4.420499999999999950e-03
-3.974699999999999900e+00 -1.105299999999999949e+00 1.981099999999999962e-03
-3.946099999999999941e+00 -1.105299999999999949e+00 7.573799999999999890e-04
-3.917499999999999982e+00 -1.105299999999999949e+00 1.168700000000000008e-05
-3.888900000000000023e+00 -1.105299999999999949e+00 7.932800000000000485e-04
-3.860300000000000065e+00 -1.105299999999999949e+00 2.794200000000000156e-03
-3.831700000000000106e+00 -1.105299999999999949e+00 5.191000000000000301e-03
-3.803100000000000147e+00 -1.105299999999999949e+00 7.010699999999999918e-03
-3.774500000000000188e+00 -1.105299999999999949e+00 7.489599999999999903e-03
-3.745899999999999785e+00 -1.105299999999999949e+00 7.002699999999999723e-03
-3.717299999999999827e+00 -1.105299999999999949e+00 5.454500000000000147e-03
-3.688699999999999868e+00 -1.105299999999999949e+00 3.975000000000000235e-03
-3.660099999999999909e+00 -1.105299999999999949e+00 4.122200000000000343e-03
-3.631499999999999950e+00 -1.105299999999999949e+00 7.288900000000000066e-03
-3.602899999999999991e+00 -1.105299999999999949e+00 1.402899999999999980e-02
-3.574300000000000033e+00 -1.105299999999999949e+00 2.366899999999999907e-02
-3.545799999999999841e+00 -1.105299999999999949e+00 3.077099999999999974e-02
-3.517199999999999882e+00 -1.105299999999999949e+00 4.051699999999999746e-02
-3.488599999999999923e+00 -1.105299999999999949e+00 4.655299999999999716e-02
-3.459999999999999964e+00 -1.105299999999999949e+00 4.639599999999999974e-02
-3.431400000000000006e+00 -1.105299999999999949e+00 3.934499999999999803e-02
-3.402800000000000047e+00 -1.105299999999999949e+00 2.714199999999999946e-02
-3.374200000000000088e+00 -1.105299999999999949e+00 1.349200000000000052e-02
-3.345600000000000129e+00 -1.105299999999999949e+00 5.958699999999999934e-03
-3.317000000000000171e+00 -1.105299999999999949e+00 2.728300000000000018e-04
-3.288400000000000212e+00 -1.105299999999999949e+00 3.913899999999999671e-03
-3.259799999999999809e+00 -1.105299999999999949e+00 1.740900000000000086e-02
-3.231199999999999850e+00 -1.105299999999999949e+00 3.767600000000000116e-02
-3.202599999999999891e+00 -1.105299999999999949e+00 5.857500000000000207e-02
-3.173999999999999932e+00 -1.105299999999999949e+00 7.313100000000000156e-02
-3.145399999999999974e+00 -1.105299999999999949e+00 7.614400000000000335e-02
-3.116800000000000015e+00 -1.105299999999999949e+00 6.878900000000000292e-02
-3.088200000000000056e+00 -1.105299999999999949e+00 4.833699999999999802e-02
-3.059600000000000097e+00 -1.105299999999999949e+00 2.169199999999999948e-02
-3.031000000000000139e+00 -1.105299999999999949e+00 2.350200000000000206e-03
-3.002499999999999947e+00 -1.105299999999999949e+00 7.949400000000000563e-03
-2.973899999999999988e+00 -1.105299999999999949e+00 5.557299999999999740e-02
-2.945300000000000029e+00 -1.105299999999999949e+00 1.172399999999999970e-01
-2.916700000000000070e+00 -1.105299999999999949e+00 2.608599999999999808e-01
-2.888100000000000112e+00 -1.105299999999999949e+00 4.634499999999999731e-01
-2.859500000000000153e+00 -1.105299999999999949e+00 7.090499999999999581e-01
-2.830900000000000194e+00 -1.105299999999999949e+00 9.648900000000000254e-01
-2.802299999999999791e+00 -1.105299999999999949e+00 1.194499999999999895e+00
-2.773699999999999832e+00 -1.105299999999999949e+00 1.371199999999999974e+00
-2.745099999999999874e+00 -1.105299999999999949e+00 1.450199999999999934e+00
-2.716499999999999915e+00 -1.105299999999999949e+00 1.500199999999999978e+00
-2.687899999999999956e+00 -1.105299999999999949e+00 1.459500000000000020e+00
-2.659299999999999997e+00 -1.105299999999999949e+00 1.322999999999999954e+00
-2.630700000000000038e+00 -1.105299999999999949e+00 1.105299999999999949e+00
-2.602100000000000080e+00 -1.105299999999999949e+00 8.545500000000000318e-01
-2.573500000000000121e+00 -1.105299999999999949e+00 6.121499999999999719e-01
-2.544900000000000162e+00 -1.105299999999999949e+00 3.988900000000000223e-01
-2.516300000000000203e+00 -1.105299999999999949e+00 2.781799999999999828e-01
-2.487699999999999800e+00 -1.105299999999999949e+00 1.377599999999999936e-01
-2.459200000000000053e+00 -1.105299999999999949e+00 4.904700000000000032e-02
-2.430600000000000094e+00 -1.105299999999999949e+00 7.720300000000000253e-03
-2.402000000000000135e+00 -1.105299999999999949e+00 1.102600000000000021e-03
-2.373400000000000176e+00 -1.105299999999999949e+00 1.375099999999999933e-02
-2.344800000000000217e+00 -1.105299999999999949e+00 3.257299999999999779e-02
-2.316199999999999815e+00 -1.105299999999999949e+00 4.324800000000000172e-02
-2.287599999999999856e+00 -1.105299999999999949e+00 5.094100000000000017e-02
-2.258999999999999897e+00 -1.105299999999999949e+00 4.721899999999999709e-02
-2.230399999999999938e+00 -1.105299999999999949e+00 3.630499999999999700e-02
-2.201799999999999979e+00 -1.105299999999999949e+00 2.363699999999999829e-02
-2.173200000000000021e+00 -1.105299999999999949e+00 1.150400000000000034e-02
-2.144600000000000062e+00 -1.105299999999999949e+00 2.651099999999999984e-03
-2.116000000000000103e+00 -1.105299999999999949e+00 3.100900000000000076e-04
-2.087400000000000144e+00 -1.105299999999999949e+00 8.707499999999999962e-04
-2.058800000000000185e+00 -1.105299999999999949e+00 1.946299999999999983e-03
-2.030199999999999783e+00 -1.105299999999999949e+00 9.604500000000000190e-03
-2.001599999999999824e+00 -1.105299999999999949e+00 8.330399999999999958e-03
-1.973000000000000087e+00 -1.105299999999999949e+00 3.505100000000000143e-03
-1.944399999999999906e+00 -1.105299999999999949e+00 5.100099999999999772e-03
-1.915799999999999947e+00 -1.105299999999999949e+00 8.950199999999999519e-04
-1.887299999999999978e+00 -1.105299999999999949e+00 1.039299999999999946e-03
-1.858700000000000019e+00 -1.105299999999999949e+00 2.072900000000000090e-02
-1.830100000000000060e+00 -1.105299999999999949e+00 2.389200000000000004e-02
-1.801500000000000101e+00 -1.105299999999999949e+00 2.843399999999999834e-03
-1.772899999999999920e+00 -1.105299999999999949e+00 1.740199999999999907e-03
-1.744299999999999962e+00 -1.105299999999999949e+00 1.234000000000000071e-03
-1.715700000000000003e+00 -1.105299999999999949e+00 9.984300000000000206e-04
-1.687100000000000044e+00 -1.105299999999999949e+00 7.025900000000000071e-04
-1.658500000000000085e+00 -1.105299999999999949e+00 4.522700000000000049e-04
-1.629899999999999904e+00 -1.105299999999999949e+00 2.497500000000000262e-04
-1.601299999999999946e+00 -1.105299999999999949e+00 1.053499999999999993e-04
-1.572699999999999987e+00 -1.105299999999999949e+00 2.448299999999999920e-05
-1.544100000000000028e+00 -1.105299999999999949e+00 2.332799999999999925e-06
-1.515500000000000069e+00 -1.105299999999999949e+00 1.338099999999999945e-05
-1.486900000000000110e+00 -1.105299999999999949e+00 5.418299999999999945e-05
-1.458299999999999930e+00 -1.105299999999999949e+00 1.050000000000000044e-04
-1.429699999999999971e+00 -1.105299999999999949e+00 1.472000000000000001e-04
-1.401100000000000012e+00 -1.105299999999999949e+00 1.688899999999999907e-04
-1.372500000000000053e+00 -1.105299999999999949e+00 1.663400000000000100e-04
-1.344000000000000083e+00 -1.105299999999999949e+00 1.436300000000000055e-04
-1.315399999999999903e+00 -1.105299999999999949e+00 1.215299999999999969e-04
-1.286799999999999944e+00 -1.105299999999999949e+00 8.523199999999999982e-05
-1.258199999999999985e+00 -1.105299999999999949e+00 5.304499999999999781e-05
-1.229600000000000026e+00 -1.105299999999999949e+00 3.051499999999999837e-05
-1.201000000000000068e+00 -1.105299999999999949e+00 1.897099999999999844e-05
-1.172400000000000109e+00 -1.105299999999999949e+00 1.602200000000000008e-05
-1.143799999999999928e+00 -1.105299999999999949e+00 1.727400000000000097e-05
-1.115199999999999969e+00 -1.105299999999999949e+00 1.829400000000000137e-05
-1.086600000000000010e+00 -1.105299999999999949e+00 1.790000000000000141e-05
-1.058000000000000052e+00 -1.105299999999999949e+00 1.433800000000000062e-05
-1.029400000000000093e+00 -1.105299999999999949e+00 8.882199999999999425e-06
-1.000799999999999912e+00 -1.105299999999999949e+00 4.040999999999999935e-06
-9.722199999999999731e-01 -1.105299999999999949e+00 2.420099999999999919e-06
-9.436299999999999688e-01 -1.105299999999999949e+00 5.487400000000000181e-06
-9.150300000000000100e-01 -1.105299999999999949e+00 9.993199999999999460e-06
-8.864400000000000057e-01 -1.105299999999999949e+00 1.904000000000000066e-05
-8.578400000000000469e-01 -1.105299999999999949e+00 2.814199999999999924e-05
-8.292500000000000426e-01 -1.105299999999999949e+00 3.411800000000000097e-05
-8.006499999999999728e-01 -1.105299999999999949e+00 3.484100000000000066e-05
-7.720599999999999685e-01 -1.105299999999999949e+00 2.981600000000000049e-05
-7.434600000000000097e-01 -1.105299999999999949e+00 2.065800000000000110e-05
-7.148700000000000054e-01 -1.105299999999999949e+00 1.048100000000000011e-05
-6.862700000000000466e-01 -1.105299999999999949e+00 4.895600000000000189e-06
-6.290799999999999725e-01 -1.105299999999999949e+00 2.646400000000000192e-06
-6.004899999999999682e-01 -1.105299999999999949e+00 1.064599999999999938e-05
-5.718999999999999639e-01 -1.105299999999999949e+00 2.223599999999999852e-05
-5.433000000000000052e-01 -1.105299999999999949e+00 3.363099999999999700e-05
-5.147100000000000009e-01 -1.105299999999999949e+00 4.106300000000000309e-05
-4.861099999999999866e-01 -1.105299999999999949e+00 4.243800000000000263e-05
-4.575199999999999823e-01 -1.105299999999999949e+00 3.845700000000000127e-05
-4.289200000000000235e-01 -1.105299999999999949e+00 2.835600000000000091e-05
-4.003300000000000192e-01 -1.105299999999999949e+00 1.562500000000000033e-05
-3.717300000000000049e-01 -1.105299999999999949e+00 4.756600000000000334e-06
-3.145399999999999863e-01 -1.105299999999999949e+00 4.205499999999999800e-06
-2.859499999999999820e-01 -1.105299999999999949e+00 1.190900000000000067e-05
-2.573500000000000232e-01 -1.105299999999999949e+00 2.916299999999999844e-05
-2.287599999999999911e-01 -1.105299999999999949e+00 4.934800000000000254e-05
-2.001600000000000046e-01 -1.105299999999999949e+00 6.733099999999999621e-05
-1.715700000000000003e-01 -1.105299999999999949e+00 7.888500000000000113e-05
-1.429700000000000137e-01 -1.105299999999999949e+00 8.180900000000000227e-05
-1.143799999999999956e-01 -1.105299999999999949e+00 7.701599999999999581e-05
-8.578399999999999914e-02 -1.105299999999999949e+00 7.117400000000000668e-05
-5.718999999999999778e-02 -1.105299999999999949e+00 6.182600000000000064e-05
-2.859499999999999889e-02 -1.105299999999999949e+00 5.564799999999999982e-05
0.000000000000000000e+00 -1.105299999999999949e+00 5.558899999999999920e-05
-4.489399999999999835e+00 -1.076600000000000001e+00 4.942900000000000071e-03
-4.460799999999999876e+00 -1.076600000000000001e+00 6.620599999999999923e-03
-4.432199999999999918e+00 -1.076600000000000001e+00 7.828399999999999248e-03
-4.403599999999999959e+00 -1.076600000000000001e+00 8.179300000000000459e-03
-4.375000000000000000e+00 -1.076600000000000001e+00 7.833400000000000779e-03
-4.346400000000000041e+00 -1.076600000000000001e+00 6.483799999999999633e-03
-4.317800000000000082e+00 -1.076600000000000001e+00 4.442999999999999901e-03
-4.289200000000000124e+00 -1.076600000000000001e+00 2.280299999999999862e-03
-4.260600000000000165e+00 -1.076600000000000001e+00 6.508300000000000283e-04
-4.232000000000000206e+00 -1.076600000000000001e+00 1.009899999999999936e-04
-4.203400000000000247e+00 -1.076600000000000001e+00 8.213600000000000371e-04
-4.174800000000000288e+00 -1.076600000000000001e+00 2.594200000000000065e-03
-4.146200000000000330e+00 -1.076600000000000001e+00 4.088600000000000394e-03
-4.117600000000000371e+00 -1.076600000000000001e+00 6.223600000000000139e-03
-4.089100000000000179e+00 -1.076600000000000001e+00 7.579899999999999659e-03
-4.060500000000000220e+00 -1.076600000000000001e+00 7.646499999999999651e-03
-4.031900000000000261e+00 -1.076600000000000001e+00 6.348900000000000203e-03
-4.003300000000000303e+00 -1.076600000000000001e+00 4.172699999999999673e-03
-3.974699999999999900e+00 -1.076600000000000001e+00 1.896499999999999965e-03
-3.946099999999999941e+00 -1.076600000000000001e+00 7.360399999999999799e-04
-3.917499999999999982e+00 -1.076600000000000001e+00 1.527699999999999959e-05
-3.888900000000000023e+00 -1.076600000000000001e+00 7.045999999999999963e-04
-3.860300000000000065e+00 -1.076600000000000001e+00 2.537999999999999892e-03
-3.831700000000000106e+00 -1.076600000000000001e+00 4.767600000000000310e-03
-3.803100000000000147e+00 -1.076600000000000001e+00 6.472000000000000322e-03
-3.774500000000000188e+00 -1.076600000000000001e+00 6.978100000000000101e-03
-3.745899999999999785e+00 -1.076600000000000001e+00 6.549899999999999993e-03
-3.717299999999999827e+00 -1.076600000000000001e+00 5.143400000000000229e-03
-3.688699999999999868e+00 -1.076600000000000001e+00 3.779499999999999874e-03
-3.660099999999999909e+00 -1.076600000000000001e+00 3.887499999999999897e-03
-3.631499999999999950e+00 -1.076600000000000001e+00 6.779799999999999889e-03
-3.602899999999999991e+00 -1.076600000000000001e+00 1.298400000000000075e-02
-3.574300000000000033e+00 -1.076600000000000001e+00 2.186400000000000149e-02
-3.545799999999999841e+00 -1.076600000000000001e+00 2.847399999999999931e-02
-3.517199999999999882e+00 -1.076600000000000001e+00 3.748900000000000149e-02
-3.488599999999999923e+00 -1.076600000000000001e+00 4.309799999999999742e-02
-3.459999999999999964e+00 -1.076600000000000001e+00 4.309500000000000136e-02
-3.431400000000000006e+00 -1.076600000000000001e+00 3.668500000000000233e-02
-3.402800000000000047e+00 -1.076600000000000001e+00 2.536400000000000113e-02
-3.374200000000000088e+00 -1.076600000000000001e+00 1.268400000000000083e-02
-3.345600000000000129e+00 -1.076600000000000001e+00 5.634899999999999978e-03
-3.317000000000000171e+00 -1.076600000000000001e+00 2.505300000000000018e-04
-3.288400000000000212e+00 -1.076600000000000001e+00 3.573799999999999807e-03
-3.259799999999999809e+00 -1.076600000000000001e+00 1.599700000000000080e-02
-3.231199999999999850e+00 -1.076600000000000001e+00 3.477299999999999836e-02
-3.202599999999999891e+00 -1.076600000000000001e+00 5.427900000000000086e-02
-3.173999999999999932e+00 -1.076600000000000001e+00 6.777400000000000091e-02
-3.145399999999999974e+00 -1.076600000000000001e+00 7.074199999999999933e-02
-3.116800000000000015e+00 -1.076600000000000001e+00 6.400300000000000433e-02
-3.088200000000000056e+00 -1.076600000000000001e+00 4.497600000000000209e-02
-3.059600000000000097e+00 -1.076600000000000001e+00 2.021399999999999933e-02
-3.031000000000000139e+00 -1.076600000000000001e+00 2.140799999999999995e-03
-3.002499999999999947e+00 -1.076600000000000001e+00 7.208100000000000271e-03
-2.973899999999999988e+00 -1.076600000000000001e+00 5.140399999999999830e-02
-2.945300000000000029e+00 -1.076600000000000001e+00 1.087800000000000017e-01
-2.916700000000000070e+00 -1.076600000000000001e+00 2.416800000000000059e-01
-2.888100000000000112e+00 -1.076600000000000001e+00 4.297500000000000209e-01
-2.859500000000000153e+00 -1.076600000000000001e+00 6.586699999999999777e-01
-2.830900000000000194e+00 -1.076600000000000001e+00 9.001599999999999602e-01
-2.802299999999999791e+00 -1.076600000000000001e+00 1.116100000000000092e+00
-2.773699999999999832e+00 -1.076600000000000001e+00 1.279500000000000082e+00
-2.745099999999999874e+00 -1.076600000000000001e+00 1.352100000000000080e+00
-2.716499999999999915e+00 -1.076600000000000001e+00 1.399399999999999977e+00
-2.687899999999999956e+00 -1.076600000000000001e+00 1.361399999999999944e+00
-2.659299999999999997e+00 -1.076600000000000001e+00 1.235800000000000010e+00
-2.630700000000000038e+00 -1.076600000000000001e+00 1.036000000000000032e+00
-2.602100000000000080e+00 -1.076600000000000001e+00 8.006400000000000183e-01
-2.573500000000000121e+00 -1.076600000000000001e+00 5.708400000000000141e-01
-2.544900000000000162e+00 -1.076600000000000001e+00 3.704700000000000215e-01
-2.516300000000000203e+00 -1.076600000000000001e+00 2.584500000000000131e-01
-2.487699999999999800e+00 -1.076600000000000001e+00 1.275499999999999967e-01
-2.459200000000000053e+00 -1.076600000000000001e+00 4.528399999999999787e-02
-2.430600000000000094e+00 -1.076600000000000001e+00 7.002099999999999817e-03
-2.402000000000000135e+00 -1.076600000000000001e+00 1.036999999999999944e-03
-2.373400000000000176e+00 -1.076600000000000001e+00 1.309300000000000047e-02
-2.344800000000000217e+00 -1.076600000000000001e+00 3.073499999999999843e-02
-2.316199999999999815e+00 -1.076600000000000001e+00 4.079300000000000287e-02
-2.287599999999999856e+00 -1.076600000000000001e+00 4.819400000000000073e-02
-2.258999999999999897e+00 -1.076600000000000001e+00 4.464699999999999919e-02
-2.230399999999999938e+00 -1.076600000000000001e+00 3.399499999999999744e-02
-2.201799999999999979e+00 -1.076600000000000001e+00 2.178799999999999834e-02
-2.173200000000000021e+00 -1.076600000000000001e+00 1.060200000000000031e-02
-2.144600000000000062e+00 -1.076600000000000001e+00 2.490800000000000045e-03
-2.116000000000000103e+00 -1.076600000000000001e+00 2.675299999999999814e-04
-2.087400000000000144e+00 -1.076600000000000001e+00 8.051700000000000176e-04
-2.058800000000000185e+00 -1.076600000000000001e+00 2.884700000000000025e-03
-2.030199999999999783e+00 -1.076600000000000001e+00 4.666100000000000282e-03
-2.001599999999999824e+00 -1.076600000000000001e+00 1.650899999999999937e-02
-1.973000000000000087e+00 -1.076600000000000001e+00 2.065299999999999948e-03
-1.944399999999999906e+00 -1.076600000000000001e+00 1.046799999999999987e-02
-1.915799999999999947e+00 -1.076600000000000001e+00 9.576300000000000047e-04
-1.887299999999999978e+00 -1.076600000000000001e+00 8.620599999999999964e-04
-1.858700000000000019e+00 -1.076600000000000001e+00 4.760200000000000022e-03
-1.830100000000000060e+00 -1.076600000000000001e+00 9.564699999999999591e-02
-1.801500000000000101e+00 -1.076600000000000001e+00 3.670899999999999944e-03
-1.772899999999999920e+00 -1.076600000000000001e+00 1.990500000000000082e-03
-1.744299999999999962e+00 -1.076600000000000001e+00 1.334300000000000069e-03
-1.715700000000000003e+00 -1.076600000000000001e+00 1.050600000000000058e-03
-1.687100000000000044e+00 -1.076600000000000001e+00 7.208499999999999847e-04
-1.658500000000000085e+00 -1.076600000000000001e+00 4.555200000000000026e-04
-1.629899999999999904e+00 -1.076600000000000001e+00 2.480499999999999849e-04
-1.601299999999999946e+00 -1.076600000000000001e+00 1.031700000000000032e-04
-1.572699999999999987e+00 -1.076600000000000001e+00 2.320799999999999870e-05
-1.544100000000000028e+00 -1.076600000000000001e+00 2.261299999999999847e-06
-1.515500000000000069e+00 -1.076600000000000001e+00 1.374399999999999919e-05
-1.486900000000000110e+00 -1.076600000000000001e+00 5.446399999999999896e-05
-1.458299999999999930e+00 -1.076600000000000001e+00 1.047900000000000047e-04
-1.429699999999999971e+00 -1.076600000000000001e+00 1.462199999999999926e-04
-1.401100000000000012e+00 -1.076600000000000001e+00 1.674699999999999941e-04
-1.372500000000000053e+00 -1.076600000000000001e+00 1.649800000000000095e-04
-1.344000000000000083e+00 -1.076600000000000001e+00 1.423200000000000062e-04
-1.315399999999999903e+00 -1.076600000000000001e+00 1.201500000000000067e-04
-1.286799999999999944e+00 -1.076600000000000001e+00 8.372899999999999744e-05
-1.258199999999999985e+00 -1.076600000000000001e+00 5.120299999999999748e-05
-1.229600000000000026e+00 -1.076600000000000001e+00 2.813099999999999883e-05
-1.201000000000000068e+00 -1.076600000000000001e+00 1.595199999999999906e-05
-1.172400000000000109e+00 -1.076600000000000001e+00 1.252199999999999971e-05
-1.143799999999999928e+00 -1.076600000000000001e+00 1.374199999999999989e-05
-1.115199999999999969e+00 -1.076600000000000001e+00 1.498300000000000037e-05
-1.086600000000000010e+00 -1.076600000000000001e+00 1.527499999999999859e-05
-1.058000000000000052e+00 -1.076600000000000001e+00 1.272700000000000029e-05
-1.029400000000000093e+00 -1.076600000000000001e+00 8.174399999999999188e-06
-1.000799999999999912e+00 -1.076600000000000001e+00 3.923300000000000198e-06
-9.722199999999999731e-01 -1.076600000000000001e+00 2.359900000000000055e-06
-9.436299999999999688e-01 -1.076600000000000001e+00 4.913999999999999877e-06
-9.150300000000000100e-01 -1.076600000000000001e+00 8.877300000000000539e-06
-8.864400000000000057e-01 -1.076600000000000001e+00 1.695400000000000065e-05
-8.578400000000000469e-01 -1.076600000000000001e+00 2.524499999999999970e-05
-8.292500000000000426e-01 -1.076600000000000001e+00 3.087000000000000090e-05
-8.006499999999999728e-01 -1.076600000000000001e+00 3.169099999999999863e-05
-7.720599999999999685e-01 -1.076600000000000001e+00 2.734100000000000132e-05
-7.434600000000000097e-01 -1.076600000000000001e+00 1.913900000000000090e-05
-7.148700000000000054e-01 -1.076600000000000001e+00 9.842400000000000836e-06
-6.862700000000000466e-01 -1.076600000000000001e+00 4.677400000000000313e-06
-6.290799999999999725e-01 -1.076600000000000001e+00 2.346699999999999910e-06
-6.004899999999999682e-01 -1.076600000000000001e+00 9.741700000000000259e-06
-5.718999999999999639e-01 -1.076600000000000001e+00 2.063500000000000149e-05
-5.433000000000000052e-01 -1.076600000000000001e+00 3.166899999999999782e-05
-5.147100000000000009e-01 -1.076600000000000001e+00 3.911200000000000093e-05
-4.861099999999999866e-01 -1.076600000000000001e+00 4.072999999999999798e-05
-4.575199999999999823e-01 -1.076600000000000001e+00 3.739700000000000126e-05
-4.289200000000000235e-01 -1.076600000000000001e+00 2.810499999999999942e-05
-4.003300000000000192e-01 -1.076600000000000001e+00 1.584099999999999961e-05
-3.717300000000000049e-01 -1.076600000000000001e+00 5.083099999999999664e-06
-3.145399999999999863e-01 -1.076600000000000001e+00 3.937200000000000183e-06
-2.859499999999999820e-01 -1.076600000000000001e+00 1.160099999999999955e-05
-2.573500000000000232e-01 -1.076600000000000001e+00 2.916700000000000043e-05
-2.287599999999999911e-01 -1.076600000000000001e+00 5.021999999999999690e-05
-2.001600000000000046e-01 -1.076600000000000001e+00 6.938100000000000538e-05
-1.715700000000000003e-01 -1.076600000000000001e+00 8.118299999999999844e-05
-1.429700000000000137e-01 -1.076600000000000001e+00 8.507300000000000354e-05
-1.143799999999999956e-01 -1.076600000000000001e+00 8.086699999999999672e-05
-8.578399999999999914e-02 -1.076600000000000001e+00 7.502499999999999404e-05
-5.718999999999999778e-02 -1.076600000000000001e+00 6.540000000000000403e-05
-2.859499999999999889e-02 -1.076600000000000001e+00 4.756599999999999826e-05
0.000000000000000000e+00 -1.076600000000000001e+00 8.160700000000000657e-05
-4.489399999999999835e+00 -1.047800000000000065e+00 3.525100000000000195e-03
-4.460799999999999876e+00 -1.047800000000000065e+00 4.718800000000000425e-03
-4.432199999999999918e+00 -1.047800000000000065e+00 5.578900000000000352e-03
-4.403599999999999959e+00 -1.047800000000000065e+00 5.824000000000000184e-03
-4.375000000000000000e+00 -1.047800000000000065e+00 5.333899999999999926e-03
-4.346400000000000041e+00 -1.047800000000000065e+00 4.624900000000000365e-03
-4.317800000000000082e+00 -1.047800000000000065e+00 3.173699999999999785e-03
-4.289200000000000124e+00 -1.047800000000000065e+00 1.634000000000000036e-03
-4.260600000000000165e+00 -1.047800000000000065e+00 4.706499999999999746e-04
-4.232000000000000206e+00 -1.047800000000000065e+00 6.911300000000000050e-05
-4.203400000000000247e+00 -1.047800000000000065e+00 5.802099999999999489e-04
-4.174800000000000288e+00 -1.047800000000000065e+00 1.847300000000000070e-03
-4.146200000000000330e+00 -1.047800000000000065e+00 2.913600000000000131e-03
-4.117600000000000371e+00 -1.047800000000000065e+00 4.456400000000000118e-03
-4.089100000000000179e+00 -1.047800000000000065e+00 5.448699999999999898e-03
-4.060500000000000220e+00 -1.047800000000000065e+00 5.521899999999999725e-03
-4.031900000000000261e+00 -1.047800000000000065e+00 4.630600000000000341e-03
-4.003300000000000303e+00 -1.047800000000000065e+00 3.068899999999999840e-03
-3.974699999999999900e+00 -1.047800000000000065e+00 1.422899999999999946e-03
-3.946099999999999941e+00 -1.047800000000000065e+00 5.719100000000000182e-04
-3.917499999999999982e+00 -1.047800000000000065e+00 8.694900000000000388e-06
-3.888900000000000023e+00 -1.047800000000000065e+00 4.628899999999999812e-04
-3.860300000000000065e+00 -1.047800000000000065e+00 1.745800000000000043e-03
-3.831700000000000106e+00 -1.047800000000000065e+00 3.342799999999999938e-03
-3.803100000000000147e+00 -1.047800000000000065e+00 4.582199999999999815e-03
-3.774500000000000188e+00 -1.047800000000000065e+00 4.976000000000000388e-03
-3.745899999999999785e+00 -1.047800000000000065e+00 4.708000000000000379e-03
-3.717299999999999827e+00 -1.047800000000000065e+00 3.743600000000000139e-03
-3.688699999999999868e+00 -1.047800000000000065e+00 2.786400000000000075e-03
-3.660099999999999909e+00 -1.047800000000000065e+00 2.851900000000000095e-03
-3.631499999999999950e+00 -1.047800000000000065e+00 4.861899999999999729e-03
-3.602899999999999991e+00 -1.047800000000000065e+00 9.242699999999999527e-03
-3.574300000000000033e+00 -1.047800000000000065e+00 1.553099999999999967e-02
-3.545799999999999841e+00 -1.047800000000000065e+00 2.020599999999999827e-02
-3.517199999999999882e+00 -1.047800000000000065e+00 2.667900000000000132e-02
-3.488599999999999923e+00 -1.047800000000000065e+00 3.072000000000000078e-02
-3.459999999999999964e+00 -1.047800000000000065e+00 3.075699999999999962e-02
-3.431400000000000006e+00 -1.047800000000000065e+00 2.630199999999999899e-02
-3.402800000000000047e+00 -1.047800000000000065e+00 1.831899999999999848e-02
-3.374200000000000088e+00 -1.047800000000000065e+00 9.217499999999999999e-03
-3.345600000000000129e+00 -1.047800000000000065e+00 4.150799999999999629e-03
-3.317000000000000171e+00 -1.047800000000000065e+00 1.928300000000000088e-04
-3.288400000000000212e+00 -1.047800000000000065e+00 2.412500000000000148e-03
-3.259799999999999809e+00 -1.047800000000000065e+00 1.120099999999999915e-02
-3.231199999999999850e+00 -1.047800000000000065e+00 2.456900000000000056e-02
-3.202599999999999891e+00 -1.047800000000000065e+00 3.856300000000000006e-02
-3.173999999999999932e+00 -1.047800000000000065e+00 4.828299999999999953e-02
-3.145399999999999974e+00 -1.047800000000000065e+00 5.039199999999999929e-02
-3.116800000000000015e+00 -1.047800000000000065e+00 4.564399999999999707e-02
-3.088200000000000056e+00 -1.047800000000000065e+00 3.217699999999999727e-02
-3.059600000000000097e+00 -1.047800000000000065e+00 1.453400000000000004e-02
-3.031000000000000139e+00 -1.047800000000000065e+00 1.579099999999999948e-03
-3.002499999999999947e+00 -1.047800000000000065e+00 4.997299999999999659e-03
-2.973899999999999988e+00 -1.047800000000000065e+00 3.641799999999999898e-02
-2.945300000000000029e+00 -1.047800000000000065e+00 7.729300000000000059e-02
-2.916700000000000070e+00 -1.047800000000000065e+00 1.720700000000000007e-01
-2.888100000000000112e+00 -1.047800000000000065e+00 3.066200000000000037e-01
-2.859500000000000153e+00 -1.047800000000000065e+00 4.706600000000000228e-01
-2.830900000000000194e+00 -1.047800000000000065e+00 6.437699999999999534e-01
-2.802299999999999791e+00 -1.047800000000000065e+00 8.006999999999999673e-01
-2.773699999999999832e+00 -1.047800000000000065e+00 9.196600000000000330e-01
-2.745099999999999874e+00 -1.047800000000000065e+00 9.703800000000000203e-01
-2.716499999999999915e+00 -1.047800000000000065e+00 1.002499999999999947e+00
-2.687899999999999956e+00 -1.047800000000000065e+00 9.766299999999999981e-01
-2.659299999999999997e+00 -1.047800000000000065e+00 8.884999999999999565e-01
-2.630700000000000038e+00 -1.047800000000000065e+00 7.449900000000000411e-01
-2.602100000000000080e+00 -1.047800000000000065e+00 5.757400000000000295e-01
-2.573500000000000121e+00 -1.047800000000000065e+00 4.099999999999999756e-01
-2.544900000000000162e+00 -1.047800000000000065e+00 2.649299999999999988e-01
-2.516300000000000203e+00 -1.047800000000000065e+00 1.842300000000000049e-01
-2.487699999999999800e+00 -1.047800000000000065e+00 9.079099999999999671e-02
-2.459200000000000053e+00 -1.047800000000000065e+00 3.193700000000000011e-02
-2.430600000000000094e+00 -1.047800000000000065e+00 4.796400000000000143e-03
-2.402000000000000135e+00 -1.047800000000000065e+00 8.182299999999999773e-04
-2.373400000000000176e+00 -1.047800000000000065e+00 9.650699999999999903e-03
-2.344800000000000217e+00 -1.047800000000000065e+00 2.234900000000000081e-02
-2.316199999999999815e+00 -1.047800000000000065e+00 2.954899999999999888e-02
-2.287599999999999856e+00 -1.047800000000000065e+00 3.495899999999999702e-02
-2.258999999999999897e+00 -1.047800000000000065e+00 3.247400000000000286e-02
-2.230399999999999938e+00 -1.047800000000000065e+00 2.450899999999999954e-02
-2.201799999999999979e+00 -1.047800000000000065e+00 1.538899999999999990e-02
-2.173200000000000021e+00 -1.047800000000000065e+00 7.396699999999999976e-03
-2.144600000000000062e+00 -1.047800000000000065e+00 1.709500000000000082e-03
-2.116000000000000103e+00 -1.047800000000000065e+00 1.620500000000000087e-04
-2.087400000000000144e+00 -1.047800000000000065e+00 6.660099999999999744e-04
-2.058800000000000185e+00 -1.047800000000000065e+00 3.258500000000000112e-03
-2.030199999999999783e+00 -1.047800000000000065e+00 1.740000000000000010e-03
-2.001599999999999824e+00 -1.047800000000000065e+00 1.748399999999999954e-02
-1.973000000000000087e+00 -1.047800000000000065e+00 1.435999999999999993e-03
-1.944399999999999906e+00 -1.047800000000000065e+00 1.258500000000000070e-02
-1.915799999999999947e+00 -1.047800000000000065e+00 1.221599999999999986e-03
-1.887299999999999978e+00 -1.047800000000000065e+00 4.842499999999999799e-04
-1.858700000000000019e+00 -1.047800000000000065e+00 9.012500000000000329e-04
-1.830100000000000060e+00 -1.047800000000000065e+00 1.364799999999999902e-01
-1.801500000000000101e+00 -1.047800000000000065e+00 4.187599999999999656e-03
-1.772899999999999920e+00 -1.047800000000000065e+00 1.789500000000000075e-03
-1.744299999999999962e+00 -1.047800000000000065e+00 1.128400000000000106e-03
-1.715700000000000003e+00 -1.047800000000000065e+00 8.600199999999999685e-04
-1.687100000000000044e+00 -1.047800000000000065e+00 5.705499999999999634e-04
-1.658500000000000085e+00 -1.047800000000000065e+00 3.530799999999999737e-04
-1.629899999999999904e+00 -1.047800000000000065e+00 1.890000000000000133e-04
-1.601299999999999946e+00 -1.047800000000000065e+00 7.694899999999999798e-05
-1.572699999999999987e+00 -1.047800000000000065e+00 1.660599999999999991e-05
-1.544100000000000028e+00 -1.047800000000000065e+00 1.528400000000000054e-06
-1.515500000000000069e+00 -1.047800000000000065e+00 1.105099999999999973e-05
-1.486900000000000110e+00 -1.047800000000000065e+00 4.292999999999999724e-05
-1.458299999999999930e+00 -1.047800000000000065e+00 8.160500000000000219e-05
-1.429699999999999971e+00 -1.047800000000000065e+00 1.136100000000000049e-04
-1.401100000000000012e+00 -1.047800000000000065e+00 1.296699999999999969e-04
-1.372500000000000053e+00 -1.047800000000000065e+00 1.275299999999999936e-04
-1.344000000000000083e+00 -1.047800000000000065e+00 1.099500000000000027e-04
-1.315399999999999903e+00 -1.047800000000000065e+00 9.291600000000000282e-05
-1.286799999999999944e+00 -1.047800000000000065e+00 6.454499999999999951e-05
-1.258199999999999985e+00 -1.047800000000000065e+00 3.895899999999999748e-05
-1.229600000000000026e+00 -1.047800000000000065e+00 2.051300000000000164e-05
-1.201000000000000068e+00 -1.047800000000000065e+00 1.045400000000000020e-05
-1.172400000000000109e+00 -1.047800000000000065e+00 7.325400000000000202e-06
-1.143799999999999928e+00 -1.047800000000000065e+00 8.066200000000000800e-06
-1.115199999999999969e+00 -1.047800000000000065e+00 9.153599999999999909e-06
-1.086600000000000010e+00 -1.047800000000000065e+00 9.851600000000000680e-06
-1.058000000000000052e+00 -1.047800000000000065e+00 8.569900000000000738e-06
-1.029400000000000093e+00 -1.047800000000000065e+00 5.775500000000000014e-06
-1.000799999999999912e+00 -1.047800000000000065e+00 2.960000000000000035e-06
-9.722199999999999731e-01 -1.047800000000000065e+00 1.831199999999999933e-06
-9.436299999999999688e-01 -1.047800000000000065e+00 3.447099999999999997e-06
-9.150300000000000100e-01 -1.047800000000000065e+00 6.065700000000000218e-06
-8.864400000000000057e-01 -1.047800000000000065e+00 1.155299999999999933e-05
-8.578400000000000469e-01 -1.047800000000000065e+00 1.725599999999999877e-05
-8.292500000000000426e-01 -1.047800000000000065e+00 2.120800000000000091e-05
-8.006499999999999728e-01 -1.047800000000000065e+00 2.196200000000000081e-05
-7.720599999999999685e-01 -1.047800000000000065e+00 1.907400000000000068e-05
-7.434600000000000097e-01 -1.047800000000000065e+00 1.345599999999999958e-05
-7.148700000000000054e-01 -1.047800000000000065e+00 6.994000000000000291e-06
-6.862700000000000466e-01 -1.047800000000000065e+00 3.362599999999999789e-06
-6.290799999999999725e-01 -1.047800000000000065e+00 1.713399999999999977e-06
-6.004899999999999682e-01 -1.047800000000000065e+00 7.064799999999999681e-06
-5.718999999999999639e-01 -1.047800000000000065e+00 1.514499999999999984e-05
-5.433000000000000052e-01 -1.047800000000000065e+00 2.351599999999999982e-05
-5.147100000000000009e-01 -1.047800000000000065e+00 2.950499999999999957e-05
-4.861099999999999866e-01 -1.047800000000000065e+00 3.112100000000000239e-05
-4.575199999999999823e-01 -1.047800000000000065e+00 2.913800000000000122e-05
-4.289200000000000235e-01 -1.047800000000000065e+00 2.241300000000000039e-05
-4.003300000000000192e-01 -1.047800000000000065e+00 1.305700000000000052e-05
-3.717300000000000049e-01 -1.047800000000000065e+00 4.415400000000000111e-06
-3.145399999999999863e-01 -1.047800000000000065e+00 3.367200000000000135e-06
-2.859499999999999820e-01 -1.047800000000000065e+00 1.017699999999999929e-05
-2.573500000000000232e-01 -1.047800000000000065e+00 2.707699999999999842e-05
-2.287599999999999911e-01 -1.047800000000000065e+00 4.924800000000000011e-05
-2.001600000000000046e-01 -1.047800000000000065e+00 6.954299999999999469e-05
-1.715700000000000003e-01 -1.047800000000000065e+00 6.579699999999999362e-05
-1.429700000000000137e-01 -1.047800000000000065e+00 5.828299999999999746e-05
-1.143799999999999956e-01 -1.047800000000000065e+00 7.137299999999999580e-05
-8.578399999999999914e-02 -1.047800000000000065e+00 7.918900000000000364e-05
-5.718999999999999778e-02 -1.047800000000000065e+00 5.447899999999999797e-05
-2.859499999999999889e-02 -1.047800000000000065e+00 2.335100000000000110e-03
0.000000000000000000e+00 -1.047800000000000065e+00 2.084299999999999868e-03
-4.489399999999999835e+00 -1.019099999999999895e+00 1.755700000000000012e-03
-4.460799999999999876e+00 -1.019099999999999895e+00 2.348300000000000214e-03
-4.432199999999999918e+00 -1.019099999999999895e+00 2.775099999999999963e-03
-4.403599999999999959e+00 -1.019099999999999895e+00 2.900699999999999980e-03
-4.375000000000000000e+00 -1.019099999999999895e+00 2.776499999999999888e-03
-4.346400000000000041e+00 -1.019099999999999895e+00 2.304300000000000011e-03
-4.317800000000000082e+00 -1.019099999999999895e+00 1.585999999999999953e-03
-4.289200000000000124e+00 -1.019099999999999895e+00 8.181199999999999800e-04
-4.260600000000000165e+00 -1.019099999999999895e+00 2.372700000000000102e-04
-4.232000000000000206e+00 -1.019099999999999895e+00 3.519899999999999960e-05
-4.203400000000000247e+00 -1.019099999999999895e+00 2.892999999999999847e-04
-4.174800000000000288e+00 -1.019099999999999895e+00 9.290599999999999987e-04
-4.146200000000000330e+00 -1.019099999999999895e+00 1.472400000000000011e-03
-4.117600000000000371e+00 -1.019099999999999895e+00 2.262600000000000028e-03
-4.089100000000000179e+00 -1.019099999999999895e+00 2.786900000000000141e-03
-4.060500000000000220e+00 -1.019099999999999895e+00 2.848600000000000177e-03
-4.031900000000000261e+00 -1.019099999999999895e+00 2.409600000000000023e-03
-4.003300000000000303e+00 -1.019099999999999895e+00 1.628099999999999947e-03
-3.974699999999999900e+00 -1.019099999999999895e+00 7.830299999999999891e-04
-3.946099999999999941e+00 -1.019099999999999895e+00 3.327900000000000172e-04
-3.917499999999999982e+00 -1.019099999999999895e+00 8.920299999999999958e-06
-3.888900000000000023e+00 -1.019099999999999895e+00 1.929699999999999905e-04
-3.860300000000000065e+00 -1.019099999999999895e+00 8.092000000000000451e-04
-3.831700000000000106e+00 -1.019099999999999895e+00 1.603000000000000041e-03
-3.803100000000000147e+00 -1.019099999999999895e+00 2.245599999999999940e-03
-3.774500000000000188e+00 -1.019099999999999895e+00 2.484899999999999956e-03
-3.745899999999999785e+00 -1.019099999999999895e+00 2.377799999999999792e-03
-3.717299999999999827e+00 -1.019099999999999895e+00 1.928800000000000046e-03
-3.688699999999999868e+00 -1.019099999999999895e+00 1.466999999999999988e-03
-3.660099999999999909e+00 -1.019099999999999895e+00 1.490900000000000081e-03
-3.631499999999999950e+00 -1.019099999999999895e+00 2.467599999999999915e-03
-3.602899999999999991e+00 -1.019099999999999895e+00 4.603499999999999953e-03
-3.574300000000000033e+00 -1.019099999999999895e+00 7.714500000000000003e-03
-3.545799999999999841e+00 -1.019099999999999895e+00 1.004099999999999958e-02
-3.517199999999999882e+00 -1.019099999999999895e+00 1.325899999999999995e-02
-3.488599999999999923e+00 -1.019099999999999895e+00 1.532000000000000028e-02
-3.459999999999999964e+00 -1.019099999999999895e+00 1.544500000000000040e-02
-3.431400000000000006e+00 -1.019099999999999895e+00 1.329499999999999953e-02
-3.402800000000000047e+00 -1.019099999999999895e+00 9.307400000000000395e-03
-3.374200000000000088e+00 -1.019099999999999895e+00 4.756500000000000311e-03
-3.345600000000000129e+00 -1.019099999999999895e+00 2.176700000000000162e-03
-3.317000000000000171e+00 -1.019099999999999895e+00 1.169900000000000031e-04
-3.288400000000000212e+00 -1.019099999999999895e+00 1.115499999999999955e-03
-3.259799999999999809e+00 -1.019099999999999895e+00 5.388699999999999740e-03
-3.231199999999999850e+00 -1.019099999999999895e+00 1.203700000000000082e-02
-3.202599999999999891e+00 -1.019099999999999895e+00 1.901999999999999871e-02
-3.173999999999999932e+00 -1.019099999999999895e+00 2.393500000000000141e-02
-3.145399999999999974e+00 -1.019099999999999895e+00 2.510499999999999884e-02
-3.116800000000000015e+00 -1.019099999999999895e+00 2.280499999999999888e-02
-3.088200000000000056e+00 -1.019099999999999895e+00 1.608400000000000107e-02
-3.059600000000000097e+00 -1.019099999999999895e+00 7.281300000000000099e-03
-3.031000000000000139e+00 -1.019099999999999895e+00 7.873199999999999903e-04
-3.002499999999999947e+00 -1.019099999999999895e+00 2.438500000000000129e-03
-2.973899999999999988e+00 -1.019099999999999895e+00 1.803000000000000089e-02
-2.945300000000000029e+00 -1.019099999999999895e+00 3.843900000000000095e-02
-2.916700000000000070e+00 -1.019099999999999895e+00 8.595500000000000362e-02
-2.888100000000000112e+00 -1.019099999999999895e+00 1.530400000000000094e-01
-2.859500000000000153e+00 -1.019099999999999895e+00 2.354700000000000126e-01
-2.830900000000000194e+00 -1.019099999999999895e+00 3.236600000000000033e-01
-2.802299999999999791e+00 -1.019099999999999895e+00 4.038100000000000023e-01
-2.773699999999999832e+00 -1.019099999999999895e+00 4.637499999999999956e-01
-2.745099999999999874e+00 -1.019099999999999895e+00 4.892299999999999982e-01
-2.716499999999999915e+00 -1.019099999999999895e+00 5.051999999999999824e-01
-2.687899999999999956e+00 -1.019099999999999895e+00 4.914200000000000235e-01
-2.659299999999999997e+00 -1.019099999999999895e+00 4.470999999999999974e-01
-2.630700000000000038e+00 -1.019099999999999895e+00 3.767099999999999893e-01
-2.602100000000000080e+00 -1.019099999999999895e+00 2.913100000000000134e-01
-2.573500000000000121e+00 -1.019099999999999895e+00 2.064300000000000024e-01
-2.544900000000000162e+00 -1.019099999999999895e+00 1.324599999999999944e-01
-2.516300000000000203e+00 -1.019099999999999895e+00 9.205599999999999894e-02
-2.487699999999999800e+00 -1.019099999999999895e+00 4.516300000000000175e-02
-2.459200000000000053e+00 -1.019099999999999895e+00 1.568100000000000049e-02
-2.430600000000000094e+00 -1.019099999999999895e+00 2.181400000000000006e-03
-2.402000000000000135e+00 -1.019099999999999895e+00 4.341600000000000038e-04
-2.373400000000000176e+00 -1.019099999999999895e+00 5.065700000000000237e-03
-2.344800000000000217e+00 -1.019099999999999895e+00 1.151100000000000040e-02
-2.316199999999999815e+00 -1.019099999999999895e+00 1.514199999999999921e-02
-2.287599999999999856e+00 -1.019099999999999895e+00 1.788899999999999865e-02
-2.258999999999999897e+00 -1.019099999999999895e+00 1.658400000000000152e-02
-2.230399999999999938e+00 -1.019099999999999895e+00 1.236499999999999926e-02
-2.201799999999999979e+00 -1.019099999999999895e+00 7.582600000000000104e-03
-2.173200000000000021e+00 -1.019099999999999895e+00 3.537900000000000073e-03
-2.144600000000000062e+00 -1.019099999999999895e+00 7.736699999999999567e-04
-2.116000000000000103e+00 -1.019099999999999895e+00 4.849400000000000021e-05
-2.087400000000000144e+00 -1.019099999999999895e+00 4.076099999999999819e-04
-2.058800000000000185e+00 -1.019099999999999895e+00 1.943899999999999925e-03
-2.030199999999999783e+00 -1.019099999999999895e+00 8.478599999999999765e-04
-2.001599999999999824e+00 -1.019099999999999895e+00 1.042099999999999971e-02
-1.973000000000000087e+00 -1.019099999999999895e+00 9.817100000000000045e-04
-1.944399999999999906e+00 -1.019099999999999895e+00 4.898999999999999709e-03
-1.915799999999999947e+00 -1.019099999999999895e+00 1.119299999999999939e-03
-1.887299999999999978e+00 -1.019099999999999895e+00 2.729799999999999783e-04
-1.858700000000000019e+00 -1.019099999999999895e+00 1.901499999999999870e-04
-1.830100000000000060e+00 -1.019099999999999895e+00 3.358699999999999880e-02
-1.801500000000000101e+00 -1.019099999999999895e+00 5.323999999999999740e-03
-1.772899999999999920e+00 -1.019099999999999895e+00 1.220699999999999910e-03
-1.744299999999999962e+00 -1.019099999999999895e+00 6.846699999999999618e-04
-1.715700000000000003e+00 -1.019099999999999895e+00 5.014699999999999540e-04
-1.687100000000000044e+00 -1.019099999999999895e+00 3.203699999999999972e-04
-1.658500000000000085e+00 -1.019099999999999895e+00 1.927300000000000063e-04
-1.629899999999999904e+00 -1.019099999999999895e+00 1.003099999999999934e-04
-1.601299999999999946e+00 -1.019099999999999895e+00 3.927000000000000179e-05
-1.572699999999999987e+00 -1.019099999999999895e+00 7.582300000000000232e-06
-1.515500000000000069e+00 -1.019099999999999895e+00 6.792499999999999764e-06
-1.486900000000000110e+00 -1.019099999999999895e+00 2.507599999999999844e-05
-1.458299999999999930e+00 -1.019099999999999895e+00 4.675699999999999973e-05
-1.429699999999999971e+00 -1.019099999999999895e+00 6.439999999999999327e-05
-1.401100000000000012e+00 -1.019099999999999895e+00 7.312399999999999987e-05
-1.372500000000000053e+00 -1.019099999999999895e+00 7.187499999999999879e-05
-1.344000000000000083e+00 -1.019099999999999895e+00 6.208899999999999456e-05
-1.315399999999999903e+00 -1.019099999999999895e+00 5.247599999999999699e-05
-1.286799999999999944e+00 -1.019099999999999895e+00 3.644300000000000328e-05
-1.258199999999999985e+00 -1.019099999999999895e+00 2.187799999999999958e-05
-1.229600000000000026e+00 -1.019099999999999895e+00 1.111599999999999996e-05
-1.201000000000000068e+00 -1.019099999999999895e+00 4.950599999999999662e-06
-1.172400000000000109e+00 -1.019099999999999895e+00 2.741200000000000114e-06
-1.143799999999999928e+00 -1.019099999999999895e+00 2.953599999999999978e-06
-1.115199999999999969e+00 -1.019099999999999895e+00 3.570099999999999920e-06
-1.086600000000000010e+00 -1.019099999999999895e+00 4.208800000000000259e-06
-1.058000000000000052e+00 -1.019099999999999895e+00 3.942499999999999946e-06
-1.029400000000000093e+00 -1.019099999999999895e+00 2.871299999999999936e-06
-1.000799999999999912e+00 -1.019099999999999895e+00 1.642399999999999937e-06
-9.722199999999999731e-01 -1.019099999999999895e+00 1.077400000000000052e-06
-9.436299999999999688e-01 -1.019099999999999895e+00 1.738799999999999979e-06
-9.150300000000000100e-01 -1.019099999999999895e+00 2.900599999999999808e-06
-8.864400000000000057e-01 -1.019099999999999895e+00 5.380100000000000378e-06
-8.578400000000000469e-01 -1.019099999999999895e+00 8.029000000000000546e-06
-8.292500000000000426e-01 -1.019099999999999895e+00 9.925700000000000530e-06
-8.006499999999999728e-01 -1.019099999999999895e+00 1.032800000000000005e-05
-7.720599999999999685e-01 -1.019099999999999895e+00 9.022099999999999559e-06
-7.434600000000000097e-01 -1.019099999999999895e+00 6.396599999999999878e-06
-7.148700000000000054e-01 -1.019099999999999895e+00 3.343499999999999837e-06
-6.862700000000000466e-01 -1.019099999999999895e+00 1.624700000000000089e-06
-6.290799999999999725e-01 -1.019099999999999895e+00 1.010499999999999897e-06
-6.004899999999999682e-01 -1.019099999999999895e+00 3.876399999999999850e-06
-5.718999999999999639e-01 -1.019099999999999895e+00 8.251999999999999936e-06
-5.433000000000000052e-01 -1.019099999999999895e+00 1.298200000000000039e-05
-5.147100000000000009e-01 -1.019099999999999895e+00 1.666399999999999834e-05
-4.861099999999999866e-01 -1.019099999999999895e+00 1.793299999999999923e-05
-4.575199999999999823e-01 -1.019099999999999895e+00 1.743699999999999924e-05
-4.289200000000000235e-01 -1.019099999999999895e+00 1.405799999999999991e-05
-4.003300000000000192e-01 -1.019099999999999895e+00 8.695600000000000229e-06
-3.717300000000000049e-01 -1.019099999999999895e+00 3.108999999999999795e-06
-3.145399999999999863e-01 -1.019099999999999895e+00 2.701899999999999915e-06
-2.859499999999999820e-01 -1.019099999999999895e+00 8.790199999999999289e-06
-2.573500000000000232e-01 -1.019099999999999895e+00 3.352500000000000174e-05
-2.287599999999999911e-01 -1.019099999999999895e+00 1.610199999999999999e-04
-2.001600000000000046e-01 -1.019099999999999895e+00 5.698699999999999903e-04
-1.715700000000000003e-01 -1.019099999999999895e+00 9.774700000000000315e-04
-1.429700000000000137e-01 -1.019099999999999895e+00 8.141500000000000299e-04
-1.143799999999999956e-01 -1.019099999999999895e+00 3.908499999999999865e-04
-8.578399999999999914e-02 -1.019099999999999895e+00 2.402700000000000018e-04
-5.718999999999999778e-02 -1.019099999999999895e+00 2.422500000000000066e-04
-2.859499999999999889e-02 -1.019099999999999895e+00 2.859499999999999846e-04
0.000000000000000000e+00 -1.019099999999999895e+00 3.075599999999999862e-02
-4.489399999999999835e+00 -9.904300000000000326e-01 4.423900000000000250e-04
-4.460799999999999876e+00 -9.904300000000000326e-01 5.953900000000000034e-04
-4.432199999999999918e+00 -9.904300000000000326e-01 7.086199999999999747e-04
-4.403599999999999959e+00 -9.904300000000000326e-01 7.412000000000000186e-04
-4.375000000000000000e+00 -9.904300000000000326e-01 7.079099999999999629e-04
-4.346400000000000041e+00 -9.904300000000000326e-01 5.907399999999999717e-04
-4.317800000000000082e+00 -9.904300000000000326e-01 4.095500000000000074e-04
-4.289200000000000124e+00 -9.904300000000000326e-01 2.115800000000000037e-04
-4.260600000000000165e+00 -9.904300000000000326e-01 6.116100000000000616e-05
-4.232000000000000206e+00 -9.904300000000000326e-01 9.045399999999999827e-06
-4.203400000000000247e+00 -9.904300000000000326e-01 7.827400000000000308e-05
-4.174800000000000288e+00 -9.904300000000000326e-01 2.509899999999999805e-04
-4.146200000000000330e+00 -9.904300000000000326e-01 3.995700000000000250e-04
-4.117600000000000371e+00 -9.904300000000000326e-01 6.239999999999999887e-04
-4.089100000000000179e+00 -9.904300000000000326e-01 7.778200000000000305e-04
-4.060500000000000220e+00 -9.904300000000000326e-01 8.086700000000000485e-04
-4.031900000000000261e+00 -9.904300000000000326e-01 7.078699999999999836e-04
-4.003300000000000303e+00 -9.904300000000000326e-01 5.018400000000000334e-04
-3.974699999999999900e+00 -9.904300000000000326e-01 2.620300000000000103e-04
-3.946099999999999941e+00 -9.904300000000000326e-01 1.265799999999999976e-04
-3.917499999999999982e+00 -9.904300000000000326e-01 9.551299999999999507e-06
-3.888900000000000023e+00 -9.904300000000000326e-01 2.648099999999999939e-05
-3.860300000000000065e+00 -9.904300000000000326e-01 1.642799999999999924e-04
-3.831700000000000106e+00 -9.904300000000000326e-01 3.660599999999999748e-04
-3.803100000000000147e+00 -9.904300000000000326e-01 5.478100000000000287e-04
-3.774500000000000188e+00 -9.904300000000000326e-01 6.331099999999999879e-04
-3.745899999999999785e+00 -9.904300000000000326e-01 6.222499999999999733e-04
-3.717299999999999827e+00 -9.904300000000000326e-01 5.335900000000000191e-04
-3.688699999999999868e+00 -9.904300000000000326e-01 4.275600000000000060e-04
-3.660099999999999909e+00 -9.904300000000000326e-01 4.278199999999999798e-04
-3.631499999999999950e+00 -9.904300000000000326e-01 6.596199999999999763e-04
-3.602899999999999991e+00 -9.904300000000000326e-01 1.189299999999999906e-03
-3.574300000000000033e+00 -9.904300000000000326e-01 1.972499999999999861e-03
-3.545799999999999841e+00 -9.904300000000000326e-01 2.552399999999999808e-03
-3.517199999999999882e+00 -9.904300000000000326e-01 3.403400000000000002e-03
-3.488599999999999923e+00 -9.904300000000000326e-01 3.977099999999999906e-03
-3.459999999999999964e+00 -9.904300000000000326e-01 4.041099999999999727e-03
-3.431400000000000006e+00 -9.904300000000000326e-01 3.510399999999999892e-03
-3.402800000000000047e+00 -9.904300000000000326e-01 2.527199999999999846e-03
-3.374200000000000088e+00 -9.904300000000000326e-01 1.340199999999999942e-03
-3.345600000000000129e+00 -9.904300000000000326e-01 6.435699999999999928e-04
-3.317000000000000171e+00 -9.904300000000000326e-01 4.482499999999999858e-05
-3.288400000000000212e+00 -9.904300000000000326e-01 2.240300000000000082e-04
-3.259799999999999809e+00 -9.904300000000000326e-01 1.258800000000000023e-03
-3.231199999999999850e+00 -9.904300000000000326e-01 2.920799999999999872e-03
-3.202599999999999891e+00 -9.904300000000000326e-01 4.737700000000000071e-03
-3.173999999999999932e+00 -9.904300000000000326e-01 6.063299999999999766e-03
-3.145399999999999974e+00 -9.904300000000000326e-01 6.377899999999999715e-03
-3.116800000000000015e+00 -9.904300000000000326e-01 5.817499999999999755e-03
-3.088200000000000056e+00 -9.904300000000000326e-01 4.153399999999999800e-03
-3.059600000000000097e+00 -9.904300000000000326e-01 1.898399999999999957e-03
-3.031000000000000139e+00 -9.904300000000000326e-01 1.987900000000000127e-04
-3.002499999999999947e+00 -9.904300000000000326e-01 5.770200000000000285e-04
-2.973899999999999988e+00 -9.904300000000000326e-01 4.599400000000000016e-03
-2.945300000000000029e+00 -9.904300000000000326e-01 9.894599999999999923e-03
-2.916700000000000070e+00 -9.904300000000000326e-01 2.208299999999999846e-02
-2.888100000000000112e+00 -9.904300000000000326e-01 3.977200000000000180e-02
-2.859500000000000153e+00 -9.904300000000000326e-01 6.153800000000000242e-02
-2.830900000000000194e+00 -9.904300000000000326e-01 8.465399999999999314e-02
-2.802299999999999791e+00 -9.904300000000000326e-01 1.055399999999999949e-01
-2.773699999999999832e+00 -9.904300000000000326e-01 1.223299999999999943e-01
-2.745099999999999874e+00 -9.904300000000000326e-01 1.292300000000000115e-01
-2.716499999999999915e+00 -9.904300000000000326e-01 1.327899999999999914e-01
-2.687899999999999956e+00 -9.904300000000000326e-01 1.289700000000000013e-01
-2.659299999999999997e+00 -9.904300000000000326e-01 1.182200000000000056e-01
-2.630700000000000038e+00 -9.904300000000000326e-01 9.941700000000000537e-02
-2.602100000000000080e+00 -9.904300000000000326e-01 7.653400000000000480e-02
-2.573500000000000121e+00 -9.904300000000000326e-01 5.419399999999999912e-02
-2.544900000000000162e+00 -9.904300000000000326e-01 3.457500000000000157e-02
-2.516300000000000203e+00 -9.904300000000000326e-01 2.372700000000000156e-02
-2.487699999999999800e+00 -9.904300000000000326e-01 1.143100000000000019e-02
-2.459200000000000053e+00 -9.904300000000000326e-01 3.848900000000000151e-03
-2.430600000000000094e+00 -9.904300000000000326e-01 4.517100000000000238e-04
-2.402000000000000135e+00 -9.904300000000000326e-01 1.522899999999999937e-04
-2.373400000000000176e+00 -9.904300000000000326e-01 1.484899999999999935e-03
-2.344800000000000217e+00 -9.904300000000000326e-01 3.241099999999999797e-03
-2.316199999999999815e+00 -9.904300000000000326e-01 4.194299999999999765e-03
-2.287599999999999856e+00 -9.904300000000000326e-01 4.834699999999999935e-03
-2.258999999999999897e+00 -9.904300000000000326e-01 4.472300000000000234e-03
-2.230399999999999938e+00 -9.904300000000000326e-01 3.273499999999999934e-03
-2.201799999999999979e+00 -9.904300000000000326e-01 1.907800000000000077e-03
-2.173200000000000021e+00 -9.904300000000000326e-01 8.127899999999999752e-04
-2.144600000000000062e+00 -9.904300000000000326e-01 1.392499999999999966e-04
-2.087400000000000144e+00 -9.904300000000000326e-01 1.784199999999999892e-04
-2.058800000000000185e+00 -9.904300000000000326e-01 7.165300000000000532e-04
-2.030199999999999783e+00 -9.904300000000000326e-01 3.344199999999999864e-04
-2.001599999999999824e+00 -9.904300000000000326e-01 2.413999999999999913e-03
-1.973000000000000087e+00 -9.904300000000000326e-01 4.608600000000000023e-04
-1.944399999999999906e+00 -9.904300000000000326e-01 8.140800000000000120e-04
-1.915799999999999947e+00 -9.904300000000000326e-01 1.276900000000000084e-03
-1.887299999999999978e+00 -9.904300000000000326e-01 9.613100000000000507e-05
-1.858700000000000019e+00 -9.904300000000000326e-01 1.267800000000000025e-04
-1.830100000000000060e+00 -9.904300000000000326e-01 2.934099999999999816e-03
-1.801500000000000101e+00 -9.904300000000000326e-01 6.069699999999999922e-03
-1.772899999999999920e+00 -9.904300000000000326e-01 4.891999999999999647e-04
-1.744299999999999962e+00 -9.904300000000000326e-01 2.253900000000000087e-04
-1.715700000000000003e+00 -9.904300000000000326e-01 1.579800000000000019e-04
-1.687100000000000044e+00 -9.904300000000000326e-01 9.544500000000000520e-05
-1.658500000000000085e+00 -9.904300000000000326e-01 5.463699999999999883e-05
-1.629899999999999904e+00 -9.904300000000000326e-01 2.713299999999999924e-05
-1.601299999999999946e+00 -9.904300000000000326e-01 9.638799999999999939e-06
-1.572699999999999987e+00 -9.904300000000000326e-01 1.271099999999999993e-06
-1.515500000000000069e+00 -9.904300000000000326e-01 2.908899999999999796e-06
-1.486900000000000110e+00 -9.904300000000000326e-01 9.243500000000000522e-06
-1.458299999999999930e+00 -9.904300000000000326e-01 1.630099999999999860e-05
-1.429699999999999971e+00 -9.904300000000000326e-01 2.191700000000000039e-05
-1.401100000000000012e+00 -9.904300000000000326e-01 2.467599999999999888e-05
-1.372500000000000053e+00 -9.904300000000000326e-01 2.408800000000000044e-05
-1.344000000000000083e+00 -9.904300000000000326e-01 2.090599999999999940e-05
-1.315399999999999903e+00 -9.904300000000000326e-01 1.777499999999999838e-05
-1.286799999999999944e+00 -9.904300000000000326e-01 1.248699999999999920e-05
-1.258199999999999985e+00 -9.904300000000000326e-01 7.522500000000000398e-06
-1.229600000000000026e+00 -9.904300000000000326e-01 3.743600000000000038e-06
-1.201000000000000068e+00 -9.904300000000000326e-01 1.430200000000000088e-06
-8.864400000000000057e-01 -9.904300000000000326e-01 1.176700000000000101e-06
-8.578400000000000469e-01 -9.904300000000000326e-01 1.701399999999999922e-06
-8.292500000000000426e-01 -9.904300000000000326e-01 2.071900000000000017e-06
-8.006499999999999728e-01 -9.904300000000000326e-01 2.173099999999999997e-06
-7.720599999999999685e-01 -9.904300000000000326e-01 1.895799999999999916e-06
-7.434600000000000097e-01 -9.904300000000000326e-01 1.325900000000000087e-06
-6.004899999999999682e-01 -9.904300000000000326e-01 1.418500000000000056e-06
-5.718999999999999639e-01 -9.904300000000000326e-01 2.827500000000000034e-06
-5.433000000000000052e-01 -9.904300000000000326e-01 4.434499999999999640e-06
-5.147100000000000009e-01 -9.904300000000000326e-01 5.912099999999999689e-06
-4.861099999999999866e-01 -9.904300000000000326e-01 6.624399999999999629e-06
-4.575199999999999823e-01 -9.904300000000000326e-01 6.833099999999999850e-06
-4.289200000000000235e-01 -9.904300000000000326e-01 6.365599999999999667e-06
-4.003300000000000192e-01 -9.904300000000000326e-01 4.439300000000000001e-06
-3.717300000000000049e-01 -9.904300000000000326e-01 4.667300000000000189e-06
-3.431400000000000006e-01 -9.904300000000000326e-01 1.908699999999999869e-05
-3.145399999999999863e-01 -9.904300000000000326e-01 5.941499999999999780e-06
-2.859499999999999820e-01 -9.904300000000000326e-01 3.048400000000000155e-05
-2.573500000000000232e-01 -9.904300000000000326e-01 9.818800000000000249e-05
-2.287599999999999911e-01 -9.904300000000000326e-01 1.360500000000000001e-04
-2.001600000000000046e-01 -9.904300000000000326e-01 4.022699999999999957e-05
-1.715700000000000003e-01 -9.904300000000000326e-01 9.378899999999999260e-06
-1.143799999999999956e-01 -9.904300000000000326e-01 1.302700000000000080e-05
-8.578399999999999914e-02 -9.904300000000000326e-01 8.909800000000000651e-06
-5.718999999999999778e-02 -9.904300000000000326e-01 3.250599999999999676e-05
-2.859499999999999889e-02 -9.904300000000000326e-01 6.259599999999999496e-04
0.000000000000000000e+00 -9.904300000000000326e-01 5.371500000000000189e-04
-4.489399999999999835e+00 -9.617200000000000193e-01 7.595000000000000127e-06
-4.460799999999999876e+00 -9.617200000000000193e-01 1.066699999999999968e-05
-4.432199999999999918e+00 -9.617200000000000193e-01 1.273599999999999969e-05
-4.403599999999999959e+00 -9.617200000000000193e-01 1.657700000000000070e-05
-4.375000000000000000e+00 -9.617200000000000193e-01 1.745600000000000024e-05
-4.346400000000000041e+00 -9.617200000000000193e-01 1.365299999999999955e-05
-4.317800000000000082e+00 -9.617200000000000193e-01 9.031499999999999842e-06
-4.289200000000000124e+00 -9.617200000000000193e-01 5.492800000000000163e-06
-4.260600000000000165e+00 -9.617200000000000193e-01 1.585999999999999935e-06
-4.203400000000000247e+00 -9.617200000000000193e-01 1.445199999999999944e-06
-4.174800000000000288e+00 -9.617200000000000193e-01 6.303799999999999683e-06
-4.146200000000000330e+00 -9.617200000000000193e-01 1.030399999999999994e-05
-4.117600000000000371e+00 -9.617200000000000193e-01 1.585100000000000121e-05
-4.089100000000000179e+00 -9.617200000000000193e-01 2.395599999999999900e-05
-4.060500000000000220e+00 -9.617200000000000193e-01 2.906400000000000159e-05
-4.031900000000000261e+00 -9.617200000000000193e-01 2.756699999999999881e-05
-4.003300000000000303e+00 -9.617200000000000193e-01 2.583600000000000133e-05
-3.974699999999999900e+00 -9.617200000000000193e-01 2.246700000000000021e-05
-3.946099999999999941e+00 -9.617200000000000193e-01 1.902800000000000146e-05
-3.917499999999999982e+00 -9.617200000000000193e-01 1.515399999999999924e-05
-3.888900000000000023e+00 -9.617200000000000193e-01 1.220199999999999939e-05
-3.860300000000000065e+00 -9.617200000000000193e-01 1.229300000000000072e-05
-3.831700000000000106e+00 -9.617200000000000193e-01 1.313200000000000065e-05
-3.803100000000000147e+00 -9.617200000000000193e-01 1.391000000000000065e-05
-3.774500000000000188e+00 -9.617200000000000193e-01 1.792999999999999943e-05
-3.745899999999999785e+00 -9.617200000000000193e-01 1.824799999999999876e-05
-3.717299999999999827e+00 -9.617200000000000193e-01 1.507299999999999951e-05
-3.688699999999999868e+00 -9.617200000000000193e-01 1.206400000000000003e-05
-3.660099999999999909e+00 -9.617200000000000193e-01 9.825800000000000013e-06
-3.631499999999999950e+00 -9.617200000000000193e-01 8.520500000000000838e-06
-3.602899999999999991e+00 -9.617200000000000193e-01 8.506899999999999816e-06
-3.574300000000000033e+00 -9.617200000000000193e-01 1.746700000000000065e-05
-3.545799999999999841e+00 -9.617200000000000193e-01 2.805600000000000040e-05
-3.517199999999999882e+00 -9.617200000000000193e-01 3.006999999999999840e-05
-3.488599999999999923e+00 -9.617200000000000193e-01 3.656499999999999974e-05
-3.459999999999999964e+00 -9.617200000000000193e-01 5.409100000000000100e-05
-3.431400000000000006e+00 -9.617200000000000193e-01 5.679399999999999867e-05
-3.402800000000000047e+00 -9.617200000000000193e-01 3.288600000000000328e-05
-3.374200000000000088e+00 -9.617200000000000193e-01 2.752900000000000019e-05
-3.345600000000000129e+00 -9.617200000000000193e-01 1.893800000000000062e-05
-3.317000000000000171e+00 -9.617200000000000193e-01 6.929699999999999907e-06
-3.288400000000000212e+00 -9.617200000000000193e-01 4.740499999999999760e-06
-3.259799999999999809e+00 -9.617200000000000193e-01 7.238900000000000267e-06
-3.231199999999999850e+00 -9.617200000000000193e-01 2.498199999999999900e-05
-3.202599999999999891e+00 -9.617200000000000193e-01 3.389499999999999989e-05
-3.173999999999999932e+00 -9.617200000000000193e-01 3.926100000000000239e-05
-3.145399999999999974e+00 -9.617200000000000193e-01 6.831299999999999460e-05
-3.116800000000000015e+00 -9.617200000000000193e-01 6.635999999999999484e-05
-3.088200000000000056e+00 -9.617200000000000193e-01 3.642599999999999988e-05
-3.059600000000000097e+00 -9.617200000000000193e-01 1.331100000000000012e-05
-3.031000000000000139e+00 -9.617200000000000193e-01 1.215000000000000056e-05
-3.002499999999999947e+00 -9.617200000000000193e-01 1.197600000000000019e-05
-2.973899999999999988e+00 -9.617200000000000193e-01 1.656699999999999910e-05
-2.945300000000000029e+00 -9.617200000000000193e-01 6.850800000000000205e-05
-2.916700000000000070e+00 -9.617200000000000193e-01 2.364500000000000011e-04
-2.888100000000000112e+00 -9.617200000000000193e-01 3.082800000000000232e-04
-2.859500000000000153e+00 -9.617200000000000193e-01 6.039700000000000060e-04
-2.830900000000000194e+00 -9.617200000000000193e-01 1.068699999999999902e-03
-2.802299999999999791e+00 -9.617200000000000193e-01 1.363300000000000015e-03
-2.773699999999999832e+00 -9.617200000000000193e-01 8.060600000000000447e-04
-2.745099999999999874e+00 -9.617200000000000193e-01 1.456599999999999952e-03
-2.716499999999999915e+00 -9.617200000000000193e-01 1.809999999999999977e-03
-2.687899999999999956e+00 -9.617200000000000193e-01 1.641300000000000051e-03
-2.659299999999999997e+00 -9.617200000000000193e-01 8.930799999999999806e-04
-2.630700000000000038e+00 -9.617200000000000193e-01 1.293000000000000095e-03
-2.602100000000000080e+00 -9.617200000000000193e-01 9.796500000000000954e-04
-2.573500000000000121e+00 -9.617200000000000193e-01 5.240099999999999923e-04
-2.544900000000000162e+00 -9.617200000000000193e-01 2.925800000000000210e-04
-2.516300000000000203e+00 -9.617200000000000193e-01 2.379199999999999989e-04
-2.487699999999999800e+00 -9.617200000000000193e-01 7.899299999999999399e-05
-2.459200000000000053e+00 -9.617200000000000193e-01 9.928100000000000710e-06
-2.430600000000000094e+00 -9.617200000000000193e-01 4.227599999999999978e-06
-2.402000000000000135e+00 -9.617200000000000193e-01 4.095499999999999667e-05
-2.373400000000000176e+00 -9.617200000000000193e-01 9.079500000000000060e-05
-2.344800000000000217e+00 -9.617200000000000193e-01 1.331100000000000046e-04
-2.316199999999999815e+00 -9.617200000000000193e-01 1.560099999999999920e-04
-2.287599999999999856e+00 -9.617200000000000193e-01 1.708699999999999954e-04
-2.258999999999999897e+00 -9.617200000000000193e-01 1.175799999999999957e-04
-2.230399999999999938e+00 -9.617200000000000193e-01 9.100100000000000506e-05
-2.201799999999999979e+00 -9.617200000000000193e-01 5.699900000000000095e-05
-2.173200000000000021e+00 -9.617200000000000193e-01 2.970999999999999845e-05
-2.144600000000000062e+00 -9.617200000000000193e-01 2.143599999999999941e-05
-2.116000000000000103e+00 -9.617200000000000193e-01 2.529699999999999852e-05
-2.087400000000000144e+00 -9.617200000000000193e-01 4.072699999999999818e-05
-2.058800000000000185e+00 -9.617200000000000193e-01 7.724399999999999431e-05
-2.030199999999999783e+00 -9.617200000000000193e-01 3.952100000000000328e-05
-2.001599999999999824e+00 -9.617200000000000193e-01 1.046600000000000042e-04
-1.973000000000000087e+00 -9.617200000000000193e-01 9.510400000000000288e-05
-1.944399999999999906e+00 -9.617200000000000193e-01 1.326100000000000060e-05
-1.915799999999999947e+00 -9.617200000000000193e-01 1.772999999999999999e-04
-1.887299999999999978e+00 -9.617200000000000193e-01 4.474900000000000134e-06
-1.858700000000000019e+00 -9.617200000000000193e-01 2.768099999999999806e-06
-1.830100000000000060e+00 -9.617200000000000193e-01 4.542999999999999702e-05
-1.801500000000000101e+00 -9.617200000000000193e-01 8.300500000000000369e-04
-1.772899999999999920e+00 -9.617200000000000193e-01 3.812700000000000274e-05
-1.744299999999999962e+00 -9.617200000000000193e-01 3.546600000000000060e-06
-1.715700000000000003e+00 -9.617200000000000193e-01 3.249200000000000163e-06
-1.687100000000000044e+00 -9.617200000000000193e-01 2.571499999999999859e-06
-1.658500000000000085e+00 -9.617200000000000193e-01 1.716800000000000021e-06
-1.629899999999999904e+00 -9.617200000000000193e-01 1.001200000000000045e-06
-1.486900000000000110e+00 -9.617200000000000193e-01 1.224999999999999918e-06
-1.458299999999999930e+00 -9.617200000000000193e-01 1.515499999999999932e-06
-1.429699999999999971e+00 -9.617200000000000193e-01 1.661999999999999927e-06
-1.401100000000000012e+00 -9.617200000000000193e-01 1.740499999999999895e-06
-1.372500000000000053e+00 -9.617200000000000193e-01 1.723899999999999919e-06
-1.344000000000000083e+00 -9.617200000000000193e-01 1.495799999999999934e-06
-1.315399999999999903e+00 -9.617200000000000193e-01 1.282700000000000018e-06
-1.286799999999999944e+00 -9.617200000000000193e-01 1.037300000000000004e-06
-5.147100000000000009e-01 -9.617200000000000193e-01 1.682700000000000000e-06
-4.861099999999999866e-01 -9.617200000000000193e-01 1.394199999999999924e-06
-4.575199999999999823e-01 -9.617200000000000193e-01 3.822800000000000059e-06
-4.289200000000000235e-01 -9.617200000000000193e-01 2.837799999999999833e-05
-3.717300000000000049e-01 -9.617200000000000193e-01 1.025199999999999942e-05
-3.431400000000000006e-01 -9.617200000000000193e-01 6.434999999999999748e-04
-2.859499999999999820e-01 -9.617200000000000193e-01 1.578199999999999984e-06
0.000000000000000000e+00 -9.617200000000000193e-01 7.648300000000000617e-05
-4.489399999999999835e+00 -9.330100000000000060e-01 2.426600000000000111e-04
-4.460799999999999876e+00 -9.330100000000000060e-01 3.181300000000000187e-04
-4.432199999999999918e+00 -9.330100000000000060e-01 3.714899999999999821e-04
-4.403599999999999959e+00 -9.330100000000000060e-01 3.827500000000000064e-04
-4.375000000000000000e+00 -9.330100000000000060e-01 3.628999999999999847e-04
-4.346400000000000041e+00 -9.330100000000000060e-01 2.981999999999999842e-04
-4.317800000000000082e+00 -9.330100000000000060e-01 2.044100000000000029e-04
-4.289200000000000124e+00 -9.330100000000000060e-01 1.059400000000000055e-04
-4.260600000000000165e+00 -9.330100000000000060e-01 3.176100000000000304e-05
-4.232000000000000206e+00 -9.330100000000000060e-01 2.287500000000000121e-06
-4.203400000000000247e+00 -9.330100000000000060e-01 2.379199999999999853e-05
-4.174800000000000288e+00 -9.330100000000000060e-01 8.425800000000000542e-05
-4.146200000000000330e+00 -9.330100000000000060e-01 1.340000000000000045e-04
-4.117600000000000371e+00 -9.330100000000000060e-01 2.009799999999999900e-04
-4.089100000000000179e+00 -9.330100000000000060e-01 2.339399999999999997e-04
-4.060500000000000220e+00 -9.330100000000000060e-01 2.183400000000000000e-04
-4.031900000000000261e+00 -9.330100000000000060e-01 1.611799999999999984e-04
-4.003300000000000303e+00 -9.330100000000000060e-01 8.396000000000000251e-05
-3.974699999999999900e+00 -9.330100000000000060e-01 2.020200000000000072e-05
-3.946099999999999941e+00 -9.330100000000000060e-01 1.495899999999999942e-06
-3.917499999999999982e+00 -9.330100000000000060e-01 2.127600000000000094e-05
-3.888900000000000023e+00 -9.330100000000000060e-01 9.726600000000000014e-05
-3.860300000000000065e+00 -9.330100000000000060e-01 2.065400000000000113e-04
-3.831700000000000106e+00 -9.330100000000000060e-01 3.104199999999999993e-04
-3.803100000000000147e+00 -9.330100000000000060e-01 3.689599999999999911e-04
-3.774500000000000188e+00 -9.330100000000000060e-01 3.559100000000000263e-04
-3.745899999999999785e+00 -9.330100000000000060e-01 3.105200000000000017e-04
-3.717299999999999827e+00 -9.330100000000000060e-01 2.134700000000000009e-04
-3.688699999999999868e+00 -9.330100000000000060e-01 1.308000000000000081e-04
-3.660099999999999909e+00 -9.330100000000000060e-01 1.279800000000000046e-04
-3.631499999999999950e+00 -9.330100000000000060e-01 2.601799999999999924e-04
-3.602899999999999991e+00 -9.330100000000000060e-01 5.425999999999999617e-04
-3.574300000000000033e+00 -9.330100000000000060e-01 9.334400000000000076e-04
-3.545799999999999841e+00 -9.330100000000000060e-01 1.209800000000000025e-03
-3.517199999999999882e+00 -9.330100000000000060e-01 1.576300000000000097e-03
-3.488599999999999923e+00 -9.330100000000000060e-01 1.782500000000000013e-03
-3.459999999999999964e+00 -9.330100000000000060e-01 1.735400000000000007e-03
-3.431400000000000006e+00 -9.330100000000000060e-01 1.430700000000000027e-03
-3.402800000000000047e+00 -9.330100000000000060e-01 9.474099999999999839e-04
-3.374200000000000088e+00 -9.330100000000000060e-01 4.267900000000000253e-04
-3.345600000000000129e+00 -9.330100000000000060e-01 1.597699999999999967e-04
-3.317000000000000171e+00 -9.330100000000000060e-01 2.902999999999999988e-06
-3.288400000000000212e+00 -9.330100000000000060e-01 2.251200000000000130e-04
-3.259799999999999809e+00 -9.330100000000000060e-01 8.282100000000000139e-04
-3.231199999999999850e+00 -9.330100000000000060e-01 1.670100000000000100e-03
-3.202599999999999891e+00 -9.330100000000000060e-01 2.515600000000000214e-03
-3.173999999999999932e+00 -9.330100000000000060e-01 3.071799999999999965e-03
-3.145399999999999974e+00 -9.330100000000000060e-01 3.152799999999999873e-03
-3.116800000000000015e+00 -9.330100000000000060e-01 2.790899999999999805e-03
-3.088200000000000056e+00 -9.330100000000000060e-01 1.941000000000000017e-03
-3.059600000000000097e+00 -9.330100000000000060e-01 8.753399999999999506e-04
-3.031000000000000139e+00 -9.330100000000000060e-01 1.006600000000000019e-04
-3.002499999999999947e+00 -9.330100000000000060e-01 2.790299999999999898e-04
-2.973899999999999988e+00 -9.330100000000000060e-01 2.053699999999999883e-03
-2.945300000000000029e+00 -9.330100000000000060e-01 4.352700000000000145e-03
-2.916700000000000070e+00 -9.330100000000000060e-01 9.607900000000000815e-03
-2.888100000000000112e+00 -9.330100000000000060e-01 1.701899999999999941e-02
-2.859500000000000153e+00 -9.330100000000000060e-01 2.609200000000000061e-02
-2.830900000000000194e+00 -9.330100000000000060e-01 3.570299999999999863e-02
-2.802299999999999791e+00 -9.330100000000000060e-01 4.459099999999999869e-02
-2.773699999999999832e+00 -9.330100000000000060e-01 5.148099999999999898e-02
-2.745099999999999874e+00 -9.330100000000000060e-01 5.424199999999999855e-02
-2.716499999999999915e+00 -9.330100000000000060e-01 5.554200000000000109e-02
-2.687899999999999956e+00 -9.330100000000000060e-01 5.393799999999999983e-02
-2.659299999999999997e+00 -9.330100000000000060e-01 4.950500000000000039e-02
-2.630700000000000038e+00 -9.330100000000000060e-01 4.207199999999999829e-02
-2.602100000000000080e+00 -9.330100000000000060e-01 3.285600000000000326e-02
-2.573500000000000121e+00 -9.330100000000000060e-01 2.357499999999999873e-02
-2.544900000000000162e+00 -9.330100000000000060e-01 1.533299999999999941e-02
-2.516300000000000203e+00 -9.330100000000000060e-01 1.075100000000000014e-02
-2.487699999999999800e+00 -9.330100000000000060e-01 5.497900000000000009e-03
-2.459200000000000053e+00 -9.330100000000000060e-01 2.131000000000000082e-03
-2.430600000000000094e+00 -9.330100000000000060e-01 4.593199999999999865e-04
-2.402000000000000135e+00 -9.330100000000000060e-01 9.481500000000000615e-05
-2.373400000000000176e+00 -9.330100000000000060e-01 4.925100000000000398e-04
-2.344800000000000217e+00 -9.330100000000000060e-01 1.157199999999999939e-03
-2.316199999999999815e+00 -9.330100000000000060e-01 1.563300000000000106e-03
-2.287599999999999856e+00 -9.330100000000000060e-01 1.945399999999999907e-03
-2.258999999999999897e+00 -9.330100000000000060e-01 1.951000000000000043e-03
-2.230399999999999938e+00 -9.330100000000000060e-01 1.592700000000000062e-03
-2.201799999999999979e+00 -9.330100000000000060e-01 1.072199999999999933e-03
-2.173200000000000021e+00 -9.330100000000000060e-01 6.046800000000000178e-04
-2.144600000000000062e+00 -9.330100000000000060e-01 2.508000000000000246e-04
-2.116000000000000103e+00 -9.330100000000000060e-01 9.145299999999999328e-05
-2.087400000000000144e+00 -9.330100000000000060e-01 1.531300000000000060e-06
-2.058800000000000185e+00 -9.330100000000000060e-01 3.692200000000000327e-05
-2.030199999999999783e+00 -9.330100000000000060e-01 8.322299999999999923e-05
-2.001599999999999824e+00 -9.330100000000000060e-01 7.085200000000000536e-05
-1.973000000000000087e+00 -9.330100000000000060e-01 4.763699999999999944e-04
-1.944399999999999906e+00 -9.330100000000000060e-01 1.837400000000000060e-05
-1.915799999999999947e+00 -9.330100000000000060e-01 1.344600000000000103e-04
-1.887299999999999978e+00 -9.330100000000000060e-01 1.353500000000000001e-05
-1.858700000000000019e+00 -9.330100000000000060e-01 1.322799999999999939e-05
-1.830100000000000060e+00 -9.330100000000000060e-01 2.896399999999999916e-05
-1.801500000000000101e+00 -9.330100000000000060e-01 9.489100000000000312e-03
-1.772899999999999920e+00 -9.330100000000000060e-01 3.538400000000000139e-04
-1.744299999999999962e+00 -9.330100000000000060e-01 1.203600000000000064e-04
-1.715700000000000003e+00 -9.330100000000000060e-01 8.634700000000000524e-05
-1.687100000000000044e+00 -9.330100000000000060e-01 5.249700000000000238e-05
-1.658500000000000085e+00 -9.330100000000000060e-01 3.263200000000000199e-05
-1.629899999999999904e+00 -9.330100000000000060e-01 1.938500000000000160e-05
-1.601299999999999946e+00 -9.330100000000000060e-01 1.028599999999999944e-05
-1.572699999999999987e+00 -9.330100000000000060e-01 4.614000000000000208e-06
-1.544100000000000028e+00 -9.330100000000000060e-01 1.701699999999999945e-06
-1.486900000000000110e+00 -9.330100000000000060e-01 1.056399999999999957e-06
-1.458299999999999930e+00 -9.330100000000000060e-01 1.906600000000000092e-06
-1.429699999999999971e+00 -9.330100000000000060e-01 2.859400000000000101e-06
-1.401100000000000012e+00 -9.330100000000000060e-01 3.411800000000000097e-06
-1.372500000000000053e+00 -9.330100000000000060e-01 3.380799999999999886e-06
-1.344000000000000083e+00 -9.330100000000000060e-01 2.899200000000000126e-06
-1.315399999999999903e+00 -9.330100000000000060e-01 2.416100000000000042e-06
-1.286799999999999944e+00 -9.330100000000000060e-01 1.635000000000000016e-06
-1.258199999999999985e+00 -9.330100000000000060e-01 1.042699999999999986e-06
-1.172400000000000109e+00 -9.330100000000000060e-01 1.020900000000000043e-06
-1.143799999999999928e+00 -9.330100000000000060e-01 1.231499999999999983e-06
-1.115199999999999969e+00 -9.330100000000000060e-01 1.295999999999999958e-06
-1.086600000000000010e+00 -9.330100000000000060e-01 1.207600000000000093e-06
-8.864400000000000057e-01 -9.330100000000000060e-01 1.106200000000000098e-06
-8.578400000000000469e-01 -9.330100000000000060e-01 1.784500000000000025e-06
-8.292500000000000426e-01 -9.330100000000000060e-01 2.328200000000000003e-06
-8.006499999999999728e-01 -9.330100000000000060e-01 2.585399999999999844e-06
-7.720599999999999685e-01 -9.330100000000000060e-01 2.468399999999999948e-06
-7.434600000000000097e-01 -9.330100000000000060e-01 2.014499999999999940e-06
-7.148700000000000054e-01 -9.330100000000000060e-01 1.371200000000000102e-06
-5.718999999999999639e-01 -9.330100000000000060e-01 1.325500000000000057e-06
-5.433000000000000052e-01 -9.330100000000000060e-01 4.133699999999999911e-06
-5.147100000000000009e-01 -9.330100000000000060e-01 1.705199999999999869e-04
-4.861099999999999866e-01 -9.330100000000000060e-01 4.801200000000000042e-04
-4.575199999999999823e-01 -9.330100000000000060e-01 5.982300000000000305e-06
-4.289200000000000235e-01 -9.330100000000000060e-01 6.247499999999999798e-04
-4.003300000000000192e-01 -9.330100000000000060e-01 3.418700000000000319e-05
-3.431400000000000006e-01 -9.330100000000000060e-01 3.700699999999999991e-06
-3.145399999999999863e-01 -9.330100000000000060e-01 1.642799999999999967e-06
-2.859499999999999820e-01 -9.330100000000000060e-01 1.537599999999999898e-06
-2.573500000000000232e-01 -9.330100000000000060e-01 2.737100000000000018e-06
-2.287599999999999911e-01 -9.330100000000000060e-01 3.583300000000000065e-06
-2.001600000000000046e-01 -9.330100000000000060e-01 4.082900000000000330e-06
-1.715700000000000003e-01 -9.330100000000000060e-01 4.162999999999999783e-06
-1.429700000000000137e-01 -9.330100000000000060e-01 3.795299999999999898e-06
-1.143799999999999956e-01 -9.330100000000000060e-01 3.062200000000000090e-06
-8.578399999999999914e-02 -9.330100000000000060e-01 2.526899999999999896e-06
-5.718999999999999778e-02 -9.330100000000000060e-01 1.839399999999999914e-06
-2.859499999999999889e-02 -9.330100000000000060e-01 1.468399999999999993e-06
0.000000000000000000e+00 -9.330100000000000060e-01 1.585100000000000079e-06
-4.489399999999999835e+00 -9.043099999999999472e-01 5.932900000000000066e-04
-4.460799999999999876e+00 -9.043099999999999472e-01 7.707700000000000488e-04
-4.432199999999999918e+00 -9.043099999999999472e-01 8.904800000000000259e-04
-4.403599999999999959e+00 -9.043099999999999472e-01 9.155100000000000217e-04
-4.375000000000000000e+00 -9.043099999999999472e-01 8.708700000000000425e-04
-4.346400000000000041e+00 -9.043099999999999472e-01 7.134799999999999519e-04
-4.317800000000000082e+00 -9.043099999999999472e-01 4.870699999999999834e-04
-4.289200000000000124e+00 -9.043099999999999472e-01 2.526100000000000090e-04
-4.260600000000000165e+00 -9.043099999999999472e-01 7.486900000000000434e-05
-4.232000000000000206e+00 -9.043099999999999472e-01 6.200299999999999742e-06
-4.203400000000000247e+00 -9.043099999999999472e-01 6.258999999999999536e-05
-4.174800000000000288e+00 -9.043099999999999472e-01 2.183700000000000116e-04
-4.146200000000000330e+00 -9.043099999999999472e-01 3.495899999999999919e-04
-4.117600000000000371e+00 -9.043099999999999472e-01 5.265800000000000168e-04
-4.089100000000000179e+00 -9.043099999999999472e-01 6.262999999999999904e-04
-4.060500000000000220e+00 -9.043099999999999472e-01 6.072300000000000527e-04
-4.031900000000000261e+00 -9.043099999999999472e-01 4.701899999999999960e-04
-4.003300000000000303e+00 -9.043099999999999472e-01 2.695500000000000196e-04
-3.974699999999999900e+00 -9.043099999999999472e-01 8.826399999999999383e-05
-3.946099999999999941e+00 -9.043099999999999472e-01 1.724999999999999917e-05
-3.917499999999999982e+00 -9.043099999999999472e-01 2.543100000000000097e-05
-3.888900000000000023e+00 -9.043099999999999472e-01 1.756700000000000037e-04
-3.860300000000000065e+00 -9.043099999999999472e-01 4.231300000000000230e-04
-3.831700000000000106e+00 -9.043099999999999472e-01 6.788599999999999886e-04
-3.803100000000000147e+00 -9.043099999999999472e-01 8.435199999999999469e-04
-3.774500000000000188e+00 -9.043099999999999472e-01 8.540499999999999698e-04
-3.745899999999999785e+00 -9.043099999999999472e-01 7.751599999999999983e-04
-3.717299999999999827e+00 -9.043099999999999472e-01 5.714200000000000008e-04
-3.688699999999999868e+00 -9.043099999999999472e-01 3.904399999999999820e-04
-3.660099999999999909e+00 -9.043099999999999472e-01 3.877600000000000144e-04
-3.631499999999999950e+00 -9.043099999999999472e-01 6.972200000000000229e-04
-3.602899999999999991e+00 -9.043099999999999472e-01 1.366199999999999923e-03
-3.574300000000000033e+00 -9.043099999999999472e-01 2.317200000000000162e-03
-3.545799999999999841e+00 -9.043099999999999472e-01 3.010800000000000108e-03
-3.517199999999999882e+00 -9.043099999999999472e-01 3.938500000000000160e-03
-3.488599999999999923e+00 -9.043099999999999472e-01 4.461800000000000141e-03
-3.459999999999999964e+00 -9.043099999999999472e-01 4.416500000000000287e-03
-3.431400000000000006e+00 -9.043099999999999472e-01 3.722500000000000114e-03
-3.402800000000000047e+00 -9.043099999999999472e-01 2.527999999999999865e-03
-3.374200000000000088e+00 -9.043099999999999472e-01 1.212200000000000083e-03
-3.345600000000000129e+00 -9.043099999999999472e-01 5.027000000000000218e-04
-3.317000000000000171e+00 -9.043099999999999472e-01 9.032700000000000779e-06
-3.288400000000000212e+00 -9.043099999999999472e-01 4.507499999999999788e-04
-3.259799999999999809e+00 -9.043099999999999472e-01 1.842399999999999897e-03
-3.231199999999999850e+00 -9.043099999999999472e-01 3.895399999999999818e-03
-3.202599999999999891e+00 -9.043099999999999472e-01 5.994600000000000102e-03
-3.173999999999999932e+00 -9.043099999999999472e-01 7.416500000000000349e-03
-3.145399999999999974e+00 -9.043099999999999472e-01 7.700900000000000106e-03
-3.116800000000000015e+00 -9.043099999999999472e-01 6.942900000000000113e-03
-3.088200000000000056e+00 -9.043099999999999472e-01 4.850900000000000004e-03
-3.059600000000000097e+00 -9.043099999999999472e-01 2.221299999999999837e-03
-3.031000000000000139e+00 -9.043099999999999472e-01 2.723199999999999948e-04
-3.002499999999999947e+00 -9.043099999999999472e-01 6.433499999999999983e-04
-2.973899999999999988e+00 -9.043099999999999472e-01 5.028699999999999663e-03
-2.945300000000000029e+00 -9.043099999999999472e-01 1.077900000000000039e-02
-2.916700000000000070e+00 -9.043099999999999472e-01 2.404900000000000093e-02
-2.888100000000000112e+00 -9.043099999999999472e-01 4.268399999999999972e-02
-2.859500000000000153e+00 -9.043099999999999472e-01 6.550599999999999479e-02
-2.830900000000000194e+00 -9.043099999999999472e-01 9.046600000000000474e-02
-2.802299999999999791e+00 -9.043099999999999472e-01 1.136599999999999971e-01
-2.773699999999999832e+00 -9.043099999999999472e-01 1.309700000000000031e-01
-2.745099999999999874e+00 -9.043099999999999472e-01 1.382099999999999995e-01
-2.716499999999999915e+00 -9.043099999999999472e-01 1.423800000000000066e-01
-2.687899999999999956e+00 -9.043099999999999472e-01 1.381600000000000050e-01
-2.659299999999999997e+00 -9.043099999999999472e-01 1.260799999999999976e-01
-2.630700000000000038e+00 -9.043099999999999472e-01 1.075600000000000028e-01
-2.602100000000000080e+00 -9.043099999999999472e-01 8.444999999999999729e-02
-2.573500000000000121e+00 -9.043099999999999472e-01 6.011999999999999983e-02
-2.544900000000000162e+00 -9.043099999999999472e-01 3.874099999999999766e-02
-2.516300000000000203e+00 -9.043099999999999472e-01 2.703799999999999953e-02
-2.487699999999999800e+00 -9.043099999999999472e-01 1.360600000000000004e-02
-2.459200000000000053e+00 -9.043099999999999472e-01 5.077700000000000095e-03
-2.430600000000000094e+00 -9.043099999999999472e-01 9.583600000000000061e-04
-2.402000000000000135e+00 -9.043099999999999472e-01 1.647099999999999866e-04
-2.373400000000000176e+00 -9.043099999999999472e-01 1.294999999999999927e-03
-2.344800000000000217e+00 -9.043099999999999472e-01 3.023099999999999919e-03
-2.316199999999999815e+00 -9.043099999999999472e-01 4.052000000000000046e-03
-2.287599999999999856e+00 -9.043099999999999472e-01 4.991800000000000230e-03
-2.258999999999999897e+00 -9.043099999999999472e-01 4.911900000000000294e-03
-2.230399999999999938e+00 -9.043099999999999472e-01 3.919999999999999873e-03
-2.201799999999999979e+00 -9.043099999999999472e-01 2.545799999999999973e-03
-2.173200000000000021e+00 -9.043099999999999472e-01 1.326200000000000035e-03
-2.144600000000000062e+00 -9.043099999999999472e-01 4.730900000000000123e-04
-2.116000000000000103e+00 -9.043099999999999472e-01 1.369200000000000104e-04
-2.087400000000000144e+00 -9.043099999999999472e-01 1.586500000000000142e-05
-2.058800000000000185e+00 -9.043099999999999472e-01 1.927700000000000127e-04
-2.030199999999999783e+00 -9.043099999999999472e-01 4.529099999999999988e-04
-2.001599999999999824e+00 -9.043099999999999472e-01 1.788899999999999898e-04
-1.973000000000000087e+00 -9.043099999999999472e-01 3.047300000000000182e-03
-1.944399999999999906e+00 -9.043099999999999472e-01 9.338500000000000121e-05
-1.915799999999999947e+00 -9.043099999999999472e-01 2.827099999999999817e-04
-1.887299999999999978e+00 -9.043099999999999472e-01 1.359200000000000132e-04
-1.858700000000000019e+00 -9.043099999999999472e-01 6.372699999999999480e-05
-1.830100000000000060e+00 -9.043099999999999472e-01 1.374400000000000122e-04
-1.801500000000000101e+00 -9.043099999999999472e-01 1.075199999999999941e-02
-1.772899999999999920e+00 -9.043099999999999472e-01 3.188600000000000202e-03
-1.744299999999999962e+00 -9.043099999999999472e-01 4.591199999999999817e-04
-1.715700000000000003e+00 -9.043099999999999472e-01 2.781300000000000222e-04
-1.687100000000000044e+00 -9.043099999999999472e-01 1.559300000000000063e-04
-1.658500000000000085e+00 -9.043099999999999472e-01 8.982500000000000141e-05
-1.629899999999999904e+00 -9.043099999999999472e-01 4.901499999999999743e-05
-1.601299999999999946e+00 -9.043099999999999472e-01 2.331900000000000154e-05
-1.572699999999999987e+00 -9.043099999999999472e-01 8.632099999999999905e-06
-1.544100000000000028e+00 -9.043099999999999472e-01 2.403899999999999973e-06
-1.515500000000000069e+00 -9.043099999999999472e-01 1.740799999999999918e-06
-1.486900000000000110e+00 -9.043099999999999472e-01 4.042600000000000055e-06
-1.458299999999999930e+00 -9.043099999999999472e-01 8.109499999999999183e-06
-1.429699999999999971e+00 -9.043099999999999472e-01 1.184199999999999945e-05
-1.401100000000000012e+00 -9.043099999999999472e-01 1.387999999999999924e-05
-1.372500000000000053e+00 -9.043099999999999472e-01 1.383200000000000072e-05
-1.344000000000000083e+00 -9.043099999999999472e-01 1.189299999999999946e-05
-1.315399999999999903e+00 -9.043099999999999472e-01 9.918100000000000806e-06
-1.286799999999999944e+00 -9.043099999999999472e-01 6.707899999999999761e-06
-1.258199999999999985e+00 -9.043099999999999472e-01 3.921700000000000077e-06
-1.229600000000000026e+00 -9.043099999999999472e-01 2.078500000000000090e-06
-1.201000000000000068e+00 -9.043099999999999472e-01 1.301499999999999948e-06
-1.172400000000000109e+00 -9.043099999999999472e-01 1.337699999999999915e-06
-1.143799999999999928e+00 -9.043099999999999472e-01 1.731600000000000074e-06
-1.115199999999999969e+00 -9.043099999999999472e-01 1.950699999999999806e-06
-1.086600000000000010e+00 -9.043099999999999472e-01 1.994399999999999912e-06
-1.058000000000000052e+00 -9.043099999999999472e-01 1.617199999999999949e-06
-9.150300000000000100e-01 -9.043099999999999472e-01 1.101099999999999927e-06
-8.864400000000000057e-01 -9.043099999999999472e-01 2.413800000000000081e-06
-8.578400000000000469e-01 -9.043099999999999472e-01 3.895800000000000037e-06
-8.292500000000000426e-01 -9.043099999999999472e-01 5.135100000000000183e-06
-8.006499999999999728e-01 -9.043099999999999472e-01 5.754099999999999677e-06
-7.720599999999999685e-01 -9.043099999999999472e-01 5.570599999999999655e-06
-7.434600000000000097e-01 -9.043099999999999472e-01 4.637900000000000098e-06
-7.148700000000000054e-01 -9.043099999999999472e-01 3.188900000000000080e-06
-6.862700000000000466e-01 -9.043099999999999472e-01 2.141799999999999975e-06
-6.004899999999999682e-01 -9.043099999999999472e-01 6.775000000000000355e-06
-5.718999999999999639e-01 -9.043099999999999472e-01 7.029100000000000175e-06
-5.433000000000000052e-01 -9.043099999999999472e-01 1.775099999999999996e-04
-5.147100000000000009e-01 -9.043099999999999472e-01 1.617800000000000130e-04
-4.861099999999999866e-01 -9.043099999999999472e-01 1.064599999999999921e-02
-4.575199999999999823e-01 -9.043099999999999472e-01 1.415499999999999983e-04
-4.289200000000000235e-01 -9.043099999999999472e-01 1.523300000000000094e-06
-4.003300000000000192e-01 -9.043099999999999472e-01 3.746199999999999810e-06
-3.145399999999999863e-01 -9.043099999999999472e-01 1.255799999999999903e-06
-2.859499999999999820e-01 -9.043099999999999472e-01 2.500199999999999796e-06
-2.573500000000000232e-01 -9.043099999999999472e-01 4.776799999999999734e-06
-2.287599999999999911e-01 -9.043099999999999472e-01 7.058400000000000047e-06
-2.001600000000000046e-01 -9.043099999999999472e-01 8.805199999999999992e-06
-1.715700000000000003e-01 -9.043099999999999472e-01 9.614200000000000209e-06
-1.429700000000000137e-01 -9.043099999999999472e-01 9.407799999999999949e-06
-1.143799999999999956e-01 -9.043099999999999472e-01 8.404600000000000813e-06
-8.578399999999999914e-02 -9.043099999999999472e-01 7.458300000000000234e-06
-5.718999999999999778e-02 -9.043099999999999472e-01 6.082199999999999975e-06
-2.859499999999999889e-02 -9.043099999999999472e-01 5.232199999999999643e-06
0.000000000000000000e+00 -9.043099999999999472e-01 5.231099999999999772e-06
-4.489399999999999835e+00 -8.756000000000000449e-01 6.592300000000000156e-04
-4.460799999999999876e+00 -8.756000000000000449e-01 8.486099999999999676e-04
-4.432199999999999918e+00 -8.756000000000000449e-01 9.729100000000000074e-04
-4.403599999999999959e+00 -8.756000000000000449e-01 9.959500000000000037e-04
-4.375000000000000000e+00 -8.756000000000000449e-01 9.437500000000000359e-04
-4.346400000000000041e+00 -8.756000000000000449e-01 7.714700000000000116e-04
-4.317800000000000082e+00 -8.756000000000000449e-01 5.253200000000000187e-04
-4.289200000000000124e+00 -8.756000000000000449e-01 2.722499999999999768e-04
-4.260600000000000165e+00 -8.756000000000000449e-01 8.035000000000000150e-05
-4.232000000000000206e+00 -8.756000000000000449e-01 6.095299999999999900e-06
-4.203400000000000247e+00 -8.756000000000000449e-01 6.735099999999999941e-05
-4.174800000000000288e+00 -8.756000000000000449e-01 2.367799999999999929e-04
-4.146200000000000330e+00 -8.756000000000000449e-01 3.779100000000000189e-04
-4.117600000000000371e+00 -8.756000000000000449e-01 5.727399999999999679e-04
-4.089100000000000179e+00 -8.756000000000000449e-01 6.830999999999999616e-04
-4.060500000000000220e+00 -8.756000000000000449e-01 6.668000000000000533e-04
-4.031900000000000261e+00 -8.756000000000000449e-01 5.177600000000000301e-04
-4.003300000000000303e+00 -8.756000000000000449e-01 3.005099999999999807e-04
-3.974699999999999900e+00 -8.756000000000000449e-01 1.008200000000000003e-04
-3.946099999999999941e+00 -8.756000000000000449e-01 2.103699999999999865e-05
-3.917499999999999982e+00 -8.756000000000000449e-01 2.545499999999999938e-05
-3.888900000000000023e+00 -8.756000000000000449e-01 1.852400000000000086e-04
-3.860300000000000065e+00 -8.756000000000000449e-01 4.536000000000000210e-04
-3.831700000000000106e+00 -8.756000000000000449e-01 7.358799999999999543e-04
-3.803100000000000147e+00 -8.756000000000000449e-01 9.229400000000000234e-04
-3.774500000000000188e+00 -8.756000000000000449e-01 9.467199999999999617e-04
-3.745899999999999785e+00 -8.756000000000000449e-01 8.664299999999999563e-04
-3.717299999999999827e+00 -8.756000000000000449e-01 6.550599999999999522e-04
-3.688699999999999868e+00 -8.756000000000000449e-01 4.627799999999999839e-04
-3.660099999999999909e+00 -8.756000000000000449e-01 4.592800000000000073e-04
-3.631499999999999950e+00 -8.756000000000000449e-01 7.929299999999999586e-04
-3.602899999999999991e+00 -8.756000000000000449e-01 1.517499999999999969e-03
-3.574300000000000033e+00 -8.756000000000000449e-01 2.552000000000000015e-03
-3.545799999999999841e+00 -8.756000000000000449e-01 3.312700000000000020e-03
-3.517199999999999882e+00 -8.756000000000000449e-01 4.324999999999999852e-03
-3.488599999999999923e+00 -8.756000000000000449e-01 4.917499999999999996e-03
-3.459999999999999964e+00 -8.756000000000000449e-01 4.884900000000000179e-03
-3.431400000000000006e+00 -8.756000000000000449e-01 4.148699999999999957e-03
-3.402800000000000047e+00 -8.756000000000000449e-01 2.837699999999999858e-03
-3.374200000000000088e+00 -8.756000000000000449e-01 1.388099999999999968e-03
-3.345600000000000129e+00 -8.756000000000000449e-01 5.924500000000000079e-04
-3.317000000000000171e+00 -8.756000000000000449e-01 1.287300000000000025e-05
-3.288400000000000212e+00 -8.756000000000000449e-01 4.527700000000000171e-04
-3.259799999999999809e+00 -8.756000000000000449e-01 1.936999999999999920e-03
-3.231199999999999850e+00 -8.756000000000000449e-01 4.159099999999999776e-03
-3.202599999999999891e+00 -8.756000000000000449e-01 6.461299999999999683e-03
-3.173999999999999932e+00 -8.756000000000000449e-01 8.053199999999999942e-03
-3.145399999999999974e+00 -8.756000000000000449e-01 8.398100000000000356e-03
-3.116800000000000015e+00 -8.756000000000000449e-01 7.600700000000000164e-03
-3.088200000000000056e+00 -8.756000000000000449e-01 5.348099999999999729e-03
-3.059600000000000097e+00 -8.756000000000000449e-01 2.476499999999999969e-03
-3.031000000000000139e+00 -8.756000000000000449e-01 3.137899999999999891e-04
-3.002499999999999947e+00 -8.756000000000000449e-01 6.706000000000000372e-04
-2.973899999999999988e+00 -8.756000000000000449e-01 5.385700000000000209e-03
-2.945300000000000029e+00 -8.756000000000000449e-01 1.161700000000000059e-02
-2.916700000000000070e+00 -8.756000000000000449e-01 2.611000000000000126e-02
-2.888100000000000112e+00 -8.756000000000000449e-01 4.646399999999999836e-02
-2.859500000000000153e+00 -8.756000000000000449e-01 7.146099999999999675e-02
-2.830900000000000194e+00 -8.756000000000000449e-01 9.894000000000000017e-02
-2.802299999999999791e+00 -8.756000000000000449e-01 1.246499999999999969e-01
-2.773699999999999832e+00 -8.756000000000000449e-01 1.439799999999999969e-01
-2.745099999999999874e+00 -8.756000000000000449e-01 1.521399999999999975e-01
-2.716499999999999915e+00 -8.756000000000000449e-01 1.569599999999999884e-01
-2.687899999999999956e+00 -8.756000000000000449e-01 1.520700000000000107e-01
-2.659299999999999997e+00 -8.756000000000000449e-01 1.388699999999999934e-01
-2.630700000000000038e+00 -8.756000000000000449e-01 1.186799999999999938e-01
-2.602100000000000080e+00 -8.756000000000000449e-01 9.329999999999999405e-02
-2.573500000000000121e+00 -8.756000000000000449e-01 6.645500000000000018e-02
-2.544900000000000162e+00 -8.756000000000000449e-01 4.276499999999999746e-02
-2.516300000000000203e+00 -8.756000000000000449e-01 2.976200000000000026e-02
-2.487699999999999800e+00 -8.756000000000000449e-01 1.491899999999999997e-02
-2.459200000000000053e+00 -8.756000000000000449e-01 5.513599999999999578e-03
-2.430600000000000094e+00 -8.756000000000000449e-01 1.000299999999999974e-03
-2.402000000000000135e+00 -8.756000000000000449e-01 1.690399999999999943e-04
-2.373400000000000176e+00 -8.756000000000000449e-01 1.457799999999999981e-03
-2.344800000000000217e+00 -8.756000000000000449e-01 3.389699999999999831e-03
-2.316199999999999815e+00 -8.756000000000000449e-01 4.530900000000000032e-03
-2.287599999999999856e+00 -8.756000000000000449e-01 5.549100000000000386e-03
-2.258999999999999897e+00 -8.756000000000000449e-01 5.458199999999999857e-03
-2.230399999999999938e+00 -8.756000000000000449e-01 4.355600000000000270e-03
-2.201799999999999979e+00 -8.756000000000000449e-01 2.805900000000000061e-03
-2.173200000000000021e+00 -8.756000000000000449e-01 1.429699999999999895e-03
-2.144600000000000062e+00 -8.756000000000000449e-01 4.932899999999999611e-04
-2.116000000000000103e+00 -8.756000000000000449e-01 1.360699999999999898e-04
-2.087400000000000144e+00 -8.756000000000000449e-01 2.687799999999999914e-05
-2.058800000000000185e+00 -8.756000000000000449e-01 2.431699999999999910e-04
-2.030199999999999783e+00 -8.756000000000000449e-01 6.229200000000000058e-04
-2.001599999999999824e+00 -8.756000000000000449e-01 1.886099999999999984e-04
-1.973000000000000087e+00 -8.756000000000000449e-01 4.029699999999999775e-03
-1.944399999999999906e+00 -8.756000000000000449e-01 1.352199999999999962e-04
-1.915799999999999947e+00 -8.756000000000000449e-01 2.263499999999999996e-04
-1.887299999999999978e+00 -8.756000000000000449e-01 3.055099999999999938e-04
-1.858700000000000019e+00 -8.756000000000000449e-01 7.873300000000000665e-05
-1.830100000000000060e+00 -8.756000000000000449e-01 1.599399999999999899e-04
-1.801500000000000101e+00 -8.756000000000000449e-01 4.839699999999999731e-03
-1.772899999999999920e+00 -8.756000000000000449e-01 8.393700000000000466e-03
-1.744299999999999962e+00 -8.756000000000000449e-01 6.367099999999999670e-04
-1.715700000000000003e+00 -8.756000000000000449e-01 3.670100000000000250e-04
-1.687100000000000044e+00 -8.756000000000000449e-01 1.948399999999999980e-04
-1.658500000000000085e+00 -8.756000000000000449e-01 1.083399999999999961e-04
-1.629899999999999904e+00 -8.756000000000000449e-01 5.741499999999999832e-05
-1.601299999999999946e+00 -8.756000000000000449e-01 2.644499999999999837e-05
-1.572699999999999987e+00 -8.756000000000000449e-01 9.256099999999999351e-06
-1.544100000000000028e+00 -8.756000000000000449e-01 2.413400000000000051e-06
-1.515500000000000069e+00 -8.756000000000000449e-01 1.982399999999999858e-06
-1.486900000000000110e+00 -8.756000000000000449e-01 5.210599999999999714e-06
-1.458299999999999930e+00 -8.756000000000000449e-01 1.043899999999999949e-05
-1.429699999999999971e+00 -8.756000000000000449e-01 1.507900000000000081e-05
-1.401100000000000012e+00 -8.756000000000000449e-01 1.765299999999999853e-05
-1.372500000000000053e+00 -8.756000000000000449e-01 1.759599999999999890e-05
-1.344000000000000083e+00 -8.756000000000000449e-01 1.519599999999999986e-05
-1.315399999999999903e+00 -8.756000000000000449e-01 1.271400000000000058e-05
-1.286799999999999944e+00 -8.756000000000000449e-01 8.644899999999999172e-06
-1.258199999999999985e+00 -8.756000000000000449e-01 5.008999999999999815e-06
-1.229600000000000026e+00 -8.756000000000000449e-01 2.489199999999999817e-06
-1.201000000000000068e+00 -8.756000000000000449e-01 1.273599999999999969e-06
-1.172400000000000109e+00 -8.756000000000000449e-01 1.101499999999999957e-06
-1.143799999999999928e+00 -8.756000000000000449e-01 1.468199999999999978e-06
-1.115199999999999969e+00 -8.756000000000000449e-01 1.736800000000000041e-06
-1.086600000000000010e+00 -8.756000000000000449e-01 1.883200000000000028e-06
-1.058000000000000052e+00 -8.756000000000000449e-01 1.598400000000000019e-06
-9.150300000000000100e-01 -8.756000000000000449e-01 1.255600000000000099e-06
-8.864400000000000057e-01 -8.756000000000000449e-01 2.690200000000000094e-06
-8.578400000000000469e-01 -8.756000000000000449e-01 4.343600000000000222e-06
-8.292500000000000426e-01 -8.756000000000000449e-01 5.780399999999999747e-06
-8.006499999999999728e-01 -8.756000000000000449e-01 6.569900000000000405e-06
-7.720599999999999685e-01 -8.756000000000000449e-01 6.516800000000000015e-06
-7.434600000000000097e-01 -8.756000000000000449e-01 5.617099999999999973e-06
-7.148700000000000054e-01 -8.756000000000000449e-01 4.075299999999999759e-06
-6.862700000000000466e-01 -8.756000000000000449e-01 2.884399999999999861e-06
-6.576800000000000423e-01 -8.756000000000000449e-01 1.200900000000000013e-06
-6.290799999999999725e-01 -8.756000000000000449e-01 1.554899999999999927e-06
-6.004899999999999682e-01 -8.756000000000000449e-01 1.503700000000000121e-04
-5.718999999999999639e-01 -8.756000000000000449e-01 5.351999999999999987e-04
-5.433000000000000052e-01 -8.756000000000000449e-01 3.632400000000000038e-03
-5.147100000000000009e-01 -8.756000000000000449e-01 1.169400000000000018e-04
-4.861099999999999866e-01 -8.756000000000000449e-01 2.651900000000000004e-04
-4.575199999999999823e-01 -8.756000000000000449e-01 1.393599999999999939e-04
-4.289200000000000235e-01 -8.756000000000000449e-01 4.432000000000000087e-06
-4.003300000000000192e-01 -8.756000000000000449e-01 2.476800000000000156e-06
-3.145399999999999863e-01 -8.756000000000000449e-01 1.123499999999999916e-06
-2.859499999999999820e-01 -8.756000000000000449e-01 2.384300000000000194e-06
-2.573500000000000232e-01 -8.756000000000000449e-01 4.808499999999999786e-06
-2.287599999999999911e-01 -8.756000000000000449e-01 7.363600000000000107e-06
-2.001600000000000046e-01 -8.756000000000000449e-01 9.444300000000000362e-06
-1.715700000000000003e-01 -8.756000000000000449e-01 1.057499999999999955e-05
-1.429700000000000137e-01 -8.756000000000000449e-01 1.062999999999999987e-05
-1.143799999999999956e-01 -8.756000000000000449e-01 9.768100000000000548e-06
-8.578399999999999914e-02 -8.756000000000000449e-01 8.862899999999999457e-06
-5.718999999999999778e-02 -8.756000000000000449e-01 7.476299999999999892e-06
-2.859499999999999889e-02 -8.756000000000000449e-01 6.556700000000000260e-06
0.000000000000000000e+00 -8.756000000000000449e-01 6.468200000000000175e-06
-4.489399999999999835e+00 -8.468900000000000317e-01 4.526999999999999991e-04
-4.460799999999999876e+00 -8.468900000000000317e-01 5.646800000000000213e-04
-4.432199999999999918e+00 -8.468900000000000317e-01 6.366100000000000187e-04
-4.403599999999999959e+00 -8.468900000000000317e-01 6.394600000000000067e-04
-4.375000000000000000e+00 -8.468900000000000317e-01 5.996000000000000461e-04
-4.346400000000000041e+00 -8.468900000000000317e-01 4.847499999999999921e-04
-4.317800000000000082e+00 -8.468900000000000317e-01 3.279000000000000014e-04
-4.289200000000000124e+00 -8.468900000000000317e-01 1.678499999999999871e-04
-4.260600000000000165e+00 -8.468900000000000317e-01 4.836800000000000176e-05
-4.232000000000000206e+00 -8.468900000000000317e-01 2.199299999999999848e-06
-4.203400000000000247e+00 -8.468900000000000317e-01 4.011700000000000232e-05
-4.174800000000000288e+00 -8.468900000000000317e-01 1.437499999999999976e-04
-4.146200000000000330e+00 -8.468900000000000317e-01 2.297500000000000009e-04
-4.117600000000000371e+00 -8.468900000000000317e-01 3.484599999999999807e-04
-4.089100000000000179e+00 -8.468900000000000317e-01 4.135100000000000169e-04
-4.060500000000000220e+00 -8.468900000000000317e-01 3.980300000000000092e-04
-4.031900000000000261e+00 -8.468900000000000317e-01 3.069999999999999812e-04
-4.003300000000000303e+00 -8.468900000000000317e-01 1.741799999999999891e-04
-3.974699999999999900e+00 -8.468900000000000317e-01 5.458000000000000259e-05
-3.946099999999999941e+00 -8.468900000000000317e-01 9.623199999999999615e-06
-3.917499999999999982e+00 -8.468900000000000317e-01 2.132899999999999857e-05
-3.888900000000000023e+00 -8.468900000000000317e-01 1.320899999999999906e-04
-3.860300000000000065e+00 -8.468900000000000317e-01 3.111000000000000267e-04
-3.831700000000000106e+00 -8.468900000000000317e-01 4.984699999999999895e-04
-3.803100000000000147e+00 -8.468900000000000317e-01 6.266000000000000519e-04
-3.774500000000000188e+00 -8.468900000000000317e-01 6.455799999999999820e-04
-3.745899999999999785e+00 -8.468900000000000317e-01 5.967799999999999884e-04
-3.717299999999999827e+00 -8.468900000000000317e-01 4.666499999999999858e-04
-3.688699999999999868e+00 -8.468900000000000317e-01 3.467400000000000039e-04
-3.660099999999999909e+00 -8.468900000000000317e-01 3.461399999999999894e-04
-3.631499999999999950e+00 -8.468900000000000317e-01 5.601000000000000076e-04
-3.602899999999999991e+00 -8.468900000000000317e-01 1.027799999999999938e-03
-3.574300000000000033e+00 -8.468900000000000317e-01 1.697200000000000054e-03
-3.545799999999999841e+00 -8.468900000000000317e-01 2.185700000000000056e-03
-3.517199999999999882e+00 -8.468900000000000317e-01 2.845600000000000213e-03
-3.488599999999999923e+00 -8.468900000000000317e-01 3.249600000000000058e-03
-3.459999999999999964e+00 -8.468900000000000317e-01 3.232899999999999923e-03
-3.431400000000000006e+00 -8.468900000000000317e-01 2.756699999999999949e-03
-3.402800000000000047e+00 -8.468900000000000317e-01 1.922700000000000060e-03
-3.374200000000000088e+00 -8.468900000000000317e-01 9.673699999999999487e-04
-3.345600000000000129e+00 -8.468900000000000317e-01 4.307499999999999806e-04
-3.317000000000000171e+00 -8.468900000000000317e-01 1.463499999999999964e-05
-3.288400000000000212e+00 -8.468900000000000317e-01 2.481599999999999822e-04
-3.259799999999999809e+00 -8.468900000000000317e-01 1.167599999999999975e-03
-3.231199999999999850e+00 -8.468900000000000317e-01 2.578399999999999789e-03
-3.202599999999999891e+00 -8.468900000000000317e-01 4.080199999999999973e-03
-3.173999999999999932e+00 -8.468900000000000317e-01 5.158399999999999617e-03
-3.145399999999999974e+00 -8.468900000000000317e-01 5.408500000000000113e-03
-3.116800000000000015e+00 -8.468900000000000317e-01 4.927100000000000229e-03
-3.088200000000000056e+00 -8.468900000000000317e-01 3.532899999999999843e-03
-3.059600000000000097e+00 -8.468900000000000317e-01 1.681999999999999901e-03
-3.031000000000000139e+00 -8.468900000000000317e-01 2.412500000000000094e-04
-3.002499999999999947e+00 -8.468900000000000317e-01 3.608700000000000059e-04
-2.973899999999999988e+00 -8.468900000000000317e-01 3.247700000000000066e-03
-2.945300000000000029e+00 -8.468900000000000317e-01 7.163300000000000049e-03
-2.916700000000000070e+00 -8.468900000000000317e-01 1.632400000000000170e-02
-2.888100000000000112e+00 -8.468900000000000317e-01 2.931399999999999978e-02
-2.859500000000000153e+00 -8.468900000000000317e-01 4.546000000000000041e-02
-2.830900000000000194e+00 -8.468900000000000317e-01 6.307999999999999718e-02
-2.802299999999999791e+00 -8.468900000000000317e-01 7.978899999999999881e-02
-2.773699999999999832e+00 -8.468900000000000317e-01 9.296400000000000496e-02
-2.745099999999999874e+00 -8.468900000000000317e-01 9.859099999999999808e-02
-2.716499999999999915e+00 -8.468900000000000317e-01 1.015400000000000053e-01
-2.687899999999999956e+00 -8.468900000000000317e-01 9.857499999999999596e-02
-2.659299999999999997e+00 -8.468900000000000317e-01 9.039800000000000613e-02
-2.630700000000000038e+00 -8.468900000000000317e-01 7.741900000000000170e-02
-2.602100000000000080e+00 -8.468900000000000317e-01 6.089699999999999974e-02
-2.573500000000000121e+00 -8.468900000000000317e-01 4.364900000000000030e-02
-2.544900000000000162e+00 -8.468900000000000317e-01 2.811800000000000063e-02
-2.516300000000000203e+00 -8.468900000000000317e-01 1.951299999999999910e-02
-2.487699999999999800e+00 -8.468900000000000317e-01 9.724599999999999911e-03
-2.459200000000000053e+00 -8.468900000000000317e-01 3.572500000000000155e-03
-2.430600000000000094e+00 -8.468900000000000317e-01 6.295600000000000371e-04
-2.402000000000000135e+00 -8.468900000000000317e-01 1.090499999999999944e-04
-2.373400000000000176e+00 -8.468900000000000317e-01 9.834299999999999813e-04
-2.344800000000000217e+00 -8.468900000000000317e-01 2.287400000000000197e-03
-2.316199999999999815e+00 -8.468900000000000317e-01 3.042099999999999839e-03
-2.287599999999999856e+00 -8.468900000000000317e-01 3.713900000000000014e-03
-2.258999999999999897e+00 -8.468900000000000317e-01 3.675499999999999948e-03
-2.230399999999999938e+00 -8.468900000000000317e-01 2.961899999999999950e-03
-2.201799999999999979e+00 -8.468900000000000317e-01 1.910100000000000079e-03
-2.173200000000000021e+00 -8.468900000000000317e-01 9.650799999999999960e-04
-2.144600000000000062e+00 -8.468900000000000317e-01 3.316799999999999957e-04
-2.116000000000000103e+00 -8.468900000000000317e-01 9.508600000000000407e-05
-2.087400000000000144e+00 -8.468900000000000317e-01 2.493000000000000017e-05
-2.058800000000000185e+00 -8.468900000000000317e-01 1.718699999999999926e-04
-2.030199999999999783e+00 -8.468900000000000317e-01 4.777800000000000233e-04
-2.001599999999999824e+00 -8.468900000000000317e-01 1.502899999999999993e-04
-1.973000000000000087e+00 -8.468900000000000317e-01 1.863499999999999922e-03
-1.944399999999999906e+00 -8.468900000000000317e-01 1.645499999999999882e-04
-1.915799999999999947e+00 -8.468900000000000317e-01 9.383999999999999601e-05
-1.887299999999999978e+00 -8.468900000000000317e-01 4.479899999999999985e-04
-1.858700000000000019e+00 -8.468900000000000317e-01 6.407299999999999454e-05
-1.830100000000000060e+00 -8.468900000000000317e-01 1.287799999999999969e-04
-1.801500000000000101e+00 -8.468900000000000317e-01 8.701600000000000307e-04
-1.772899999999999920e+00 -8.468900000000000317e-01 1.524200000000000034e-02
-1.744299999999999962e+00 -8.468900000000000317e-01 6.547200000000000198e-04
-1.715700000000000003e+00 -8.468900000000000317e-01 3.427500000000000100e-04
-1.687100000000000044e+00 -8.468900000000000317e-01 1.608000000000000054e-04
-1.658500000000000085e+00 -8.468900000000000317e-01 8.511199999999999419e-05
-1.629899999999999904e+00 -8.468900000000000317e-01 4.367799999999999753e-05
-1.601299999999999946e+00 -8.468900000000000317e-01 1.951900000000000065e-05
-1.572699999999999987e+00 -8.468900000000000317e-01 6.561499999999999773e-06
-1.544100000000000028e+00 -8.468900000000000317e-01 1.595800000000000036e-06
-1.515500000000000069e+00 -8.468900000000000317e-01 1.460400000000000028e-06
-1.486900000000000110e+00 -8.468900000000000317e-01 4.146500000000000026e-06
-1.458299999999999930e+00 -8.468900000000000317e-01 8.274899999999999327e-06
-1.429699999999999971e+00 -8.468900000000000317e-01 1.200899999999999971e-05
-1.401100000000000012e+00 -8.468900000000000317e-01 1.408700000000000082e-05
-1.372500000000000053e+00 -8.468900000000000317e-01 1.407900000000000022e-05
-1.344000000000000083e+00 -8.468900000000000317e-01 1.225999999999999951e-05
-1.315399999999999903e+00 -8.468900000000000317e-01 1.037600000000000027e-05
-1.286799999999999944e+00 -8.468900000000000317e-01 7.135400000000000327e-06
-1.258199999999999985e+00 -8.468900000000000317e-01 4.147199999999999867e-06
-1.229600000000000026e+00 -8.468900000000000317e-01 1.965399999999999851e-06
-9.150300000000000100e-01 -8.468900000000000317e-01 1.013299999999999895e-06
-8.864400000000000057e-01 -8.468900000000000317e-01 2.048699999999999968e-06
-8.578400000000000469e-01 -8.468900000000000317e-01 3.278500000000000035e-06
-8.292500000000000426e-01 -8.468900000000000317e-01 4.423200000000000273e-06
-8.006499999999999728e-01 -8.468900000000000317e-01 5.227299999999999910e-06
-7.720599999999999685e-01 -8.468900000000000317e-01 5.496099999999999776e-06
-7.434600000000000097e-01 -8.468900000000000317e-01 5.193900000000000365e-06
-7.148700000000000054e-01 -8.468900000000000317e-01 4.401699999999999717e-06
-6.862700000000000466e-01 -8.468900000000000317e-01 3.615499999999999943e-06
-6.576800000000000423e-01 -8.468900000000000317e-01 2.514899999999999842e-06
-6.290799999999999725e-01 -8.468900000000000317e-01 7.127499999999999945e-06
-6.004899999999999682e-01 -8.468900000000000317e-01 9.183500000000000419e-05
-5.718999999999999639e-01 -8.468900000000000317e-01 2.015099999999999877e-02
-5.433000000000000052e-01 -8.468900000000000317e-01 2.868999999999999806e-04
-5.147100000000000009e-01 -8.468900000000000317e-01 1.231200000000000003e-04
-4.861099999999999866e-01 -8.468900000000000317e-01 4.023300000000000087e-06
-4.575199999999999823e-01 -8.468900000000000317e-01 2.780499999999999891e-06
-4.289200000000000235e-01 -8.468900000000000317e-01 2.862500000000000122e-06
-4.003300000000000192e-01 -8.468900000000000317e-01 1.279499999999999989e-06
-2.859499999999999820e-01 -8.468900000000000317e-01 1.565000000000000051e-06
-2.573500000000000232e-01 -8.468900000000000317e-01 3.208699999999999874e-06
-2.287599999999999911e-01 -8.468900000000000317e-01 4.988199999999999946e-06
-2.001600000000000046e-01 -8.468900000000000317e-01 6.506000000000000051e-06
-1.715700000000000003e-01 -8.468900000000000317e-01 7.447100000000000239e-06
-1.429700000000000137e-01 -8.468900000000000317e-01 7.659800000000000761e-06
-1.143799999999999956e-01 -8.468900000000000317e-01 7.226600000000000402e-06
-8.578399999999999914e-02 -8.468900000000000317e-01 6.725599999999999608e-06
-5.718999999999999778e-02 -8.468900000000000317e-01 5.908900000000000296e-06
-2.859499999999999889e-02 -8.468900000000000317e-01 5.333600000000000061e-06
0.000000000000000000e+00 -8.468900000000000317e-01 5.244599999999999727e-06
-4.489399999999999835e+00 -8.181800000000000184e-01 1.266200000000000040e-04
-4.460799999999999876e+00 -8.181800000000000184e-01 1.436599999999999900e-04
-4.432199999999999918e+00 -8.181800000000000184e-01 1.486799999999999927e-04
-4.403599999999999959e+00 -8.181800000000000184e-01 1.384599999999999991e-04
-4.375000000000000000e+00 -8.181800000000000184e-01 1.191199999999999979e-04
-4.346400000000000041e+00 -8.181800000000000184e-01 9.883999999999999557e-05
-4.317800000000000082e+00 -8.181800000000000184e-01 6.333299999999999824e-05
-4.289200000000000124e+00 -8.181800000000000184e-01 3.063200000000000081e-05
-4.260600000000000165e+00 -8.181800000000000184e-01 8.034300000000000309e-06
-4.203400000000000247e+00 -8.181800000000000184e-01 7.199400000000000053e-06
-4.174800000000000288e+00 -8.181800000000000184e-01 2.569800000000000027e-05
-4.146200000000000330e+00 -8.181800000000000184e-01 4.067000000000000194e-05
-4.117600000000000371e+00 -8.181800000000000184e-01 5.902000000000000074e-05
-4.089100000000000179e+00 -8.181800000000000184e-01 6.584500000000000400e-05
-4.060500000000000220e+00 -8.181800000000000184e-01 6.065399999999999899e-05
-4.031900000000000261e+00 -8.181800000000000184e-01 4.218199999999999695e-05
-4.003300000000000303e+00 -8.181800000000000184e-01 1.837100000000000080e-05
-3.974699999999999900e+00 -8.181800000000000184e-01 2.689000000000000004e-06
-3.917499999999999982e+00 -8.181800000000000184e-01 1.573500000000000097e-05
-3.888900000000000023e+00 -8.181800000000000184e-01 5.058899999999999964e-05
-3.860300000000000065e+00 -8.181800000000000184e-01 9.747100000000000241e-05
-3.831700000000000106e+00 -8.181800000000000184e-01 1.434100000000000110e-04
-3.803100000000000147e+00 -8.181800000000000184e-01 1.720600000000000027e-04
-3.774500000000000188e+00 -8.181800000000000184e-01 1.757499999999999893e-04
-3.745899999999999785e+00 -8.181800000000000184e-01 1.657899999999999966e-04
-3.717299999999999827e+00 -8.181800000000000184e-01 1.375500000000000095e-04
-3.688699999999999868e+00 -8.181800000000000184e-01 1.123100000000000004e-04
-3.660099999999999909e+00 -8.181800000000000184e-01 1.163199999999999976e-04
-3.631499999999999950e+00 -8.181800000000000184e-01 1.698299999999999918e-04
-3.602899999999999991e+00 -8.181800000000000184e-01 2.801699999999999959e-04
-3.574300000000000033e+00 -8.181800000000000184e-01 4.332000000000000130e-04
-3.545799999999999841e+00 -8.181800000000000184e-01 5.497800000000000386e-04
-3.517199999999999882e+00 -8.181800000000000184e-01 7.061300000000000172e-04
-3.488599999999999923e+00 -8.181800000000000184e-01 7.955300000000000218e-04
-3.459999999999999964e+00 -8.181800000000000184e-01 7.895299999999999844e-04
-3.431400000000000006e+00 -8.181800000000000184e-01 6.907000000000000379e-04
-3.402800000000000047e+00 -8.181800000000000184e-01 4.939799999999999833e-04
-3.374200000000000088e+00 -8.181800000000000184e-01 2.620300000000000103e-04
-3.345600000000000129e+00 -8.181800000000000184e-01 1.280499999999999954e-04
-3.317000000000000171e+00 -8.181800000000000184e-01 8.192999999999999315e-06
-3.288400000000000212e+00 -8.181800000000000184e-01 3.453999999999999795e-05
-3.259799999999999809e+00 -8.181800000000000184e-01 2.175599999999999973e-04
-3.231199999999999850e+00 -8.181800000000000184e-01 5.249000000000000193e-04
-3.202599999999999891e+00 -8.181800000000000184e-01 8.733700000000000491e-04
-3.173999999999999932e+00 -8.181800000000000184e-01 1.126899999999999907e-03
-3.145399999999999974e+00 -8.181800000000000184e-01 1.208300000000000042e-03
-3.116800000000000015e+00 -8.181800000000000184e-01 1.147400000000000026e-03
-3.088200000000000056e+00 -8.181800000000000184e-01 8.587300000000000402e-04
-3.059600000000000097e+00 -8.181800000000000184e-01 4.408999999999999833e-04
-3.031000000000000139e+00 -8.181800000000000184e-01 8.541300000000000368e-05
-3.002499999999999947e+00 -8.181800000000000184e-01 3.313900000000000239e-05
-2.973899999999999988e+00 -8.181800000000000184e-01 5.603000000000000124e-04
-2.945300000000000029e+00 -8.181800000000000184e-01 1.325900000000000082e-03
-2.916700000000000070e+00 -8.181800000000000184e-01 3.258699999999999791e-03
-2.888100000000000112e+00 -8.181800000000000184e-01 6.055600000000000392e-03
-2.859500000000000153e+00 -8.181800000000000184e-01 9.504900000000000154e-03
-2.830900000000000194e+00 -8.181800000000000184e-01 1.333799999999999916e-02
-2.802299999999999791e+00 -8.181800000000000184e-01 1.742099999999999899e-02
-2.773699999999999832e+00 -8.181800000000000184e-01 2.043199999999999877e-02
-2.745099999999999874e+00 -8.181800000000000184e-01 2.172200000000000172e-02
-2.716499999999999915e+00 -8.181800000000000184e-01 2.260699999999999862e-02
-2.687899999999999956e+00 -8.181800000000000184e-01 2.236600000000000046e-02
-2.659299999999999997e+00 -8.181800000000000184e-01 2.048900000000000027e-02
-2.630700000000000038e+00 -8.181800000000000184e-01 1.767499999999999974e-02
-2.602100000000000080e+00 -8.181800000000000184e-01 1.417200000000000057e-02
-2.573500000000000121e+00 -8.181800000000000184e-01 1.024699999999999916e-02
-2.544900000000000162e+00 -8.181800000000000184e-01 6.571099999999999858e-03
-2.516300000000000203e+00 -8.181800000000000184e-01 4.604900000000000312e-03
-2.487699999999999800e+00 -8.181800000000000184e-01 2.319100000000000154e-03
-2.459200000000000053e+00 -8.181800000000000184e-01 8.567600000000000302e-04
-2.430600000000000094e+00 -8.181800000000000184e-01 1.484000000000000022e-04
-2.402000000000000135e+00 -8.181800000000000184e-01 2.132299999999999896e-05
-2.373400000000000176e+00 -8.181800000000000184e-01 2.420599999999999965e-04
-2.344800000000000217e+00 -8.181800000000000184e-01 5.703200000000000283e-04
-2.316199999999999815e+00 -8.181800000000000184e-01 7.597199999999999700e-04
-2.287599999999999856e+00 -8.181800000000000184e-01 9.543999999999999966e-04
-2.258999999999999897e+00 -8.181800000000000184e-01 9.633000000000000503e-04
-2.230399999999999938e+00 -8.181800000000000184e-01 7.943499999999999823e-04
-2.201799999999999979e+00 -8.181800000000000184e-01 5.314000000000000147e-04
-2.173200000000000021e+00 -8.181800000000000184e-01 2.843200000000000154e-04
-2.144600000000000062e+00 -8.181800000000000184e-01 1.103499999999999989e-04
-2.116000000000000103e+00 -8.181800000000000184e-01 4.163899999999999893e-05
-2.087400000000000144e+00 -8.181800000000000184e-01 1.002900000000000003e-05
-2.058800000000000185e+00 -8.181800000000000184e-01 4.016199999999999935e-05
-2.030199999999999783e+00 -8.181800000000000184e-01 1.102799999999999945e-04
-2.001599999999999824e+00 -8.181800000000000184e-01 5.449399999999999698e-05
-1.973000000000000087e+00 -8.181800000000000184e-01 2.640499999999999944e-04
-1.944399999999999906e+00 -8.181800000000000184e-01 1.013100000000000041e-04
-1.915799999999999947e+00 -8.181800000000000184e-01 2.680499999999999832e-05
-1.887299999999999978e+00 -8.181800000000000184e-01 2.486400000000000047e-04
-1.858700000000000019e+00 -8.181800000000000184e-01 2.684800000000000112e-05
-1.830100000000000060e+00 -8.181800000000000184e-01 3.013199999999999882e-05
-1.801500000000000101e+00 -8.181800000000000184e-01 1.287299999999999957e-04
-1.772899999999999920e+00 -8.181800000000000184e-01 8.013799999999999743e-03
-1.744299999999999962e+00 -8.181800000000000184e-01 3.170299999999999919e-04
-1.715700000000000003e+00 -8.181800000000000184e-01 1.252799999999999931e-04
-1.687100000000000044e+00 -8.181800000000000184e-01 5.772800000000000023e-05
-1.658500000000000085e+00 -8.181800000000000184e-01 2.891599999999999894e-05
-1.629899999999999904e+00 -8.181800000000000184e-01 1.435599999999999943e-05
-1.601299999999999946e+00 -8.181800000000000184e-01 6.235700000000000284e-06
-1.572699999999999987e+00 -8.181800000000000184e-01 2.018899999999999847e-06
-1.486900000000000110e+00 -8.181800000000000184e-01 1.337899999999999930e-06
-1.458299999999999930e+00 -8.181800000000000184e-01 2.767700000000000199e-06
-1.429699999999999971e+00 -8.181800000000000184e-01 4.083300000000000360e-06
-1.401100000000000012e+00 -8.181800000000000184e-01 4.858799999999999965e-06
-1.372500000000000053e+00 -8.181800000000000184e-01 4.983899999999999835e-06
-1.344000000000000083e+00 -8.181800000000000184e-01 4.463099999999999671e-06
-1.315399999999999903e+00 -8.181800000000000184e-01 3.849399999999999940e-06
-1.286799999999999944e+00 -8.181800000000000184e-01 2.740099999999999820e-06
-1.258199999999999985e+00 -8.181800000000000184e-01 1.666400000000000046e-06
-8.578400000000000469e-01 -8.181800000000000184e-01 1.345200000000000055e-06
-8.292500000000000426e-01 -8.181800000000000184e-01 1.827600000000000086e-06
-8.006499999999999728e-01 -8.181800000000000184e-01 2.265700000000000178e-06
-7.720599999999999685e-01 -8.181800000000000184e-01 2.645000000000000087e-06
-7.434600000000000097e-01 -8.181800000000000184e-01 3.008999999999999905e-06
-7.148700000000000054e-01 -8.181800000000000184e-01 3.484499999999999842e-06
-6.862700000000000466e-01 -8.181800000000000184e-01 4.535799999999999839e-06
-6.576800000000000423e-01 -8.181800000000000184e-01 6.750200000000000186e-06
-6.290799999999999725e-01 -8.181800000000000184e-01 4.728199999999999894e-05
-6.004899999999999682e-01 -8.181800000000000184e-01 3.852099999999999931e-05
-5.718999999999999639e-01 -8.181800000000000184e-01 3.006999999999999907e-04
-5.433000000000000052e-01 -8.181800000000000184e-01 2.420800000000000184e-06
-5.147100000000000009e-01 -8.181800000000000184e-01 3.627499999999999997e-06
-2.573500000000000232e-01 -8.181800000000000184e-01 1.149299999999999948e-06
-2.287599999999999911e-01 -8.181800000000000184e-01 1.673699999999999959e-06
-2.001600000000000046e-01 -8.181800000000000184e-01 2.119500000000000205e-06
-1.715700000000000003e-01 -8.181800000000000184e-01 2.375899999999999987e-06
-1.429700000000000137e-01 -8.181800000000000184e-01 2.438199999999999797e-06
-1.143799999999999956e-01 -8.181800000000000184e-01 2.357800000000000109e-06
-8.578399999999999914e-02 -8.181800000000000184e-01 2.258599999999999856e-06
-5.718999999999999778e-02 -8.181800000000000184e-01 2.099299999999999958e-06
-2.859499999999999889e-02 -8.181800000000000184e-01 2.027599999999999865e-06
0.000000000000000000e+00 -8.181800000000000184e-01 2.072999999999999888e-06
-4.489399999999999835e+00 -7.894700000000000051e-01 3.097099999999999959e-06
-4.460799999999999876e+00 -7.894700000000000051e-01 8.359000000000000775e-06
-4.432199999999999918e+00 -7.894700000000000051e-01 1.743199999999999844e-05
-4.403599999999999959e+00 -7.894700000000000051e-01 2.497399999999999840e-05
-4.375000000000000000e+00 -7.894700000000000051e-01 2.674400000000000009e-05
-4.346400000000000041e+00 -7.894700000000000051e-01 2.618699999999999847e-05
-4.317800000000000082e+00 -7.894700000000000051e-01 2.289899999999999878e-05
-4.289200000000000124e+00 -7.894700000000000051e-01 1.520000000000000016e-05
-4.260600000000000165e+00 -7.894700000000000051e-01 7.485000000000000334e-06
-4.232000000000000206e+00 -7.894700000000000051e-01 3.339200000000000149e-06
-4.203400000000000247e+00 -7.894700000000000051e-01 4.896099999999999591e-06
-4.174800000000000288e+00 -7.894700000000000051e-01 1.262099999999999995e-05
-4.146200000000000330e+00 -7.894700000000000051e-01 2.026299999999999895e-05
-4.117600000000000371e+00 -7.894700000000000051e-01 3.413299999999999998e-05
-4.089100000000000179e+00 -7.894700000000000051e-01 4.658800000000000186e-05
-4.060500000000000220e+00 -7.894700000000000051e-01 5.195399999999999758e-05
-4.031900000000000261e+00 -7.894700000000000051e-01 5.178199999999999990e-05
-4.003300000000000303e+00 -7.894700000000000051e-01 4.488800000000000120e-05
-3.974699999999999900e+00 -7.894700000000000051e-01 3.230400000000000106e-05
-3.946099999999999941e+00 -7.894700000000000051e-01 2.334000000000000015e-05
-3.917499999999999982e+00 -7.894700000000000051e-01 1.143199999999999998e-05
-3.888900000000000023e+00 -7.894700000000000051e-01 3.872599999999999988e-06
-3.860300000000000065e+00 -7.894700000000000051e-01 1.238700000000000100e-06
-3.831700000000000106e+00 -7.894700000000000051e-01 2.000100000000000129e-06
-3.803100000000000147e+00 -7.894700000000000051e-01 6.150200000000000001e-06
-3.774500000000000188e+00 -7.894700000000000051e-01 7.710299999999999684e-06
-3.745899999999999785e+00 -7.894700000000000051e-01 6.601500000000000238e-06
-3.717299999999999827e+00 -7.894700000000000051e-01 3.892400000000000205e-06
-3.688699999999999868e+00 -7.894700000000000051e-01 1.881100000000000082e-06
-3.660099999999999909e+00 -7.894700000000000051e-01 1.528500000000000062e-06
-3.631499999999999950e+00 -7.894700000000000051e-01 7.228000000000000084e-06
-3.602899999999999991e+00 -7.894700000000000051e-01 2.148699999999999943e-05
-3.574300000000000033e+00 -7.894700000000000051e-01 4.270000000000000114e-05
-3.545799999999999841e+00 -7.894700000000000051e-01 5.409899999999999822e-05
-3.517199999999999882e+00 -7.894700000000000051e-01 7.122800000000000312e-05
-3.488599999999999923e+00 -7.894700000000000051e-01 8.555400000000000114e-05
-3.459999999999999964e+00 -7.894700000000000051e-01 8.331900000000000645e-05
-3.431400000000000006e+00 -7.894700000000000051e-01 5.574299999999999806e-05
-3.402800000000000047e+00 -7.894700000000000051e-01 3.661300000000000334e-05
-3.374200000000000088e+00 -7.894700000000000051e-01 1.359100000000000083e-05
-3.345600000000000129e+00 -7.894700000000000051e-01 2.650600000000000084e-06
-3.317000000000000171e+00 -7.894700000000000051e-01 5.035500000000000323e-06
-3.288400000000000212e+00 -7.894700000000000051e-01 2.750900000000000038e-05
-3.259799999999999809e+00 -7.894700000000000051e-01 7.208800000000000505e-05
-3.231199999999999850e+00 -7.894700000000000051e-01 1.223899999999999988e-04
-3.202599999999999891e+00 -7.894700000000000051e-01 1.620699999999999984e-04
-3.173999999999999932e+00 -7.894700000000000051e-01 1.947200000000000059e-04
-3.145399999999999974e+00 -7.894700000000000051e-01 1.864299999999999887e-04
-3.116800000000000015e+00 -7.894700000000000051e-01 1.368200000000000080e-04
-3.088200000000000056e+00 -7.894700000000000051e-01 7.471400000000000328e-05
-3.059600000000000097e+00 -7.894700000000000051e-01 2.020299999999999952e-05
-3.031000000000000139e+00 -7.894700000000000051e-01 1.521799999999999982e-06
-3.002499999999999947e+00 -7.894700000000000051e-01 6.779800000000000377e-05
-2.973899999999999988e+00 -7.894700000000000051e-01 2.533999999999999794e-04
-2.945300000000000029e+00 -7.894700000000000051e-01 4.595700000000000197e-04
-2.916700000000000070e+00 -7.894700000000000051e-01 8.390300000000000492e-04
-2.888100000000000112e+00 -7.894700000000000051e-01 1.357200000000000030e-03
-2.859500000000000153e+00 -7.894700000000000051e-01 2.000699999999999788e-03
-2.830900000000000194e+00 -7.894700000000000051e-01 2.576600000000000071e-03
-2.802299999999999791e+00 -7.894700000000000051e-01 2.727300000000000210e-03
-2.773699999999999832e+00 -7.894700000000000051e-01 3.390400000000000011e-03
-2.745099999999999874e+00 -7.894700000000000051e-01 3.561700000000000109e-03
-2.716499999999999915e+00 -7.894700000000000051e-01 3.405699999999999786e-03
-2.687899999999999956e+00 -7.894700000000000051e-01 2.828499999999999851e-03
-2.659299999999999997e+00 -7.894700000000000051e-01 2.769300000000000147e-03
-2.630700000000000038e+00 -7.894700000000000051e-01 2.267700000000000098e-03
-2.602100000000000080e+00 -7.894700000000000051e-01 1.600199999999999973e-03
-2.573500000000000121e+00 -7.894700000000000051e-01 1.077100000000000106e-03
-2.544900000000000162e+00 -7.894700000000000051e-01 6.989299999999999506e-04
-2.516300000000000203e+00 -7.894700000000000051e-01 4.448100000000000187e-04
-2.487699999999999800e+00 -7.894700000000000051e-01 1.876600000000000024e-04
-2.459200000000000053e+00 -7.894700000000000051e-01 5.629100000000000027e-05
-2.430600000000000094e+00 -7.894700000000000051e-01 1.691300000000000011e-06
-2.373400000000000176e+00 -7.894700000000000051e-01 1.891000000000000021e-05
-2.344800000000000217e+00 -7.894700000000000051e-01 4.314299999999999673e-05
-2.316199999999999815e+00 -7.894700000000000051e-01 5.353999999999999900e-05
-2.287599999999999856e+00 -7.894700000000000051e-01 4.564600000000000309e-05
-2.258999999999999897e+00 -7.894700000000000051e-01 4.228300000000000157e-05
-2.230399999999999938e+00 -7.894700000000000051e-01 3.167799999999999723e-05
-2.201799999999999979e+00 -7.894700000000000051e-01 1.427499999999999970e-05
-2.173200000000000021e+00 -7.894700000000000051e-01 3.785099999999999979e-06
-2.144600000000000062e+00 -7.894700000000000051e-01 5.013900000000000395e-06
-2.116000000000000103e+00 -7.894700000000000051e-01 8.447800000000000670e-06
-2.087400000000000144e+00 -7.894700000000000051e-01 1.642700000000000044e-05
-2.058800000000000185e+00 -7.894700000000000051e-01 2.083100000000000096e-05
-2.030199999999999783e+00 -7.894700000000000051e-01 2.618299999999999987e-05
-2.001599999999999824e+00 -7.894700000000000051e-01 1.516700000000000064e-05
-1.973000000000000087e+00 -7.894700000000000051e-01 3.634399999999999880e-06
-1.944399999999999906e+00 -7.894700000000000051e-01 2.424700000000000011e-05
-1.915799999999999947e+00 -7.894700000000000051e-01 2.540799999999999882e-06
-1.887299999999999978e+00 -7.894700000000000051e-01 1.063199999999999917e-05
-1.801500000000000101e+00 -7.894700000000000051e-01 2.233999999999999956e-05
-1.772899999999999920e+00 -7.894700000000000051e-01 2.079999999999999872e-04
-1.744299999999999962e+00 -7.894700000000000051e-01 1.172999999999999950e-05
-1.715700000000000003e+00 -7.894700000000000051e-01 1.953499999999999846e-05
-6.862700000000000466e-01 -7.894700000000000051e-01 1.550900000000000008e-05
-6.576800000000000423e-01 -7.894700000000000051e-01 1.747700000000000089e-04
-6.290799999999999725e-01 -7.894700000000000051e-01 3.804900000000000111e-05
-6.004899999999999682e-01 -7.894700000000000051e-01 1.034900000000000036e-06
-5.718999999999999639e-01 -7.894700000000000051e-01 3.827200000000000389e-06
-4.489399999999999835e+00 -7.607699999999999463e-01 1.477299999999999967e-04
-4.460799999999999876e+00 -7.607699999999999463e-01 2.338499999999999921e-04
-4.432199999999999918e+00 -7.607699999999999463e-01 3.094500000000000137e-04
-4.403599999999999959e+00 -7.607699999999999463e-01 3.509799999999999769e-04
-4.375000000000000000e+00 -7.607699999999999463e-01 3.446599999999999967e-04
-4.346400000000000041e+00 -7.607699999999999463e-01 3.120700000000000123e-04
-4.317800000000000082e+00 -7.607699999999999463e-01 2.304899999999999972e-04
-4.289200000000000124e+00 -7.607699999999999463e-01 1.328900000000000101e-04
-4.260600000000000165e+00 -7.607699999999999463e-01 5.049499999999999681e-05
-4.232000000000000206e+00 -7.607699999999999463e-01 1.088399999999999947e-05
-4.203400000000000247e+00 -7.607699999999999463e-01 3.008599999999999960e-05
-4.174800000000000288e+00 -7.607699999999999463e-01 1.034199999999999958e-04
-4.146200000000000330e+00 -7.607699999999999463e-01 1.715499999999999957e-04
-4.117600000000000371e+00 -7.607699999999999463e-01 2.772200000000000055e-04
-4.089100000000000179e+00 -7.607699999999999463e-01 3.546900000000000074e-04
-4.060500000000000220e+00 -7.607699999999999463e-01 3.781999999999999772e-04
-4.031900000000000261e+00 -7.607699999999999463e-01 3.381099999999999731e-04
-4.003300000000000303e+00 -7.607699999999999463e-01 2.459399999999999933e-04
-3.974699999999999900e+00 -7.607699999999999463e-01 1.351000000000000042e-04
-3.946099999999999941e+00 -7.607699999999999463e-01 7.006899999999999609e-05
-3.917499999999999982e+00 -7.607699999999999463e-01 9.616099999999999293e-06
-3.888900000000000023e+00 -7.607699999999999463e-01 8.437600000000000327e-06
-3.860300000000000065e+00 -7.607699999999999463e-01 6.045899999999999831e-05
-3.831700000000000106e+00 -7.607699999999999463e-01 1.390599999999999866e-04
-3.803100000000000147e+00 -7.607699999999999463e-01 2.062300000000000092e-04
-3.774500000000000188e+00 -7.607699999999999463e-01 2.304300000000000011e-04
-3.745899999999999785e+00 -7.607699999999999463e-01 2.164300000000000132e-04
-3.717299999999999827e+00 -7.607699999999999463e-01 1.596400000000000098e-04
-3.688699999999999868e+00 -7.607699999999999463e-01 9.454700000000000127e-05
-3.660099999999999909e+00 -7.607699999999999463e-01 7.653600000000000041e-05
-3.631499999999999950e+00 -7.607699999999999463e-01 1.553100000000000021e-04
-3.602899999999999991e+00 -7.607699999999999463e-01 3.561400000000000156e-04
-3.574300000000000033e+00 -7.607699999999999463e-01 6.606300000000000497e-04
-3.545799999999999841e+00 -7.607699999999999463e-01 8.913200000000000246e-04
-3.517199999999999882e+00 -7.607699999999999463e-01 1.208300000000000042e-03
-3.488599999999999923e+00 -7.607699999999999463e-01 1.397900000000000097e-03
-3.459999999999999964e+00 -7.607699999999999463e-01 1.391099999999999932e-03
-3.431400000000000006e+00 -7.607699999999999463e-01 1.173299999999999951e-03
-3.402800000000000047e+00 -7.607699999999999463e-01 7.873599999999999696e-04
-3.374200000000000088e+00 -7.607699999999999463e-01 3.603699999999999937e-04
-3.345600000000000129e+00 -7.607699999999999463e-01 1.359400000000000029e-04
-3.317000000000000171e+00 -7.607699999999999463e-01 2.087099999999999889e-06
-3.288400000000000212e+00 -7.607699999999999463e-01 1.971599999999999893e-04
-3.259799999999999809e+00 -7.607699999999999463e-01 7.197300000000000225e-04
-3.231199999999999850e+00 -7.607699999999999463e-01 1.453300000000000035e-03
-3.202599999999999891e+00 -7.607699999999999463e-01 2.186200000000000122e-03
-3.173999999999999932e+00 -7.607699999999999463e-01 2.650299999999999965e-03
-3.145399999999999974e+00 -7.607699999999999463e-01 2.704400000000000033e-03
-3.116800000000000015e+00 -7.607699999999999463e-01 2.348799999999999846e-03
-3.088200000000000056e+00 -7.607699999999999463e-01 1.551099999999999918e-03
-3.059600000000000097e+00 -7.607699999999999463e-01 6.136100000000000018e-04
-3.031000000000000139e+00 -7.607699999999999463e-01 3.029099999999999848e-05
-3.002499999999999947e+00 -7.607699999999999463e-01 3.949499999999999777e-04
-2.973899999999999988e+00 -7.607699999999999463e-01 2.308000000000000156e-03
-2.945300000000000029e+00 -7.607699999999999463e-01 4.654100000000000424e-03
-2.916700000000000070e+00 -7.607699999999999463e-01 9.866200000000000317e-03
-2.888100000000000112e+00 -7.607699999999999463e-01 1.690300000000000136e-02
-2.859500000000000153e+00 -7.607699999999999463e-01 2.523299999999999849e-02
-2.830900000000000194e+00 -7.607699999999999463e-01 3.412899999999999961e-02
-2.802299999999999791e+00 -7.607699999999999463e-01 4.247599999999999987e-02
-2.773699999999999832e+00 -7.607699999999999463e-01 4.874200000000000060e-02
-2.745099999999999874e+00 -7.607699999999999463e-01 5.109500000000000153e-02
-2.716499999999999915e+00 -7.607699999999999463e-01 5.183800000000000213e-02
-2.687899999999999956e+00 -7.607699999999999463e-01 4.939199999999999841e-02
-2.659299999999999997e+00 -7.607699999999999463e-01 4.422000000000000236e-02
-2.630700000000000038e+00 -7.607699999999999463e-01 3.718599999999999683e-02
-2.602100000000000080e+00 -7.607699999999999463e-01 2.895700000000000010e-02
-2.573500000000000121e+00 -7.607699999999999463e-01 2.044599999999999890e-02
-2.544900000000000162e+00 -7.607699999999999463e-01 1.282600000000000059e-02
-2.516300000000000203e+00 -7.607699999999999463e-01 8.728500000000000147e-03
-2.487699999999999800e+00 -7.607699999999999463e-01 4.196300000000000030e-03
-2.459200000000000053e+00 -7.607699999999999463e-01 1.461199999999999955e-03
-2.430600000000000094e+00 -7.607699999999999463e-01 2.266799999999999913e-04
-2.402000000000000135e+00 -7.607699999999999463e-01 4.728099999999999675e-05
-2.373400000000000176e+00 -7.607699999999999463e-01 4.327299999999999853e-04
-2.344800000000000217e+00 -7.607699999999999463e-01 9.410300000000000348e-04
-2.316199999999999815e+00 -7.607699999999999463e-01 1.201400000000000037e-03
-2.287599999999999856e+00 -7.607699999999999463e-01 1.381599999999999972e-03
-2.258999999999999897e+00 -7.607699999999999463e-01 1.285700000000000081e-03
-2.230399999999999938e+00 -7.607699999999999463e-01 9.633000000000000503e-04
-2.201799999999999979e+00 -7.607699999999999463e-01 5.540099999999999626e-04
-2.173200000000000021e+00 -7.607699999999999463e-01 2.173699999999999873e-04
-2.144600000000000062e+00 -7.607699999999999463e-01 3.588699999999999708e-05
-2.116000000000000103e+00 -7.607699999999999463e-01 1.459999999999999997e-06
-2.087400000000000144e+00 -7.607699999999999463e-01 5.484999999999999831e-05
-2.058800000000000185e+00 -7.607699999999999463e-01 1.561300000000000112e-04
-2.030199999999999783e+00 -7.607699999999999463e-01 2.418499999999999968e-04
-2.001599999999999824e+00 -7.607699999999999463e-01 2.593799999999999730e-04
-1.973000000000000087e+00 -7.607699999999999463e-01 7.632000000000000112e-05
-1.944399999999999906e+00 -7.607699999999999463e-01 4.709299999999999923e-04
-1.915799999999999947e+00 -7.607699999999999463e-01 3.176199999999999846e-05
-1.887299999999999978e+00 -7.607699999999999463e-01 3.994000000000000046e-05
-1.858700000000000019e+00 -7.607699999999999463e-01 3.669099999999999819e-05
-1.830100000000000060e+00 -7.607699999999999463e-01 2.157499999999999926e-05
-1.801500000000000101e+00 -7.607699999999999463e-01 5.172400000000000148e-05
-1.772899999999999920e+00 -7.607699999999999463e-01 9.620199999999999542e-04
-1.744299999999999962e+00 -7.607699999999999463e-01 2.583699999999999972e-03
-1.715700000000000003e+00 -7.607699999999999463e-01 2.534400000000000129e-04
-1.687100000000000044e+00 -7.607699999999999463e-01 7.195499999999999802e-05
-1.658500000000000085e+00 -7.607699999999999463e-01 3.460700000000000256e-05
-1.629899999999999904e+00 -7.607699999999999463e-01 1.589499999999999943e-05
-1.601299999999999946e+00 -7.607699999999999463e-01 6.693599999999999745e-06
-1.572699999999999987e+00 -7.607699999999999463e-01 2.435600000000000025e-06
-1.544100000000000028e+00 -7.607699999999999463e-01 1.077900000000000090e-06
-1.515500000000000069e+00 -7.607699999999999463e-01 1.154899999999999946e-06
-1.486900000000000110e+00 -7.607699999999999463e-01 2.028300000000000130e-06
-1.458299999999999930e+00 -7.607699999999999463e-01 3.144399999999999913e-06
-1.429699999999999971e+00 -7.607699999999999463e-01 3.970100000000000325e-06
-1.401100000000000012e+00 -7.607699999999999463e-01 4.242800000000000273e-06
-1.372500000000000053e+00 -7.607699999999999463e-01 3.965400000000000184e-06
-1.344000000000000083e+00 -7.607699999999999463e-01 3.266900000000000011e-06
-1.315399999999999903e+00 -7.607699999999999463e-01 2.671100000000000142e-06
-1.286799999999999944e+00 -7.607699999999999463e-01 1.780599999999999943e-06
-1.258199999999999985e+00 -7.607699999999999463e-01 1.057900000000000070e-06
-8.292500000000000426e-01 -7.607699999999999463e-01 1.069899999999999912e-06
-8.006499999999999728e-01 -7.607699999999999463e-01 1.458300000000000081e-06
-7.720599999999999685e-01 -7.607699999999999463e-01 1.054400000000000018e-06
-7.434600000000000097e-01 -7.607699999999999463e-01 1.384799999999999887e-04
-7.148700000000000054e-01 -7.607699999999999463e-01 1.980999999999999837e-05
-6.862700000000000466e-01 -7.607699999999999463e-01 2.368500000000000108e-05
-6.576800000000000423e-01 -7.607699999999999463e-01 9.412500000000000090e-06
-6.004899999999999682e-01 -7.607699999999999463e-01 1.257600000000000038e-06
-5.718999999999999639e-01 -7.607699999999999463e-01 1.560299999999999910e-06
-5.433000000000000052e-01 -7.607699999999999463e-01 1.788400000000000106e-06
-5.147100000000000009e-01 -7.607699999999999463e-01 1.932999999999999958e-06
-4.861099999999999866e-01 -7.607699999999999463e-01 1.951299999999999851e-06
-4.575199999999999823e-01 -7.607699999999999463e-01 1.841200000000000049e-06
-4.289200000000000235e-01 -7.607699999999999463e-01 1.564400000000000006e-06
-4.003300000000000192e-01 -7.607699999999999463e-01 1.163999999999999994e-06
-2.001600000000000046e-01 -7.607699999999999463e-01 1.054600000000000033e-06
-1.715700000000000003e-01 -7.607699999999999463e-01 1.552499999999999959e-06
-1.429700000000000137e-01 -7.607699999999999463e-01 1.924099999999999925e-06
-1.143799999999999956e-01 -7.607699999999999463e-01 2.075699999999999879e-06
-8.578399999999999914e-02 -7.607699999999999463e-01 2.035899999999999854e-06
-5.718999999999999778e-02 -7.607699999999999463e-01 1.778299999999999982e-06
-2.859499999999999889e-02 -7.607699999999999463e-01 1.407100000000000047e-06
0.000000000000000000e+00 -7.607699999999999463e-01 1.042599999999999979e-06
-4.489399999999999835e+00 -7.320600000000000440e-01 3.415700000000000246e-04
-4.460799999999999876e+00 -7.320600000000000440e-01 5.036799999999999481e-04
-4.432199999999999918e+00 -7.320600000000000440e-01 6.396699999999999522e-04
-4.403599999999999959e+00 -7.320600000000000440e-01 7.079700000000000402e-04
-4.375000000000000000e+00 -7.320600000000000440e-01 6.790000000000000245e-04
-4.346400000000000041e+00 -7.320600000000000440e-01 6.071600000000000347e-04
-4.317800000000000082e+00 -7.320600000000000440e-01 4.431200000000000265e-04
-4.289200000000000124e+00 -7.320600000000000440e-01 2.529200000000000111e-04
-4.260600000000000165e+00 -7.320600000000000440e-01 9.330000000000000457e-05
-4.232000000000000206e+00 -7.320600000000000440e-01 1.651599999999999908e-05
-4.203400000000000247e+00 -7.320600000000000440e-01 4.868900000000000089e-05
-4.174800000000000288e+00 -7.320600000000000440e-01 1.816599999999999921e-04
-4.146200000000000330e+00 -7.320600000000000440e-01 3.039900000000000219e-04
-4.117600000000000371e+00 -7.320600000000000440e-01 4.929199999999999901e-04
-4.089100000000000179e+00 -7.320600000000000440e-01 6.304099999999999765e-04
-4.060500000000000220e+00 -7.320600000000000440e-01 6.657600000000000497e-04
-4.031900000000000261e+00 -7.320600000000000440e-01 5.837200000000000288e-04
-4.003300000000000303e+00 -7.320600000000000440e-01 4.145299999999999766e-04
-3.974699999999999900e+00 -7.320600000000000440e-01 2.157000000000000117e-04
-3.946099999999999941e+00 -7.320600000000000440e-01 1.027500000000000039e-04
-3.917499999999999982e+00 -7.320600000000000440e-01 9.546200000000000182e-06
-3.888900000000000023e+00 -7.320600000000000440e-01 3.053199999999999838e-05
-3.860300000000000065e+00 -7.320600000000000440e-01 1.531000000000000080e-04
-3.831700000000000106e+00 -7.320600000000000440e-01 3.226699999999999989e-04
-3.803100000000000147e+00 -7.320600000000000440e-01 4.670300000000000059e-04
-3.774500000000000188e+00 -7.320600000000000440e-01 5.241199999999999895e-04
-3.745899999999999785e+00 -7.320600000000000440e-01 4.969500000000000176e-04
-3.717299999999999827e+00 -7.320600000000000440e-01 3.850600000000000030e-04
-3.688699999999999868e+00 -7.320600000000000440e-01 2.556300000000000174e-04
-3.660099999999999909e+00 -7.320600000000000440e-01 2.132799999999999909e-04
-3.631499999999999950e+00 -7.320600000000000440e-01 3.608400000000000214e-04
-3.602899999999999991e+00 -7.320600000000000440e-01 7.497100000000000031e-04
-3.574300000000000033e+00 -7.320600000000000440e-01 1.349900000000000015e-03
-3.545799999999999841e+00 -7.320600000000000440e-01 1.808900000000000004e-03
-3.517199999999999882e+00 -7.320600000000000440e-01 2.433499999999999899e-03
-3.488599999999999923e+00 -7.320600000000000440e-01 2.830899999999999909e-03
-3.459999999999999964e+00 -7.320600000000000440e-01 2.846299999999999959e-03
-3.431400000000000006e+00 -7.320600000000000440e-01 2.424599999999999846e-03
-3.402800000000000047e+00 -7.320600000000000440e-01 1.664200000000000011e-03
-3.374200000000000088e+00 -7.320600000000000440e-01 8.044499999999999568e-04
-3.345600000000000129e+00 -7.320600000000000440e-01 3.292600000000000019e-04
-3.317000000000000171e+00 -7.320600000000000440e-01 5.156700000000000111e-06
-3.288400000000000212e+00 -7.320600000000000440e-01 3.203799999999999920e-04
-3.259799999999999809e+00 -7.320600000000000440e-01 1.288400000000000092e-03
-3.231199999999999850e+00 -7.320600000000000440e-01 2.702099999999999815e-03
-3.202599999999999891e+00 -7.320600000000000440e-01 4.145799999999999833e-03
-3.173999999999999932e+00 -7.320600000000000440e-01 5.128999999999999879e-03
-3.145399999999999974e+00 -7.320600000000000440e-01 5.315300000000000233e-03
-3.116800000000000015e+00 -7.320600000000000440e-01 4.683299999999999616e-03
-3.088200000000000056e+00 -7.320600000000000440e-01 3.171600000000000114e-03
-3.059600000000000097e+00 -7.320600000000000440e-01 1.338699999999999959e-03
-3.031000000000000139e+00 -7.320600000000000440e-01 9.296799999999999487e-05
-3.002499999999999947e+00 -7.320600000000000440e-01 6.262600000000000111e-04
-2.973899999999999988e+00 -7.320600000000000440e-01 4.103599999999999783e-03
-2.945300000000000029e+00 -7.320600000000000440e-01 8.487800000000000206e-03
-2.916700000000000070e+00 -7.320600000000000440e-01 1.838100000000000150e-02
-2.888100000000000112e+00 -7.320600000000000440e-01 3.188099999999999962e-02
-2.859500000000000153e+00 -7.320600000000000440e-01 4.812199999999999811e-02
-2.830900000000000194e+00 -7.320600000000000440e-01 6.560100000000000653e-02
-2.802299999999999791e+00 -7.320600000000000440e-01 8.191500000000000170e-02
-2.773699999999999832e+00 -7.320600000000000440e-01 9.457699999999999441e-02
-2.745099999999999874e+00 -7.320600000000000440e-01 9.993599999999999706e-02
-2.716499999999999915e+00 -7.320600000000000440e-01 1.020299999999999957e-01
-2.687899999999999956e+00 -7.320600000000000440e-01 9.720199999999999674e-02
-2.659299999999999997e+00 -7.320600000000000440e-01 8.736499999999999821e-02
-2.630700000000000038e+00 -7.320600000000000440e-01 7.404199999999999671e-02
-2.602100000000000080e+00 -7.320600000000000440e-01 5.777499999999999997e-02
-2.573500000000000121e+00 -7.320600000000000440e-01 4.097800000000000054e-02
-2.544900000000000162e+00 -7.320600000000000440e-01 2.595300000000000037e-02
-2.516300000000000203e+00 -7.320600000000000440e-01 1.770000000000000046e-02
-2.487699999999999800e+00 -7.320600000000000440e-01 8.509799999999999656e-03
-2.459200000000000053e+00 -7.320600000000000440e-01 2.990200000000000150e-03
-2.430600000000000094e+00 -7.320600000000000440e-01 4.694899999999999790e-04
-2.402000000000000135e+00 -7.320600000000000440e-01 9.195800000000000285e-05
-2.373400000000000176e+00 -7.320600000000000440e-01 8.809100000000000480e-04
-2.344800000000000217e+00 -7.320600000000000440e-01 1.935800000000000107e-03
-2.316199999999999815e+00 -7.320600000000000440e-01 2.486899999999999788e-03
-2.287599999999999856e+00 -7.320600000000000440e-01 2.860800000000000148e-03
-2.258999999999999897e+00 -7.320600000000000440e-01 2.671800000000000216e-03
-2.230399999999999938e+00 -7.320600000000000440e-01 2.041799999999999865e-03
-2.201799999999999979e+00 -7.320600000000000440e-01 1.204299999999999945e-03
-2.173200000000000021e+00 -7.320600000000000440e-01 4.864900000000000127e-04
-2.144600000000000062e+00 -7.320600000000000440e-01 8.955799999999999872e-05
-2.116000000000000103e+00 -7.320600000000000440e-01 3.351700000000000029e-06
-2.087400000000000144e+00 -7.320600000000000440e-01 9.516199999999999453e-05
-2.058800000000000185e+00 -7.320600000000000440e-01 3.049199999999999740e-04
-2.030199999999999783e+00 -7.320600000000000440e-01 4.669799999999999776e-04
-2.001599999999999824e+00 -7.320600000000000440e-01 6.616600000000000042e-04
-1.973000000000000087e+00 -7.320600000000000440e-01 1.271300000000000110e-04
-1.944399999999999906e+00 -7.320600000000000440e-01 1.142299999999999956e-03
-1.915799999999999947e+00 -7.320600000000000440e-01 1.759700000000000110e-04
-1.887299999999999978e+00 -7.320600000000000440e-01 5.375599999999999828e-05
-1.858700000000000019e+00 -7.320600000000000440e-01 3.511599999999999921e-04
-1.830100000000000060e+00 -7.320600000000000440e-01 6.222800000000000119e-05
-1.801500000000000101e+00 -7.320600000000000440e-01 1.318900000000000129e-04
-1.772899999999999920e+00 -7.320600000000000440e-01 6.543700000000000384e-04
-1.744299999999999962e+00 -7.320600000000000440e-01 1.146800000000000076e-02
-1.715700000000000003e+00 -7.320600000000000440e-01 1.481200000000000008e-03
-1.687100000000000044e+00 -7.320600000000000440e-01 2.463300000000000082e-04
-1.658500000000000085e+00 -7.320600000000000440e-01 9.841399999999999660e-05
-1.629899999999999904e+00 -7.320600000000000440e-01 4.349400000000000065e-05
-1.601299999999999946e+00 -7.320600000000000440e-01 1.832699999999999919e-05
-1.572699999999999987e+00 -7.320600000000000440e-01 6.939900000000000250e-06
-1.544100000000000028e+00 -7.320600000000000440e-01 3.244799999999999833e-06
-1.515500000000000069e+00 -7.320600000000000440e-01 3.319199999999999917e-06
-1.486900000000000110e+00 -7.320600000000000440e-01 5.394099999999999736e-06
-1.458299999999999930e+00 -7.320600000000000440e-01 8.166199999999999842e-06
-1.429699999999999971e+00 -7.320600000000000440e-01 1.028999999999999974e-05
-1.401100000000000012e+00 -7.320600000000000440e-01 1.113800000000000076e-05
-1.372500000000000053e+00 -7.320600000000000440e-01 1.053699999999999923e-05
-1.344000000000000083e+00 -7.320600000000000440e-01 8.785300000000000403e-06
-1.315399999999999903e+00 -7.320600000000000440e-01 7.265799999999999959e-06
-1.286799999999999944e+00 -7.320600000000000440e-01 4.894199999999999660e-06
-1.258199999999999985e+00 -7.320600000000000440e-01 2.812199999999999943e-06
-1.229600000000000026e+00 -7.320600000000000440e-01 1.338199999999999952e-06
-8.578400000000000469e-01 -7.320600000000000440e-01 1.856599999999999936e-06
-8.292500000000000426e-01 -7.320600000000000440e-01 3.521100000000000050e-06
-8.006499999999999728e-01 -7.320600000000000440e-01 6.318700000000000167e-06
-7.434600000000000097e-01 -7.320600000000000440e-01 1.848599999999999885e-04
-7.148700000000000054e-01 -7.320600000000000440e-01 1.505100000000000101e-03
-6.862700000000000466e-01 -7.320600000000000440e-01 3.484500000000000265e-05
-5.718999999999999639e-01 -7.320600000000000440e-01 1.482700000000000009e-06
-5.433000000000000052e-01 -7.320600000000000440e-01 2.266299999999999799e-06
-5.147100000000000009e-01 -7.320600000000000440e-01 2.875099999999999798e-06
-4.861099999999999866e-01 -7.320600000000000440e-01 3.132300000000000063e-06
-4.575199999999999823e-01 -7.320600000000000440e-01 3.210399999999999790e-06
-4.289200000000000235e-01 -7.320600000000000440e-01 2.879300000000000114e-06
-4.003300000000000192e-01 -7.320600000000000440e-01 2.191599999999999905e-06
-3.717300000000000049e-01 -7.320600000000000440e-01 1.335299999999999946e-06
-2.287599999999999911e-01 -7.320600000000000440e-01 1.433699999999999927e-06
-2.001600000000000046e-01 -7.320600000000000440e-01 2.724499999999999919e-06
-1.715700000000000003e-01 -7.320600000000000440e-01 4.050499999999999590e-06
-1.429700000000000137e-01 -7.320600000000000440e-01 5.109499999999999954e-06
-1.143799999999999956e-01 -7.320600000000000440e-01 5.612200000000000240e-06
-8.578399999999999914e-02 -7.320600000000000440e-01 5.601800000000000305e-06
-5.718999999999999778e-02 -7.320600000000000440e-01 5.127199999999999801e-06
-2.859499999999999889e-02 -7.320600000000000440e-01 4.292200000000000172e-06
0.000000000000000000e+00 -7.320600000000000440e-01 3.397199999999999848e-06
-4.489399999999999835e+00 -7.033500000000000307e-01 3.470100000000000268e-04
-4.460799999999999876e+00 -7.033500000000000307e-01 5.003800000000000305e-04
-4.432199999999999918e+00 -7.033500000000000307e-01 6.243400000000000295e-04
-4.403599999999999959e+00 -7.033500000000000307e-01 6.811000000000000214e-04
-4.375000000000000000e+00 -7.033500000000000307e-01 6.515400000000000401e-04
-4.346400000000000041e+00 -7.033500000000000307e-01 5.826400000000000459e-04
-4.317800000000000082e+00 -7.033500000000000307e-01 4.251400000000000123e-04
-4.289200000000000124e+00 -7.033500000000000307e-01 2.437999999999999900e-04
-4.260600000000000165e+00 -7.033500000000000307e-01 9.122699999999999917e-05
-4.232000000000000206e+00 -7.033500000000000307e-01 1.455100000000000010e-05
-4.203400000000000247e+00 -7.033500000000000307e-01 3.829499999999999842e-05
-4.174800000000000288e+00 -7.033500000000000307e-01 1.542799999999999933e-04
-4.146200000000000330e+00 -7.033500000000000307e-01 2.649899999999999955e-04
-4.117600000000000371e+00 -7.033500000000000307e-01 4.355100000000000095e-04
-4.089100000000000179e+00 -7.033500000000000307e-01 5.597199999999999875e-04
-4.060500000000000220e+00 -7.033500000000000307e-01 5.944200000000000178e-04
-4.031900000000000261e+00 -7.033500000000000307e-01 5.252899999999999800e-04
-4.003300000000000303e+00 -7.033500000000000307e-01 3.712499999999999980e-04
-3.974699999999999900e+00 -7.033500000000000307e-01 1.920699999999999957e-04
-3.946099999999999941e+00 -7.033500000000000307e-01 9.082299999999999423e-05
-3.917499999999999982e+00 -7.033500000000000307e-01 7.728099999999999751e-06
-3.888900000000000023e+00 -7.033500000000000307e-01 3.227799999999999826e-05
-3.860300000000000065e+00 -7.033500000000000307e-01 1.518400000000000099e-04
-3.831700000000000106e+00 -7.033500000000000307e-01 3.189099999999999943e-04
-3.803100000000000147e+00 -7.033500000000000307e-01 4.645699999999999786e-04
-3.774500000000000188e+00 -7.033500000000000307e-01 5.287199999999999929e-04
-3.745899999999999785e+00 -7.033500000000000307e-01 5.140500000000000538e-04
-3.717299999999999827e+00 -7.033500000000000307e-01 4.184600000000000017e-04
-3.688699999999999868e+00 -7.033500000000000307e-01 2.965099999999999919e-04
-3.660099999999999909e+00 -7.033500000000000307e-01 2.467600000000000023e-04
-3.631499999999999950e+00 -7.033500000000000307e-01 3.633399999999999738e-04
-3.602899999999999991e+00 -7.033500000000000307e-01 6.997299999999999701e-04
-3.574300000000000033e+00 -7.033500000000000307e-01 1.231899999999999966e-03
-3.545799999999999841e+00 -7.033500000000000307e-01 1.645399999999999988e-03
-3.517199999999999882e+00 -7.033500000000000307e-01 2.237400000000000066e-03
-3.488599999999999923e+00 -7.033500000000000307e-01 2.610799999999999926e-03
-3.459999999999999964e+00 -7.033500000000000307e-01 2.642600000000000157e-03
-3.431400000000000006e+00 -7.033500000000000307e-01 2.286400000000000064e-03
-3.402800000000000047e+00 -7.033500000000000307e-01 1.608300000000000007e-03
-3.374200000000000088e+00 -7.033500000000000307e-01 8.087599999999999477e-04
-3.345600000000000129e+00 -7.033500000000000307e-01 3.572299999999999933e-04
-3.317000000000000171e+00 -7.033500000000000307e-01 1.178700000000000082e-05
-3.288400000000000212e+00 -7.033500000000000307e-01 2.428300000000000044e-04
-3.259799999999999809e+00 -7.033500000000000307e-01 1.074300000000000038e-03
-3.231199999999999850e+00 -7.033500000000000307e-01 2.329599999999999813e-03
-3.202599999999999891e+00 -7.033500000000000307e-01 3.655100000000000102e-03
-3.173999999999999932e+00 -7.033500000000000307e-01 4.578300000000000425e-03
-3.145399999999999974e+00 -7.033500000000000307e-01 4.767999999999999669e-03
-3.116800000000000015e+00 -7.033500000000000307e-01 4.281899999999999942e-03
-3.088200000000000056e+00 -7.033500000000000307e-01 2.956600000000000200e-03
-3.059600000000000097e+00 -7.033500000000000307e-01 1.288700000000000045e-03
-3.031000000000000139e+00 -7.033500000000000307e-01 1.156199999999999942e-04
-3.002499999999999947e+00 -7.033500000000000307e-01 4.742999999999999820e-04
-2.973899999999999988e+00 -7.033500000000000307e-01 3.477399999999999849e-03
-2.945300000000000029e+00 -7.033500000000000307e-01 7.342300000000000389e-03
-2.916700000000000070e+00 -7.033500000000000307e-01 1.614799999999999916e-02
-2.888100000000000112e+00 -7.033500000000000307e-01 2.829999999999999877e-02
-2.859500000000000153e+00 -7.033500000000000307e-01 4.283300000000000302e-02
-2.830900000000000194e+00 -7.033500000000000307e-01 5.850400000000000045e-02
-2.802299999999999791e+00 -7.033500000000000307e-01 7.359400000000000663e-02
-2.773699999999999832e+00 -7.033500000000000307e-01 8.539299999999999669e-02
-2.745099999999999874e+00 -7.033500000000000307e-01 9.020100000000000340e-02
-2.716499999999999915e+00 -7.033500000000000307e-01 9.231499999999999428e-02
-2.687899999999999956e+00 -7.033500000000000307e-01 8.850800000000000334e-02
-2.659299999999999997e+00 -7.033500000000000307e-01 7.949299999999999422e-02
-2.630700000000000038e+00 -7.033500000000000307e-01 6.710800000000000098e-02
-2.602100000000000080e+00 -7.033500000000000307e-01 5.269800000000000179e-02
-2.573500000000000121e+00 -7.033500000000000307e-01 3.753299999999999692e-02
-2.544900000000000162e+00 -7.033500000000000307e-01 2.376100000000000087e-02
-2.516300000000000203e+00 -7.033500000000000307e-01 1.621300000000000172e-02
-2.487699999999999800e+00 -7.033500000000000307e-01 7.790000000000000049e-03
-2.459200000000000053e+00 -7.033500000000000307e-01 2.730499999999999854e-03
-2.430600000000000094e+00 -7.033500000000000307e-01 4.311200000000000058e-04
-2.402000000000000135e+00 -7.033500000000000307e-01 7.870100000000000424e-05
-2.373400000000000176e+00 -7.033500000000000307e-01 7.920699999999999703e-04
-2.344800000000000217e+00 -7.033500000000000307e-01 1.748500000000000054e-03
-2.316199999999999815e+00 -7.033500000000000307e-01 2.235899999999999867e-03
-2.287599999999999856e+00 -7.033500000000000307e-01 2.569500000000000169e-03
-2.258999999999999897e+00 -7.033500000000000307e-01 2.393399999999999955e-03
-2.230399999999999938e+00 -7.033500000000000307e-01 1.812800000000000045e-03
-2.201799999999999979e+00 -7.033500000000000307e-01 1.061899999999999953e-03
-2.173200000000000021e+00 -7.033500000000000307e-01 4.210700000000000055e-04
-2.144600000000000062e+00 -7.033500000000000307e-01 7.122900000000000531e-05
-2.116000000000000103e+00 -7.033500000000000307e-01 3.313100000000000094e-06
-2.087400000000000144e+00 -7.033500000000000307e-01 9.983699999999999975e-05
-2.058800000000000185e+00 -7.033500000000000307e-01 3.066899999999999791e-04
-2.030199999999999783e+00 -7.033500000000000307e-01 4.410600000000000089e-04
-2.001599999999999824e+00 -7.033500000000000307e-01 6.327099999999999782e-04
-1.973000000000000087e+00 -7.033500000000000307e-01 1.221299999999999979e-04
-1.944399999999999906e+00 -7.033500000000000307e-01 9.541699999999999531e-04
-1.915799999999999947e+00 -7.033500000000000307e-01 3.676600000000000137e-04
-1.887299999999999978e+00 -7.033500000000000307e-01 4.698300000000000062e-05
-1.858700000000000019e+00 -7.033500000000000307e-01 8.220900000000000386e-04
-1.830100000000000060e+00 -7.033500000000000307e-01 8.322899999999999884e-05
-1.801500000000000101e+00 -7.033500000000000307e-01 1.185900000000000013e-04
-1.772899999999999920e+00 -7.033500000000000307e-01 4.016199999999999935e-04
-1.744299999999999962e+00 -7.033500000000000307e-01 1.336000000000000035e-02
-1.715700000000000003e+00 -7.033500000000000307e-01 6.390999999999999980e-03
-1.687100000000000044e+00 -7.033500000000000307e-01 2.929300000000000024e-04
-1.658500000000000085e+00 -7.033500000000000307e-01 1.218900000000000002e-04
-1.629899999999999904e+00 -7.033500000000000307e-01 5.169199999999999907e-05
-1.601299999999999946e+00 -7.033500000000000307e-01 2.210400000000000047e-05
-1.572699999999999987e+00 -7.033500000000000307e-01 9.321300000000000015e-06
-1.544100000000000028e+00 -7.033500000000000307e-01 5.184399999999999863e-06
-1.515500000000000069e+00 -7.033500000000000307e-01 5.175600000000000049e-06
-1.486900000000000110e+00 -7.033500000000000307e-01 7.205799999999999686e-06
-1.458299999999999930e+00 -7.033500000000000307e-01 9.952199999999999344e-06
-1.429699999999999971e+00 -7.033500000000000307e-01 1.207599999999999924e-05
-1.401100000000000012e+00 -7.033500000000000307e-01 1.279299999999999932e-05
-1.372500000000000053e+00 -7.033500000000000307e-01 1.207999999999999954e-05
-1.344000000000000083e+00 -7.033500000000000307e-01 1.021199999999999980e-05
-1.315399999999999903e+00 -7.033500000000000307e-01 8.572200000000000699e-06
-1.286799999999999944e+00 -7.033500000000000307e-01 5.925199999999999615e-06
-1.258199999999999985e+00 -7.033500000000000307e-01 3.558099999999999866e-06
-1.229600000000000026e+00 -7.033500000000000307e-01 1.765000000000000042e-06
-8.578400000000000469e-01 -7.033500000000000307e-01 2.383300000000000119e-06
-8.292500000000000426e-01 -7.033500000000000307e-01 5.788499999999999721e-06
-8.006499999999999728e-01 -7.033500000000000307e-01 1.385600000000000083e-05
-7.720599999999999685e-01 -7.033500000000000307e-01 5.707000000000000484e-04
-7.434600000000000097e-01 -7.033500000000000307e-01 4.713200000000000072e-04
-7.148700000000000054e-01 -7.033500000000000307e-01 3.212599999999999701e-05
-6.862700000000000466e-01 -7.033500000000000307e-01 6.618599999999999616e-06
-5.433000000000000052e-01 -7.033500000000000307e-01 1.321399999999999961e-06
-5.147100000000000009e-01 -7.033500000000000307e-01 2.028799999999999956e-06
-4.861099999999999866e-01 -7.033500000000000307e-01 2.426499999999999976e-06
-4.575199999999999823e-01 -7.033500000000000307e-01 2.780400000000000095e-06
-4.289200000000000235e-01 -7.033500000000000307e-01 2.754100000000000025e-06
-4.003300000000000192e-01 -7.033500000000000307e-01 2.330099999999999934e-06
-3.717300000000000049e-01 -7.033500000000000307e-01 1.594599999999999945e-06
-2.287599999999999911e-01 -7.033500000000000307e-01 1.215100000000000021e-06
-2.001600000000000046e-01 -7.033500000000000307e-01 2.632399999999999987e-06
-1.715700000000000003e-01 -7.033500000000000307e-01 4.260600000000000339e-06
-1.429700000000000137e-01 -7.033500000000000307e-01 5.711500000000000288e-06
-1.143799999999999956e-01 -7.033500000000000307e-01 6.676800000000000177e-06
-8.578399999999999914e-02 -7.033500000000000307e-01 6.934699999999999860e-06
-5.718999999999999778e-02 -7.033500000000000307e-01 6.683099999999999592e-06
-2.859499999999999889e-02 -7.033500000000000307e-01 5.852400000000000074e-06
0.000000000000000000e+00 -7.033500000000000307e-01 4.764700000000000307e-06
-4.489399999999999835e+00 -6.746400000000000174e-01 1.667799999999999990e-04
-4.460799999999999876e+00 -6.746400000000000174e-01 2.371600000000000129e-04
-4.432199999999999918e+00 -6.746400000000000174e-01 2.930300000000000049e-04
-4.403599999999999959e+00 -6.746400000000000174e-01 3.192100000000000016e-04
-4.375000000000000000e+00 -6.746400000000000174e-01 3.142099999999999884e-04
-4.346400000000000041e+00 -6.746400000000000174e-01 2.728000000000000173e-04
-4.317800000000000082e+00 -6.746400000000000174e-01 2.014200000000000062e-04
-4.289200000000000124e+00 -6.746400000000000174e-01 1.187599999999999946e-04
-4.260600000000000165e+00 -6.746400000000000174e-01 4.721399999999999892e-05
-4.232000000000000206e+00 -6.746400000000000174e-01 7.544299999999999918e-06
-4.203400000000000247e+00 -6.746400000000000174e-01 1.136900000000000076e-05
-4.174800000000000288e+00 -6.746400000000000174e-01 5.679699999999999847e-05
-4.146200000000000330e+00 -6.746400000000000174e-01 1.023100000000000013e-04
-4.117600000000000371e+00 -6.746400000000000174e-01 1.751900000000000083e-04
-4.089100000000000179e+00 -6.746400000000000174e-01 2.327300000000000028e-04
-4.060500000000000220e+00 -6.746400000000000174e-01 2.523700000000000249e-04
-4.031900000000000261e+00 -6.746400000000000174e-01 2.269499999999999870e-04
-4.003300000000000303e+00 -6.746400000000000174e-01 1.653600000000000024e-04
-3.974699999999999900e+00 -6.746400000000000174e-01 8.945899999999999848e-05
-3.946099999999999941e+00 -6.746400000000000174e-01 4.462099999999999850e-05
-3.917499999999999982e+00 -6.746400000000000174e-01 5.300100000000000297e-06
-3.888900000000000023e+00 -6.746400000000000174e-01 1.169599999999999949e-05
-3.860300000000000065e+00 -6.746400000000000174e-01 6.229000000000000162e-05
-3.831700000000000106e+00 -6.746400000000000174e-01 1.379700000000000089e-04
-3.803100000000000147e+00 -6.746400000000000174e-01 2.108500000000000023e-04
-3.774500000000000188e+00 -6.746400000000000174e-01 2.538199999999999788e-04
-3.745899999999999785e+00 -6.746400000000000174e-01 2.572000000000000176e-04
-3.717299999999999827e+00 -6.746400000000000174e-01 2.276699999999999937e-04
-3.688699999999999868e+00 -6.746400000000000174e-01 1.790600000000000102e-04
-3.660099999999999909e+00 -6.746400000000000174e-01 1.485299999999999891e-04
-3.631499999999999950e+00 -6.746400000000000174e-01 1.766500000000000112e-04
-3.602899999999999991e+00 -6.746400000000000174e-01 2.892700000000000002e-04
-3.574300000000000033e+00 -6.746400000000000174e-01 4.871799999999999807e-04
-3.545799999999999841e+00 -6.746400000000000174e-01 6.478099999999999657e-04
-3.517199999999999882e+00 -6.746400000000000174e-01 8.831299999999999827e-04
-3.488599999999999923e+00 -6.746400000000000174e-01 1.049299999999999972e-03
-3.459999999999999964e+00 -6.746400000000000174e-01 1.093100000000000061e-03
-3.431400000000000006e+00 -6.746400000000000174e-01 9.741700000000000055e-04
-3.402800000000000047e+00 -6.746400000000000174e-01 7.177400000000000229e-04
-3.374200000000000088e+00 -6.746400000000000174e-01 3.988999999999999924e-04
-3.345600000000000129e+00 -6.746400000000000174e-01 2.037700000000000091e-04
-3.317000000000000171e+00 -6.746400000000000174e-01 2.768700000000000105e-05
-3.288400000000000212e+00 -6.746400000000000174e-01 6.682999999999999542e-05
-3.259799999999999809e+00 -6.746400000000000174e-01 3.463200000000000046e-04
-3.231199999999999850e+00 -6.746400000000000174e-01 8.099399999999999872e-04
-3.202599999999999891e+00 -6.746400000000000174e-01 1.318900000000000020e-03
-3.173999999999999932e+00 -6.746400000000000174e-01 1.707299999999999920e-03
-3.145399999999999974e+00 -6.746400000000000174e-01 1.817299999999999992e-03
-3.116800000000000015e+00 -6.746400000000000174e-01 1.672400000000000102e-03
-3.088200000000000056e+00 -6.746400000000000174e-01 1.191100000000000058e-03
-3.059600000000000097e+00 -6.746400000000000174e-01 5.575099999999999934e-04
-3.031000000000000139e+00 -6.746400000000000174e-01 7.391200000000000656e-05
-3.002499999999999947e+00 -6.746400000000000174e-01 1.503800000000000069e-04
-2.973899999999999988e+00 -6.746400000000000174e-01 1.209900000000000081e-03
-2.945300000000000029e+00 -6.746400000000000174e-01 2.631000000000000092e-03
-2.916700000000000070e+00 -6.746400000000000174e-01 5.962399999999999645e-03
-2.888100000000000112e+00 -6.746400000000000174e-01 1.055900000000000068e-02
-2.859500000000000153e+00 -6.746400000000000174e-01 1.615400000000000169e-02
-2.830900000000000194e+00 -6.746400000000000174e-01 2.228899999999999978e-02
-2.802299999999999791e+00 -6.746400000000000174e-01 2.812900000000000122e-02
-2.773699999999999832e+00 -6.746400000000000174e-01 3.273000000000000215e-02
-2.745099999999999874e+00 -6.746400000000000174e-01 3.481800000000000173e-02
-2.716499999999999915e+00 -6.746400000000000174e-01 3.588800000000000323e-02
-2.687899999999999956e+00 -6.746400000000000174e-01 3.435900000000000065e-02
-2.659299999999999997e+00 -6.746400000000000174e-01 3.083500000000000130e-02
-2.630700000000000038e+00 -6.746400000000000174e-01 2.616999999999999882e-02
-2.602100000000000080e+00 -6.746400000000000174e-01 2.054900000000000129e-02
-2.573500000000000121e+00 -6.746400000000000174e-01 1.464000000000000024e-02
-2.544900000000000162e+00 -6.746400000000000174e-01 9.298400000000000068e-03
-2.516300000000000203e+00 -6.746400000000000174e-01 6.356399999999999897e-03
-2.487699999999999800e+00 -6.746400000000000174e-01 3.052599999999999932e-03
-2.459200000000000053e+00 -6.746400000000000174e-01 1.066200000000000004e-03
-2.430600000000000094e+00 -6.746400000000000174e-01 1.640300000000000135e-04
-2.402000000000000135e+00 -6.746400000000000174e-01 2.008900000000000028e-05
-2.373400000000000176e+00 -6.746400000000000174e-01 2.832600000000000222e-04
-2.344800000000000217e+00 -6.746400000000000174e-01 6.357999999999999503e-04
-2.316199999999999815e+00 -6.746400000000000174e-01 8.144899999999999623e-04
-2.287599999999999856e+00 -6.746400000000000174e-01 9.213199999999999949e-04
-2.258999999999999897e+00 -6.746400000000000174e-01 8.331799999999999883e-04
-2.230399999999999938e+00 -6.746400000000000174e-01 6.130600000000000155e-04
-2.201799999999999979e+00 -6.746400000000000174e-01 3.418699999999999777e-04
-2.173200000000000021e+00 -6.746400000000000174e-01 1.190999999999999947e-04
-2.144600000000000062e+00 -6.746400000000000174e-01 1.165199999999999957e-05
-2.116000000000000103e+00 -6.746400000000000174e-01 3.252699999999999791e-06
-2.087400000000000144e+00 -6.746400000000000174e-01 6.243599999999999649e-05
-2.058800000000000185e+00 -6.746400000000000174e-01 1.550199999999999896e-04
-2.030199999999999783e+00 -6.746400000000000174e-01 2.023999999999999866e-04
-2.001599999999999824e+00 -6.746400000000000174e-01 2.669099999999999771e-04
-1.973000000000000087e+00 -6.746400000000000174e-01 8.508199999999999617e-05
-1.944399999999999906e+00 -6.746400000000000174e-01 2.407800000000000088e-04
-1.915799999999999947e+00 -6.746400000000000174e-01 3.168900000000000102e-04
-1.887299999999999978e+00 -6.746400000000000174e-01 2.828000000000000029e-05
-1.858700000000000019e+00 -6.746400000000000174e-01 5.345600000000000048e-04
-1.830100000000000060e+00 -6.746400000000000174e-01 6.458699999999999674e-05
-1.801500000000000101e+00 -6.746400000000000174e-01 6.563400000000000213e-05
-1.772899999999999920e+00 -6.746400000000000174e-01 1.103599999999999937e-04
-1.744299999999999962e+00 -6.746400000000000174e-01 3.890100000000000068e-03
-1.715700000000000003e+00 -6.746400000000000174e-01 1.129199999999999995e-02
-1.687100000000000044e+00 -6.746400000000000174e-01 1.968399999999999924e-04
-1.658500000000000085e+00 -6.746400000000000174e-01 7.047799999999999844e-05
-1.629899999999999904e+00 -6.746400000000000174e-01 3.049600000000000075e-05
-1.601299999999999946e+00 -6.746400000000000174e-01 1.445000000000000056e-05
-1.572699999999999987e+00 -6.746400000000000174e-01 7.852100000000000597e-06
-1.544100000000000028e+00 -6.746400000000000174e-01 5.668900000000000053e-06
-1.515500000000000069e+00 -6.746400000000000174e-01 5.500200000000000296e-06
-1.486900000000000110e+00 -6.746400000000000174e-01 6.127100000000000172e-06
-1.458299999999999930e+00 -6.746400000000000174e-01 7.017399999999999932e-06
-1.429699999999999971e+00 -6.746400000000000174e-01 7.601200000000000170e-06
-1.401100000000000012e+00 -6.746400000000000174e-01 7.641299999999999159e-06
-1.372500000000000053e+00 -6.746400000000000174e-01 7.087000000000000078e-06
-1.344000000000000083e+00 -6.746400000000000174e-01 6.077700000000000272e-06
-1.315399999999999903e+00 -6.746400000000000174e-01 5.263099999999999635e-06
-1.286799999999999944e+00 -6.746400000000000174e-01 3.995799999999999927e-06
-1.258199999999999985e+00 -6.746400000000000174e-01 2.806100000000000120e-06
-1.229600000000000026e+00 -6.746400000000000174e-01 1.819400000000000105e-06
-1.201000000000000068e+00 -6.746400000000000174e-01 1.076099999999999955e-06
-8.578400000000000469e-01 -6.746400000000000174e-01 1.685499999999999998e-06
-8.292500000000000426e-01 -6.746400000000000174e-01 7.119299999999999752e-06
-8.006499999999999728e-01 -6.746400000000000174e-01 1.823399999999999923e-04
-7.720599999999999685e-01 -6.746400000000000174e-01 6.594599999999999507e-05
-7.434600000000000097e-01 -6.746400000000000174e-01 9.436899999999999382e-06
-7.148700000000000054e-01 -6.746400000000000174e-01 1.665599999999999986e-06
-6.862700000000000466e-01 -6.746400000000000174e-01 1.459399999999999952e-06
-4.575199999999999823e-01 -6.746400000000000174e-01 1.116800000000000048e-06
-4.289200000000000235e-01 -6.746400000000000174e-01 1.406700000000000016e-06
-4.003300000000000192e-01 -6.746400000000000174e-01 1.482499999999999994e-06
-3.717300000000000049e-01 -6.746400000000000174e-01 1.305600000000000044e-06
-1.715700000000000003e-01 -6.746400000000000174e-01 2.007299999999999823e-06
-1.429700000000000137e-01 -6.746400000000000174e-01 3.194999999999999903e-06
-1.143799999999999956e-01 -6.746400000000000174e-01 4.237499999999999663e-06
-8.578399999999999914e-02 -6.746400000000000174e-01 4.721999999999999852e-06
-5.718999999999999778e-02 -6.746400000000000174e-01 5.018199999999999659e-06
-2.859499999999999889e-02 -6.746400000000000174e-01 4.742499999999999910e-06
0.000000000000000000e+00 -6.746400000000000174e-01 4.018599999999999946e-06
-4.489399999999999835e+00 -6.459300000000000042e-01 4.885499999999999896e-05
-4.460799999999999876e+00 -6.459300000000000042e-01 7.062499999999999551e-05
-4.432199999999999918e+00 -6.459300000000000042e-01 8.655199999999999396e-05
-4.403599999999999959e+00 -6.459300000000000042e-01 9.638300000000000198e-05
-4.375000000000000000e+00 -6.459300000000000042e-01 9.255399999999999511e-05
-4.346400000000000041e+00 -6.459300000000000042e-01 8.284499999999999709e-05
-4.317800000000000082e+00 -6.459300000000000042e-01 6.183499999999999327e-05
-4.289200000000000124e+00 -6.459300000000000042e-01 3.818699999999999878e-05
-4.260600000000000165e+00 -6.459300000000000042e-01 1.637500000000000161e-05
-4.232000000000000206e+00 -6.459300000000000042e-01 2.895500000000000060e-06
-4.174800000000000288e+00 -6.459300000000000042e-01 1.033399999999999965e-05
-4.146200000000000330e+00 -6.459300000000000042e-01 2.113400000000000128e-05
-4.117600000000000371e+00 -6.459300000000000042e-01 3.895500000000000227e-05
-4.089100000000000179e+00 -6.459300000000000042e-01 5.591999999999999993e-05
-4.060500000000000220e+00 -6.459300000000000042e-01 6.400499999999999451e-05
-4.031900000000000261e+00 -6.459300000000000042e-01 5.960700000000000037e-05
-4.003300000000000303e+00 -6.459300000000000042e-01 4.657300000000000285e-05
-3.974699999999999900e+00 -6.459300000000000042e-01 2.824699999999999908e-05
-3.946099999999999941e+00 -6.459300000000000042e-01 1.599399999999999967e-05
-3.917499999999999982e+00 -6.459300000000000042e-01 3.264400000000000035e-06
-3.888900000000000023e+00 -6.459300000000000042e-01 1.110700000000000013e-06
-3.860300000000000065e+00 -6.459300000000000042e-01 1.117400000000000008e-05
-3.831700000000000106e+00 -6.459300000000000042e-01 2.986799999999999931e-05
-3.803100000000000147e+00 -6.459300000000000042e-01 5.165999999999999667e-05
-3.774500000000000188e+00 -6.459300000000000042e-01 7.147400000000000042e-05
-3.745899999999999785e+00 -6.459300000000000042e-01 7.917199999999999347e-05
-3.717299999999999827e+00 -6.459300000000000042e-01 8.096099999999999955e-05
-3.688699999999999868e+00 -6.459300000000000042e-01 7.523800000000000030e-05
-3.660099999999999909e+00 -6.459300000000000042e-01 6.696599999999999547e-05
-3.631499999999999950e+00 -6.459300000000000042e-01 6.458599999999999454e-05
-3.602899999999999991e+00 -6.459300000000000042e-01 7.419099999999999491e-05
-3.574300000000000033e+00 -6.459300000000000042e-01 1.034300000000000041e-04
-3.545799999999999841e+00 -6.459300000000000042e-01 1.310399999999999922e-04
-3.517199999999999882e+00 -6.459300000000000042e-01 1.735999999999999913e-04
-3.488599999999999923e+00 -6.459300000000000042e-01 2.058499999999999891e-04
-3.459999999999999964e+00 -6.459300000000000042e-01 2.366199999999999944e-04
-3.431400000000000006e+00 -6.459300000000000042e-01 2.297599999999999957e-04
-3.402800000000000047e+00 -6.459300000000000042e-01 1.905200000000000123e-04
-3.374200000000000088e+00 -6.459300000000000042e-01 1.345899999999999972e-04
-3.345600000000000129e+00 -6.459300000000000042e-01 9.253900000000000287e-05
-3.317000000000000171e+00 -6.459300000000000042e-01 3.964100000000000214e-05
-3.288400000000000212e+00 -6.459300000000000042e-01 1.675300000000000037e-05
-3.259799999999999809e+00 -6.459300000000000042e-01 3.451199999999999754e-05
-3.231199999999999850e+00 -6.459300000000000042e-01 9.561299999999999411e-05
-3.202599999999999891e+00 -6.459300000000000042e-01 1.678999999999999883e-04
-3.173999999999999932e+00 -6.459300000000000042e-01 2.430199999999999873e-04
-3.145399999999999974e+00 -6.459300000000000042e-01 2.818599999999999882e-04
-3.116800000000000015e+00 -6.459300000000000042e-01 2.888100000000000216e-04
-3.088200000000000056e+00 -6.459300000000000042e-01 2.239400000000000006e-04
-3.059600000000000097e+00 -6.459300000000000042e-01 1.362299999999999883e-04
-3.031000000000000139e+00 -6.459300000000000042e-01 4.826300000000000192e-05
-3.002499999999999947e+00 -6.459300000000000042e-01 3.076299999999999667e-05
-2.973899999999999988e+00 -6.459300000000000042e-01 1.509199999999999984e-04
-2.945300000000000029e+00 -6.459300000000000042e-01 3.536799999999999883e-04
-2.916700000000000070e+00 -6.459300000000000042e-01 8.544800000000000182e-04
-2.888100000000000112e+00 -6.459300000000000042e-01 1.544199999999999913e-03
-2.859500000000000153e+00 -6.459300000000000042e-01 2.349400000000000186e-03
-2.830900000000000194e+00 -6.459300000000000042e-01 3.528499999999999952e-03
-2.802299999999999791e+00 -6.459300000000000042e-01 4.492699999999999645e-03
-2.773699999999999832e+00 -6.459300000000000042e-01 5.198300000000000316e-03
-2.745099999999999874e+00 -6.459300000000000042e-01 5.545500000000000082e-03
-2.716499999999999915e+00 -6.459300000000000042e-01 6.042600000000000401e-03
-2.687899999999999956e+00 -6.459300000000000042e-01 5.722800000000000109e-03
-2.659299999999999997e+00 -6.459300000000000042e-01 5.108599999999999600e-03
-2.630700000000000038e+00 -6.459300000000000042e-01 4.436400000000000066e-03
-2.602100000000000080e+00 -6.459300000000000042e-01 3.538700000000000092e-03
-2.573500000000000121e+00 -6.459300000000000042e-01 2.426499999999999838e-03
-2.544900000000000162e+00 -6.459300000000000042e-01 1.575400000000000021e-03
-2.516300000000000203e+00 -6.459300000000000042e-01 1.089399999999999917e-03
-2.487699999999999800e+00 -6.459300000000000042e-01 5.207400000000000050e-04
-2.459200000000000053e+00 -6.459300000000000042e-01 1.746899999999999961e-04
-2.430600000000000094e+00 -6.459300000000000042e-01 2.433899999999999855e-05
-2.373400000000000176e+00 -6.459300000000000042e-01 4.174999999999999838e-05
-2.344800000000000217e+00 -6.459300000000000042e-01 9.092399999999999885e-05
-2.316199999999999815e+00 -6.459300000000000042e-01 1.229400000000000122e-04
-2.287599999999999856e+00 -6.459300000000000042e-01 1.343600000000000079e-04
-2.258999999999999897e+00 -6.459300000000000042e-01 1.089000000000000043e-04
-2.230399999999999938e+00 -6.459300000000000042e-01 6.845599999999999645e-05
-2.201799999999999979e+00 -6.459300000000000042e-01 3.394299999999999672e-05
-2.173200000000000021e+00 -6.459300000000000042e-01 6.171500000000000119e-06
-2.144600000000000062e+00 -6.459300000000000042e-01 1.700200000000000044e-06
-2.116000000000000103e+00 -6.459300000000000042e-01 9.334299999999999721e-06
-2.087400000000000144e+00 -6.459300000000000042e-01 3.162700000000000060e-05
-2.058800000000000185e+00 -6.459300000000000042e-01 5.526800000000000007e-05
-2.030199999999999783e+00 -6.459300000000000042e-01 6.270500000000000357e-05
-2.001599999999999824e+00 -6.459300000000000042e-01 7.718700000000000485e-05
-1.973000000000000087e+00 -6.459300000000000042e-01 3.846700000000000287e-05
-1.944399999999999906e+00 -6.459300000000000042e-01 4.961499999999999846e-05
-1.915799999999999947e+00 -6.459300000000000042e-01 1.869800000000000021e-04
-1.887299999999999978e+00 -6.459300000000000042e-01 1.689299999999999903e-05
-1.858700000000000019e+00 -6.459300000000000042e-01 2.205200000000000096e-04
-1.830100000000000060e+00 -6.459300000000000042e-01 3.573200000000000280e-05
-1.801500000000000101e+00 -6.459300000000000042e-01 2.296200000000000140e-05
-1.772899999999999920e+00 -6.459300000000000042e-01 2.169500000000000150e-05
-1.744299999999999962e+00 -6.459300000000000042e-01 4.797599999999999738e-04
-1.715700000000000003e+00 -6.459300000000000042e-01 5.342200000000000074e-03
-1.687100000000000044e+00 -6.459300000000000042e-01 4.400700000000000065e-05
-1.658500000000000085e+00 -6.459300000000000042e-01 2.399599999999999861e-05
-1.629899999999999904e+00 -6.459300000000000042e-01 1.278200000000000061e-05
-1.601299999999999946e+00 -6.459300000000000042e-01 7.967499999999999526e-06
-1.572699999999999987e+00 -6.459300000000000042e-01 5.956300000000000045e-06
-1.544100000000000028e+00 -6.459300000000000042e-01 5.062100000000000204e-06
-1.515500000000000069e+00 -6.459300000000000042e-01 4.724999999999999654e-06
-1.486900000000000110e+00 -6.459300000000000042e-01 4.344899999999999685e-06
-1.458299999999999930e+00 -6.459300000000000042e-01 3.988900000000000044e-06
-1.429699999999999971e+00 -6.459300000000000042e-01 3.590100000000000152e-06
-1.401100000000000012e+00 -6.459300000000000042e-01 3.193000000000000176e-06
-1.372500000000000053e+00 -6.459300000000000042e-01 2.842600000000000109e-06
-1.344000000000000083e+00 -6.459300000000000042e-01 2.540199999999999837e-06
-1.315399999999999903e+00 -6.459300000000000042e-01 2.380499999999999909e-06
-1.286799999999999944e+00 -6.459300000000000042e-01 2.207700000000000055e-06
-1.258199999999999985e+00 -6.459300000000000042e-01 2.053699999999999921e-06
-1.229600000000000026e+00 -6.459300000000000042e-01 1.871499999999999996e-06
-1.201000000000000068e+00 -6.459300000000000042e-01 1.632200000000000017e-06
-1.172400000000000109e+00 -6.459300000000000042e-01 1.328000000000000033e-06
-8.578400000000000469e-01 -6.459300000000000042e-01 4.437900000000000319e-06
-8.292500000000000426e-01 -6.459300000000000042e-01 8.288899999999999870e-05
-8.006499999999999728e-01 -6.459300000000000042e-01 7.920299999999999368e-05
-7.720599999999999685e-01 -6.459300000000000042e-01 2.723000000000000018e-06
-7.434600000000000097e-01 -6.459300000000000042e-01 1.479199999999999958e-06
-6.862700000000000466e-01 -6.459300000000000042e-01 1.076800000000000007e-06
-1.429700000000000137e-01 -6.459300000000000042e-01 1.165200000000000084e-06
-1.143799999999999956e-01 -6.459300000000000042e-01 1.927199999999999946e-06
-8.578399999999999914e-02 -6.459300000000000042e-01 2.394399999999999894e-06
-5.718999999999999778e-02 -6.459300000000000042e-01 2.904099999999999859e-06
-2.859499999999999889e-02 -6.459300000000000042e-01 3.054700000000000162e-06
0.000000000000000000e+00 -6.459300000000000042e-01 2.800199999999999888e-06
-4.489399999999999835e+00 -6.172199999999999909e-01 2.613900000000000164e-05
-4.460799999999999876e+00 -6.172199999999999909e-01 4.693599999999999921e-05
-4.432199999999999918e+00 -6.172199999999999909e-01 6.599200000000000107e-05
-4.403599999999999959e+00 -6.172199999999999909e-01 7.440899999999999858e-05
-4.375000000000000000e+00 -6.172199999999999909e-01 7.376900000000000471e-05
-4.346400000000000041e+00 -6.172199999999999909e-01 6.418399999999999399e-05
-4.317800000000000082e+00 -6.172199999999999909e-01 4.388700000000000180e-05
-4.289200000000000124e+00 -6.172199999999999909e-01 2.104600000000000145e-05
-4.260600000000000165e+00 -6.172199999999999909e-01 4.879700000000000053e-06
-4.203400000000000247e+00 -6.172199999999999909e-01 8.712500000000000016e-06
-4.174800000000000288e+00 -6.172199999999999909e-01 2.767000000000000105e-05
-4.146200000000000330e+00 -6.172199999999999909e-01 4.292900000000000183e-05
-4.117600000000000371e+00 -6.172199999999999909e-01 6.365800000000000614e-05
-4.089100000000000179e+00 -6.172199999999999909e-01 7.320000000000000389e-05
-4.060500000000000220e+00 -6.172199999999999909e-01 7.064999999999999611e-05
-4.031900000000000261e+00 -6.172199999999999909e-01 5.666000000000000301e-05
-4.003300000000000303e+00 -6.172199999999999909e-01 3.467100000000000059e-05
-3.974699999999999900e+00 -6.172199999999999909e-01 1.389600000000000045e-05
-3.946099999999999941e+00 -6.172199999999999909e-01 4.861099999999999926e-06
-3.888900000000000023e+00 -6.172199999999999909e-01 8.673799999999999861e-06
-3.860300000000000065e+00 -6.172199999999999909e-01 2.277600000000000013e-05
-3.831700000000000106e+00 -6.172199999999999909e-01 3.652399999999999793e-05
-3.803100000000000147e+00 -6.172199999999999909e-01 4.141400000000000024e-05
-3.774500000000000188e+00 -6.172199999999999909e-01 3.329499999999999886e-05
-3.745899999999999785e+00 -6.172199999999999909e-01 2.319700000000000169e-05
-3.717299999999999827e+00 -6.172199999999999909e-01 8.057700000000000797e-06
-3.688699999999999868e+00 -6.172199999999999909e-01 1.062499999999999992e-06
-3.660099999999999909e+00 -6.172199999999999909e-01 1.653500000000000008e-05
-3.631499999999999950e+00 -6.172199999999999909e-01 6.267900000000000077e-05
-3.602899999999999991e+00 -6.172199999999999909e-01 1.384599999999999991e-04
-3.574300000000000033e+00 -6.172199999999999909e-01 2.286000000000000000e-04
-3.545799999999999841e+00 -6.172199999999999909e-01 2.884100000000000118e-04
-3.517199999999999882e+00 -6.172199999999999909e-01 3.597599999999999843e-04
-3.488599999999999923e+00 -6.172199999999999909e-01 3.868100000000000184e-04
-3.459999999999999964e+00 -6.172199999999999909e-01 3.478999999999999996e-04
-3.431400000000000006e+00 -6.172199999999999909e-01 2.746199999999999965e-04
-3.402800000000000047e+00 -6.172199999999999909e-01 1.739599999999999946e-04
-3.374200000000000088e+00 -6.172199999999999909e-01 8.016299999999999804e-05
-3.345600000000000129e+00 -6.172199999999999909e-01 4.437600000000000339e-05
-3.317000000000000171e+00 -6.172199999999999909e-01 5.487600000000000111e-05
-3.288400000000000212e+00 -6.172199999999999909e-01 1.521100000000000056e-04
-3.259799999999999809e+00 -6.172199999999999909e-01 3.224699999999999941e-04
-3.231199999999999850e+00 -6.172199999999999909e-01 5.228900000000000301e-04
-3.202599999999999891e+00 -6.172199999999999909e-01 7.098500000000000426e-04
-3.173999999999999932e+00 -6.172199999999999909e-01 8.017400000000000047e-04
-3.145399999999999974e+00 -6.172199999999999909e-01 7.864799999999999916e-04
-3.116800000000000015e+00 -6.172199999999999909e-01 6.552399999999999674e-04
-3.088200000000000056e+00 -6.172199999999999909e-01 4.323400000000000246e-04
-3.059600000000000097e+00 -6.172199999999999909e-01 1.854299999999999915e-04
-3.031000000000000139e+00 -6.172199999999999909e-01 5.938800000000000128e-05
-3.002499999999999947e+00 -6.172199999999999909e-01 1.998099999999999995e-04
-2.973899999999999988e+00 -6.172199999999999909e-01 7.497400000000000418e-04
-2.945300000000000029e+00 -6.172199999999999909e-01 1.383499999999999964e-03
-2.916700000000000070e+00 -6.172199999999999909e-01 2.770700000000000073e-03
-2.888100000000000112e+00 -6.172199999999999909e-01 4.645999999999999956e-03
-2.859500000000000153e+00 -6.172199999999999909e-01 6.793399999999999786e-03
-2.830900000000000194e+00 -6.172199999999999909e-01 8.796699999999999312e-03
-2.802299999999999791e+00 -6.172199999999999909e-01 1.110099999999999976e-02
-2.773699999999999832e+00 -6.172199999999999909e-01 1.284700000000000078e-02
-2.745099999999999874e+00 -6.172199999999999909e-01 1.349500000000000005e-02
-2.716499999999999915e+00 -6.172199999999999909e-01 1.351199999999999971e-02
-2.687899999999999956e+00 -6.172199999999999909e-01 1.312999999999999931e-02
-2.659299999999999997e+00 -6.172199999999999909e-01 1.178399999999999934e-02
-2.630700000000000038e+00 -6.172199999999999909e-01 9.803400000000000308e-03
-2.602100000000000080e+00 -6.172199999999999909e-01 7.649399999999999776e-03
-2.573500000000000121e+00 -6.172199999999999909e-01 5.542000000000000051e-03
-2.544900000000000162e+00 -6.172199999999999909e-01 3.481000000000000153e-03
-2.516300000000000203e+00 -6.172199999999999909e-01 2.338100000000000074e-03
-2.487699999999999800e+00 -6.172199999999999909e-01 1.088599999999999898e-03
-2.459200000000000053e+00 -6.172199999999999909e-01 3.546399999999999791e-04
-2.430600000000000094e+00 -6.172199999999999909e-01 4.499400000000000323e-05
-2.402000000000000135e+00 -6.172199999999999909e-01 4.881799999999999914e-05
-2.373400000000000176e+00 -6.172199999999999909e-01 2.258499999999999874e-04
-2.344800000000000217e+00 -6.172199999999999909e-01 4.414800000000000083e-04
-2.316199999999999815e+00 -6.172199999999999909e-01 5.504499999999999628e-04
-2.287599999999999856e+00 -6.172199999999999909e-01 6.392000000000000329e-04
-2.258999999999999897e+00 -6.172199999999999909e-01 6.286399999999999714e-04
-2.230399999999999938e+00 -6.172199999999999909e-01 5.249700000000000373e-04
-2.201799999999999979e+00 -6.172199999999999909e-01 3.612299999999999821e-04
-2.173200000000000021e+00 -6.172199999999999909e-01 1.967000000000000107e-04
-2.144600000000000062e+00 -6.172199999999999909e-01 7.279999999999999416e-05
-2.116000000000000103e+00 -6.172199999999999909e-01 2.660599999999999904e-05
-2.087400000000000144e+00 -6.172199999999999909e-01 6.724599999999999957e-06
-2.058800000000000185e+00 -6.172199999999999909e-01 3.369299999999999742e-05
-2.030199999999999783e+00 -6.172199999999999909e-01 7.365399999999999649e-05
-2.001599999999999824e+00 -6.172199999999999909e-01 1.086900000000000046e-04
-1.973000000000000087e+00 -6.172199999999999909e-01 1.153200000000000004e-04
-1.944399999999999906e+00 -6.172199999999999909e-01 4.082899999999999821e-05
-1.915799999999999947e+00 -6.172199999999999909e-01 2.168700000000000022e-04
-1.887299999999999978e+00 -6.172199999999999909e-01 1.317900000000000037e-05
-1.858700000000000019e+00 -6.172199999999999909e-01 1.196199999999999999e-05
-1.830100000000000060e+00 -6.172199999999999909e-01 2.126699999999999899e-06
-1.772899999999999920e+00 -6.172199999999999909e-01 1.684999999999999961e-06
-1.744299999999999962e+00 -6.172199999999999909e-01 2.849699999999999838e-05
-1.715700000000000003e+00 -6.172199999999999909e-01 1.201800000000000047e-03
-1.687100000000000044e+00 -6.172199999999999909e-01 5.425699999999999908e-05
-1.658500000000000085e+00 -6.172199999999999909e-01 1.768899999999999954e-05
-1.629899999999999904e+00 -6.172199999999999909e-01 1.258599999999999944e-05
-1.601299999999999946e+00 -6.172199999999999909e-01 7.969799999999999487e-06
-1.572699999999999987e+00 -6.172199999999999909e-01 5.292700000000000165e-06
-1.544100000000000028e+00 -6.172199999999999909e-01 3.567700000000000163e-06
-1.515500000000000069e+00 -6.172199999999999909e-01 2.714999999999999840e-06
-1.486900000000000110e+00 -6.172199999999999909e-01 1.723799999999999911e-06
-1.286799999999999944e+00 -6.172199999999999909e-01 1.003700000000000021e-06
-1.258199999999999985e+00 -6.172199999999999909e-01 1.615400000000000026e-06
-1.229600000000000026e+00 -6.172199999999999909e-01 2.193800000000000070e-06
-1.201000000000000068e+00 -6.172199999999999909e-01 2.607300000000000007e-06
-1.172400000000000109e+00 -6.172199999999999909e-01 2.780499999999999891e-06
-1.143799999999999928e+00 -6.172199999999999909e-01 2.671799999999999983e-06
-1.115199999999999969e+00 -6.172199999999999909e-01 2.465299999999999927e-06
-1.086600000000000010e+00 -6.172199999999999909e-01 2.012600000000000009e-06
-1.058000000000000052e+00 -6.172199999999999909e-01 1.469999999999999902e-06
-8.864400000000000057e-01 -6.172199999999999909e-01 5.969999999999999592e-06
-8.578400000000000469e-01 -6.172199999999999909e-01 1.926499999999999936e-05
-8.292500000000000426e-01 -6.172199999999999909e-01 1.494000000000000102e-03
-8.006499999999999728e-01 -6.172199999999999909e-01 4.461699999999999989e-06
-7.720599999999999685e-01 -6.172199999999999909e-01 2.081499999999999892e-06
-6.004899999999999682e-01 -6.172199999999999909e-01 1.182599999999999909e-06
-5.718999999999999639e-01 -6.172199999999999909e-01 1.246200000000000029e-06
-5.433000000000000052e-01 -6.172199999999999909e-01 1.130600000000000026e-06
-2.859499999999999820e-01 -6.172199999999999909e-01 1.053399999999999943e-06
-2.573500000000000232e-01 -6.172199999999999909e-01 1.082099999999999982e-06
0.000000000000000000e+00 -6.172199999999999909e-01 1.179400000000000092e-06
-4.489399999999999835e+00 -5.885200000000000431e-01 1.842000000000000050e-04
-4.460799999999999876e+00 -5.885200000000000431e-01 2.802699999999999983e-04
-4.432199999999999918e+00 -5.885200000000000431e-01 3.646699999999999898e-04
-4.403599999999999959e+00 -5.885200000000000431e-01 4.093599999999999973e-04
-4.375000000000000000e+00 -5.885200000000000431e-01 4.068499999999999959e-04
-4.346400000000000041e+00 -5.885200000000000431e-01 3.519700000000000064e-04
-4.317800000000000082e+00 -5.885200000000000431e-01 2.508400000000000039e-04
-4.289200000000000124e+00 -5.885200000000000431e-01 1.358700000000000120e-04
-4.260600000000000165e+00 -5.885200000000000431e-01 4.267800000000000033e-05
-4.232000000000000206e+00 -5.885200000000000431e-01 3.080900000000000013e-06
-4.203400000000000247e+00 -5.885200000000000431e-01 3.057400000000000238e-05
-4.174800000000000288e+00 -5.885200000000000431e-01 1.161099999999999979e-04
-4.146200000000000330e+00 -5.885200000000000431e-01 1.908699999999999937e-04
-4.117600000000000371e+00 -5.885200000000000431e-01 2.986199999999999835e-04
-4.089100000000000179e+00 -5.885200000000000431e-01 3.670899999999999836e-04
-4.060500000000000220e+00 -5.885200000000000431e-01 3.714999999999999769e-04
-4.031900000000000261e+00 -5.885200000000000431e-01 3.075500000000000217e-04
-4.003300000000000303e+00 -5.885200000000000431e-01 1.998699999999999956e-04
-3.974699999999999900e+00 -5.885200000000000431e-01 8.809600000000000492e-05
-3.946099999999999941e+00 -5.885200000000000431e-01 3.203699999999999837e-05
-3.888900000000000023e+00 -5.885200000000000431e-01 3.760199999999999675e-05
-3.860300000000000065e+00 -5.885200000000000431e-01 1.247599999999999913e-04
-3.831700000000000106e+00 -5.885200000000000431e-01 2.222000000000000071e-04
-3.803100000000000147e+00 -5.885200000000000431e-01 2.836599999999999777e-04
-3.774500000000000188e+00 -5.885200000000000431e-01 2.795000000000000175e-04
-3.745899999999999785e+00 -5.885200000000000431e-01 2.381399999999999934e-04
-3.717299999999999827e+00 -5.885200000000000431e-01 1.414900000000000023e-04
-3.688699999999999868e+00 -5.885200000000000431e-01 6.004900000000000054e-05
-3.660099999999999909e+00 -5.885200000000000431e-01 6.573900000000000197e-05
-3.631499999999999950e+00 -5.885200000000000431e-01 2.167100000000000038e-04
-3.602899999999999991e+00 -5.885200000000000431e-01 5.312999999999999581e-04
-3.574300000000000033e+00 -5.885200000000000431e-01 9.688999999999999696e-04
-3.545799999999999841e+00 -5.885200000000000431e-01 1.283499999999999919e-03
-3.517199999999999882e+00 -5.885200000000000431e-01 1.684299999999999903e-03
-3.488599999999999923e+00 -5.885200000000000431e-01 1.885699999999999920e-03
-3.459999999999999964e+00 -5.885200000000000431e-01 1.811899999999999969e-03
-3.431400000000000006e+00 -5.885200000000000431e-01 1.462699999999999938e-03
-3.402800000000000047e+00 -5.885200000000000431e-01 9.254899999999999499e-04
-3.374200000000000088e+00 -5.885200000000000431e-01 3.864800000000000266e-04
-3.345600000000000129e+00 -5.885200000000000431e-01 1.324099999999999876e-04
-3.317000000000000171e+00 -5.885200000000000431e-01 5.486799999999999712e-05
-3.288400000000000212e+00 -5.885200000000000431e-01 4.424000000000000198e-04
-3.259799999999999809e+00 -5.885200000000000431e-01 1.257000000000000088e-03
-3.231199999999999850e+00 -5.885200000000000431e-01 2.316100000000000190e-03
-3.202599999999999891e+00 -5.885200000000000431e-01 3.321499999999999800e-03
-3.173999999999999932e+00 -5.885200000000000431e-01 3.921299999999999959e-03
-3.145399999999999974e+00 -5.885200000000000431e-01 3.967400000000000267e-03
-3.116800000000000015e+00 -5.885200000000000431e-01 3.414700000000000114e-03
-3.088200000000000056e+00 -5.885200000000000431e-01 2.245599999999999940e-03
-3.059600000000000097e+00 -5.885200000000000431e-01 9.180599999999999481e-04
-3.031000000000000139e+00 -5.885200000000000431e-01 1.093700000000000049e-04
-3.002499999999999947e+00 -5.885200000000000431e-01 6.205600000000000352e-04
-2.973899999999999988e+00 -5.885200000000000431e-01 3.250999999999999984e-03
-2.945300000000000029e+00 -5.885200000000000431e-01 6.464300000000000081e-03
-2.916700000000000070e+00 -5.885200000000000431e-01 1.360199999999999951e-02
-2.888100000000000112e+00 -5.885200000000000431e-01 2.317699999999999969e-02
-2.859500000000000153e+00 -5.885200000000000431e-01 3.436899999999999678e-02
-2.830900000000000194e+00 -5.885200000000000431e-01 4.622600000000000320e-02
-2.802299999999999791e+00 -5.885200000000000431e-01 5.738100000000000145e-02
-2.773699999999999832e+00 -5.885200000000000431e-01 6.606399999999999773e-02
-2.745099999999999874e+00 -5.885200000000000431e-01 6.984700000000000630e-02
-2.716499999999999915e+00 -5.885200000000000431e-01 7.163500000000000423e-02
-2.687899999999999956e+00 -5.885200000000000431e-01 6.837999999999999634e-02
-2.659299999999999997e+00 -5.885200000000000431e-01 6.089599999999999874e-02
-2.630700000000000038e+00 -5.885200000000000431e-01 5.107500000000000234e-02
-2.602100000000000080e+00 -5.885200000000000431e-01 3.995699999999999946e-02
-2.573500000000000121e+00 -5.885200000000000431e-01 2.847299999999999831e-02
-2.544900000000000162e+00 -5.885200000000000431e-01 1.803199999999999942e-02
-2.516300000000000203e+00 -5.885200000000000431e-01 1.224100000000000014e-02
-2.487699999999999800e+00 -5.885200000000000431e-01 5.734900000000000241e-03
-2.459200000000000053e+00 -5.885200000000000431e-01 1.900599999999999902e-03
-2.430600000000000094e+00 -5.885200000000000431e-01 2.670400000000000182e-04
-2.402000000000000135e+00 -5.885200000000000431e-01 1.667899999999999938e-04
-2.373400000000000176e+00 -5.885200000000000431e-01 9.088800000000000394e-04
-2.344800000000000217e+00 -5.885200000000000431e-01 1.831699999999999908e-03
-2.316199999999999815e+00 -5.885200000000000431e-01 2.305999999999999890e-03
-2.287599999999999856e+00 -5.885200000000000431e-01 2.639400000000000079e-03
-2.258999999999999897e+00 -5.885200000000000431e-01 2.499400000000000146e-03
-2.230399999999999938e+00 -5.885200000000000431e-01 2.004500000000000205e-03
-2.201799999999999979e+00 -5.885200000000000431e-01 1.320200000000000106e-03
-2.173200000000000021e+00 -5.885200000000000431e-01 6.484499999999999596e-04
-2.144600000000000062e+00 -5.885200000000000431e-01 1.895300000000000099e-04
-2.116000000000000103e+00 -5.885200000000000431e-01 4.100499999999999789e-05
-2.087400000000000144e+00 -5.885200000000000431e-01 1.756900000000000069e-05
-2.058800000000000185e+00 -5.885200000000000431e-01 1.606400000000000070e-04
-2.030199999999999783e+00 -5.885200000000000431e-01 3.191199999999999939e-04
-2.001599999999999824e+00 -5.885200000000000431e-01 3.995499999999999811e-04
-1.973000000000000087e+00 -5.885200000000000431e-01 4.834300000000000251e-04
-1.944399999999999906e+00 -5.885200000000000431e-01 8.153399999999999558e-05
-1.915799999999999947e+00 -5.885200000000000431e-01 3.485800000000000270e-04
-1.887299999999999978e+00 -5.885200000000000431e-01 5.952199999999999695e-05
-1.858700000000000019e+00 -5.885200000000000431e-01 1.223400000000000010e-05
-1.830100000000000060e+00 -5.885200000000000431e-01 1.346999999999999944e-04
-1.801500000000000101e+00 -5.885200000000000431e-01 3.402099999999999835e-05
-1.772899999999999920e+00 -5.885200000000000431e-01 6.621999999999999957e-05
-1.744299999999999962e+00 -5.885200000000000431e-01 2.327300000000000028e-04
-1.715700000000000003e+00 -5.885200000000000431e-01 3.359299999999999960e-03
-1.687100000000000044e+00 -5.885200000000000431e-01 2.701100000000000115e-03
-1.658500000000000085e+00 -5.885200000000000431e-01 1.636800000000000050e-04
-1.629899999999999904e+00 -5.885200000000000431e-01 6.120499999999999422e-05
-1.601299999999999946e+00 -5.885200000000000431e-01 2.504000000000000082e-05
-1.572699999999999987e+00 -5.885200000000000431e-01 9.664500000000000388e-06
-1.544100000000000028e+00 -5.885200000000000431e-01 2.942599999999999999e-06
-1.515500000000000069e+00 -5.885200000000000431e-01 1.063400000000000059e-06
-1.429699999999999971e+00 -5.885200000000000431e-01 1.682299999999999970e-06
-1.401100000000000012e+00 -5.885200000000000431e-01 2.249199999999999997e-06
-1.372500000000000053e+00 -5.885200000000000431e-01 2.432099999999999974e-06
-1.344000000000000083e+00 -5.885200000000000431e-01 2.300000000000000002e-06
-1.315399999999999903e+00 -5.885200000000000431e-01 2.151700000000000083e-06
-1.286799999999999944e+00 -5.885200000000000431e-01 2.022900000000000148e-06
-1.258199999999999985e+00 -5.885200000000000431e-01 2.133499999999999987e-06
-1.229600000000000026e+00 -5.885200000000000431e-01 2.513599999999999956e-06
-1.201000000000000068e+00 -5.885200000000000431e-01 3.058900000000000054e-06
-1.172400000000000109e+00 -5.885200000000000431e-01 3.586800000000000116e-06
-1.143799999999999928e+00 -5.885200000000000431e-01 3.913600000000000104e-06
-1.115199999999999969e+00 -5.885200000000000431e-01 3.949399999999999829e-06
-1.086600000000000010e+00 -5.885200000000000431e-01 3.675800000000000026e-06
-1.058000000000000052e+00 -5.885200000000000431e-01 3.089200000000000001e-06
-1.029400000000000093e+00 -5.885200000000000431e-01 2.292599999999999869e-06
-1.000799999999999912e+00 -5.885200000000000431e-01 1.442799999999999976e-06
-9.150300000000000100e-01 -5.885200000000000431e-01 1.411399999999999946e-06
-8.864400000000000057e-01 -5.885200000000000431e-01 3.748600000000000261e-04
-8.578400000000000469e-01 -5.885200000000000431e-01 2.547599999999999800e-04
-8.292500000000000426e-01 -5.885200000000000431e-01 1.723499999999999880e-04
-8.006499999999999728e-01 -5.885200000000000431e-01 1.226999999999999941e-05
-7.720599999999999685e-01 -5.885200000000000431e-01 6.227900000000000121e-06
-7.434600000000000097e-01 -5.885200000000000431e-01 2.878199999999999819e-06
-7.148700000000000054e-01 -5.885200000000000431e-01 1.180399999999999955e-06
-6.004899999999999682e-01 -5.885200000000000431e-01 1.480000000000000018e-06
-5.718999999999999639e-01 -5.885200000000000431e-01 2.123900000000000112e-06
-5.433000000000000052e-01 -5.885200000000000431e-01 2.533999999999999794e-06
-5.147100000000000009e-01 -5.885200000000000431e-01 2.558999999999999978e-06
-4.861099999999999866e-01 -5.885200000000000431e-01 2.350199999999999962e-06
-4.575199999999999823e-01 -5.885200000000000431e-01 1.776600000000000066e-06
-4.289200000000000235e-01 -5.885200000000000431e-01 1.089000000000000077e-06
-2.859499999999999820e-01 -5.885200000000000431e-01 1.382899999999999922e-06
-2.573500000000000232e-01 -5.885200000000000431e-01 2.087000000000000093e-06
-2.287599999999999911e-01 -5.885200000000000431e-01 2.595000000000000142e-06
-2.001600000000000046e-01 -5.885200000000000431e-01 2.735499999999999898e-06
-1.715700000000000003e-01 -5.885200000000000431e-01 2.446100000000000178e-06
-1.429700000000000137e-01 -5.885200000000000431e-01 1.846900000000000054e-06
-1.143799999999999956e-01 -5.885200000000000431e-01 1.128600000000000087e-06
-4.489399999999999835e+00 -5.598100000000000298e-01 3.186400000000000256e-04
-4.460799999999999876e+00 -5.598100000000000298e-01 4.799900000000000173e-04
-4.432199999999999918e+00 -5.598100000000000298e-01 6.256499999999999475e-04
-4.403599999999999959e+00 -5.598100000000000298e-01 7.035700000000000417e-04
-4.375000000000000000e+00 -5.598100000000000298e-01 7.023199999999999842e-04
-4.346400000000000041e+00 -5.598100000000000298e-01 6.176099999999999906e-04
-4.317800000000000082e+00 -5.598100000000000298e-01 4.542899999999999890e-04
-4.289200000000000124e+00 -5.598100000000000298e-01 2.577400000000000090e-04
-4.260600000000000165e+00 -5.598100000000000298e-01 9.220700000000000673e-05
-4.232000000000000206e+00 -5.598100000000000298e-01 8.821399999999999939e-06
-4.203400000000000247e+00 -5.598100000000000298e-01 3.509699999999999956e-05
-4.174800000000000288e+00 -5.598100000000000298e-01 1.608500000000000066e-04
-4.146200000000000330e+00 -5.598100000000000298e-01 2.781199999999999731e-04
-4.117600000000000371e+00 -5.598100000000000298e-01 4.567600000000000111e-04
-4.089100000000000179e+00 -5.598100000000000298e-01 5.792500000000000123e-04
-4.060500000000000220e+00 -5.598100000000000298e-01 5.977200000000000438e-04
-4.031900000000000261e+00 -5.598100000000000298e-01 5.091199999999999502e-04
-4.003300000000000303e+00 -5.598100000000000298e-01 3.415599999999999756e-04
-3.974699999999999900e+00 -5.598100000000000298e-01 1.578999999999999891e-04
-3.946099999999999941e+00 -5.598100000000000298e-01 6.272500000000000677e-05
-3.888900000000000023e+00 -5.598100000000000298e-01 5.357500000000000120e-05
-3.860300000000000065e+00 -5.598100000000000298e-01 1.960900000000000013e-04
-3.831700000000000106e+00 -5.598100000000000298e-01 3.660100000000000007e-04
-3.803100000000000147e+00 -5.598100000000000298e-01 4.901400000000000201e-04
-3.774500000000000188e+00 -5.598100000000000298e-01 5.049600000000000442e-04
-3.745899999999999785e+00 -5.598100000000000298e-01 4.493999999999999731e-04
-3.717299999999999827e+00 -5.598100000000000298e-01 2.993200000000000006e-04
-3.688699999999999868e+00 -5.598100000000000298e-01 1.494500000000000006e-04
-3.660099999999999909e+00 -5.598100000000000298e-01 1.157199999999999966e-04
-3.631499999999999950e+00 -5.598100000000000298e-01 2.974399999999999982e-04
-3.602899999999999991e+00 -5.598100000000000298e-01 7.361299999999999875e-04
-3.574300000000000033e+00 -5.598100000000000298e-01 1.381199999999999962e-03
-3.545799999999999841e+00 -5.598100000000000298e-01 1.851999999999999914e-03
-3.517199999999999882e+00 -5.598100000000000298e-01 2.483200000000000077e-03
-3.488599999999999923e+00 -5.598100000000000298e-01 2.835299999999999800e-03
-3.459999999999999964e+00 -5.598100000000000298e-01 2.758500000000000101e-03
-3.431400000000000006e+00 -5.598100000000000298e-01 2.241899999999999796e-03
-3.402800000000000047e+00 -5.598100000000000298e-01 1.439600000000000081e-03
-3.374200000000000088e+00 -5.598100000000000298e-01 5.999199999999999889e-04
-3.345600000000000129e+00 -5.598100000000000298e-01 1.929800000000000124e-04
-3.317000000000000171e+00 -5.598100000000000298e-01 4.371799999999999715e-05
-3.288400000000000212e+00 -5.598100000000000298e-01 6.050400000000000483e-04
-3.259799999999999809e+00 -5.598100000000000298e-01 1.850800000000000101e-03
-3.231199999999999850e+00 -5.598100000000000298e-01 3.485199999999999930e-03
-3.202599999999999891e+00 -5.598100000000000298e-01 5.060699999999999574e-03
-3.173999999999999932e+00 -5.598100000000000298e-01 6.068999999999999742e-03
-3.145399999999999974e+00 -5.598100000000000298e-01 6.140699999999999804e-03
-3.116800000000000015e+00 -5.598100000000000298e-01 5.301300000000000109e-03
-3.088200000000000056e+00 -5.598100000000000298e-01 3.513500000000000130e-03
-3.059600000000000097e+00 -5.598100000000000298e-01 1.436100000000000050e-03
-3.031000000000000139e+00 -5.598100000000000298e-01 1.284900000000000115e-04
-3.002499999999999947e+00 -5.598100000000000298e-01 8.585500000000000249e-04
-2.973899999999999988e+00 -5.598100000000000298e-01 4.844399999999999575e-03
-2.945300000000000029e+00 -5.598100000000000298e-01 9.784199999999999842e-03
-2.916700000000000070e+00 -5.598100000000000298e-01 2.077599999999999933e-02
-2.888100000000000112e+00 -5.598100000000000298e-01 3.562799999999999995e-02
-2.859500000000000153e+00 -5.598100000000000298e-01 5.305300000000000293e-02
-2.830900000000000194e+00 -5.598100000000000298e-01 7.114399999999999891e-02
-2.802299999999999791e+00 -5.598100000000000298e-01 8.809000000000000163e-02
-2.773699999999999832e+00 -5.598100000000000298e-01 1.019199999999999967e-01
-2.745099999999999874e+00 -5.598100000000000298e-01 1.078299999999999953e-01
-2.716499999999999915e+00 -5.598100000000000298e-01 1.101899999999999963e-01
-2.687899999999999956e+00 -5.598100000000000298e-01 1.050500000000000045e-01
-2.659299999999999997e+00 -5.598100000000000298e-01 9.381799999999999862e-02
-2.630700000000000038e+00 -5.598100000000000298e-01 7.821400000000000574e-02
-2.602100000000000080e+00 -5.598100000000000298e-01 6.079600000000000282e-02
-2.573500000000000121e+00 -5.598100000000000298e-01 4.333200000000000246e-02
-2.544900000000000162e+00 -5.598100000000000298e-01 2.743800000000000058e-02
-2.516300000000000203e+00 -5.598100000000000298e-01 1.853300000000000086e-02
-2.487699999999999800e+00 -5.598100000000000298e-01 8.631599999999999689e-03
-2.459200000000000053e+00 -5.598100000000000298e-01 2.830599999999999956e-03
-2.430600000000000094e+00 -5.598100000000000298e-01 3.796900000000000188e-04
-2.402000000000000135e+00 -5.598100000000000298e-01 2.556799999999999915e-04
-2.373400000000000176e+00 -5.598100000000000298e-01 1.357499999999999983e-03
-2.344800000000000217e+00 -5.598100000000000298e-01 2.713000000000000134e-03
-2.316199999999999815e+00 -5.598100000000000298e-01 3.388400000000000179e-03
-2.287599999999999856e+00 -5.598100000000000298e-01 3.809799999999999905e-03
-2.258999999999999897e+00 -5.598100000000000298e-01 3.553499999999999801e-03
-2.230399999999999938e+00 -5.598100000000000298e-01 2.798399999999999933e-03
-2.201799999999999979e+00 -5.598100000000000298e-01 1.791000000000000057e-03
-2.173200000000000021e+00 -5.598100000000000298e-01 8.448499999999999630e-04
-2.144600000000000062e+00 -5.598100000000000298e-01 2.210400000000000114e-04
-2.116000000000000103e+00 -5.598100000000000298e-01 3.541000000000000148e-05
-2.087400000000000144e+00 -5.598100000000000298e-01 4.085299999999999663e-05
-2.058800000000000185e+00 -5.598100000000000298e-01 2.667699999999999954e-04
-2.030199999999999783e+00 -5.598100000000000298e-01 4.998799999999999641e-04
-2.001599999999999824e+00 -5.598100000000000298e-01 5.664500000000000264e-04
-1.973000000000000087e+00 -5.598100000000000298e-01 6.836999999999999762e-04
-1.944399999999999906e+00 -5.598100000000000298e-01 9.703200000000000204e-05
-1.915799999999999947e+00 -5.598100000000000298e-01 2.252599999999999947e-04
-1.887299999999999978e+00 -5.598100000000000298e-01 1.782499999999999959e-04
-1.858700000000000019e+00 -5.598100000000000298e-01 2.311500000000000146e-05
-1.830100000000000060e+00 -5.598100000000000298e-01 6.120999999999999705e-04
-1.801500000000000101e+00 -5.598100000000000298e-01 8.800300000000000429e-05
-1.772899999999999920e+00 -5.598100000000000298e-01 1.194000000000000020e-04
-1.744299999999999962e+00 -5.598100000000000298e-01 3.035800000000000174e-04
-1.715700000000000003e+00 -5.598100000000000298e-01 1.439299999999999911e-03
-1.687100000000000044e+00 -5.598100000000000298e-01 1.536099999999999965e-02
-1.658500000000000085e+00 -5.598100000000000298e-01 2.848300000000000224e-04
-1.629899999999999904e+00 -5.598100000000000298e-01 1.195300000000000025e-04
-1.601299999999999946e+00 -5.598100000000000298e-01 4.739299999999999839e-05
-1.572699999999999987e+00 -5.598100000000000298e-01 1.682999999999999980e-05
-1.544100000000000028e+00 -5.598100000000000298e-01 4.379799999999999977e-06
-1.515500000000000069e+00 -5.598100000000000298e-01 1.074200000000000024e-06
-1.458299999999999930e+00 -5.598100000000000298e-01 1.459299999999999945e-06
-1.429699999999999971e+00 -5.598100000000000298e-01 3.269399999999999987e-06
-1.401100000000000012e+00 -5.598100000000000298e-01 4.558099999999999609e-06
-1.372500000000000053e+00 -5.598100000000000298e-01 4.920800000000000388e-06
-1.344000000000000083e+00 -5.598100000000000298e-01 4.497599999999999934e-06
-1.315399999999999903e+00 -5.598100000000000298e-01 3.962700000000000193e-06
-1.286799999999999944e+00 -5.598100000000000298e-01 3.064300000000000036e-06
-1.258199999999999985e+00 -5.598100000000000298e-01 2.403000000000000117e-06
-1.229600000000000026e+00 -5.598100000000000298e-01 2.201099999999999983e-06
-1.201000000000000068e+00 -5.598100000000000298e-01 2.454400000000000167e-06
-1.172400000000000109e+00 -5.598100000000000298e-01 2.988899999999999877e-06
-1.143799999999999928e+00 -5.598100000000000298e-01 3.561799999999999932e-06
-1.115199999999999969e+00 -5.598100000000000298e-01 3.847799999999999819e-06
-1.086600000000000010e+00 -5.598100000000000298e-01 4.022699999999999619e-06
-1.058000000000000052e+00 -5.598100000000000298e-01 3.796900000000000019e-06
-1.029400000000000093e+00 -5.598100000000000298e-01 3.249999999999999800e-06
-1.000799999999999912e+00 -5.598100000000000298e-01 2.471600000000000188e-06
-9.722199999999999731e-01 -5.598100000000000298e-01 1.575099999999999963e-06
-9.436299999999999688e-01 -5.598100000000000298e-01 6.382699999999999893e-06
-9.150300000000000100e-01 -5.598100000000000298e-01 1.416999999999999986e-05
-8.864400000000000057e-01 -5.598100000000000298e-01 3.083299999999999973e-04
-8.578400000000000469e-01 -5.598100000000000298e-01 2.952199999999999876e-03
-8.292500000000000426e-01 -5.598100000000000298e-01 2.283699999999999836e-05
-8.006499999999999728e-01 -5.598100000000000298e-01 1.111899999999999976e-05
-7.720599999999999685e-01 -5.598100000000000298e-01 6.730500000000000188e-06
-7.434600000000000097e-01 -5.598100000000000298e-01 3.747999999999999945e-06
-7.148700000000000054e-01 -5.598100000000000298e-01 1.775900000000000014e-06
-5.718999999999999639e-01 -5.598100000000000298e-01 1.852100000000000021e-06
-5.433000000000000052e-01 -5.598100000000000298e-01 2.617600000000000146e-06
-5.147100000000000009e-01 -5.598100000000000298e-01 3.041099999999999987e-06
-4.861099999999999866e-01 -5.598100000000000298e-01 3.057299999999999934e-06
-4.575199999999999823e-01 -5.598100000000000298e-01 2.679299999999999911e-06
-4.289200000000000235e-01 -5.598100000000000298e-01 1.919900000000000033e-06
-4.003300000000000192e-01 -5.598100000000000298e-01 1.070199999999999935e-06
-2.859499999999999820e-01 -5.598100000000000298e-01 1.093900000000000021e-06
-2.573500000000000232e-01 -5.598100000000000298e-01 2.128199999999999800e-06
-2.287599999999999911e-01 -5.598100000000000298e-01 3.195300000000000137e-06
-2.001600000000000046e-01 -5.598100000000000298e-01 3.979499999999999761e-06
-1.715700000000000003e-01 -5.598100000000000298e-01 4.269400000000000153e-06
-1.429700000000000137e-01 -5.598100000000000298e-01 3.959399999999999733e-06
-1.143799999999999956e-01 -5.598100000000000298e-01 3.175899999999999950e-06
-8.578399999999999914e-02 -5.598100000000000298e-01 2.520099999999999809e-06
-5.718999999999999778e-02 -5.598100000000000298e-01 1.569799999999999988e-06
-4.489399999999999835e+00 -5.311000000000000165e-01 2.578200000000000218e-04
-4.460799999999999876e+00 -5.311000000000000165e-01 3.972100000000000001e-04
-4.432199999999999918e+00 -5.311000000000000165e-01 5.256399999999999614e-04
-4.403599999999999959e+00 -5.311000000000000165e-01 6.050100000000000096e-04
-4.375000000000000000e+00 -5.311000000000000165e-01 6.142699999999999853e-04
-4.346400000000000041e+00 -5.311000000000000165e-01 5.542599999999999957e-04
-4.317800000000000082e+00 -5.311000000000000165e-01 4.208700000000000006e-04
-4.289200000000000124e+00 -5.311000000000000165e-01 2.542800000000000117e-04
-4.260600000000000165e+00 -5.311000000000000165e-01 1.031500000000000000e-04
-4.232000000000000206e+00 -5.311000000000000165e-01 1.461600000000000033e-05
-4.203400000000000247e+00 -5.311000000000000165e-01 1.486199999999999933e-05
-4.174800000000000288e+00 -5.311000000000000165e-01 1.011899999999999985e-04
-4.146200000000000330e+00 -5.311000000000000165e-01 1.914399999999999967e-04
-4.117600000000000371e+00 -5.311000000000000165e-01 3.358300000000000152e-04
-4.089100000000000179e+00 -5.311000000000000165e-01 4.439299999999999865e-04
-4.060500000000000220e+00 -5.311000000000000165e-01 4.759899999999999743e-04
-4.031900000000000261e+00 -5.311000000000000165e-01 4.150000000000000043e-04
-4.003300000000000303e+00 -5.311000000000000165e-01 2.876199999999999872e-04
-3.974699999999999900e+00 -5.311000000000000165e-01 1.405900000000000075e-04
-3.946099999999999941e+00 -5.311000000000000165e-01 5.975900000000000163e-05
-3.917499999999999982e+00 -5.311000000000000165e-01 1.539200000000000018e-06
-3.888900000000000023e+00 -5.311000000000000165e-01 3.590400000000000048e-05
-3.860300000000000065e+00 -5.311000000000000165e-01 1.481900000000000025e-04
-3.831700000000000106e+00 -5.311000000000000165e-01 2.912100000000000257e-04
-3.803100000000000147e+00 -5.311000000000000165e-01 4.022900000000000260e-04
-3.774500000000000188e+00 -5.311000000000000165e-01 4.339799999999999886e-04
-3.745899999999999785e+00 -5.311000000000000165e-01 3.991099999999999921e-04
-3.717299999999999827e+00 -5.311000000000000165e-01 2.817799999999999754e-04
-3.688699999999999868e+00 -5.311000000000000165e-01 1.473900000000000102e-04
-3.660099999999999909e+00 -5.311000000000000165e-01 8.415599999999999860e-05
-3.631499999999999950e+00 -5.311000000000000165e-01 1.736200000000000080e-04
-3.602899999999999991e+00 -5.311000000000000165e-01 4.532499999999999854e-04
-3.574300000000000033e+00 -5.311000000000000165e-01 8.967200000000000474e-04
-3.545799999999999841e+00 -5.311000000000000165e-01 1.237899999999999895e-03
-3.517199999999999882e+00 -5.311000000000000165e-01 1.699399999999999999e-03
-3.488599999999999923e+00 -5.311000000000000165e-01 1.965100000000000006e-03
-3.459999999999999964e+00 -5.311000000000000165e-01 1.931599999999999897e-03
-3.431400000000000006e+00 -5.311000000000000165e-01 1.581799999999999960e-03
-3.402800000000000047e+00 -5.311000000000000165e-01 1.002400000000000079e-03
-3.374200000000000088e+00 -5.311000000000000165e-01 4.048200000000000171e-04
-3.345600000000000129e+00 -5.311000000000000165e-01 1.162699999999999964e-04
-3.317000000000000171e+00 -5.311000000000000165e-01 2.801499999999999859e-05
-3.288400000000000212e+00 -5.311000000000000165e-01 4.736599999999999882e-04
-3.259799999999999809e+00 -5.311000000000000165e-01 1.423400000000000012e-03
-3.231199999999999850e+00 -5.311000000000000165e-01 2.668400000000000025e-03
-3.202599999999999891e+00 -5.311000000000000165e-01 3.850999999999999823e-03
-3.173999999999999932e+00 -5.311000000000000165e-01 4.572399999999999902e-03
-3.145399999999999974e+00 -5.311000000000000165e-01 4.645200000000000370e-03
-3.116800000000000015e+00 -5.311000000000000165e-01 4.011899999999999668e-03
-3.088200000000000056e+00 -5.311000000000000165e-01 2.632300000000000178e-03
-3.059600000000000097e+00 -5.311000000000000165e-01 1.052100000000000040e-03
-3.031000000000000139e+00 -5.311000000000000165e-01 6.555400000000000289e-05
-3.002499999999999947e+00 -5.311000000000000165e-01 6.255899999999999786e-04
-2.973899999999999988e+00 -5.311000000000000165e-01 3.637399999999999835e-03
-2.945300000000000029e+00 -5.311000000000000165e-01 7.346700000000000279e-03
-2.916700000000000070e+00 -5.311000000000000165e-01 1.562099999999999947e-02
-2.888100000000000112e+00 -5.311000000000000165e-01 2.670300000000000104e-02
-2.859500000000000153e+00 -5.311000000000000165e-01 3.958500000000000213e-02
-2.830900000000000194e+00 -5.311000000000000165e-01 5.304099999999999787e-02
-2.802299999999999791e+00 -5.311000000000000165e-01 6.548800000000000454e-02
-2.773699999999999832e+00 -5.311000000000000165e-01 7.509799999999999809e-02
-2.745099999999999874e+00 -5.311000000000000165e-01 7.925699999999999412e-02
-2.716499999999999915e+00 -5.311000000000000165e-01 8.121299999999999353e-02
-2.687899999999999956e+00 -5.311000000000000165e-01 7.713399999999999423e-02
-2.659299999999999997e+00 -5.311000000000000165e-01 6.822100000000000386e-02
-2.630700000000000038e+00 -5.311000000000000165e-01 5.661599999999999966e-02
-2.602100000000000080e+00 -5.311000000000000165e-01 4.378200000000000147e-02
-2.573500000000000121e+00 -5.311000000000000165e-01 3.089300000000000032e-02
-2.544900000000000162e+00 -5.311000000000000165e-01 1.935900000000000121e-02
-2.516300000000000203e+00 -5.311000000000000165e-01 1.300899999999999973e-02
-2.487699999999999800e+00 -5.311000000000000165e-01 5.966299999999999902e-03
-2.459200000000000053e+00 -5.311000000000000165e-01 1.895500000000000049e-03
-2.430600000000000094e+00 -5.311000000000000165e-01 2.404100000000000106e-04
-2.402000000000000135e+00 -5.311000000000000165e-01 2.149800000000000051e-04
-2.373400000000000176e+00 -5.311000000000000165e-01 1.030799999999999902e-03
-2.344800000000000217e+00 -5.311000000000000165e-01 1.974200000000000173e-03
-2.316199999999999815e+00 -5.311000000000000165e-01 2.430299999999999822e-03
-2.287599999999999856e+00 -5.311000000000000165e-01 2.682599999999999828e-03
-2.258999999999999897e+00 -5.311000000000000165e-01 2.437499999999999997e-03
-2.230399999999999938e+00 -5.311000000000000165e-01 1.864900000000000065e-03
-2.201799999999999979e+00 -5.311000000000000165e-01 1.165800000000000039e-03
-2.173200000000000021e+00 -5.311000000000000165e-01 5.284600000000000191e-04
-2.144600000000000062e+00 -5.311000000000000165e-01 1.262699999999999955e-04
-2.116000000000000103e+00 -5.311000000000000165e-01 1.781600000000000018e-05
-2.087400000000000144e+00 -5.311000000000000165e-01 4.303100000000000187e-05
-2.058800000000000185e+00 -5.311000000000000165e-01 2.058999999999999904e-04
-2.030199999999999783e+00 -5.311000000000000165e-01 3.608500000000000162e-04
-2.001599999999999824e+00 -5.311000000000000165e-01 3.809800000000000014e-04
-1.973000000000000087e+00 -5.311000000000000165e-01 4.173100000000000008e-04
-1.944399999999999906e+00 -5.311000000000000165e-01 7.423200000000000349e-05
-1.915799999999999947e+00 -5.311000000000000165e-01 6.100599999999999833e-05
-1.887299999999999978e+00 -5.311000000000000165e-01 1.734600000000000096e-04
-1.858700000000000019e+00 -5.311000000000000165e-01 1.814499999999999991e-05
-1.830100000000000060e+00 -5.311000000000000165e-01 5.765100000000000216e-04
-1.801500000000000101e+00 -5.311000000000000165e-01 1.106199999999999946e-04
-1.772899999999999920e+00 -5.311000000000000165e-01 1.035100000000000034e-04
-1.744299999999999962e+00 -5.311000000000000165e-01 1.966299999999999927e-04
-1.715700000000000003e+00 -5.311000000000000165e-01 4.509100000000000044e-04
-1.687100000000000044e+00 -5.311000000000000165e-01 3.160299999999999915e-02
-1.658500000000000085e+00 -5.311000000000000165e-01 4.025599999999999947e-04
-1.629899999999999904e+00 -5.311000000000000165e-01 1.244299999999999996e-04
-1.601299999999999946e+00 -5.311000000000000165e-01 5.315099999999999984e-05
-1.572699999999999987e+00 -5.311000000000000165e-01 2.085900000000000137e-05
-1.544100000000000028e+00 -5.311000000000000165e-01 7.334799999999999637e-06
-1.515500000000000069e+00 -5.311000000000000165e-01 3.236299999999999830e-06
-1.458299999999999930e+00 -5.311000000000000165e-01 1.011199999999999949e-06
-1.429699999999999971e+00 -5.311000000000000165e-01 1.922299999999999789e-06
-1.401100000000000012e+00 -5.311000000000000165e-01 2.760399999999999863e-06
-1.372500000000000053e+00 -5.311000000000000165e-01 3.146200000000000048e-06
-1.344000000000000083e+00 -5.311000000000000165e-01 2.995699999999999965e-06
-1.315399999999999903e+00 -5.311000000000000165e-01 2.664500000000000069e-06
-1.286799999999999944e+00 -5.311000000000000165e-01 2.042299999999999911e-06
-1.258199999999999985e+00 -5.311000000000000165e-01 1.481799999999999941e-06
-1.229600000000000026e+00 -5.311000000000000165e-01 1.163899999999999986e-06
-1.201000000000000068e+00 -5.311000000000000165e-01 1.161400000000000010e-06
-1.172400000000000109e+00 -5.311000000000000165e-01 1.436000000000000100e-06
-1.143799999999999928e+00 -5.311000000000000165e-01 1.885800000000000012e-06
-1.115199999999999969e+00 -5.311000000000000165e-01 2.206800000000000200e-06
-1.086600000000000010e+00 -5.311000000000000165e-01 2.644499999999999837e-06
-1.058000000000000052e+00 -5.311000000000000165e-01 2.980700000000000108e-06
-1.029400000000000093e+00 -5.311000000000000165e-01 3.189999999999999951e-06
-1.000799999999999912e+00 -5.311000000000000165e-01 3.333899999999999962e-06
-9.722199999999999731e-01 -5.311000000000000165e-01 3.382899999999999832e-06
-9.150300000000000100e-01 -5.311000000000000165e-01 1.324700000000000039e-05
-8.864400000000000057e-01 -5.311000000000000165e-01 6.771700000000000234e-05
-8.578400000000000469e-01 -5.311000000000000165e-01 3.057800000000000166e-04
-8.292500000000000426e-01 -5.311000000000000165e-01 9.761499999999999629e-06
-8.006499999999999728e-01 -5.311000000000000165e-01 4.959899999999999726e-06
-7.720599999999999685e-01 -5.311000000000000165e-01 3.694899999999999979e-06
-7.434600000000000097e-01 -5.311000000000000165e-01 2.557999999999999903e-06
-7.148700000000000054e-01 -5.311000000000000165e-01 1.527099999999999956e-06
-5.433000000000000052e-01 -5.311000000000000165e-01 1.206500000000000011e-06
-5.147100000000000009e-01 -5.311000000000000165e-01 1.687199999999999914e-06
-4.861099999999999866e-01 -5.311000000000000165e-01 1.877600000000000031e-06
-4.575199999999999823e-01 -5.311000000000000165e-01 1.908199999999999789e-06
-4.289200000000000235e-01 -5.311000000000000165e-01 1.632900000000000070e-06
-4.003300000000000192e-01 -5.311000000000000165e-01 1.131400000000000086e-06
-2.573500000000000232e-01 -5.311000000000000165e-01 1.102700000000000047e-06
-2.287599999999999911e-01 -5.311000000000000165e-01 1.961100000000000163e-06
-2.001600000000000046e-01 -5.311000000000000165e-01 2.822999999999999907e-06
-1.715700000000000003e-01 -5.311000000000000165e-01 3.433299999999999807e-06
-1.429700000000000137e-01 -5.311000000000000165e-01 3.640199999999999893e-06
-1.143799999999999956e-01 -5.311000000000000165e-01 3.384499999999999952e-06
-8.578399999999999914e-02 -5.311000000000000165e-01 2.981999999999999994e-06
-5.718999999999999778e-02 -5.311000000000000165e-01 2.184099999999999976e-06
-2.859499999999999889e-02 -5.311000000000000165e-01 1.365400000000000090e-06
-4.489399999999999835e+00 -5.023900000000000032e-01 7.386200000000000534e-05
-4.460799999999999876e+00 -5.023900000000000032e-01 1.244399999999999944e-04
-4.432199999999999918e+00 -5.023900000000000032e-01 1.789000000000000117e-04
-4.403599999999999959e+00 -5.023900000000000032e-01 2.203800000000000008e-04
-4.375000000000000000e+00 -5.023900000000000032e-01 2.340499999999999970e-04
-4.346400000000000041e+00 -5.023900000000000032e-01 2.255299999999999905e-04
-4.317800000000000082e+00 -5.023900000000000032e-01 1.876100000000000012e-04
-4.289200000000000124e+00 -5.023900000000000032e-01 1.285899999999999869e-04
-4.260600000000000165e+00 -5.023900000000000032e-01 6.674800000000000535e-05
-4.232000000000000206e+00 -5.023900000000000032e-01 1.965099999999999871e-05
-4.174800000000000288e+00 -5.023900000000000032e-01 1.294400000000000007e-05
-4.146200000000000330e+00 -5.023900000000000032e-01 3.497100000000000111e-05
-4.117600000000000371e+00 -5.023900000000000032e-01 7.986400000000000649e-05
-4.089100000000000179e+00 -5.023900000000000032e-01 1.204700000000000036e-04
-4.060500000000000220e+00 -5.023900000000000032e-01 1.400299999999999993e-04
-4.031900000000000261e+00 -5.023900000000000032e-01 1.316199999999999900e-04
-4.003300000000000303e+00 -5.023900000000000032e-01 1.001600000000000033e-04
-3.974699999999999900e+00 -5.023900000000000032e-01 5.527999999999999928e-05
-3.946099999999999941e+00 -5.023900000000000032e-01 2.775599999999999988e-05
-3.917499999999999982e+00 -5.023900000000000032e-01 2.696200000000000122e-06
-3.888900000000000023e+00 -5.023900000000000032e-01 6.069299999999999641e-06
-3.860300000000000065e+00 -5.023900000000000032e-01 3.688299999999999906e-05
-3.831700000000000106e+00 -5.023900000000000032e-01 8.293799999999999773e-05
-3.803100000000000147e+00 -5.023900000000000032e-01 1.265100000000000068e-04
-3.774500000000000188e+00 -5.023900000000000032e-01 1.483599999999999958e-04
-3.745899999999999785e+00 -5.023900000000000032e-01 1.449400000000000048e-04
-3.717299999999999827e+00 -5.023900000000000032e-01 1.154500000000000009e-04
-3.688699999999999868e+00 -5.023900000000000032e-01 6.838600000000000559e-05
-3.660099999999999909e+00 -5.023900000000000032e-01 2.665099999999999945e-05
-3.631499999999999950e+00 -5.023900000000000032e-01 1.405699999999999941e-05
-3.602899999999999991e+00 -5.023900000000000032e-01 4.765700000000000128e-05
-3.574300000000000033e+00 -5.023900000000000032e-01 1.264700000000000004e-04
-3.545799999999999841e+00 -5.023900000000000032e-01 1.930699999999999929e-04
-3.517199999999999882e+00 -5.023900000000000032e-01 2.873299999999999747e-04
-3.488599999999999923e+00 -5.023900000000000032e-01 3.578599999999999923e-04
-3.459999999999999964e+00 -5.023900000000000032e-01 3.613000000000000001e-04
-3.431400000000000006e+00 -5.023900000000000032e-01 2.905399999999999931e-04
-3.402800000000000047e+00 -5.023900000000000032e-01 1.756000000000000128e-04
-3.374200000000000088e+00 -5.023900000000000032e-01 6.624500000000000017e-05
-3.345600000000000129e+00 -5.023900000000000032e-01 2.016699999999999851e-05
-3.317000000000000171e+00 -5.023900000000000032e-01 3.673900000000000180e-05
-3.288400000000000212e+00 -5.023900000000000032e-01 1.813300000000000003e-04
-3.259799999999999809e+00 -5.023900000000000032e-01 4.430899999999999878e-04
-3.231199999999999850e+00 -5.023900000000000032e-01 7.594599999999999962e-04
-3.202599999999999891e+00 -5.023900000000000032e-01 1.043499999999999940e-03
-3.173999999999999932e+00 -5.023900000000000032e-01 1.207900000000000033e-03
-3.145399999999999974e+00 -5.023900000000000032e-01 1.203499999999999926e-03
-3.116800000000000015e+00 -5.023900000000000032e-01 1.000299999999999974e-03
-3.088200000000000056e+00 -5.023900000000000032e-01 6.312899999999999545e-04
-3.059600000000000097e+00 -5.023900000000000032e-01 2.321199999999999934e-04
-3.031000000000000139e+00 -5.023900000000000032e-01 3.389000000000000079e-06
-3.002499999999999947e+00 -5.023900000000000032e-01 1.844299999999999943e-04
-2.973899999999999988e+00 -5.023900000000000032e-01 9.827499999999998997e-04
-2.945300000000000029e+00 -5.023900000000000032e-01 1.940499999999999951e-03
-2.916700000000000070e+00 -5.023900000000000032e-01 3.998500000000000318e-03
-2.888100000000000112e+00 -5.023900000000000032e-01 6.684200000000000384e-03
-2.859500000000000153e+00 -5.023900000000000032e-01 9.802999999999999214e-03
-2.830900000000000194e+00 -5.023900000000000032e-01 1.290999999999999960e-02
-2.802299999999999791e+00 -5.023900000000000032e-01 1.551800000000000054e-02
-2.773699999999999832e+00 -5.023900000000000032e-01 1.758699999999999847e-02
-2.745099999999999874e+00 -5.023900000000000032e-01 1.848100000000000090e-02
-2.716499999999999915e+00 -5.023900000000000032e-01 1.855000000000000052e-02
-2.687899999999999956e+00 -5.023900000000000032e-01 1.710300000000000015e-02
-2.659299999999999997e+00 -5.023900000000000032e-01 1.500100000000000044e-02
-2.630700000000000038e+00 -5.023900000000000032e-01 1.218600000000000065e-02
-2.602100000000000080e+00 -5.023900000000000032e-01 9.067900000000000266e-03
-2.573500000000000121e+00 -5.023900000000000032e-01 6.178799999999999917e-03
-2.544900000000000162e+00 -5.023900000000000032e-01 3.776600000000000183e-03
-2.516300000000000203e+00 -5.023900000000000032e-01 2.447700000000000136e-03
-2.487699999999999800e+00 -5.023900000000000032e-01 1.028999999999999967e-03
-2.459200000000000053e+00 -5.023900000000000032e-01 2.816100000000000092e-04
-2.430600000000000094e+00 -5.023900000000000032e-01 3.091600000000000012e-05
-2.402000000000000135e+00 -5.023900000000000032e-01 8.820199999999999341e-05
-2.373400000000000176e+00 -5.023900000000000032e-01 2.772000000000000158e-04
-2.344800000000000217e+00 -5.023900000000000032e-01 4.601699999999999801e-04
-2.316199999999999815e+00 -5.023900000000000032e-01 5.339999999999999695e-04
-2.287599999999999856e+00 -5.023900000000000032e-01 5.391400000000000185e-04
-2.258999999999999897e+00 -5.023900000000000032e-01 4.574599999999999739e-04
-2.230399999999999938e+00 -5.023900000000000032e-01 3.312200000000000170e-04
-2.201799999999999979e+00 -5.023900000000000032e-01 1.918300000000000116e-04
-2.173200000000000021e+00 -5.023900000000000032e-01 7.925299999999999489e-05
-2.144600000000000062e+00 -5.023900000000000032e-01 2.108799999999999867e-05
-2.116000000000000103e+00 -5.023900000000000032e-01 1.046100000000000030e-05
-2.087400000000000144e+00 -5.023900000000000032e-01 2.333299999999999835e-05
-2.058800000000000185e+00 -5.023900000000000032e-01 5.072499999999999969e-05
-2.030199999999999783e+00 -5.023900000000000032e-01 6.946899999999999506e-05
-2.001599999999999824e+00 -5.023900000000000032e-01 5.780399999999999747e-05
-1.973000000000000087e+00 -5.023900000000000032e-01 4.196200000000000244e-05
-1.944399999999999906e+00 -5.023900000000000032e-01 5.308600000000000300e-06
-1.915799999999999947e+00 -5.023900000000000032e-01 3.147400000000000139e-06
-1.887299999999999978e+00 -5.023900000000000032e-01 5.077699999999999851e-05
-1.858700000000000019e+00 -5.023900000000000032e-01 7.811900000000000541e-06
-1.830100000000000060e+00 -5.023900000000000032e-01 1.241000000000000078e-04
-1.801500000000000101e+00 -5.023900000000000032e-01 8.029400000000000068e-05
-1.772899999999999920e+00 -5.023900000000000032e-01 3.482000000000000205e-05
-1.744299999999999962e+00 -5.023900000000000032e-01 5.155100000000000161e-05
-1.715700000000000003e+00 -5.023900000000000032e-01 6.779700000000000158e-05
-1.687100000000000044e+00 -5.023900000000000032e-01 8.426599999999999369e-03
-1.658500000000000085e+00 -5.023900000000000032e-01 3.588099999999999883e-04
-1.629899999999999904e+00 -5.023900000000000032e-01 7.436399999999999478e-05
-1.601299999999999946e+00 -5.023900000000000032e-01 3.418399999999999662e-05
-1.572699999999999987e+00 -5.023900000000000032e-01 1.774700000000000135e-05
-1.544100000000000028e+00 -5.023900000000000032e-01 9.935199999999999338e-06
-1.515500000000000069e+00 -5.023900000000000032e-01 6.802999999999999918e-06
-1.486900000000000110e+00 -5.023900000000000032e-01 3.821499999999999749e-06
-1.458299999999999930e+00 -5.023900000000000032e-01 2.065000000000000134e-06
-1.429699999999999971e+00 -5.023900000000000032e-01 1.026900000000000070e-06
-1.086600000000000010e+00 -5.023900000000000032e-01 1.069799999999999905e-06
-1.058000000000000052e+00 -5.023900000000000032e-01 1.665699999999999993e-06
-1.029400000000000093e+00 -5.023900000000000032e-01 2.589800000000000175e-06
-1.000799999999999912e+00 -5.023900000000000032e-01 4.212200000000000091e-06
-9.722199999999999731e-01 -5.023900000000000032e-01 7.072599999999999844e-06
-9.436299999999999688e-01 -5.023900000000000032e-01 3.897199999999999719e-06
-9.150300000000000100e-01 -5.023900000000000032e-01 8.141100000000000506e-04
-8.864400000000000057e-01 -5.023900000000000032e-01 1.267600000000000027e-05
-8.578400000000000469e-01 -5.023900000000000032e-01 6.707000000000000329e-06
-1.429700000000000137e-01 -5.023900000000000032e-01 1.285500000000000016e-06
-1.143799999999999956e-01 -5.023900000000000032e-01 1.494800000000000071e-06
-8.578399999999999914e-02 -5.023900000000000032e-01 1.563999999999999976e-06
-5.718999999999999778e-02 -5.023900000000000032e-01 1.529599999999999932e-06
-2.859499999999999889e-02 -5.023900000000000032e-01 1.334400000000000090e-06
0.000000000000000000e+00 -5.023900000000000032e-01 1.024300000000000086e-06
