-4.489399999999999835e+00 5.023900000000000032e-01 4.183299999999999741e-05
-4.460799999999999876e+00 5.023900000000000032e-01 7.156499999999999667e-05
-4.432199999999999918e+00 5.023900000000000032e-01 9.863699999999999768e-05
-4.403599999999999959e+00 5.023900000000000032e-01 1.104299999999999981e-04
-4.375000000000000000e+00 5.023900000000000032e-01 1.066699999999999934e-04
-4.346400000000000041e+00 5.023900000000000032e-01 9.417800000000000531e-05
-4.317800000000000082e+00 5.023900000000000032e-01 6.432199999999999843e-05
-4.289200000000000124e+00 5.023900000000000032e-01 3.075300000000000185e-05
-4.260600000000000165e+00 5.023900000000000032e-01 7.294900000000000239e-06
-4.203400000000000247e+00 5.023900000000000032e-01 1.266000000000000076e-05
-4.174800000000000288e+00 5.023900000000000032e-01 4.008999999999999733e-05
-4.146200000000000330e+00 5.023900000000000032e-01 6.225500000000000619e-05
-4.117600000000000371e+00 5.023900000000000032e-01 9.196799999999999767e-05
-4.089100000000000179e+00 5.023900000000000032e-01 1.070799999999999980e-04
-4.060500000000000220e+00 5.023900000000000032e-01 1.031900000000000064e-04
-4.031900000000000261e+00 5.023900000000000032e-01 8.278899999999999627e-05
-4.003300000000000303e+00 5.023900000000000032e-01 5.069800000000000147e-05
-3.974699999999999900e+00 5.023900000000000032e-01 2.037599999999999939e-05
-3.946099999999999941e+00 5.023900000000000032e-01 6.806399999999999750e-06
-3.917499999999999982e+00 5.023900000000000032e-01 1.105300000000000031e-06
-3.888900000000000023e+00 5.023900000000000032e-01 1.309899999999999944e-05
-3.860300000000000065e+00 5.023900000000000032e-01 3.550699999999999733e-05
-3.831700000000000106e+00 5.023900000000000032e-01 5.707199999999999838e-05
-3.803100000000000147e+00 5.023900000000000032e-01 6.576199999999999819e-05
-3.774500000000000188e+00 5.023900000000000032e-01 5.383800000000000190e-05
-3.745899999999999785e+00 5.023900000000000032e-01 4.000500000000000068e-05
-3.717299999999999827e+00 5.023900000000000032e-01 1.480300000000000040e-05
-3.688699999999999868e+00 5.023900000000000032e-01 1.892400000000000084e-06
-3.660099999999999909e+00 5.023900000000000032e-01 2.167800000000000149e-05
-3.631499999999999950e+00 5.023900000000000032e-01 8.749000000000000429e-05
-3.602899999999999991e+00 5.023900000000000032e-01 1.972900000000000033e-04
-3.574300000000000033e+00 5.023900000000000032e-01 3.311799999999999835e-04
-3.545799999999999841e+00 5.023900000000000032e-01 4.180499999999999971e-04
-3.517199999999999882e+00 5.023900000000000032e-01 5.246100000000000069e-04
-3.488599999999999923e+00 5.023900000000000032e-01 5.637199999999999763e-04
-3.459999999999999964e+00 5.023900000000000032e-01 5.169299999999999720e-04
-3.431400000000000006e+00 5.023900000000000032e-01 4.027899999999999840e-04
-3.402800000000000047e+00 5.023900000000000032e-01 2.529499999999999956e-04
-3.374200000000000088e+00 5.023900000000000032e-01 1.118399999999999999e-04
-3.345600000000000129e+00 5.023900000000000032e-01 5.750499999999999915e-05
-3.317000000000000171e+00 5.023900000000000032e-01 6.824400000000000594e-05
-3.288400000000000212e+00 5.023900000000000032e-01 2.098199999999999935e-04
-3.259799999999999809e+00 5.023900000000000032e-01 4.645200000000000045e-04
-3.231199999999999850e+00 5.023900000000000032e-01 7.737900000000000030e-04
-3.202599999999999891e+00 5.023900000000000032e-01 1.055600000000000071e-03
-3.173999999999999932e+00 5.023900000000000032e-01 1.204900000000000068e-03
-3.145399999999999974e+00 5.023900000000000032e-01 1.186500000000000055e-03
-3.116800000000000015e+00 5.023900000000000032e-01 1.001300000000000107e-03
-3.088200000000000056e+00 5.023900000000000032e-01 6.552399999999999674e-04
-3.059600000000000097e+00 5.023900000000000032e-01 2.766499999999999754e-04
-3.031000000000000139e+00 5.023900000000000032e-01 7.984599999999999413e-05
-3.002499999999999947e+00 5.023900000000000032e-01 2.879800000000000177e-04
-2.973899999999999988e+00 5.023900000000000032e-01 1.116100000000000078e-03
-2.945300000000000029e+00 5.023900000000000032e-01 2.075500000000000088e-03
-2.916700000000000070e+00 5.023900000000000032e-01 4.153500000000000074e-03
-2.888100000000000112e+00 5.023900000000000032e-01 6.939599999999999762e-03
-2.859500000000000153e+00 5.023900000000000032e-01 1.008200000000000068e-02
-2.830900000000000194e+00 5.023900000000000032e-01 1.323399999999999924e-02
-2.802299999999999791e+00 5.023900000000000032e-01 1.627299999999999927e-02
-2.773699999999999832e+00 5.023900000000000032e-01 1.873400000000000065e-02
-2.745099999999999874e+00 5.023900000000000032e-01 1.965700000000000086e-02
-2.716499999999999915e+00 5.023900000000000032e-01 1.999700000000000089e-02
-2.687899999999999956e+00 5.023900000000000032e-01 1.932800000000000143e-02
-2.659299999999999997e+00 5.023900000000000032e-01 1.740799999999999986e-02
-2.630700000000000038e+00 5.023900000000000032e-01 1.445500000000000083e-02
-2.602100000000000080e+00 5.023900000000000032e-01 1.134600000000000018e-02
-2.573500000000000121e+00 5.023900000000000032e-01 8.197700000000000473e-03
-2.544900000000000162e+00 5.023900000000000032e-01 5.241400000000000226e-03
-2.516300000000000203e+00 5.023900000000000032e-01 3.552200000000000149e-03
-2.487699999999999800e+00 5.023900000000000032e-01 1.669399999999999920e-03
-2.459200000000000053e+00 5.023900000000000032e-01 5.355499999999999801e-04
-2.430600000000000094e+00 5.023900000000000032e-01 6.475000000000000178e-05
-2.402000000000000135e+00 5.023900000000000032e-01 7.028699999999999976e-05
-2.373400000000000176e+00 5.023900000000000032e-01 3.348800000000000192e-04
-2.344800000000000217e+00 5.023900000000000032e-01 6.570400000000000112e-04
-2.316199999999999815e+00 5.023900000000000032e-01 8.200199999999999720e-04
-2.287599999999999856e+00 5.023900000000000032e-01 9.393999999999999573e-04
-2.258999999999999897e+00 5.023900000000000032e-01 8.958699999999999997e-04
-2.230399999999999938e+00 5.023900000000000032e-01 7.226599999999999691e-04
-2.201799999999999979e+00 5.023900000000000032e-01 4.886600000000000275e-04
-2.173200000000000021e+00 5.023900000000000032e-01 2.632700000000000188e-04
-2.144600000000000062e+00 5.023900000000000032e-01 9.569800000000000431e-05
-2.116000000000000103e+00 5.023900000000000032e-01 3.183899999999999789e-05
-2.087400000000000144e+00 5.023900000000000032e-01 6.346399999999999919e-06
-2.058800000000000185e+00 5.023900000000000032e-01 4.192800000000000243e-05
-2.030199999999999783e+00 5.023900000000000032e-01 1.031900000000000064e-04
-2.001599999999999824e+00 5.023900000000000032e-01 1.563000000000000045e-04
-1.973000000000000087e+00 5.023900000000000032e-01 1.769700000000000082e-04
-1.944399999999999906e+00 5.023900000000000032e-01 1.538199999999999876e-04
-1.915799999999999947e+00 5.023900000000000032e-01 1.204899999999999933e-04
-1.887299999999999978e+00 5.023900000000000032e-01 6.522700000000000416e-05
-1.858700000000000019e+00 5.023900000000000032e-01 2.220000000000000090e-05
-1.830100000000000060e+00 5.023900000000000032e-01 4.942599999999999908e-06
-1.801500000000000101e+00 5.023900000000000032e-01 1.467599999999999976e-05
-1.772899999999999920e+00 5.023900000000000032e-01 1.360800000000000117e-04
-1.744299999999999962e+00 5.023900000000000032e-01 2.748399999999999978e-05
-1.715700000000000003e+00 5.023900000000000032e-01 1.797400000000000104e-05
-1.687100000000000044e+00 5.023900000000000032e-01 8.704000000000000148e-04
-1.658500000000000085e+00 5.023900000000000032e-01 2.555900000000000042e-05
-1.629899999999999904e+00 5.023900000000000032e-01 3.934899999999999883e-05
-1.601299999999999946e+00 5.023900000000000032e-01 7.265200000000000304e-04
-1.572699999999999987e+00 5.023900000000000032e-01 3.014800000000000002e-05
-1.544100000000000028e+00 5.023900000000000032e-01 1.076700000000000042e-05
-1.515500000000000069e+00 5.023900000000000032e-01 8.851499999999999871e-06
-1.486900000000000110e+00 5.023900000000000032e-01 8.439900000000000288e-06
-1.458299999999999930e+00 5.023900000000000032e-01 2.375300000000000111e-05
-1.429699999999999971e+00 5.023900000000000032e-01 2.561999999999999933e-04
-1.401100000000000012e+00 5.023900000000000032e-01 2.050900000000000134e-06
-1.315399999999999903e+00 5.023900000000000032e-01 1.501099999999999909e-06
-1.286799999999999944e+00 5.023900000000000032e-01 2.762499999999999809e-06
-1.258199999999999985e+00 5.023900000000000032e-01 4.566699999999999831e-06
-1.229600000000000026e+00 5.023900000000000032e-01 7.138299999999999909e-06
-1.201000000000000068e+00 5.023900000000000032e-01 1.115999999999999988e-05
-1.172400000000000109e+00 5.023900000000000032e-01 1.859599999999999949e-05
-1.143799999999999928e+00 5.023900000000000032e-01 3.295499999999999873e-05
-1.115199999999999969e+00 5.023900000000000032e-01 5.228100000000000309e-05
-1.086600000000000010e+00 5.023900000000000032e-01 8.533100000000000277e-04
-1.058000000000000052e+00 5.023900000000000032e-01 5.792700000000000019e-04
-1.000799999999999912e+00 5.023900000000000032e-01 3.352999999999999915e-06
-8.864400000000000057e-01 5.023900000000000032e-01 1.307099999999999945e-06
-8.578400000000000469e-01 5.023900000000000032e-01 1.601300000000000025e-06
-8.292500000000000426e-01 5.023900000000000032e-01 1.563299999999999923e-06
-8.006499999999999728e-01 5.023900000000000032e-01 1.283899999999999896e-06
-6.290799999999999725e-01 5.023900000000000032e-01 1.152299999999999962e-06
-6.004899999999999682e-01 5.023900000000000032e-01 1.459599999999999967e-06
-5.718999999999999639e-01 5.023900000000000032e-01 1.605100000000000099e-06
-5.433000000000000052e-01 5.023900000000000032e-01 1.521199999999999937e-06
-5.147100000000000009e-01 5.023900000000000032e-01 1.232600000000000066e-06
-3.145399999999999863e-01 5.023900000000000032e-01 1.127900000000000035e-06
-2.859499999999999820e-01 5.023900000000000032e-01 1.303100000000000068e-06
-2.573500000000000232e-01 5.023900000000000032e-01 1.406900000000000032e-06
-2.287599999999999911e-01 5.023900000000000032e-01 1.267099999999999905e-06
0.000000000000000000e+00 5.023900000000000032e-01 1.127900000000000035e-06
-4.489399999999999835e+00 5.311000000000000165e-01 2.206800000000000081e-04
-4.460799999999999876e+00 5.311000000000000165e-01 3.348700000000000244e-04
-4.432199999999999918e+00 5.311000000000000165e-01 4.346400000000000263e-04
-4.403599999999999959e+00 5.311000000000000165e-01 4.865399999999999868e-04
-4.375000000000000000e+00 5.311000000000000165e-01 4.831899999999999867e-04
-4.346400000000000041e+00 5.311000000000000165e-01 4.166199999999999786e-04
-4.317800000000000082e+00 5.311000000000000165e-01 2.961800000000000001e-04
-4.289200000000000124e+00 5.311000000000000165e-01 1.600499999999999872e-04
-4.260600000000000165e+00 5.311000000000000165e-01 5.020499999999999789e-05
-4.232000000000000206e+00 5.311000000000000165e-01 3.878200000000000409e-06
-4.203400000000000247e+00 5.311000000000000165e-01 3.569700000000000059e-05
-4.174800000000000288e+00 5.311000000000000165e-01 1.348999999999999993e-04
-4.146200000000000330e+00 5.311000000000000165e-01 2.218400000000000038e-04
-4.117600000000000371e+00 5.311000000000000165e-01 3.460700000000000256e-04
-4.089100000000000179e+00 5.311000000000000165e-01 4.258199999999999854e-04
-4.060500000000000220e+00 5.311000000000000165e-01 4.312900000000000262e-04
-4.031900000000000261e+00 5.311000000000000165e-01 3.579999999999999741e-04
-4.003300000000000303e+00 5.311000000000000165e-01 2.329300000000000077e-04
-3.974699999999999900e+00 5.311000000000000165e-01 1.029300000000000055e-04
-3.946099999999999941e+00 5.311000000000000165e-01 3.772599999999999760e-05
-3.888900000000000023e+00 5.311000000000000165e-01 4.492900000000000301e-05
-3.860300000000000065e+00 5.311000000000000165e-01 1.493499999999999982e-04
-3.831700000000000106e+00 5.311000000000000165e-01 2.666500000000000033e-04
-3.803100000000000147e+00 5.311000000000000165e-01 3.418399999999999933e-04
-3.774500000000000188e+00 5.311000000000000165e-01 3.385099999999999828e-04
-3.745899999999999785e+00 5.311000000000000165e-01 2.902499999999999807e-04
-3.717299999999999827e+00 5.311000000000000165e-01 1.749999999999999982e-04
-3.688699999999999868e+00 5.311000000000000165e-01 7.631400000000000152e-05
-3.660099999999999909e+00 5.311000000000000165e-01 7.980100000000000388e-05
-3.631499999999999950e+00 5.311000000000000165e-01 2.530000000000000239e-04
-3.602899999999999991e+00 5.311000000000000165e-01 6.161499999999999876e-04
-3.574300000000000033e+00 5.311000000000000165e-01 1.119999999999999902e-03
-3.545799999999999841e+00 5.311000000000000165e-01 1.480900000000000055e-03
-3.517199999999999882e+00 5.311000000000000165e-01 1.941199999999999913e-03
-3.488599999999999923e+00 5.311000000000000165e-01 2.165799999999999843e-03
-3.459999999999999964e+00 5.311000000000000165e-01 2.078899999999999845e-03
-3.431400000000000006e+00 5.311000000000000165e-01 1.674200000000000037e-03
-3.402800000000000047e+00 5.311000000000000165e-01 1.057999999999999913e-03
-3.374200000000000088e+00 5.311000000000000165e-01 4.400200000000000053e-04
-3.345600000000000129e+00 5.311000000000000165e-01 1.488899999999999924e-04
-3.317000000000000171e+00 5.311000000000000165e-01 6.220099999999999620e-05
-3.288400000000000212e+00 5.311000000000000165e-01 5.130399999999999804e-04
-3.259799999999999809e+00 5.311000000000000165e-01 1.467599999999999894e-03
-3.231199999999999850e+00 5.311000000000000165e-01 2.717799999999999817e-03
-3.202599999999999891e+00 5.311000000000000165e-01 3.905599999999999957e-03
-3.173999999999999932e+00 5.311000000000000165e-01 4.626899999999999763e-03
-3.145399999999999974e+00 5.311000000000000165e-01 4.691599999999999764e-03
-3.116800000000000015e+00 5.311000000000000165e-01 4.052599999999999952e-03
-3.088200000000000056e+00 5.311000000000000165e-01 2.666099999999999807e-03
-3.059600000000000097e+00 5.311000000000000165e-01 1.086600000000000066e-03
-3.031000000000000139e+00 5.311000000000000165e-01 1.266100000000000092e-04
-3.002499999999999947e+00 5.311000000000000165e-01 7.382200000000000437e-04
-2.973899999999999988e+00 5.311000000000000165e-01 3.843099999999999902e-03
-2.945300000000000029e+00 5.311000000000000165e-01 7.606400000000000140e-03
-2.916700000000000070e+00 5.311000000000000165e-01 1.592899999999999872e-02
-2.888100000000000112e+00 5.311000000000000165e-01 2.702699999999999894e-02
-2.859500000000000153e+00 5.311000000000000165e-01 3.981900000000000023e-02
-2.830900000000000194e+00 5.311000000000000165e-01 5.312599999999999961e-02
-2.802299999999999791e+00 5.311000000000000165e-01 6.538800000000000168e-02
-2.773699999999999832e+00 5.311000000000000165e-01 7.484100000000000474e-02
-2.745099999999999874e+00 5.311000000000000165e-01 7.901600000000000290e-02
-2.716499999999999915e+00 5.311000000000000165e-01 8.126500000000000390e-02
-2.687899999999999956e+00 5.311000000000000165e-01 7.803599999999999426e-02
-2.659299999999999997e+00 5.311000000000000165e-01 6.978299999999999781e-02
-2.630700000000000038e+00 5.311000000000000165e-01 5.850899999999999851e-02
-2.602100000000000080e+00 5.311000000000000165e-01 4.572999999999999982e-02
-2.573500000000000121e+00 5.311000000000000165e-01 3.270399999999999696e-02
-2.544900000000000162e+00 5.311000000000000165e-01 2.095800000000000093e-02
-2.516300000000000203e+00 5.311000000000000165e-01 1.435200000000000017e-02
-2.487699999999999800e+00 5.311000000000000165e-01 6.776100000000000179e-03
-2.459200000000000053e+00 5.311000000000000165e-01 2.229699999999999824e-03
-2.430600000000000094e+00 5.311000000000000165e-01 3.027899999999999927e-04
-2.402000000000000135e+00 5.311000000000000165e-01 2.049200000000000099e-04
-2.373400000000000176e+00 5.311000000000000165e-01 1.091699999999999919e-03
-2.344800000000000217e+00 5.311000000000000165e-01 2.184800000000000197e-03
-2.316199999999999815e+00 5.311000000000000165e-01 2.743799999999999798e-03
-2.287599999999999856e+00 5.311000000000000165e-01 3.106799999999999840e-03
-2.258999999999999897e+00 5.311000000000000165e-01 2.868200000000000003e-03
-2.230399999999999938e+00 5.311000000000000165e-01 2.230300000000000164e-03
-2.201799999999999979e+00 5.311000000000000165e-01 1.436999999999999909e-03
-2.173200000000000021e+00 5.311000000000000165e-01 7.054599999999999847e-04
-2.144600000000000062e+00 5.311000000000000165e-01 2.071099999999999873e-04
-2.116000000000000103e+00 5.311000000000000165e-01 4.329100000000000276e-05
-2.087400000000000144e+00 5.311000000000000165e-01 2.032299999999999837e-05
-2.058800000000000185e+00 5.311000000000000165e-01 1.663500000000000048e-04
-2.030199999999999783e+00 5.311000000000000165e-01 3.534699999999999886e-04
-2.001599999999999824e+00 5.311000000000000165e-01 4.799399999999999890e-04
-1.973000000000000087e+00 5.311000000000000165e-01 4.816700000000000148e-04
-1.944399999999999906e+00 5.311000000000000165e-01 3.590299999999999828e-04
-1.915799999999999947e+00 5.311000000000000165e-01 2.458599999999999805e-04
-1.887299999999999978e+00 5.311000000000000165e-01 1.058900000000000043e-04
-1.858700000000000019e+00 5.311000000000000165e-01 6.470999999999999539e-05
-1.830100000000000060e+00 5.311000000000000165e-01 1.632199999999999992e-04
-1.801500000000000101e+00 5.311000000000000165e-01 3.318400000000000212e-04
-1.772899999999999920e+00 5.311000000000000165e-01 5.563999999999999719e-04
-1.744299999999999962e+00 5.311000000000000165e-01 5.347099999999999813e-04
-1.715700000000000003e+00 5.311000000000000165e-01 1.815200000000000103e-04
-1.687100000000000044e+00 5.311000000000000165e-01 2.822600000000000196e-03
-1.658500000000000085e+00 5.311000000000000165e-01 2.522099999999999993e-04
-1.629899999999999904e+00 5.311000000000000165e-01 1.369200000000000104e-04
-1.601299999999999946e+00 5.311000000000000165e-01 1.423000000000000003e-03
-1.572699999999999987e+00 5.311000000000000165e-01 9.287200000000000121e-05
-1.544100000000000028e+00 5.311000000000000165e-01 8.671900000000000777e-06
-1.515500000000000069e+00 5.311000000000000165e-01 2.580599999999999907e-06
-1.458299999999999930e+00 5.311000000000000165e-01 3.069700000000000019e-06
-1.429699999999999971e+00 5.311000000000000165e-01 1.787200000000000073e-03
-1.401100000000000012e+00 5.311000000000000165e-01 2.455200000000000142e-05
-1.372500000000000053e+00 5.311000000000000165e-01 1.567999999999999895e-05
-1.344000000000000083e+00 5.311000000000000165e-01 9.615200000000000708e-06
-1.315399999999999903e+00 5.311000000000000165e-01 7.298899999999999693e-06
-1.286799999999999944e+00 5.311000000000000165e-01 5.698300000000000144e-06
-1.258199999999999985e+00 5.311000000000000165e-01 5.723400000000000124e-06
-1.229600000000000026e+00 5.311000000000000165e-01 7.371800000000000299e-06
-1.201000000000000068e+00 5.311000000000000165e-01 1.134899999999999925e-05
-1.172400000000000109e+00 5.311000000000000165e-01 1.987600000000000079e-05
-1.143799999999999928e+00 5.311000000000000165e-01 4.108599999999999931e-05
-1.115199999999999969e+00 5.311000000000000165e-01 7.426200000000000151e-05
-1.086600000000000010e+00 5.311000000000000165e-01 7.833399999999999912e-04
-1.058000000000000052e+00 5.311000000000000165e-01 3.685299999999999861e-03
-1.029400000000000093e+00 5.311000000000000165e-01 4.767500000000000009e-05
-1.000799999999999912e+00 5.311000000000000165e-01 7.922899999999999987e-06
-8.864400000000000057e-01 5.311000000000000165e-01 2.450900000000000116e-06
-8.578400000000000469e-01 5.311000000000000165e-01 3.636400000000000031e-06
-8.292500000000000426e-01 5.311000000000000165e-01 4.127300000000000277e-06
-8.006499999999999728e-01 5.311000000000000165e-01 3.847300000000000417e-06
-7.720599999999999685e-01 5.311000000000000165e-01 3.002199999999999818e-06
-7.434600000000000097e-01 5.311000000000000165e-01 1.939899999999999841e-06
-7.148700000000000054e-01 5.311000000000000165e-01 1.012600000000000054e-06
-6.004899999999999682e-01 5.311000000000000165e-01 1.616899999999999927e-06
-5.718999999999999639e-01 5.311000000000000165e-01 2.392400000000000167e-06
-5.433000000000000052e-01 5.311000000000000165e-01 2.931699999999999815e-06
-5.147100000000000009e-01 5.311000000000000165e-01 3.042399999999999873e-06
-4.861099999999999866e-01 5.311000000000000165e-01 2.827999999999999859e-06
-4.575199999999999823e-01 5.311000000000000165e-01 2.194899999999999941e-06
-4.289200000000000235e-01 5.311000000000000165e-01 1.380999999999999992e-06
-2.859499999999999820e-01 5.311000000000000165e-01 1.524799999999999995e-06
-2.573500000000000232e-01 5.311000000000000165e-01 2.379600000000000053e-06
-2.287599999999999911e-01 5.311000000000000165e-01 3.040299999999999927e-06
-2.001600000000000046e-01 5.311000000000000165e-01 3.288200000000000129e-06
-1.715700000000000003e-01 5.311000000000000165e-01 3.029000000000000137e-06
-1.429700000000000137e-01 5.311000000000000165e-01 2.375600000000000176e-06
-1.143799999999999956e-01 5.311000000000000165e-01 1.534799999999999900e-06
-8.578399999999999914e-02 5.311000000000000165e-01 1.001900000000000097e-06
-4.489399999999999835e+00 5.598100000000000298e-01 3.254199999999999844e-04
-4.460799999999999876e+00 5.598100000000000298e-01 4.916200000000000127e-04
-4.432199999999999918e+00 5.598100000000000298e-01 6.398999999999999957e-04
-4.403599999999999959e+00 5.598100000000000298e-01 7.195800000000000460e-04
-4.375000000000000000e+00 5.598100000000000298e-01 7.172399999999999566e-04
-4.346400000000000041e+00 5.598100000000000298e-01 6.301100000000000234e-04
-4.317800000000000082e+00 5.598100000000000298e-01 4.616399999999999779e-04
-4.289200000000000124e+00 5.598100000000000298e-01 2.617200000000000082e-04
-4.260600000000000165e+00 5.598100000000000298e-01 9.343799999999999545e-05
-4.232000000000000206e+00 5.598100000000000298e-01 8.746199999999999371e-06
-4.203400000000000247e+00 5.598100000000000298e-01 3.529099999999999804e-05
-4.174800000000000288e+00 5.598100000000000298e-01 1.609000000000000079e-04
-4.146200000000000330e+00 5.598100000000000298e-01 2.779400000000000121e-04
-4.117600000000000371e+00 5.598100000000000298e-01 4.572900000000000077e-04
-4.089100000000000179e+00 5.598100000000000298e-01 5.780600000000000321e-04
-4.060500000000000220e+00 5.598100000000000298e-01 5.979200000000000487e-04
-4.031900000000000261e+00 5.598100000000000298e-01 5.098400000000000111e-04
-4.003300000000000303e+00 5.598100000000000298e-01 3.435900000000000087e-04
-3.974699999999999900e+00 5.598100000000000298e-01 1.586100000000000010e-04
-3.946099999999999941e+00 5.598100000000000298e-01 6.299600000000000468e-05
-3.888900000000000023e+00 5.598100000000000298e-01 5.508199999999999880e-05
-3.860300000000000065e+00 5.598100000000000298e-01 2.016599999999999903e-04
-3.831700000000000106e+00 5.598100000000000298e-01 3.776300000000000013e-04
-3.803100000000000147e+00 5.598100000000000298e-01 5.056000000000000381e-04
-3.774500000000000188e+00 5.598100000000000298e-01 5.236800000000000005e-04
-3.745899999999999785e+00 5.598100000000000298e-01 4.670899999999999748e-04
-3.717299999999999827e+00 5.598100000000000298e-01 3.132599999999999925e-04
-3.688699999999999868e+00 5.598100000000000298e-01 1.572800000000000120e-04
-3.660099999999999909e+00 5.598100000000000298e-01 1.185300000000000053e-04
-3.631499999999999950e+00 5.598100000000000298e-01 2.969100000000000016e-04
-3.602899999999999991e+00 5.598100000000000298e-01 7.326099999999999670e-04
-3.574300000000000033e+00 5.598100000000000298e-01 1.369200000000000104e-03
-3.545799999999999841e+00 5.598100000000000298e-01 1.835199999999999939e-03
-3.517199999999999882e+00 5.598100000000000298e-01 2.453700000000000065e-03
-3.488599999999999923e+00 5.598100000000000298e-01 2.799199999999999952e-03
-3.459999999999999964e+00 5.598100000000000298e-01 2.711100000000000142e-03
-3.431400000000000006e+00 5.598100000000000298e-01 2.199800000000000019e-03
-3.402800000000000047e+00 5.598100000000000298e-01 1.406300000000000085e-03
-3.374200000000000088e+00 5.598100000000000298e-01 5.829500000000000480e-04
-3.345600000000000129e+00 5.598100000000000298e-01 1.846399999999999940e-04
-3.317000000000000171e+00 5.598100000000000298e-01 4.426799999999999697e-05
-3.288400000000000212e+00 5.598100000000000298e-01 6.122799999999999857e-04
-3.259799999999999809e+00 5.598100000000000298e-01 1.870300000000000087e-03
-3.231199999999999850e+00 5.598100000000000298e-01 3.527900000000000046e-03
-3.202599999999999891e+00 5.598100000000000298e-01 5.135899999999999667e-03
-3.173999999999999932e+00 5.598100000000000298e-01 6.148999999999999952e-03
-3.145399999999999974e+00 5.598100000000000298e-01 6.246800000000000269e-03
-3.116800000000000015e+00 5.598100000000000298e-01 5.406900000000000074e-03
-3.088200000000000056e+00 5.598100000000000298e-01 3.588899999999999903e-03
-3.059600000000000097e+00 5.598100000000000298e-01 1.457900000000000038e-03
-3.031000000000000139e+00 5.598100000000000298e-01 1.281400000000000030e-04
-3.002499999999999947e+00 5.598100000000000298e-01 8.863099999999999624e-04
-2.973899999999999988e+00 5.598100000000000298e-01 4.936000000000000283e-03
-2.945300000000000029e+00 5.598100000000000298e-01 9.926300000000000748e-03
-2.916700000000000070e+00 5.598100000000000298e-01 2.093100000000000169e-02
-2.888100000000000112e+00 5.598100000000000298e-01 3.572000000000000175e-02
-2.859500000000000153e+00 5.598100000000000298e-01 5.287399999999999739e-02
-2.830900000000000194e+00 5.598100000000000298e-01 7.035399999999999987e-02
-2.802299999999999791e+00 5.598100000000000298e-01 8.638999999999999457e-02
-2.773699999999999832e+00 5.598100000000000298e-01 9.924299999999999788e-02
-2.745099999999999874e+00 5.598100000000000298e-01 1.046799999999999953e-01
-2.716499999999999915e+00 5.598100000000000298e-01 1.071899999999999936e-01
-2.687899999999999956e+00 5.598100000000000298e-01 1.026999999999999996e-01
-2.659299999999999997e+00 5.598100000000000298e-01 9.222099999999999742e-02
-2.630700000000000038e+00 5.598100000000000298e-01 7.684499999999999664e-02
-2.602100000000000080e+00 5.598100000000000298e-01 5.962400000000000339e-02
-2.573500000000000121e+00 5.598100000000000298e-01 4.261500000000000010e-02
-2.544900000000000162e+00 5.598100000000000298e-01 2.721099999999999908e-02
-2.516300000000000203e+00 5.598100000000000298e-01 1.854499999999999899e-02
-2.487699999999999800e+00 5.598100000000000298e-01 8.712599999999999165e-03
-2.459200000000000053e+00 5.598100000000000298e-01 2.831900000000000042e-03
-2.430600000000000094e+00 5.598100000000000298e-01 3.702499999999999737e-04
-2.402000000000000135e+00 5.598100000000000298e-01 2.775100000000000179e-04
-2.373400000000000176e+00 5.598100000000000298e-01 1.410999999999999928e-03
-2.344800000000000217e+00 5.598100000000000298e-01 2.790299999999999898e-03
-2.316199999999999815e+00 5.598100000000000298e-01 3.474500000000000158e-03
-2.287599999999999856e+00 5.598100000000000298e-01 3.864699999999999993e-03
-2.258999999999999897e+00 5.598100000000000298e-01 3.529800000000000038e-03
-2.230399999999999938e+00 5.598100000000000298e-01 2.691199999999999929e-03
-2.201799999999999979e+00 5.598100000000000298e-01 1.680300000000000023e-03
-2.173200000000000021e+00 5.598100000000000298e-01 7.875599999999999745e-04
-2.144600000000000062e+00 5.598100000000000298e-01 2.066100000000000022e-04
-2.116000000000000103e+00 5.598100000000000298e-01 3.240600000000000110e-05
-2.087400000000000144e+00 5.598100000000000298e-01 4.055699999999999811e-05
-2.058800000000000185e+00 5.598100000000000298e-01 2.370999999999999898e-04
-2.030199999999999783e+00 5.598100000000000298e-01 4.628899999999999812e-04
-2.001599999999999824e+00 5.598100000000000298e-01 5.884199999999999804e-04
-1.973000000000000087e+00 5.598100000000000298e-01 5.592200000000000296e-04
-1.944399999999999906e+00 5.598100000000000298e-01 3.943299999999999735e-04
-1.915799999999999947e+00 5.598100000000000298e-01 2.589099999999999995e-04
-1.887299999999999978e+00 5.598100000000000298e-01 1.155700000000000065e-04
-1.858700000000000019e+00 5.598100000000000298e-01 1.279499999999999930e-04
-1.830100000000000060e+00 5.598100000000000298e-01 3.454999999999999955e-04
-1.801500000000000101e+00 5.598100000000000298e-01 6.529700000000000044e-04
-1.772899999999999920e+00 5.598100000000000298e-01 8.679799999999999668e-04
-1.744299999999999962e+00 5.598100000000000298e-01 1.756299999999999919e-03
-1.715700000000000003e+00 5.598100000000000298e-01 3.456099999999999927e-04
-1.687100000000000044e+00 5.598100000000000298e-01 2.116199999999999939e-03
-1.658500000000000085e+00 5.598100000000000298e-01 8.811799999999999624e-04
-1.629899999999999904e+00 5.598100000000000298e-01 1.946299999999999983e-04
-1.601299999999999946e+00 5.598100000000000298e-01 1.205899999999999984e-03
-1.572699999999999987e+00 5.598100000000000298e-01 5.526700000000000059e-04
-1.544100000000000028e+00 5.598100000000000298e-01 1.129700000000000043e-05
-1.515500000000000069e+00 5.598100000000000298e-01 3.063900000000000006e-06
-1.458299999999999930e+00 5.598100000000000298e-01 5.314899999999999715e-06
-1.429699999999999971e+00 5.598100000000000298e-01 2.294000000000000032e-03
-1.401100000000000012e+00 5.598100000000000298e-01 1.143200000000000032e-04
-1.372500000000000053e+00 5.598100000000000298e-01 3.191899999999999713e-05
-1.344000000000000083e+00 5.598100000000000298e-01 1.706799999999999989e-05
-1.315399999999999903e+00 5.598100000000000298e-01 1.204899999999999933e-05
-1.286799999999999944e+00 5.598100000000000298e-01 7.750499999999999740e-06
-1.258199999999999985e+00 5.598100000000000298e-01 5.769199999999999753e-06
-1.229600000000000026e+00 5.598100000000000298e-01 5.690700000000000420e-06
-1.201000000000000068e+00 5.598100000000000298e-01 7.787599999999999774e-06
-1.172400000000000109e+00 5.598100000000000298e-01 1.358600000000000003e-05
-1.143799999999999928e+00 5.598100000000000298e-01 2.763499999999999884e-05
-1.115199999999999969e+00 5.598100000000000298e-01 4.912699999999999907e-05
-1.086600000000000010e+00 5.598100000000000298e-01 2.673099999999999869e-04
-1.058000000000000052e+00 5.598100000000000298e-01 3.789999999999999966e-03
-1.029400000000000093e+00 5.598100000000000298e-01 2.927400000000000127e-05
-1.000799999999999912e+00 5.598100000000000298e-01 1.026999999999999993e-05
-9.722199999999999731e-01 5.598100000000000298e-01 1.547099999999999977e-06
-8.864400000000000057e-01 5.598100000000000298e-01 2.049999999999999854e-06
-8.578400000000000469e-01 5.598100000000000298e-01 3.479800000000000124e-06
-8.292500000000000426e-01 5.598100000000000298e-01 4.324600000000000065e-06
-8.006499999999999728e-01 5.598100000000000298e-01 4.401299999999999687e-06
-7.720599999999999685e-01 5.598100000000000298e-01 3.757399999999999804e-06
-7.434600000000000097e-01 5.598100000000000298e-01 2.647700000000000078e-06
-7.148700000000000054e-01 5.598100000000000298e-01 1.482099999999999964e-06
-5.718999999999999639e-01 5.598100000000000298e-01 1.831399999999999948e-06
-5.433000000000000052e-01 5.598100000000000298e-01 2.662200000000000108e-06
-5.147100000000000009e-01 5.598100000000000298e-01 3.158000000000000088e-06
-4.861099999999999866e-01 5.598100000000000298e-01 3.218500000000000186e-06
-4.575199999999999823e-01 5.598100000000000298e-01 2.863899999999999804e-06
-4.289200000000000235e-01 5.598100000000000298e-01 2.092499999999999871e-06
-4.003300000000000192e-01 5.598100000000000298e-01 1.196100000000000076e-06
-2.859499999999999820e-01 5.598100000000000298e-01 1.062099999999999962e-06
-2.573500000000000232e-01 5.598100000000000298e-01 2.125100000000000203e-06
-2.287599999999999911e-01 5.598100000000000298e-01 3.257500000000000152e-06
-2.001600000000000046e-01 5.598100000000000298e-01 4.125000000000000316e-06
-1.715700000000000003e-01 5.598100000000000298e-01 4.492000000000000360e-06
-1.429700000000000137e-01 5.598100000000000298e-01 4.232800000000000368e-06
-1.143799999999999956e-01 5.598100000000000298e-01 3.455399999999999985e-06
-8.578399999999999914e-02 5.598100000000000298e-01 2.784700000000000206e-06
-5.718999999999999778e-02 5.598100000000000298e-01 1.770800000000000054e-06
-2.859499999999999889e-02 5.598100000000000298e-01 1.003399999999999998e-06
-4.489399999999999835e+00 5.885200000000000431e-01 2.268200000000000001e-04
-4.460799999999999876e+00 5.885200000000000431e-01 3.504900000000000138e-04
-4.432199999999999918e+00 5.885200000000000431e-01 4.654200000000000264e-04
-4.403599999999999959e+00 5.885200000000000431e-01 5.357899999999999642e-04
-4.375000000000000000e+00 5.885200000000000431e-01 5.446799999999999689e-04
-4.346400000000000041e+00 5.885200000000000431e-01 4.907699999999999649e-04
-4.317800000000000082e+00 5.885200000000000431e-01 3.729900000000000186e-04
-4.289200000000000124e+00 5.885200000000000431e-01 2.251900000000000039e-04
-4.260600000000000165e+00 5.885200000000000431e-01 9.171399999999999637e-05
-4.232000000000000206e+00 5.885200000000000431e-01 1.320799999999999958e-05
-4.203400000000000247e+00 5.885200000000000431e-01 1.224400000000000000e-05
-4.174800000000000288e+00 5.885200000000000431e-01 8.649400000000000231e-05
-4.146200000000000330e+00 5.885200000000000431e-01 1.641799999999999900e-04
-4.117600000000000371e+00 5.885200000000000431e-01 2.889300000000000136e-04
-4.089100000000000179e+00 5.885200000000000431e-01 3.828799999999999933e-04
-4.060500000000000220e+00 5.885200000000000431e-01 4.103600000000000216e-04
-4.031900000000000261e+00 5.885200000000000431e-01 3.594900000000000157e-04
-4.003300000000000303e+00 5.885200000000000431e-01 2.497700000000000159e-04
-3.974699999999999900e+00 5.885200000000000431e-01 1.226099999999999933e-04
-3.946099999999999941e+00 5.885200000000000431e-01 5.223400000000000167e-05
-3.917499999999999982e+00 5.885200000000000431e-01 1.340699999999999928e-06
-3.888900000000000023e+00 5.885200000000000431e-01 3.156200000000000037e-05
-3.860300000000000065e+00 5.885200000000000431e-01 1.311100000000000102e-04
-3.831700000000000106e+00 5.885200000000000431e-01 2.586700000000000154e-04
-3.803100000000000147e+00 5.885200000000000431e-01 3.593000000000000057e-04
-3.774500000000000188e+00 5.885200000000000431e-01 3.885000000000000107e-04
-3.745899999999999785e+00 5.885200000000000431e-01 3.587500000000000194e-04
-3.717299999999999827e+00 5.885200000000000431e-01 2.544900000000000113e-04
-3.688699999999999868e+00 5.885200000000000431e-01 1.335200000000000091e-04
-3.660099999999999909e+00 5.885200000000000431e-01 7.317000000000000587e-05
-3.631499999999999950e+00 5.885200000000000431e-01 1.450199999999999905e-04
-3.602899999999999991e+00 5.885200000000000431e-01 3.808799999999999989e-04
-3.574300000000000033e+00 5.885200000000000431e-01 7.561799999999999598e-04
-3.545799999999999841e+00 5.885200000000000431e-01 1.043700000000000053e-03
-3.517199999999999882e+00 5.885200000000000431e-01 1.432499999999999963e-03
-3.488599999999999923e+00 5.885200000000000431e-01 1.653900000000000032e-03
-3.459999999999999964e+00 5.885200000000000431e-01 1.621700000000000008e-03
-3.431400000000000006e+00 5.885200000000000431e-01 1.321399999999999918e-03
-3.402800000000000047e+00 5.885200000000000431e-01 8.336899999999999953e-04
-3.374200000000000088e+00 5.885200000000000431e-01 3.317099999999999801e-04
-3.345600000000000129e+00 5.885200000000000431e-01 9.264099999999999614e-05
-3.317000000000000171e+00 5.885200000000000431e-01 2.684500000000000132e-05
-3.288400000000000212e+00 5.885200000000000431e-01 4.180899999999999764e-04
-3.259799999999999809e+00 5.885200000000000431e-01 1.245400000000000023e-03
-3.231199999999999850e+00 5.885200000000000431e-01 2.333099999999999844e-03
-3.202599999999999891e+00 5.885200000000000431e-01 3.367199999999999881e-03
-3.173999999999999932e+00 5.885200000000000431e-01 4.002699999999999661e-03
-3.145399999999999974e+00 5.885200000000000431e-01 4.068999999999999700e-03
-3.116800000000000015e+00 5.885200000000000431e-01 3.514000000000000196e-03
-3.088200000000000056e+00 5.885200000000000431e-01 2.306900000000000183e-03
-3.059600000000000097e+00 5.885200000000000431e-01 9.162299999999999741e-04
-3.031000000000000139e+00 5.885200000000000431e-01 5.291400000000000194e-05
-3.002499999999999947e+00 5.885200000000000431e-01 5.598400000000000338e-04
-2.973899999999999988e+00 5.885200000000000431e-01 3.200900000000000013e-03
-2.945300000000000029e+00 5.885200000000000431e-01 6.418700000000000273e-03
-2.916700000000000070e+00 5.885200000000000431e-01 1.355199999999999981e-02
-2.888100000000000112e+00 5.885200000000000431e-01 2.303399999999999892e-02
-2.859500000000000153e+00 5.885200000000000431e-01 3.392699999999999882e-02
-2.830900000000000194e+00 5.885200000000000431e-01 4.509699999999999820e-02
-2.802299999999999791e+00 5.885200000000000431e-01 5.517600000000000282e-02
-2.773699999999999832e+00 5.885200000000000431e-01 6.281200000000000672e-02
-2.745099999999999874e+00 5.885200000000000431e-01 6.607999999999999985e-02
-2.716499999999999915e+00 5.885200000000000431e-01 6.758200000000000318e-02
-2.687899999999999956e+00 5.885200000000000431e-01 6.449599999999999778e-02
-2.659299999999999997e+00 5.885200000000000431e-01 5.729200000000000265e-02
-2.630700000000000038e+00 5.885200000000000431e-01 4.756799999999999917e-02
-2.602100000000000080e+00 5.885200000000000431e-01 3.665299999999999808e-02
-2.573500000000000121e+00 5.885200000000000431e-01 2.587700000000000070e-02
-2.544900000000000162e+00 5.885200000000000431e-01 1.631700000000000164e-02
-2.516300000000000203e+00 5.885200000000000431e-01 1.102900000000000061e-02
-2.487699999999999800e+00 5.885200000000000431e-01 5.088699999999999821e-03
-2.459200000000000053e+00 5.885200000000000431e-01 1.600300000000000030e-03
-2.430600000000000094e+00 5.885200000000000431e-01 1.964799999999999891e-04
-2.402000000000000135e+00 5.885200000000000431e-01 2.089699999999999999e-04
-2.373400000000000176e+00 5.885200000000000431e-01 9.317499999999999611e-04
-2.344800000000000217e+00 5.885200000000000431e-01 1.753500000000000067e-03
-2.316199999999999815e+00 5.885200000000000431e-01 2.144000000000000072e-03
-2.287599999999999856e+00 5.885200000000000431e-01 2.341600000000000105e-03
-2.258999999999999897e+00 5.885200000000000431e-01 2.080900000000000111e-03
-2.230399999999999938e+00 5.885200000000000431e-01 1.543199999999999997e-03
-2.201799999999999979e+00 5.885200000000000431e-01 9.342000000000000477e-04
-2.173200000000000021e+00 5.885200000000000431e-01 4.167400000000000249e-04
-2.144600000000000062e+00 5.885200000000000431e-01 9.859999999999999787e-05
-2.116000000000000103e+00 5.885200000000000431e-01 1.295299999999999948e-05
-2.087400000000000144e+00 5.885200000000000431e-01 3.768400000000000037e-05
-2.058800000000000185e+00 5.885200000000000431e-01 1.593800000000000089e-04
-2.030199999999999783e+00 5.885200000000000431e-01 2.799799999999999858e-04
-2.001599999999999824e+00 5.885200000000000431e-01 3.345700000000000171e-04
-1.973000000000000087e+00 5.885200000000000431e-01 2.957600000000000008e-04
-1.944399999999999906e+00 5.885200000000000431e-01 1.871800000000000070e-04
-1.915799999999999947e+00 5.885200000000000431e-01 1.103200000000000009e-04
-1.887299999999999978e+00 5.885200000000000431e-01 4.793900000000000299e-05
-1.858700000000000019e+00 5.885200000000000431e-01 9.733999999999999977e-05
-1.830100000000000060e+00 5.885200000000000431e-01 2.869200000000000244e-04
-1.801500000000000101e+00 5.885200000000000431e-01 5.460400000000000236e-04
-1.772899999999999920e+00 5.885200000000000431e-01 5.980700000000000252e-04
-1.744299999999999962e+00 5.885200000000000431e-01 2.403000000000000188e-03
-1.715700000000000003e+00 5.885200000000000431e-01 3.630899999999999948e-04
-1.687100000000000044e+00 5.885200000000000431e-01 5.262700000000000147e-04
-1.658500000000000085e+00 5.885200000000000431e-01 1.207399999999999966e-03
-1.629899999999999904e+00 5.885200000000000431e-01 1.447300000000000051e-04
-1.601299999999999946e+00 5.885200000000000431e-01 4.574900000000000125e-04
-1.572699999999999987e+00 5.885200000000000431e-01 1.345999999999999974e-03
-1.544100000000000028e+00 5.885200000000000431e-01 1.900999999999999926e-05
-1.515500000000000069e+00 5.885200000000000431e-01 8.591500000000000666e-06
-1.486900000000000110e+00 5.885200000000000431e-01 3.428699999999999885e-06
-1.458299999999999930e+00 5.885200000000000431e-01 3.253899999999999881e-06
-1.429699999999999971e+00 5.885200000000000431e-01 4.275600000000000060e-04
-1.401100000000000012e+00 5.885200000000000431e-01 1.434300000000000006e-04
-1.372500000000000053e+00 5.885200000000000431e-01 2.113200000000000028e-05
-1.344000000000000083e+00 5.885200000000000431e-01 1.016300000000000078e-05
-1.315399999999999903e+00 5.885200000000000431e-01 7.073900000000000153e-06
-1.286799999999999944e+00 5.885200000000000431e-01 4.417300000000000042e-06
-1.258199999999999985e+00 5.885200000000000431e-01 3.022299999999999846e-06
-1.229600000000000026e+00 5.885200000000000431e-01 2.538000000000000095e-06
-1.201000000000000068e+00 5.885200000000000431e-01 3.061099999999999796e-06
-1.172400000000000109e+00 5.885200000000000431e-01 5.198100000000000257e-06
-1.143799999999999928e+00 5.885200000000000431e-01 1.120900000000000059e-05
-1.115199999999999969e+00 5.885200000000000431e-01 1.885399999999999939e-05
-1.086600000000000010e+00 5.885200000000000431e-01 9.048600000000000068e-05
-1.058000000000000052e+00 5.885200000000000431e-01 2.223300000000000103e-03
-1.029400000000000093e+00 5.885200000000000431e-01 4.068399999999999876e-05
-1.000799999999999912e+00 5.885200000000000431e-01 1.051699999999999943e-05
-9.722199999999999731e-01 5.885200000000000431e-01 3.133399999999999934e-06
-8.578400000000000469e-01 5.885200000000000431e-01 1.269500000000000085e-06
-8.292500000000000426e-01 5.885200000000000431e-01 1.879699999999999977e-06
-8.006499999999999728e-01 5.885200000000000431e-01 2.207799999999999851e-06
-7.720599999999999685e-01 5.885200000000000431e-01 2.170300000000000210e-06
-7.434600000000000097e-01 5.885200000000000431e-01 1.805599999999999916e-06
-7.148700000000000054e-01 5.885200000000000431e-01 1.230000000000000082e-06
-5.433000000000000052e-01 5.885200000000000431e-01 1.028299999999999963e-06
-5.147100000000000009e-01 5.885200000000000431e-01 1.493199999999999951e-06
-4.861099999999999866e-01 5.885200000000000431e-01 1.692500000000000101e-06
-4.575199999999999823e-01 5.885200000000000431e-01 1.758900000000000007e-06
-4.289200000000000235e-01 5.885200000000000431e-01 1.538199999999999943e-06
-4.003300000000000192e-01 5.885200000000000431e-01 1.093700000000000006e-06
-2.287599999999999911e-01 5.885200000000000431e-01 1.704999999999999981e-06
-2.001600000000000046e-01 5.885200000000000431e-01 2.500100000000000000e-06
-1.715700000000000003e-01 5.885200000000000431e-01 3.088199999999999926e-06
-1.429700000000000137e-01 5.885200000000000431e-01 3.319500000000000151e-06
-1.143799999999999956e-01 5.885200000000000431e-01 3.128699999999999792e-06
-8.578399999999999914e-02 5.885200000000000431e-01 2.786899999999999948e-06
-5.718999999999999778e-02 5.885200000000000431e-01 2.075899999999999894e-06
-2.859499999999999889e-02 5.885200000000000431e-01 1.319200000000000007e-06
-4.489399999999999835e+00 6.172199999999999909e-01 5.178399999999999751e-05
-4.460799999999999876e+00 6.172199999999999909e-01 8.802600000000000051e-05
-4.432199999999999918e+00 6.172199999999999909e-01 1.292099999999999911e-04
-4.403599999999999959e+00 6.172199999999999909e-01 1.605699999999999890e-04
-4.375000000000000000e+00 6.172199999999999909e-01 1.706300000000000113e-04
-4.346400000000000041e+00 6.172199999999999909e-01 1.660699999999999872e-04
-4.317800000000000082e+00 6.172199999999999909e-01 1.397899999999999881e-04
-4.289200000000000124e+00 6.172199999999999909e-01 9.718899999999999393e-05
-4.260600000000000165e+00 6.172199999999999909e-01 5.164100000000000244e-05
-4.232000000000000206e+00 6.172199999999999909e-01 1.628699999999999839e-05
-4.174800000000000288e+00 6.172199999999999909e-01 7.594700000000000317e-06
-4.146200000000000330e+00 6.172199999999999909e-01 2.223400000000000091e-05
-4.117600000000000371e+00 6.172199999999999909e-01 5.328500000000000228e-05
-4.089100000000000179e+00 6.172199999999999909e-01 8.237800000000000309e-05
-4.060500000000000220e+00 6.172199999999999909e-01 9.667500000000000529e-05
-4.031900000000000261e+00 6.172199999999999909e-01 9.257399999999999830e-05
-4.003300000000000303e+00 6.172199999999999909e-01 7.119700000000000291e-05
-3.974699999999999900e+00 6.172199999999999909e-01 4.007000000000000091e-05
-3.946099999999999941e+00 6.172199999999999909e-01 2.057100000000000007e-05
-3.917499999999999982e+00 6.172199999999999909e-01 2.285400000000000175e-06
-3.888900000000000023e+00 6.172199999999999909e-01 3.960599999999999824e-06
-3.860300000000000065e+00 6.172199999999999909e-01 2.548399999999999860e-05
-3.831700000000000106e+00 6.172199999999999909e-01 5.840399999999999850e-05
-3.803100000000000147e+00 6.172199999999999909e-01 9.126899999999999640e-05
-3.774500000000000188e+00 6.172199999999999909e-01 1.085900000000000022e-04
-3.745899999999999785e+00 6.172199999999999909e-01 1.071399999999999940e-04
-3.717299999999999827e+00 6.172199999999999909e-01 8.726399999999999663e-05
-3.688699999999999868e+00 6.172199999999999909e-01 5.351499999999999839e-05
-3.660099999999999909e+00 6.172199999999999909e-01 2.147299999999999922e-05
-3.631499999999999950e+00 6.172199999999999909e-01 7.752400000000000518e-06
-3.602899999999999991e+00 6.172199999999999909e-01 2.502900000000000041e-05
-3.574300000000000033e+00 6.172199999999999909e-01 7.318999999999999551e-05
-3.545799999999999841e+00 6.172199999999999909e-01 1.143700000000000044e-04
-3.517199999999999882e+00 6.172199999999999909e-01 1.702100000000000119e-04
-3.488599999999999923e+00 6.172199999999999909e-01 2.196300000000000097e-04
-3.459999999999999964e+00 6.172199999999999909e-01 2.224500000000000132e-04
-3.431400000000000006e+00 6.172199999999999909e-01 1.764799999999999908e-04
-3.402800000000000047e+00 6.172199999999999909e-01 1.064400000000000041e-04
-3.374200000000000088e+00 6.172199999999999909e-01 4.049199999999999788e-05
-3.345600000000000129e+00 6.172199999999999909e-01 1.478900000000000020e-05
-3.317000000000000171e+00 6.172199999999999909e-01 3.329000000000000145e-05
-3.288400000000000212e+00 6.172199999999999909e-01 1.361599999999999974e-04
-3.259799999999999809e+00 6.172199999999999909e-01 3.170800000000000203e-04
-3.231199999999999850e+00 6.172199999999999909e-01 5.307699999999999614e-04
-3.202599999999999891e+00 6.172199999999999909e-01 7.218899999999999883e-04
-3.173999999999999932e+00 6.172199999999999909e-01 8.329799999999999835e-04
-3.145399999999999974e+00 6.172199999999999909e-01 8.272200000000000386e-04
-3.116800000000000015e+00 6.172199999999999909e-01 6.776500000000000188e-04
-3.088200000000000056e+00 6.172199999999999909e-01 4.265599999999999817e-04
-3.059600000000000097e+00 6.172199999999999909e-01 1.524800000000000038e-04
-3.002499999999999947e+00 6.172199999999999909e-01 1.336400000000000012e-04
-2.973899999999999988e+00 6.172199999999999909e-01 6.865499999999999641e-04
-2.945300000000000029e+00 6.172199999999999909e-01 1.336299999999999901e-03
-2.916700000000000070e+00 6.172199999999999909e-01 2.716200000000000211e-03
-2.888100000000000112e+00 6.172199999999999909e-01 4.427600000000000285e-03
-2.859500000000000153e+00 6.172199999999999909e-01 6.543199999999999884e-03
-2.830900000000000194e+00 6.172199999999999909e-01 8.496999999999999345e-03
-2.802299999999999791e+00 6.172199999999999909e-01 1.006899999999999983e-02
-2.773699999999999832e+00 6.172199999999999909e-01 1.125800000000000065e-02
-2.745099999999999874e+00 6.172199999999999909e-01 1.183700000000000030e-02
-2.716499999999999915e+00 6.172199999999999909e-01 1.174900000000000076e-02
-2.687899999999999956e+00 6.172199999999999909e-01 1.084500000000000047e-02
-2.659299999999999997e+00 6.172199999999999909e-01 9.473000000000000517e-03
-2.630700000000000038e+00 6.172199999999999909e-01 7.700900000000000106e-03
-2.602100000000000080e+00 6.172199999999999909e-01 5.599899999999999670e-03
-2.573500000000000121e+00 6.172199999999999909e-01 3.810899999999999878e-03
-2.544900000000000162e+00 6.172199999999999909e-01 2.314800000000000104e-03
-2.516300000000000203e+00 6.172199999999999909e-01 1.496300000000000104e-03
-2.487699999999999800e+00 6.172199999999999909e-01 6.022500000000000292e-04
-2.459200000000000053e+00 6.172199999999999909e-01 1.575000000000000065e-04
-2.430600000000000094e+00 6.172199999999999909e-01 2.095699999999999942e-05
-2.402000000000000135e+00 6.172199999999999909e-01 7.682800000000000371e-05
-2.373400000000000176e+00 6.172199999999999909e-01 2.043799999999999914e-04
-2.344800000000000217e+00 6.172199999999999909e-01 3.243400000000000016e-04
-2.316199999999999815e+00 6.172199999999999909e-01 3.670699999999999939e-04
-2.287599999999999856e+00 6.172199999999999909e-01 3.595299999999999950e-04
-2.258999999999999897e+00 6.172199999999999909e-01 2.886000000000000219e-04
-2.230399999999999938e+00 6.172199999999999909e-01 2.050999999999999980e-04
-2.201799999999999979e+00 6.172199999999999909e-01 1.124300000000000061e-04
-2.173200000000000021e+00 6.172199999999999909e-01 4.535500000000000198e-05
-2.144600000000000062e+00 6.172199999999999909e-01 1.342400000000000056e-05
-2.116000000000000103e+00 6.172199999999999909e-01 8.615500000000000775e-06
-2.087400000000000144e+00 6.172199999999999909e-01 1.773999999999999956e-05
-2.058800000000000185e+00 6.172199999999999909e-01 3.182399999999999888e-05
-2.030199999999999783e+00 6.172199999999999909e-01 3.999699999999999669e-05
-2.001599999999999824e+00 6.172199999999999909e-01 3.621000000000000060e-05
-1.973000000000000087e+00 6.172199999999999909e-01 2.040399999999999980e-05
-1.944399999999999906e+00 6.172199999999999909e-01 6.287900000000000394e-06
-1.915799999999999947e+00 6.172199999999999909e-01 1.931900000000000087e-06
-1.887299999999999978e+00 6.172199999999999909e-01 1.018200000000000009e-05
-1.858700000000000019e+00 6.172199999999999909e-01 4.153399999999999909e-05
-1.830100000000000060e+00 6.172199999999999909e-01 1.017600000000000015e-04
-1.801500000000000101e+00 6.172199999999999909e-01 1.742699999999999967e-04
-1.772899999999999920e+00 6.172199999999999909e-01 1.757499999999999893e-04
-1.744299999999999962e+00 6.172199999999999909e-01 1.000599999999999927e-03
-1.715700000000000003e+00 6.172199999999999909e-01 1.594800000000000113e-04
-1.687100000000000044e+00 6.172199999999999909e-01 9.768100000000000209e-05
-1.658500000000000085e+00 6.172199999999999909e-01 7.545199999999999520e-04
-1.629899999999999904e+00 6.172199999999999909e-01 6.369099999999999718e-05
-1.601299999999999946e+00 6.172199999999999909e-01 1.064799999999999970e-04
-1.572699999999999987e+00 6.172199999999999909e-01 1.663999999999999898e-03
-1.544100000000000028e+00 6.172199999999999909e-01 3.598599999999999732e-05
-1.515500000000000069e+00 6.172199999999999909e-01 1.958299999999999868e-05
-1.486900000000000110e+00 6.172199999999999909e-01 1.164499999999999947e-05
-1.458299999999999930e+00 6.172199999999999909e-01 1.036300000000000056e-05
-1.429699999999999971e+00 6.172199999999999909e-01 2.652200000000000119e-05
-1.401100000000000012e+00 6.172199999999999909e-01 1.099700000000000059e-04
-1.372500000000000053e+00 6.172199999999999909e-01 4.031199999999999622e-06
-1.143799999999999928e+00 6.172199999999999909e-01 2.067100000000000080e-06
-1.115199999999999969e+00 6.172199999999999909e-01 3.858999999999999814e-06
-1.086600000000000010e+00 6.172199999999999909e-01 8.355399999999999657e-06
-1.058000000000000052e+00 6.172199999999999909e-01 8.839199999999999531e-04
-1.029400000000000093e+00 6.172199999999999909e-01 3.979999999999999841e-05
-1.000799999999999912e+00 6.172199999999999909e-01 1.182499999999999944e-05
-9.722199999999999731e-01 6.172199999999999909e-01 5.531500000000000318e-06
-9.436299999999999688e-01 6.172199999999999909e-01 2.672800000000000058e-06
-9.150300000000000100e-01 6.172199999999999909e-01 1.592399999999999992e-06
-1.143799999999999956e-01 6.172199999999999909e-01 1.139600000000000067e-06
-8.578399999999999914e-02 6.172199999999999909e-01 1.224899999999999911e-06
-5.718999999999999778e-02 6.172199999999999909e-01 1.248499999999999990e-06
-2.859499999999999889e-02 6.172199999999999909e-01 1.138699999999999999e-06
-4.489399999999999835e+00 6.459300000000000042e-01 1.429499999999999951e-05
-4.460799999999999876e+00 6.459300000000000042e-01 1.146199999999999970e-05
-4.432199999999999918e+00 6.459300000000000042e-01 6.721099999999999906e-06
-4.403599999999999959e+00 6.459300000000000042e-01 3.563899999999999878e-06
-4.375000000000000000e+00 6.459300000000000042e-01 3.005400000000000058e-06
-4.346400000000000041e+00 6.459300000000000042e-01 2.745600000000000021e-06
-4.317800000000000082e+00 6.459300000000000042e-01 3.758399999999999879e-06
-4.289200000000000124e+00 6.459300000000000042e-01 8.161200000000000737e-06
-4.260600000000000165e+00 6.459300000000000042e-01 1.378599999999999981e-05
-4.232000000000000206e+00 6.459300000000000042e-01 1.958599999999999848e-05
-4.203400000000000247e+00 6.459300000000000042e-01 2.438099999999999916e-05
-4.174800000000000288e+00 6.459300000000000042e-01 2.687499999999999934e-05
-4.146200000000000330e+00 6.459300000000000042e-01 2.715899999999999865e-05
-4.117600000000000371e+00 6.459300000000000042e-01 2.410500000000000045e-05
-4.089100000000000179e+00 6.459300000000000042e-01 1.893599999999999963e-05
-4.060500000000000220e+00 6.459300000000000042e-01 1.395100000000000077e-05
-4.031900000000000261e+00 6.459300000000000042e-01 8.136699999999999532e-06
-4.003300000000000303e+00 6.459300000000000042e-01 3.507299999999999861e-06
-3.974699999999999900e+00 6.459300000000000042e-01 2.406999999999999994e-06
-3.946099999999999941e+00 6.459300000000000042e-01 2.831400000000000115e-06
-3.917499999999999982e+00 6.459300000000000042e-01 4.951200000000000131e-06
-3.888900000000000023e+00 6.459300000000000042e-01 7.821300000000000824e-06
-3.860300000000000065e+00 6.459300000000000042e-01 1.020900000000000000e-05
-3.831700000000000106e+00 6.459300000000000042e-01 1.128400000000000072e-05
-3.803100000000000147e+00 6.459300000000000042e-01 1.014299999999999928e-05
-3.774500000000000188e+00 6.459300000000000042e-01 1.049900000000000061e-05
-3.745899999999999785e+00 6.459300000000000042e-01 1.319600000000000037e-05
-3.717299999999999827e+00 6.459300000000000042e-01 2.122399999999999873e-05
-3.688699999999999868e+00 6.459300000000000042e-01 3.894099999999999867e-05
-3.660099999999999909e+00 6.459300000000000042e-01 6.937199999999999920e-05
-3.631499999999999950e+00 6.459300000000000042e-01 1.125299999999999949e-04
-3.602899999999999991e+00 6.459300000000000042e-01 1.644100000000000064e-04
-3.574300000000000033e+00 6.459300000000000042e-01 2.198799999999999887e-04
-3.545799999999999841e+00 6.459300000000000042e-01 2.564500000000000265e-04
-3.517199999999999882e+00 6.459300000000000042e-01 3.011600000000000236e-04
-3.488599999999999923e+00 6.459300000000000042e-01 3.131899999999999745e-04
-3.459999999999999964e+00 6.459300000000000042e-01 3.075600000000000165e-04
-3.431400000000000006e+00 6.459300000000000042e-01 2.751599999999999879e-04
-3.402800000000000047e+00 6.459300000000000042e-01 2.166400000000000129e-04
-3.374200000000000088e+00 6.459300000000000042e-01 1.478800000000000004e-04
-3.345600000000000129e+00 6.459300000000000042e-01 1.064200000000000009e-04
-3.317000000000000171e+00 6.459300000000000042e-01 5.851899999999999994e-05
-3.288400000000000212e+00 6.459300000000000042e-01 4.191299999999999665e-05
-3.259799999999999809e+00 6.459300000000000042e-01 5.963900000000000277e-05
-3.231199999999999850e+00 6.459300000000000042e-01 1.168199999999999962e-04
-3.202599999999999891e+00 6.459300000000000042e-01 1.846999999999999901e-04
-3.173999999999999932e+00 6.459300000000000042e-01 2.371399999999999962e-04
-3.145399999999999974e+00 6.459300000000000042e-01 2.567199999999999951e-04
-3.116800000000000015e+00 6.459300000000000042e-01 2.693799999999999992e-04
-3.088200000000000056e+00 6.459300000000000042e-01 2.107300000000000102e-04
-3.059600000000000097e+00 6.459300000000000042e-01 1.203100000000000052e-04
-3.031000000000000139e+00 6.459300000000000042e-01 4.107899999999999752e-05
-3.002499999999999947e+00 6.459300000000000042e-01 2.911199999999999842e-05
-2.973899999999999988e+00 6.459300000000000042e-01 1.566600000000000078e-04
-2.945300000000000029e+00 6.459300000000000042e-01 3.527299999999999923e-04
-2.916700000000000070e+00 6.459300000000000042e-01 8.678699999999999696e-04
-2.888100000000000112e+00 6.459300000000000042e-01 1.636199999999999981e-03
-2.859500000000000153e+00 6.459300000000000042e-01 2.456100000000000123e-03
-2.830900000000000194e+00 6.459300000000000042e-01 3.669099999999999792e-03
-2.802299999999999791e+00 6.459300000000000042e-01 4.883199999999999867e-03
-2.773699999999999832e+00 6.459300000000000042e-01 5.839300000000000393e-03
-2.745099999999999874e+00 6.459300000000000042e-01 6.152699999999999662e-03
-2.716499999999999915e+00 6.459300000000000042e-01 6.995499999999999982e-03
-2.687899999999999956e+00 6.459300000000000042e-01 7.223499999999999886e-03
-2.659299999999999997e+00 6.459300000000000042e-01 6.763299999999999867e-03
-2.630700000000000038e+00 6.459300000000000042e-01 5.928199999999999789e-03
-2.602100000000000080e+00 6.459300000000000042e-01 5.084499999999999610e-03
-2.573500000000000121e+00 6.459300000000000042e-01 3.891100000000000201e-03
-2.544900000000000162e+00 6.459300000000000042e-01 2.696899999999999905e-03
-2.516300000000000203e+00 6.459300000000000042e-01 1.991000000000000148e-03
-2.487699999999999800e+00 6.459300000000000042e-01 1.108000000000000044e-03
-2.459200000000000053e+00 6.459300000000000042e-01 4.652899999999999853e-04
-2.430600000000000094e+00 6.459300000000000042e-01 1.145500000000000061e-04
-2.373400000000000176e+00 6.459300000000000042e-01 4.881900000000000134e-05
-2.344800000000000217e+00 6.459300000000000042e-01 1.650099999999999939e-04
-2.316199999999999815e+00 6.459300000000000042e-01 2.557400000000000146e-04
-2.287599999999999856e+00 6.459300000000000042e-01 3.550900000000000172e-04
-2.258999999999999897e+00 6.459300000000000042e-01 3.771399999999999839e-04
-2.230399999999999938e+00 6.459300000000000042e-01 3.255399999999999765e-04
-2.201799999999999979e+00 6.459300000000000042e-01 2.483399999999999974e-04
-2.173200000000000021e+00 6.459300000000000042e-01 1.524300000000000026e-04
-2.144600000000000062e+00 6.459300000000000042e-01 6.873000000000000095e-05
-2.116000000000000103e+00 6.459300000000000042e-01 3.132299999999999809e-05
-2.087400000000000144e+00 6.459300000000000042e-01 7.565399999999999598e-06
-2.058800000000000185e+00 6.459300000000000042e-01 1.908399999999999889e-05
-2.030199999999999783e+00 6.459300000000000042e-01 5.105300000000000062e-05
-2.001599999999999824e+00 6.459300000000000042e-01 8.992000000000000643e-05
-1.973000000000000087e+00 6.459300000000000042e-01 1.229000000000000058e-04
-1.944399999999999906e+00 6.459300000000000042e-01 1.362500000000000050e-04
-1.915799999999999947e+00 6.459300000000000042e-01 1.331100000000000046e-04
-1.887299999999999978e+00 6.459300000000000042e-01 1.150899999999999975e-04
-1.858700000000000019e+00 6.459300000000000042e-01 9.128699999999999521e-05
-1.830100000000000060e+00 6.459300000000000042e-01 7.034900000000000018e-05
-1.801500000000000101e+00 6.459300000000000042e-01 5.080499999999999892e-05
-1.772899999999999920e+00 6.459300000000000042e-01 2.684200000000000152e-05
-1.744299999999999962e+00 6.459300000000000042e-01 6.276800000000000619e-05
-1.715700000000000003e+00 6.459300000000000042e-01 1.028899999999999924e-05
-1.687100000000000044e+00 6.459300000000000042e-01 4.773699999999999713e-06
-1.658500000000000085e+00 6.459300000000000042e-01 7.877199999999999730e-05
-1.629899999999999904e+00 6.459300000000000042e-01 3.386100000000000072e-06
-1.601299999999999946e+00 6.459300000000000042e-01 1.129300000000000013e-05
-1.572699999999999987e+00 6.459300000000000042e-01 9.036600000000000318e-04
-1.544100000000000028e+00 6.459300000000000042e-01 4.949900000000000160e-05
-1.515500000000000069e+00 6.459300000000000042e-01 3.015300000000000082e-05
-1.486900000000000110e+00 6.459300000000000042e-01 2.601200000000000100e-05
-1.458299999999999930e+00 6.459300000000000042e-01 3.580500000000000024e-05
-1.429699999999999971e+00 6.459300000000000042e-01 1.154899999999999937e-04
-1.401100000000000012e+00 6.459300000000000042e-01 1.738900000000000038e-03
-1.372500000000000053e+00 6.459300000000000042e-01 3.236900000000000129e-05
-1.344000000000000083e+00 6.459300000000000042e-01 1.256100000000000052e-05
-1.315399999999999903e+00 6.459300000000000042e-01 7.744700000000000575e-06
-1.286799999999999944e+00 6.459300000000000042e-01 3.070999999999999904e-06
-1.258199999999999985e+00 6.459300000000000042e-01 1.207300000000000071e-06
-1.172400000000000109e+00 6.459300000000000042e-01 1.591299999999999909e-06
-1.143799999999999928e+00 6.459300000000000042e-01 3.795600000000000133e-06
-1.115199999999999969e+00 6.459300000000000042e-01 6.802999999999999918e-06
-1.086600000000000010e+00 6.459300000000000042e-01 1.867100000000000132e-05
-1.058000000000000052e+00 6.459300000000000042e-01 9.618299999999999983e-04
-1.029400000000000093e+00 6.459300000000000042e-01 1.106199999999999946e-04
-1.000799999999999912e+00 6.459300000000000042e-01 1.484100000000000072e-05
-9.722199999999999731e-01 6.459300000000000042e-01 7.959600000000000838e-06
-9.436299999999999688e-01 6.459300000000000042e-01 5.321199999999999976e-06
-9.150300000000000100e-01 6.459300000000000042e-01 4.414600000000000051e-06
-8.864400000000000057e-01 6.459300000000000042e-01 3.458000000000000180e-06
-8.578400000000000469e-01 6.459300000000000042e-01 2.644699999999999852e-06
-8.292500000000000426e-01 6.459300000000000042e-01 1.875799999999999896e-06
-8.006499999999999728e-01 6.459300000000000042e-01 1.162000000000000055e-06
-6.004899999999999682e-01 6.459300000000000042e-01 1.240700000000000039e-06
-5.718999999999999639e-01 6.459300000000000042e-01 1.336600000000000044e-06
-5.433000000000000052e-01 6.459300000000000042e-01 1.219099999999999898e-06
-2.859499999999999889e-02 6.459300000000000042e-01 1.388799999999999942e-06
0.000000000000000000e+00 6.459300000000000042e-01 1.998200000000000198e-06
-4.489399999999999835e+00 6.746400000000000174e-01 9.512699999999999910e-05
-4.460799999999999876e+00 6.746400000000000174e-01 1.089600000000000003e-04
-4.432199999999999918e+00 6.746400000000000174e-01 1.103900000000000053e-04
-4.403599999999999959e+00 6.746400000000000174e-01 9.936599999999999697e-05
-4.375000000000000000e+00 6.746400000000000174e-01 8.541099999999999929e-05
-4.346400000000000041e+00 6.746400000000000174e-01 5.755999999999999778e-05
-4.317800000000000082e+00 6.746400000000000174e-01 2.796800000000000056e-05
-4.289200000000000124e+00 6.746400000000000174e-01 9.112399999999999355e-06
-4.260600000000000165e+00 6.746400000000000174e-01 5.570199999999999625e-06
-4.232000000000000206e+00 6.746400000000000174e-01 2.089499999999999900e-05
-4.203400000000000247e+00 6.746400000000000174e-01 5.237600000000000133e-05
-4.174800000000000288e+00 6.746400000000000174e-01 9.157400000000000110e-05
-4.146200000000000330e+00 6.746400000000000174e-01 1.165599999999999953e-04
-4.117600000000000371e+00 6.746400000000000174e-01 1.426599999999999928e-04
-4.089100000000000179e+00 6.746400000000000174e-01 1.479999999999999925e-04
-4.060500000000000220e+00 6.746400000000000174e-01 1.316699999999999913e-04
-4.031900000000000261e+00 6.746400000000000174e-01 9.694700000000000539e-05
-4.003300000000000303e+00 6.746400000000000174e-01 5.511400000000000121e-05
-3.974699999999999900e+00 6.746400000000000174e-01 2.079400000000000115e-05
-3.946099999999999941e+00 6.746400000000000174e-01 7.646299999999999958e-06
-3.917499999999999982e+00 6.746400000000000174e-01 7.360399999999999866e-06
-3.888900000000000023e+00 6.746400000000000174e-01 2.910100000000000141e-05
-3.860300000000000065e+00 6.746400000000000174e-01 6.302399999999999832e-05
-3.831700000000000106e+00 6.746400000000000174e-01 9.467700000000000172e-05
-3.803100000000000147e+00 6.746400000000000174e-01 1.095100000000000001e-04
-3.774500000000000188e+00 6.746400000000000174e-01 1.047999999999999995e-04
-3.745899999999999785e+00 6.746400000000000174e-01 9.322099999999999397e-05
-3.717299999999999827e+00 6.746400000000000174e-01 7.695200000000000456e-05
-3.688699999999999868e+00 6.746400000000000174e-01 8.764300000000000096e-05
-3.660099999999999909e+00 6.746400000000000174e-01 1.562900000000000096e-04
-3.631499999999999950e+00 6.746400000000000174e-01 3.014100000000000026e-04
-3.602899999999999991e+00 6.746400000000000174e-01 5.223899999999999638e-04
-3.574300000000000033e+00 6.746400000000000174e-01 7.925700000000000366e-04
-3.545799999999999841e+00 6.746400000000000174e-01 9.775000000000000702e-04
-3.517199999999999882e+00 6.746400000000000174e-01 1.211800000000000073e-03
-3.488599999999999923e+00 6.746400000000000174e-01 1.330299999999999972e-03
-3.459999999999999964e+00 6.746400000000000174e-01 1.295200000000000040e-03
-3.431400000000000006e+00 6.746400000000000174e-01 1.105099999999999919e-03
-3.402800000000000047e+00 6.746400000000000174e-01 7.954299999999999652e-04
-3.374200000000000088e+00 6.746400000000000174e-01 4.495899999999999831e-04
-3.345600000000000129e+00 6.746400000000000174e-01 2.508300000000000091e-04
-3.317000000000000171e+00 6.746400000000000174e-01 7.642899999999999618e-05
-3.288400000000000212e+00 6.746400000000000174e-01 1.178000000000000038e-04
-3.259799999999999809e+00 6.746400000000000174e-01 3.923600000000000178e-04
-3.231199999999999850e+00 6.746400000000000174e-01 8.412899999999999632e-04
-3.202599999999999891e+00 6.746400000000000174e-01 1.333900000000000060e-03
-3.173999999999999932e+00 6.746400000000000174e-01 1.699900000000000065e-03
-3.145399999999999974e+00 6.746400000000000174e-01 1.809000000000000061e-03
-3.116800000000000015e+00 6.746400000000000174e-01 1.689399999999999973e-03
-3.088200000000000056e+00 6.746400000000000174e-01 1.231300000000000059e-03
-3.059600000000000097e+00 6.746400000000000174e-01 6.011499999999999483e-04
-3.031000000000000139e+00 6.746400000000000174e-01 1.176400000000000053e-04
-3.002499999999999947e+00 6.746400000000000174e-01 1.785699999999999928e-04
-2.973899999999999988e+00 6.746400000000000174e-01 1.201699999999999990e-03
-2.945300000000000029e+00 6.746400000000000174e-01 2.598300000000000002e-03
-2.916700000000000070e+00 6.746400000000000174e-01 5.915600000000000025e-03
-2.888100000000000112e+00 6.746400000000000174e-01 1.061899999999999997e-02
-2.859500000000000153e+00 6.746400000000000174e-01 1.631600000000000064e-02
-2.830900000000000194e+00 6.746400000000000174e-01 2.251500000000000029e-02
-2.802299999999999791e+00 6.746400000000000174e-01 2.856600000000000111e-02
-2.773699999999999832e+00 6.746400000000000174e-01 3.357600000000000168e-02
-2.745099999999999874e+00 6.746400000000000174e-01 3.605699999999999877e-02
-2.716499999999999915e+00 6.746400000000000174e-01 3.822600000000000303e-02
-2.687899999999999956e+00 6.746400000000000174e-01 3.796800000000000175e-02
-2.659299999999999997e+00 6.746400000000000174e-01 3.503200000000000064e-02
-2.630700000000000038e+00 6.746400000000000174e-01 3.021599999999999980e-02
-2.602100000000000080e+00 6.746400000000000174e-01 2.432799999999999893e-02
-2.573500000000000121e+00 6.746400000000000174e-01 1.805100000000000107e-02
-2.544900000000000162e+00 6.746400000000000174e-01 1.207000000000000087e-02
-2.516300000000000203e+00 6.746400000000000174e-01 8.608100000000000473e-03
-2.487699999999999800e+00 6.746400000000000174e-01 4.420199999999999997e-03
-2.459200000000000053e+00 6.746400000000000174e-01 1.658500000000000035e-03
-2.430600000000000094e+00 6.746400000000000174e-01 3.018900000000000251e-04
-2.402000000000000135e+00 6.746400000000000174e-01 1.720600000000000094e-05
-2.373400000000000176e+00 6.746400000000000174e-01 3.764600000000000108e-04
-2.344800000000000217e+00 6.746400000000000174e-01 9.682199999999999964e-04
-2.316199999999999815e+00 6.746400000000000174e-01 1.324700000000000053e-03
-2.287599999999999856e+00 6.746400000000000174e-01 1.636199999999999981e-03
-2.258999999999999897e+00 6.746400000000000174e-01 1.611599999999999925e-03
-2.230399999999999938e+00 6.746400000000000174e-01 1.316600000000000019e-03
-2.201799999999999979e+00 6.746400000000000174e-01 8.965499999999999728e-04
-2.173200000000000021e+00 6.746400000000000174e-01 4.797099999999999997e-04
-2.144600000000000062e+00 6.746400000000000174e-01 1.688000000000000101e-04
-2.116000000000000103e+00 6.746400000000000174e-01 5.209299999999999743e-05
-2.087400000000000144e+00 6.746400000000000174e-01 1.502899999999999959e-05
-2.058800000000000185e+00 6.746400000000000174e-01 9.815800000000000447e-05
-2.030199999999999783e+00 6.746400000000000174e-01 2.286500000000000012e-04
-2.001599999999999824e+00 6.746400000000000174e-01 3.436900000000000111e-04
-1.973000000000000087e+00 6.746400000000000174e-01 4.007400000000000155e-04
-1.944399999999999906e+00 6.746400000000000174e-01 3.828699999999999985e-04
-1.915799999999999947e+00 6.746400000000000174e-01 3.365500000000000219e-04
-1.887299999999999978e+00 6.746400000000000174e-01 2.499099999999999976e-04
-1.858700000000000019e+00 6.746400000000000174e-01 1.890899999999999938e-04
-1.830100000000000060e+00 6.746400000000000174e-01 1.832500000000000090e-04
-1.801500000000000101e+00 6.746400000000000174e-01 2.260599999999999871e-04
-1.772899999999999920e+00 6.746400000000000174e-01 2.337100000000000104e-04
-1.744299999999999962e+00 6.746400000000000174e-01 4.453500000000000102e-04
-1.715700000000000003e+00 6.746400000000000174e-01 3.819800000000000257e-04
-1.687100000000000044e+00 6.746400000000000174e-01 4.678300000000000253e-05
-1.658500000000000085e+00 6.746400000000000174e-01 3.863599999999999804e-04
-1.629899999999999904e+00 6.746400000000000174e-01 2.022400000000000152e-05
-1.601299999999999946e+00 6.746400000000000174e-01 7.534000000000000203e-06
-1.572699999999999987e+00 6.746400000000000174e-01 3.876800000000000016e-04
-1.544100000000000028e+00 6.746400000000000174e-01 5.904900000000000334e-05
-1.515500000000000069e+00 6.746400000000000174e-01 3.478999999999999725e-05
-1.486900000000000110e+00 6.746400000000000174e-01 3.613400000000000336e-05
-1.458299999999999930e+00 6.746400000000000174e-01 5.578800000000000187e-05
-1.429699999999999971e+00 6.746400000000000174e-01 1.630799999999999904e-04
-1.401100000000000012e+00 6.746400000000000174e-01 3.887299999999999783e-03
-1.372500000000000053e+00 6.746400000000000174e-01 1.570900000000000020e-04
-1.344000000000000083e+00 6.746400000000000174e-01 4.106399999999999851e-05
-1.315399999999999903e+00 6.746400000000000174e-01 2.392000000000000137e-05
-1.286799999999999944e+00 6.746400000000000174e-01 9.839399999999999340e-06
-1.258199999999999985e+00 6.746400000000000174e-01 4.015499999999999925e-06
-1.229600000000000026e+00 6.746400000000000174e-01 1.723200000000000078e-06
-1.201000000000000068e+00 6.746400000000000174e-01 1.521899999999999989e-06
-1.172400000000000109e+00 6.746400000000000174e-01 3.105500000000000167e-06
-1.143799999999999928e+00 6.746400000000000174e-01 7.377200000000000282e-06
-1.115199999999999969e+00 6.746400000000000174e-01 1.321099999999999938e-05
-1.086600000000000010e+00 6.746400000000000174e-01 3.954500000000000170e-05
-1.058000000000000052e+00 6.746400000000000174e-01 1.189299999999999906e-03
-1.029400000000000093e+00 6.746400000000000174e-01 3.105399999999999914e-04
-1.000799999999999912e+00 6.746400000000000174e-01 1.802800000000000087e-05
-9.722199999999999731e-01 6.746400000000000174e-01 8.801400000000000130e-06
-9.436299999999999688e-01 6.746400000000000174e-01 6.582399999999999861e-06
-9.150300000000000100e-01 6.746400000000000174e-01 6.272199999999999850e-06
-8.864400000000000057e-01 6.746400000000000174e-01 6.092400000000000318e-06
-8.578400000000000469e-01 6.746400000000000174e-01 5.640300000000000021e-06
-8.292500000000000426e-01 6.746400000000000174e-01 4.743299999999999970e-06
-8.006499999999999728e-01 6.746400000000000174e-01 3.487599999999999863e-06
-7.720599999999999685e-01 6.746400000000000174e-01 2.141599999999999960e-06
-7.434600000000000097e-01 6.746400000000000174e-01 1.033199999999999908e-06
-6.290799999999999725e-01 6.746400000000000174e-01 1.284299999999999926e-06
-6.004899999999999682e-01 6.746400000000000174e-01 2.048000000000000128e-06
-5.718999999999999639e-01 6.746400000000000174e-01 2.606899999999999977e-06
-5.433000000000000052e-01 6.746400000000000174e-01 2.745699999999999817e-06
-5.147100000000000009e-01 6.746400000000000174e-01 2.433300000000000064e-06
-4.861099999999999866e-01 6.746400000000000174e-01 2.013899999999999895e-06
-4.575199999999999823e-01 6.746400000000000174e-01 1.230999999999999945e-06
-3.145399999999999863e-01 6.746400000000000174e-01 1.055400000000000093e-06
-2.859499999999999820e-01 6.746400000000000174e-01 1.478499999999999905e-06
-2.573500000000000232e-01 6.746400000000000174e-01 1.951899999999999896e-06
-2.287599999999999911e-01 6.746400000000000174e-01 2.091699999999999811e-06
-2.001600000000000046e-01 6.746400000000000174e-01 1.873199999999999912e-06
-1.715700000000000003e-01 6.746400000000000174e-01 1.396600000000000105e-06
-5.718999999999999778e-02 6.746400000000000174e-01 1.132599999999999964e-06
-2.859499999999999889e-02 6.746400000000000174e-01 2.008099999999999883e-06
0.000000000000000000e+00 6.746400000000000174e-01 3.073200000000000070e-06
-4.489399999999999835e+00 7.033500000000000307e-01 2.580600000000000060e-04
-4.460799999999999876e+00 7.033500000000000307e-01 3.253199999999999820e-04
-4.432199999999999918e+00 7.033500000000000307e-01 3.654199999999999809e-04
-4.403599999999999959e+00 7.033500000000000307e-01 3.638599999999999756e-04
-4.375000000000000000e+00 7.033500000000000307e-01 3.127800000000000242e-04
-4.346400000000000041e+00 7.033500000000000307e-01 2.573499999999999941e-04
-4.317800000000000082e+00 7.033500000000000307e-01 1.593800000000000089e-04
-4.289200000000000124e+00 7.033500000000000307e-01 6.912499999999999970e-05
-4.260600000000000165e+00 7.033500000000000307e-01 1.602299999999999889e-05
-4.232000000000000206e+00 7.033500000000000307e-01 1.912399999999999850e-05
-4.203400000000000247e+00 7.033500000000000307e-01 8.021199999999999706e-05
-4.174800000000000288e+00 7.033500000000000307e-01 1.828900000000000057e-04
-4.146200000000000330e+00 7.033500000000000307e-01 2.576100000000000221e-04
-4.117600000000000371e+00 7.033500000000000307e-01 3.534000000000000249e-04
-4.089100000000000179e+00 7.033500000000000307e-01 4.004799999999999875e-04
-4.060500000000000220e+00 7.033500000000000307e-01 3.804300000000000151e-04
-4.031900000000000261e+00 7.033500000000000307e-01 2.986299999999999784e-04
-4.003300000000000303e+00 7.033500000000000307e-01 1.847800000000000028e-04
-3.974699999999999900e+00 7.033500000000000307e-01 7.650399999999999800e-05
-3.946099999999999941e+00 7.033500000000000307e-01 2.780300000000000130e-05
-3.917499999999999982e+00 7.033500000000000307e-01 1.040799999999999928e-05
-3.888900000000000023e+00 7.033500000000000307e-01 6.244099999999999390e-05
-3.860300000000000065e+00 7.033500000000000307e-01 1.622000000000000124e-04
-3.831700000000000106e+00 7.033500000000000307e-01 2.665200000000000164e-04
-3.803100000000000147e+00 7.033500000000000307e-01 3.315699999999999984e-04
-3.774500000000000188e+00 7.033500000000000307e-01 3.311300000000000094e-04
-3.745899999999999785e+00 7.033500000000000307e-01 2.938400000000000191e-04
-3.717299999999999827e+00 7.033500000000000307e-01 2.180999999999999888e-04
-3.688699999999999868e+00 7.033500000000000307e-01 1.834700000000000035e-04
-3.660099999999999909e+00 7.033500000000000307e-01 2.727200000000000045e-04
-3.631499999999999950e+00 7.033500000000000307e-01 5.507900000000000035e-04
-3.602899999999999991e+00 7.033500000000000307e-01 1.030399999999999892e-03
-3.574300000000000033e+00 7.033500000000000307e-01 1.659600000000000007e-03
-3.545799999999999841e+00 7.033500000000000307e-01 2.100700000000000050e-03
-3.517199999999999882e+00 7.033500000000000307e-01 2.665900000000000127e-03
-3.488599999999999923e+00 7.033500000000000307e-01 2.978399999999999971e-03
-3.459999999999999964e+00 7.033500000000000307e-01 2.916900000000000048e-03
-3.431400000000000006e+00 7.033500000000000307e-01 2.454800000000000038e-03
-3.402800000000000047e+00 7.033500000000000307e-01 1.706700000000000014e-03
-3.374200000000000088e+00 7.033500000000000307e-01 8.896999999999999961e-04
-3.345600000000000129e+00 7.033500000000000307e-01 4.325099999999999908e-04
-3.317000000000000171e+00 7.033500000000000307e-01 8.436800000000000267e-05
-3.288400000000000212e+00 7.033500000000000307e-01 3.030700000000000104e-04
-3.259799999999999809e+00 7.033500000000000307e-01 1.120099999999999959e-03
-3.231199999999999850e+00 7.033500000000000307e-01 2.356399999999999814e-03
-3.202599999999999891e+00 7.033500000000000307e-01 3.656799999999999981e-03
-3.173999999999999932e+00 7.033500000000000307e-01 4.608700000000000296e-03
-3.145399999999999974e+00 7.033500000000000307e-01 4.852300000000000363e-03
-3.116800000000000015e+00 7.033500000000000307e-01 4.432799999999999761e-03
-3.088200000000000056e+00 7.033500000000000307e-01 3.150299999999999975e-03
-3.059600000000000097e+00 7.033500000000000307e-01 1.472199999999999898e-03
-3.031000000000000139e+00 7.033500000000000307e-01 2.229900000000000046e-04
-3.002499999999999947e+00 7.033500000000000307e-01 4.790600000000000110e-04
-2.973899999999999988e+00 7.033500000000000307e-01 3.291599999999999995e-03
-2.945300000000000029e+00 7.033500000000000307e-01 7.013899999999999996e-03
-2.916700000000000070e+00 7.033500000000000307e-01 1.570500000000000021e-02
-2.888100000000000112e+00 7.033500000000000307e-01 2.784599999999999922e-02
-2.859500000000000153e+00 7.033500000000000307e-01 4.254000000000000142e-02
-2.830900000000000194e+00 7.033500000000000307e-01 5.817300000000000249e-02
-2.802299999999999791e+00 7.033500000000000307e-01 7.270300000000000373e-02
-2.773699999999999832e+00 7.033500000000000307e-01 8.476200000000000401e-02
-2.745099999999999874e+00 7.033500000000000307e-01 9.069800000000000084e-02
-2.716499999999999915e+00 7.033500000000000307e-01 9.525100000000000233e-02
-2.687899999999999956e+00 7.033500000000000307e-01 9.320299999999999419e-02
-2.659299999999999997e+00 7.033500000000000307e-01 8.540100000000000469e-02
-2.630700000000000038e+00 7.033500000000000307e-01 7.299500000000000433e-02
-2.602100000000000080e+00 7.033500000000000307e-01 5.780799999999999828e-02
-2.573500000000000121e+00 7.033500000000000307e-01 4.214500000000000191e-02
-2.544900000000000162e+00 7.033500000000000307e-01 2.778800000000000020e-02
-2.516300000000000203e+00 7.033500000000000307e-01 1.948499999999999885e-02
-2.487699999999999800e+00 7.033500000000000307e-01 9.681099999999999775e-03
-2.459200000000000053e+00 7.033500000000000307e-01 3.441899999999999907e-03
-2.430600000000000094e+00 7.033500000000000307e-01 5.309299999999999870e-04
-2.402000000000000135e+00 7.033500000000000307e-01 1.060800000000000008e-04
-2.373400000000000176e+00 7.033500000000000307e-01 1.098199999999999914e-03
-2.344800000000000217e+00 7.033500000000000307e-01 2.516599999999999913e-03
-2.316199999999999815e+00 7.033500000000000307e-01 3.320800000000000054e-03
-2.287599999999999856e+00 7.033500000000000307e-01 3.930099999999999739e-03
-2.258999999999999897e+00 7.033500000000000307e-01 3.741099999999999808e-03
-2.230399999999999938e+00 7.033500000000000307e-01 2.964800000000000074e-03
-2.201799999999999979e+00 7.033500000000000307e-01 1.936299999999999957e-03
-2.173200000000000021e+00 7.033500000000000307e-01 9.687199999999999544e-04
-2.144600000000000062e+00 7.033500000000000307e-01 2.977599999999999952e-04
-2.116000000000000103e+00 7.033500000000000307e-01 6.966300000000000031e-05
-2.087400000000000144e+00 7.033500000000000307e-01 3.775500000000000020e-05
-2.058800000000000185e+00 7.033500000000000307e-01 2.570100000000000075e-04
-2.030199999999999783e+00 7.033500000000000307e-01 5.469300000000000507e-04
-2.001599999999999824e+00 7.033500000000000307e-01 7.648200000000000397e-04
-1.973000000000000087e+00 7.033500000000000307e-01 8.285200000000000160e-04
-1.944399999999999906e+00 7.033500000000000307e-01 7.292299999999999824e-04
-1.915799999999999947e+00 7.033500000000000307e-01 6.040000000000000447e-04
-1.887299999999999978e+00 7.033500000000000307e-01 4.135300000000000065e-04
-1.858700000000000019e+00 7.033500000000000307e-01 3.252199999999999796e-04
-1.830100000000000060e+00 7.033500000000000307e-01 4.023400000000000002e-04
-1.801500000000000101e+00 7.033500000000000307e-01 6.371700000000000540e-04
-1.772899999999999920e+00 7.033500000000000307e-01 7.914000000000000461e-04
-1.744299999999999962e+00 7.033500000000000307e-01 9.407299999999999733e-04
-1.715700000000000003e+00 7.033500000000000307e-01 2.171499999999999819e-03
-1.687100000000000044e+00 7.033500000000000307e-01 2.197800000000000133e-04
-1.658500000000000085e+00 7.033500000000000307e-01 9.404399999999999609e-04
-1.629899999999999904e+00 7.033500000000000307e-01 3.078199999999999903e-04
-1.601299999999999946e+00 7.033500000000000307e-01 3.037400000000000091e-05
-1.572699999999999987e+00 7.033500000000000307e-01 4.665900000000000169e-05
-1.544100000000000028e+00 7.033500000000000307e-01 5.626100000000000225e-05
-1.515500000000000069e+00 7.033500000000000307e-01 3.455899999999999895e-05
-1.486900000000000110e+00 7.033500000000000307e-01 4.375400000000000155e-05
-1.458299999999999930e+00 7.033500000000000307e-01 7.238500000000000576e-05
-1.429699999999999971e+00 7.033500000000000307e-01 1.533100000000000077e-04
-1.401100000000000012e+00 7.033500000000000307e-01 4.428800000000000098e-03
-1.372500000000000053e+00 7.033500000000000307e-01 5.497699999999999896e-04
-1.344000000000000083e+00 7.033500000000000307e-01 9.384699999999999780e-05
-1.315399999999999903e+00 7.033500000000000307e-01 4.825199999999999813e-05
-1.286799999999999944e+00 7.033500000000000307e-01 2.105500000000000085e-05
-1.258199999999999985e+00 7.033500000000000307e-01 8.282200000000000087e-06
-1.229600000000000026e+00 7.033500000000000307e-01 2.963300000000000072e-06
-1.201000000000000068e+00 7.033500000000000307e-01 1.789099999999999947e-06
-1.172400000000000109e+00 7.033500000000000307e-01 3.815699999999999737e-06
-1.143799999999999928e+00 7.033500000000000307e-01 9.848400000000000440e-06
-1.115199999999999969e+00 7.033500000000000307e-01 1.768099999999999894e-05
-1.086600000000000010e+00 7.033500000000000307e-01 4.627499999999999994e-05
-1.058000000000000052e+00 7.033500000000000307e-01 6.425299999999999892e-04
-1.029400000000000093e+00 7.033500000000000307e-01 1.034500000000000046e-03
-1.000799999999999912e+00 7.033500000000000307e-01 1.618099999999999975e-05
-9.722199999999999731e-01 7.033500000000000307e-01 7.922099999999999926e-06
-9.436299999999999688e-01 7.033500000000000307e-01 6.407100000000000032e-06
-9.150300000000000100e-01 7.033500000000000307e-01 7.103099999999999806e-06
-8.864400000000000057e-01 7.033500000000000307e-01 8.377699999999999427e-06
-8.578400000000000469e-01 7.033500000000000307e-01 8.917099999999999717e-06
-8.292500000000000426e-01 7.033500000000000307e-01 8.315799999999999223e-06
-8.006499999999999728e-01 7.033500000000000307e-01 6.712899999999999713e-06
-7.720599999999999685e-01 7.033500000000000307e-01 4.580100000000000414e-06
-7.434600000000000097e-01 7.033500000000000307e-01 2.470899999999999924e-06
-6.290799999999999725e-01 7.033500000000000307e-01 1.310199999999999966e-06
-6.004899999999999682e-01 7.033500000000000307e-01 2.570199999999999973e-06
-5.718999999999999639e-01 7.033500000000000307e-01 3.743899999999999848e-06
-5.433000000000000052e-01 7.033500000000000307e-01 4.414399999999999612e-06
-5.147100000000000009e-01 7.033500000000000307e-01 4.309699999999999581e-06
-4.861099999999999866e-01 7.033500000000000307e-01 3.838099999999999726e-06
-4.575199999999999823e-01 7.033500000000000307e-01 2.716700000000000180e-06
-4.289200000000000235e-01 7.033500000000000307e-01 1.436199999999999903e-06
-3.145399999999999863e-01 7.033500000000000307e-01 1.176200000000000063e-06
-2.859499999999999820e-01 7.033500000000000307e-01 1.925599999999999826e-06
-2.573500000000000232e-01 7.033500000000000307e-01 3.022000000000000035e-06
-2.287599999999999911e-01 7.033500000000000307e-01 3.780599999999999853e-06
-2.001600000000000046e-01 7.033500000000000307e-01 3.967899999999999737e-06
-1.715700000000000003e-01 7.033500000000000307e-01 3.614400000000000072e-06
-1.429700000000000137e-01 7.033500000000000307e-01 2.950699999999999972e-06
-1.143799999999999956e-01 7.033500000000000307e-01 2.307800000000000164e-06
-8.578399999999999914e-02 7.033500000000000307e-01 2.072999999999999888e-06
-5.718999999999999778e-02 7.033500000000000307e-01 2.211299999999999902e-06
-2.859499999999999889e-02 7.033500000000000307e-01 2.981700000000000183e-06
0.000000000000000000e+00 7.033500000000000307e-01 4.221399999999999935e-06
-4.489399999999999835e+00 7.320600000000000440e-01 2.847699999999999993e-04
-4.460799999999999876e+00 7.320600000000000440e-01 3.720800000000000019e-04
-4.432199999999999918e+00 7.320600000000000440e-01 4.314599999999999924e-04
-4.403599999999999959e+00 7.320600000000000440e-01 4.410400000000000193e-04
-4.375000000000000000e+00 7.320600000000000440e-01 3.954499999999999899e-04
-4.346400000000000041e+00 7.320600000000000440e-01 3.360300000000000201e-04
-4.317800000000000082e+00 7.320600000000000440e-01 2.210299999999999895e-04
-4.289200000000000124e+00 7.320600000000000440e-01 1.064900000000000053e-04
-4.260600000000000165e+00 7.320600000000000440e-01 2.821200000000000026e-05
-4.232000000000000206e+00 7.320600000000000440e-01 1.182199999999999964e-05
-4.203400000000000247e+00 7.320600000000000440e-01 6.432500000000000500e-05
-4.174800000000000288e+00 7.320600000000000440e-01 1.701499999999999888e-04
-4.146200000000000330e+00 7.320600000000000440e-01 2.545499999999999803e-04
-4.117600000000000371e+00 7.320600000000000440e-01 3.680199999999999899e-04
-4.089100000000000179e+00 7.320600000000000440e-01 4.308000000000000089e-04
-4.060500000000000220e+00 7.320600000000000440e-01 4.218599999999999759e-04
-4.031900000000000261e+00 7.320600000000000440e-01 3.427099999999999765e-04
-4.003300000000000303e+00 7.320600000000000440e-01 2.177100000000000010e-04
-3.974699999999999900e+00 7.320600000000000440e-01 9.504499999999999548e-05
-3.946099999999999941e+00 7.320600000000000440e-01 3.679400000000000043e-05
-3.917499999999999982e+00 7.320600000000000440e-01 1.001000000000000072e-05
-3.888900000000000023e+00 7.320600000000000440e-01 6.375799999999999502e-05
-3.860300000000000065e+00 7.320600000000000440e-01 1.752400000000000095e-04
-3.831700000000000106e+00 7.320600000000000440e-01 2.984600000000000122e-04
-3.803100000000000147e+00 7.320600000000000440e-01 3.796299999999999957e-04
-3.774500000000000188e+00 7.320600000000000440e-01 3.841599999999999811e-04
-3.745899999999999785e+00 7.320600000000000440e-01 3.455800000000000083e-04
-3.717299999999999827e+00 7.320600000000000440e-01 2.540800000000000068e-04
-3.688699999999999868e+00 7.320600000000000440e-01 1.923200000000000018e-04
-3.660099999999999909e+00 7.320600000000000440e-01 2.557300000000000198e-04
-3.631499999999999950e+00 7.320600000000000440e-01 5.190600000000000075e-04
-3.602899999999999991e+00 7.320600000000000440e-01 1.002800000000000089e-03
-3.574300000000000033e+00 7.320600000000000440e-01 1.651799999999999926e-03
-3.545799999999999841e+00 7.320600000000000440e-01 2.116199999999999939e-03
-3.517199999999999882e+00 7.320600000000000440e-01 2.731299999999999874e-03
-3.488599999999999923e+00 7.320600000000000440e-01 3.068200000000000094e-03
-3.459999999999999964e+00 7.320600000000000440e-01 3.001000000000000195e-03
-3.431400000000000006e+00 7.320600000000000440e-01 2.522200000000000050e-03
-3.402800000000000047e+00 7.320600000000000440e-01 1.734300000000000034e-03
-3.374200000000000088e+00 7.320600000000000440e-01 8.677199999999999930e-04
-3.345600000000000129e+00 7.320600000000000440e-01 3.969199999999999877e-04
-3.317000000000000171e+00 7.320600000000000440e-01 5.930100000000000025e-05
-3.288400000000000212e+00 7.320600000000000440e-01 3.512100000000000204e-04
-3.259799999999999809e+00 7.320600000000000440e-01 1.296199999999999956e-03
-3.231199999999999850e+00 7.320600000000000440e-01 2.695299999999999866e-03
-3.202599999999999891e+00 7.320600000000000440e-01 4.161899999999999628e-03
-3.173999999999999932e+00 7.320600000000000440e-01 5.193999999999999832e-03
-3.145399999999999974e+00 7.320600000000000440e-01 5.435299999999999680e-03
-3.116800000000000015e+00 7.320600000000000440e-01 4.956699999999999648e-03
-3.088200000000000056e+00 7.320600000000000440e-01 3.514800000000000216e-03
-3.059600000000000097e+00 7.320600000000000440e-01 1.617100000000000004e-03
-3.031000000000000139e+00 7.320600000000000440e-01 2.267199999999999977e-04
-3.002499999999999947e+00 7.320600000000000440e-01 5.076300000000000170e-04
-2.973899999999999988e+00 7.320600000000000440e-01 3.647000000000000068e-03
-2.945300000000000029e+00 7.320600000000000440e-01 7.783899999999999847e-03
-2.916700000000000070e+00 7.320600000000000440e-01 1.740399999999999933e-02
-2.888100000000000112e+00 7.320600000000000440e-01 3.087399999999999867e-02
-2.859500000000000153e+00 7.320600000000000440e-01 4.697400000000000186e-02
-2.830900000000000194e+00 7.320600000000000440e-01 6.396200000000000496e-02
-2.802299999999999791e+00 7.320600000000000440e-01 8.003100000000000491e-02
-2.773699999999999832e+00 7.320600000000000440e-01 9.292200000000000459e-02
-2.745099999999999874e+00 7.320600000000000440e-01 9.893399999999999417e-02
-2.716499999999999915e+00 7.320600000000000440e-01 1.032600000000000046e-01
-2.687899999999999956e+00 7.320600000000000440e-01 1.013799999999999979e-01
-2.659299999999999997e+00 7.320600000000000440e-01 9.233299999999999841e-02
-2.630700000000000038e+00 7.320600000000000440e-01 7.829300000000000148e-02
-2.602100000000000080e+00 7.320600000000000440e-01 6.168099999999999972e-02
-2.573500000000000121e+00 7.320600000000000440e-01 4.470099999999999768e-02
-2.544900000000000162e+00 7.320600000000000440e-01 2.906500000000000056e-02
-2.516300000000000203e+00 7.320600000000000440e-01 2.018899999999999861e-02
-2.487699999999999800e+00 7.320600000000000440e-01 9.841400000000000148e-03
-2.459200000000000053e+00 7.320600000000000440e-01 3.356899999999999901e-03
-2.430600000000000094e+00 7.320600000000000440e-01 4.623900000000000232e-04
-2.402000000000000135e+00 7.320600000000000440e-01 1.849900000000000025e-04
-2.373400000000000176e+00 7.320600000000000440e-01 1.358499999999999899e-03
-2.344800000000000217e+00 7.320600000000000440e-01 2.918899999999999880e-03
-2.316199999999999815e+00 7.320600000000000440e-01 3.757599999999999829e-03
-2.287599999999999856e+00 7.320600000000000440e-01 4.371599999999999792e-03
-2.258999999999999897e+00 7.320600000000000440e-01 4.099099999999999619e-03
-2.230399999999999938e+00 7.320600000000000440e-01 3.180899999999999960e-03
-2.201799999999999979e+00 7.320600000000000440e-01 2.024699999999999937e-03
-2.173200000000000021e+00 7.320600000000000440e-01 9.819500000000000971e-04
-2.144600000000000062e+00 7.320600000000000440e-01 2.798400000000000041e-04
-2.116000000000000103e+00 7.320600000000000440e-01 5.507899999999999900e-05
-2.087400000000000144e+00 7.320600000000000440e-01 5.288199999999999954e-05
-2.058800000000000185e+00 7.320600000000000440e-01 3.080000000000000055e-04
-2.030199999999999783e+00 7.320600000000000440e-01 6.182600000000000335e-04
-2.001599999999999824e+00 7.320600000000000440e-01 8.307800000000000384e-04
-1.973000000000000087e+00 7.320600000000000440e-01 8.698100000000000493e-04
-1.944399999999999906e+00 7.320600000000000440e-01 7.351299999999999632e-04
-1.915799999999999947e+00 7.320600000000000440e-01 5.859700000000000021e-04
-1.887299999999999978e+00 7.320600000000000440e-01 3.795199999999999984e-04
-1.858700000000000019e+00 7.320600000000000440e-01 3.051400000000000228e-04
-1.830100000000000060e+00 7.320600000000000440e-01 4.277500000000000161e-04
-1.801500000000000101e+00 7.320600000000000440e-01 7.452099999999999480e-04
-1.772899999999999920e+00 7.320600000000000440e-01 1.026500000000000069e-03
-1.744299999999999962e+00 7.320600000000000440e-01 8.106800000000000377e-04
-1.715700000000000003e+00 7.320600000000000440e-01 3.029399999999999801e-03
-1.687100000000000044e+00 7.320600000000000440e-01 3.671200000000000223e-04
-1.658500000000000085e+00 7.320600000000000440e-01 5.764099999999999649e-04
-1.629899999999999904e+00 7.320600000000000440e-01 8.770600000000000358e-04
-1.601299999999999946e+00 7.320600000000000440e-01 4.592600000000000041e-05
-1.572699999999999987e+00 7.320600000000000440e-01 3.658599999999999835e-05
-1.544100000000000028e+00 7.320600000000000440e-01 2.700400000000000098e-05
-1.515500000000000069e+00 7.320600000000000440e-01 2.385899999999999976e-05
-1.486900000000000110e+00 7.320600000000000440e-01 3.463599999999999839e-05
-1.458299999999999930e+00 7.320600000000000440e-01 5.692900000000000331e-05
-1.429699999999999971e+00 7.320600000000000440e-01 1.288200000000000033e-04
-1.401100000000000012e+00 7.320600000000000440e-01 1.868400000000000095e-03
-1.372500000000000053e+00 7.320600000000000440e-01 4.035000000000000392e-03
-1.344000000000000083e+00 7.320600000000000440e-01 1.177000000000000013e-04
-1.315399999999999903e+00 7.320600000000000440e-01 5.769200000000000261e-05
-1.286799999999999944e+00 7.320600000000000440e-01 2.300099999999999882e-05
-1.258199999999999985e+00 7.320600000000000440e-01 8.440299999999999471e-06
-1.229600000000000026e+00 7.320600000000000440e-01 2.336900000000000021e-06
-1.172400000000000109e+00 7.320600000000000440e-01 1.972500000000000173e-06
-1.143799999999999928e+00 7.320600000000000440e-01 6.664699999999999903e-06
-1.115199999999999969e+00 7.320600000000000440e-01 1.296500000000000038e-05
-1.086600000000000010e+00 7.320600000000000440e-01 3.267699999999999902e-05
-1.058000000000000052e+00 7.320600000000000440e-01 2.762899999999999991e-04
-1.029400000000000093e+00 7.320600000000000440e-01 1.695799999999999912e-03
-1.000799999999999912e+00 7.320600000000000440e-01 1.462600000000000023e-05
-9.722199999999999731e-01 7.320600000000000440e-01 3.778200000000000096e-06
-9.436299999999999688e-01 7.320600000000000440e-01 3.615899999999999973e-06
-9.150300000000000100e-01 7.320600000000000440e-01 4.719100000000000269e-06
-8.864400000000000057e-01 7.320600000000000440e-01 6.548100000000000037e-06
-8.578400000000000469e-01 7.320600000000000440e-01 7.615500000000000185e-06
-8.292500000000000426e-01 7.320600000000000440e-01 7.574699999999999661e-06
-8.006499999999999728e-01 7.320600000000000440e-01 6.466499999999999836e-06
-7.720599999999999685e-01 7.320600000000000440e-01 4.642600000000000239e-06
-7.434600000000000097e-01 7.320600000000000440e-01 2.681900000000000106e-06
-7.148700000000000054e-01 7.320600000000000440e-01 1.100100000000000064e-06
-6.004899999999999682e-01 7.320600000000000440e-01 1.845499999999999949e-06
-5.718999999999999639e-01 7.320600000000000440e-01 2.965200000000000003e-06
-5.433000000000000052e-01 7.320600000000000440e-01 3.723399999999999791e-06
-5.147100000000000009e-01 7.320600000000000440e-01 3.872300000000000178e-06
-4.861099999999999866e-01 7.320600000000000440e-01 3.593699999999999999e-06
-4.575199999999999823e-01 7.320600000000000440e-01 2.711499999999999789e-06
-4.289200000000000235e-01 7.320600000000000440e-01 1.588699999999999926e-06
-2.859499999999999820e-01 7.320600000000000440e-01 1.461899999999999928e-06
-2.573500000000000232e-01 7.320600000000000440e-01 2.550600000000000194e-06
-2.287599999999999911e-01 7.320600000000000440e-01 3.447199999999999792e-06
-2.001600000000000046e-01 7.320600000000000440e-01 3.927100000000000060e-06
-1.715700000000000003e-01 7.320600000000000440e-01 3.890800000000000085e-06
-1.429700000000000137e-01 7.320600000000000440e-01 3.457000000000000105e-06
-1.143799999999999956e-01 7.320600000000000440e-01 2.905200000000000154e-06
-8.578399999999999914e-02 7.320600000000000440e-01 2.623299999999999939e-06
-5.718999999999999778e-02 7.320600000000000440e-01 2.496999999999999979e-06
-2.859499999999999889e-02 7.320600000000000440e-01 2.868900000000000179e-06
0.000000000000000000e+00 7.320600000000000440e-01 3.681499999999999819e-06
-4.489399999999999835e+00 7.607699999999999463e-01 1.376200000000000004e-04
-4.460799999999999876e+00 7.607699999999999463e-01 1.830699999999999938e-04
-4.432199999999999918e+00 7.607699999999999463e-01 2.172700000000000119e-04
-4.403599999999999959e+00 7.607699999999999463e-01 2.294599999999999884e-04
-4.375000000000000000e+00 7.607699999999999463e-01 2.114999999999999910e-04
-4.346400000000000041e+00 7.607699999999999463e-01 1.841500000000000038e-04
-4.317800000000000082e+00 7.607699999999999463e-01 1.280800000000000070e-04
-4.289200000000000124e+00 7.607699999999999463e-01 6.794700000000000522e-05
-4.260600000000000165e+00 7.607699999999999463e-01 2.159700000000000007e-05
-4.232000000000000206e+00 7.607699999999999463e-01 3.915699999999999627e-06
-4.203400000000000247e+00 7.607699999999999463e-01 2.034799999999999898e-05
-4.174800000000000288e+00 7.607699999999999463e-01 6.606899999999999373e-05
-4.146200000000000330e+00 7.607699999999999463e-01 1.049599999999999980e-04
-4.117600000000000371e+00 7.607699999999999463e-01 1.611299999999999972e-04
-4.089100000000000179e+00 7.607699999999999463e-01 1.974800000000000134e-04
-4.060500000000000220e+00 7.607699999999999463e-01 1.992200000000000069e-04
-4.031900000000000261e+00 7.607699999999999463e-01 1.656899999999999942e-04
-4.003300000000000303e+00 7.607699999999999463e-01 1.097900000000000042e-04
-3.974699999999999900e+00 7.607699999999999463e-01 5.114099999999999706e-05
-3.946099999999999941e+00 7.607699999999999463e-01 2.212000000000000167e-05
-3.917499999999999982e+00 7.607699999999999463e-01 6.924199999999999706e-06
-3.888900000000000023e+00 7.607699999999999463e-01 3.067600000000000242e-05
-3.860300000000000065e+00 7.607699999999999463e-01 8.458099999999999538e-05
-3.831700000000000106e+00 7.607699999999999463e-01 1.454899999999999911e-04
-3.803100000000000147e+00 7.607699999999999463e-01 1.879600000000000097e-04
-3.774500000000000188e+00 7.607699999999999463e-01 1.936700000000000075e-04
-3.745899999999999785e+00 7.607699999999999463e-01 1.748200000000000101e-04
-3.717299999999999827e+00 7.607699999999999463e-01 1.274199999999999964e-04
-3.688699999999999868e+00 7.607699999999999463e-01 9.081000000000000638e-05
-3.660099999999999909e+00 7.607699999999999463e-01 1.110000000000000011e-04
-3.631499999999999950e+00 7.607699999999999463e-01 2.263300000000000099e-04
-3.602899999999999991e+00 7.607699999999999463e-01 4.489299999999999996e-04
-3.574300000000000033e+00 7.607699999999999463e-01 7.567799999999999744e-04
-3.545799999999999841e+00 7.607699999999999463e-01 9.787800000000000580e-04
-3.517199999999999882e+00 7.607699999999999463e-01 1.271400000000000004e-03
-3.488599999999999923e+00 7.607699999999999463e-01 1.437799999999999929e-03
-3.459999999999999964e+00 7.607699999999999463e-01 1.413999999999999892e-03
-3.431400000000000006e+00 7.607699999999999463e-01 1.180400000000000069e-03
-3.402800000000000047e+00 7.607699999999999463e-01 7.987600000000000299e-04
-3.374200000000000088e+00 7.607699999999999463e-01 3.858800000000000121e-04
-3.345600000000000129e+00 7.607699999999999463e-01 1.654100000000000036e-04
-3.317000000000000171e+00 7.607699999999999463e-01 2.364699999999999907e-05
-3.288400000000000212e+00 7.607699999999999463e-01 1.976000000000000055e-04
-3.259799999999999809e+00 7.607699999999999463e-01 7.026699999999999656e-04
-3.231199999999999850e+00 7.607699999999999463e-01 1.433800000000000048e-03
-3.202599999999999891e+00 7.607699999999999463e-01 2.184800000000000197e-03
-3.173999999999999932e+00 7.607699999999999463e-01 2.722599999999999933e-03
-3.145399999999999974e+00 7.607699999999999463e-01 2.849899999999999829e-03
-3.116800000000000015e+00 7.607699999999999463e-01 2.590600000000000194e-03
-3.088200000000000056e+00 7.607699999999999463e-01 1.835700000000000005e-03
-3.059600000000000097e+00 7.607699999999999463e-01 8.521400000000000372e-04
-3.031000000000000139e+00 7.607699999999999463e-01 1.141799999999999944e-04
-3.002499999999999947e+00 7.607699999999999463e-01 2.374999999999999995e-04
-2.973899999999999988e+00 7.607699999999999463e-01 1.814599999999999980e-03
-2.945300000000000029e+00 7.607699999999999463e-01 3.907899999999999742e-03
-2.916700000000000070e+00 7.607699999999999463e-01 8.805500000000000826e-03
-2.888100000000000112e+00 7.607699999999999463e-01 1.565300000000000025e-02
-2.859500000000000153e+00 7.607699999999999463e-01 2.389099999999999904e-02
-2.830900000000000194e+00 7.607699999999999463e-01 3.260400000000000104e-02
-2.802299999999999791e+00 7.607699999999999463e-01 4.060199999999999920e-02
-2.773699999999999832e+00 7.607699999999999463e-01 4.703700000000000242e-02
-2.745099999999999874e+00 7.607699999999999463e-01 5.012899999999999995e-02
-2.716499999999999915e+00 7.607699999999999463e-01 5.229099999999999721e-02
-2.687899999999999956e+00 7.607699999999999463e-01 5.093299999999999911e-02
-2.659299999999999997e+00 7.607699999999999463e-01 4.632599999999999912e-02
-2.630700000000000038e+00 7.607699999999999463e-01 3.922500000000000292e-02
-2.602100000000000080e+00 7.607699999999999463e-01 3.064800000000000163e-02
-2.573500000000000121e+00 7.607699999999999463e-01 2.190699999999999939e-02
-2.544900000000000162e+00 7.607699999999999463e-01 1.408200000000000077e-02
-2.516300000000000203e+00 7.607699999999999463e-01 9.658899999999999778e-03
-2.487699999999999800e+00 7.607699999999999463e-01 4.557000000000000287e-03
-2.459200000000000053e+00 7.607699999999999463e-01 1.446400000000000029e-03
-2.430600000000000094e+00 7.607699999999999463e-01 1.501499999999999905e-04
-2.402000000000000135e+00 7.607699999999999463e-01 1.661199999999999884e-04
-2.373400000000000176e+00 7.607699999999999463e-01 8.660299999999999465e-04
-2.344800000000000217e+00 7.607699999999999463e-01 1.706700000000000014e-03
-2.316199999999999815e+00 7.607699999999999463e-01 2.143299999999999893e-03
-2.287599999999999856e+00 7.607699999999999463e-01 2.417799999999999897e-03
-2.258999999999999897e+00 7.607699999999999463e-01 2.217699999999999966e-03
-2.230399999999999938e+00 7.607699999999999463e-01 1.691000000000000012e-03
-2.201799999999999979e+00 7.607699999999999463e-01 1.051400000000000078e-03
-2.173200000000000021e+00 7.607699999999999463e-01 4.885399999999999812e-04
-2.144600000000000062e+00 7.607699999999999463e-01 1.261199999999999919e-04
-2.116000000000000103e+00 7.607699999999999463e-01 1.964100000000000050e-05
-2.087400000000000144e+00 7.607699999999999463e-01 3.910300000000000153e-05
-2.058800000000000185e+00 7.607699999999999463e-01 1.896800000000000135e-04
-2.030199999999999783e+00 7.607699999999999463e-01 3.605500000000000089e-04
-2.001599999999999824e+00 7.607699999999999463e-01 4.676099999999999766e-04
-1.973000000000000087e+00 7.607699999999999463e-01 4.718899999999999831e-04
-1.944399999999999906e+00 7.607699999999999463e-01 3.811199999999999831e-04
-1.915799999999999947e+00 7.607699999999999463e-01 2.912300000000000153e-04
-1.887299999999999978e+00 7.607699999999999463e-01 1.708099999999999994e-04
-1.858700000000000019e+00 7.607699999999999463e-01 1.308399999999999873e-04
-1.830100000000000060e+00 7.607699999999999463e-01 2.062699999999999885e-04
-1.801500000000000101e+00 7.607699999999999463e-01 4.000300000000000036e-04
-1.772899999999999920e+00 7.607699999999999463e-01 6.079399999999999561e-04
-1.744299999999999962e+00 7.607699999999999463e-01 5.198600000000000269e-04
-1.715700000000000003e+00 7.607699999999999463e-01 1.464400000000000033e-03
-1.687100000000000044e+00 7.607699999999999463e-01 3.281299999999999907e-04
-1.658500000000000085e+00 7.607699999999999463e-01 2.204300000000000020e-04
-1.629899999999999904e+00 7.607699999999999463e-01 1.019600000000000064e-03
-1.601299999999999946e+00 7.607699999999999463e-01 3.866500000000000335e-05
-1.572699999999999987e+00 7.607699999999999463e-01 2.450700000000000101e-05
-1.544100000000000028e+00 7.607699999999999463e-01 3.275600000000000283e-05
-1.515500000000000069e+00 7.607699999999999463e-01 5.363699999999999993e-06
-1.486900000000000110e+00 7.607699999999999463e-01 1.300200000000000020e-05
-1.458299999999999930e+00 7.607699999999999463e-01 2.209699999999999867e-05
-1.429699999999999971e+00 7.607699999999999463e-01 3.816600000000000016e-05
-1.401100000000000012e+00 7.607699999999999463e-01 1.841099999999999974e-04
-1.372500000000000053e+00 7.607699999999999463e-01 4.566999999999999879e-03
-1.344000000000000083e+00 7.607699999999999463e-01 5.311100000000000022e-05
-1.315399999999999903e+00 7.607699999999999463e-01 3.135300000000000288e-05
-1.286799999999999944e+00 7.607699999999999463e-01 1.350399999999999980e-05
-1.258199999999999985e+00 7.607699999999999463e-01 4.938100000000000205e-06
-1.229600000000000026e+00 7.607699999999999463e-01 1.372700000000000003e-06
-1.143799999999999928e+00 7.607699999999999463e-01 2.251600000000000177e-06
-1.115199999999999969e+00 7.607699999999999463e-01 4.564500000000000089e-06
-1.086600000000000010e+00 7.607699999999999463e-01 1.199400000000000070e-05
-1.058000000000000052e+00 7.607699999999999463e-01 3.966200000000000075e-05
-1.029400000000000093e+00 7.607699999999999463e-01 8.711100000000000267e-04
-1.000799999999999912e+00 7.607699999999999463e-01 6.267499999999999708e-06
-9.150300000000000100e-01 7.607699999999999463e-01 1.235900000000000102e-06
-8.864400000000000057e-01 7.607699999999999463e-01 2.291299999999999983e-06
-8.578400000000000469e-01 7.607699999999999463e-01 3.015899999999999788e-06
-8.292500000000000426e-01 7.607699999999999463e-01 3.204900000000000012e-06
-8.006499999999999728e-01 7.607699999999999463e-01 2.868300000000000134e-06
-7.720599999999999685e-01 7.607699999999999463e-01 2.174999999999999928e-06
-7.434600000000000097e-01 7.607699999999999463e-01 1.334200000000000075e-06
-5.718999999999999639e-01 7.607699999999999463e-01 1.030100000000000099e-06
-5.433000000000000052e-01 7.607699999999999463e-01 1.398200000000000013e-06
-5.147100000000000009e-01 7.607699999999999463e-01 1.527399999999999979e-06
-4.861099999999999866e-01 7.607699999999999463e-01 1.459399999999999952e-06
-4.575199999999999823e-01 7.607699999999999463e-01 1.164300000000000016e-06
-2.287599999999999911e-01 7.607699999999999463e-01 1.407000000000000039e-06
-2.001600000000000046e-01 7.607699999999999463e-01 1.690799999999999973e-06
-1.715700000000000003e-01 7.607699999999999463e-01 1.781700000000000026e-06
-1.429700000000000137e-01 7.607699999999999463e-01 1.708300000000000017e-06
-1.143799999999999956e-01 7.607699999999999463e-01 1.542100000000000025e-06
-8.578399999999999914e-02 7.607699999999999463e-01 1.435100000000000033e-06
-5.718999999999999778e-02 7.607699999999999463e-01 1.365999999999999923e-06
-2.859499999999999889e-02 7.607699999999999463e-01 1.457500000000000021e-06
0.000000000000000000e+00 7.607699999999999463e-01 1.703200000000000058e-06
-4.489399999999999835e+00 7.894700000000000051e-01 4.556500000000000335e-06
-4.460799999999999876e+00 7.894700000000000051e-01 7.495199999999999829e-06
-4.432199999999999918e+00 7.894700000000000051e-01 1.042100000000000068e-05
-4.403599999999999959e+00 7.894700000000000051e-01 1.149100000000000060e-05
-4.375000000000000000e+00 7.894700000000000051e-01 1.123099999999999970e-05
-4.346400000000000041e+00 7.894700000000000051e-01 1.232700000000000073e-05
-4.317800000000000082e+00 7.894700000000000051e-01 1.086200000000000036e-05
-4.289200000000000124e+00 7.894700000000000051e-01 7.886200000000000829e-06
-4.260600000000000165e+00 7.894700000000000051e-01 4.952999999999999843e-06
-4.232000000000000206e+00 7.894700000000000051e-01 2.293700000000000164e-06
-4.146200000000000330e+00 7.894700000000000051e-01 1.511400000000000047e-06
-4.117600000000000371e+00 7.894700000000000051e-01 4.003700000000000309e-06
-4.089100000000000179e+00 7.894700000000000051e-01 5.165499999999999926e-06
-4.060500000000000220e+00 7.894700000000000051e-01 5.790099999999999841e-06
-4.031900000000000261e+00 7.894700000000000051e-01 7.158299999999999718e-06
-4.003300000000000303e+00 7.894700000000000051e-01 6.011899999999999987e-06
-3.974699999999999900e+00 7.894700000000000051e-01 4.077400000000000128e-06
-3.946099999999999941e+00 7.894700000000000051e-01 3.345700000000000002e-06
-3.917499999999999982e+00 7.894700000000000051e-01 2.601900000000000025e-06
-3.888900000000000023e+00 7.894700000000000051e-01 3.351599999999999810e-06
-3.860300000000000065e+00 7.894700000000000051e-01 5.030000000000000122e-06
-3.831700000000000106e+00 7.894700000000000051e-01 7.868699999999999726e-06
-3.803100000000000147e+00 7.894700000000000051e-01 1.015500000000000018e-05
-3.774500000000000188e+00 7.894700000000000051e-01 9.342799999999999724e-06
-3.745899999999999785e+00 7.894700000000000051e-01 8.333699999999999509e-06
-3.717299999999999827e+00 7.894700000000000051e-01 6.407900000000000092e-06
-3.688699999999999868e+00 7.894700000000000051e-01 3.572900000000000130e-06
-3.660099999999999909e+00 7.894700000000000051e-01 2.516600000000000181e-06
-3.631499999999999950e+00 7.894700000000000051e-01 6.165800000000000326e-06
-3.602899999999999991e+00 7.894700000000000051e-01 1.600299999999999908e-05
-3.574300000000000033e+00 7.894700000000000051e-01 2.750800000000000158e-05
-3.545799999999999841e+00 7.894700000000000051e-01 3.128200000000000305e-05
-3.517199999999999882e+00 7.894700000000000051e-01 5.262700000000000282e-05
-3.488599999999999923e+00 7.894700000000000051e-01 6.343699999999999589e-05
-3.459999999999999964e+00 7.894700000000000051e-01 5.647400000000000174e-05
-3.431400000000000006e+00 7.894700000000000051e-01 4.261400000000000230e-05
-3.402800000000000047e+00 7.894700000000000051e-01 3.159700000000000258e-05
-3.374200000000000088e+00 7.894700000000000051e-01 1.135800000000000035e-05
-3.345600000000000129e+00 7.894700000000000051e-01 2.533899999999999999e-06
-3.317000000000000171e+00 7.894700000000000051e-01 2.611899999999999929e-06
-3.288400000000000212e+00 7.894700000000000051e-01 2.179200000000000074e-05
-3.259799999999999809e+00 7.894700000000000051e-01 6.104599999999999794e-05
-3.231199999999999850e+00 7.894700000000000051e-01 1.129399999999999995e-04
-3.202599999999999891e+00 7.894700000000000051e-01 1.726900000000000017e-04
-3.173999999999999932e+00 7.894700000000000051e-01 2.134100000000000049e-04
-3.145399999999999974e+00 7.894700000000000051e-01 2.110100000000000007e-04
-3.116800000000000015e+00 7.894700000000000051e-01 1.964299999999999879e-04
-3.088200000000000056e+00 7.894700000000000051e-01 1.489600000000000104e-04
-3.059600000000000097e+00 7.894700000000000051e-01 7.235400000000000555e-05
-3.031000000000000139e+00 7.894700000000000051e-01 1.162499999999999966e-05
-2.973899999999999988e+00 7.894700000000000051e-01 8.783299999999999745e-05
-2.945300000000000029e+00 7.894700000000000051e-01 2.142500000000000036e-04
-2.916700000000000070e+00 7.894700000000000051e-01 4.623399999999999949e-04
-2.888100000000000112e+00 7.894700000000000051e-01 9.970000000000000563e-04
-2.859500000000000153e+00 7.894700000000000051e-01 1.552500000000000061e-03
-2.830900000000000194e+00 7.894700000000000051e-01 2.040699999999999893e-03
-2.802299999999999791e+00 7.894700000000000051e-01 2.530500000000000197e-03
-2.773699999999999832e+00 7.894700000000000051e-01 3.174300000000000125e-03
-2.745099999999999874e+00 7.894700000000000051e-01 3.286600000000000198e-03
-2.716499999999999915e+00 7.894700000000000051e-01 3.247799999999999906e-03
-2.687899999999999956e+00 7.894700000000000051e-01 3.206000000000000082e-03
-2.659299999999999997e+00 7.894700000000000051e-01 3.028299999999999829e-03
-2.630700000000000038e+00 7.894700000000000051e-01 2.321500000000000213e-03
-2.602100000000000080e+00 7.894700000000000051e-01 1.763199999999999924e-03
-2.573500000000000121e+00 7.894700000000000051e-01 1.259700000000000099e-03
-2.544900000000000162e+00 7.894700000000000051e-01 7.378299999999999746e-04
-2.516300000000000203e+00 7.894700000000000051e-01 4.168700000000000118e-04
-2.487699999999999800e+00 7.894700000000000051e-01 1.564600000000000029e-04
-2.459200000000000053e+00 7.894700000000000051e-01 2.591900000000000036e-05
-2.430600000000000094e+00 7.894700000000000051e-01 1.230000000000000082e-05
-2.402000000000000135e+00 7.894700000000000051e-01 8.176399999999999846e-05
-2.373400000000000176e+00 7.894700000000000051e-01 1.724399999999999956e-04
-2.344800000000000217e+00 7.894700000000000051e-01 2.529200000000000111e-04
-2.316199999999999815e+00 7.894700000000000051e-01 2.807099999999999873e-04
-2.287599999999999856e+00 7.894700000000000051e-01 2.756999999999999794e-04
-2.258999999999999897e+00 7.894700000000000051e-01 2.457100000000000039e-04
-2.230399999999999938e+00 7.894700000000000051e-01 1.709400000000000134e-04
-2.201799999999999979e+00 7.894700000000000051e-01 9.315299999999999395e-05
-2.173200000000000021e+00 7.894700000000000051e-01 3.641500000000000287e-05
-2.144600000000000062e+00 7.894700000000000051e-01 5.480900000000000328e-06
-2.087400000000000144e+00 7.894700000000000051e-01 1.224599999999999930e-05
-2.058800000000000185e+00 7.894700000000000051e-01 3.639900000000000167e-05
-2.030199999999999783e+00 7.894700000000000051e-01 5.953300000000000074e-05
-2.001599999999999824e+00 7.894700000000000051e-01 6.994300000000000441e-05
-1.973000000000000087e+00 7.894700000000000051e-01 6.824300000000000374e-05
-1.944399999999999906e+00 7.894700000000000051e-01 5.297900000000000216e-05
-1.915799999999999947e+00 7.894700000000000051e-01 3.732099999999999724e-05
-1.887299999999999978e+00 7.894700000000000051e-01 1.423999999999999919e-05
-1.858700000000000019e+00 7.894700000000000051e-01 3.340199999999999800e-06
-1.830100000000000060e+00 7.894700000000000051e-01 8.656400000000000672e-06
-1.801500000000000101e+00 7.894700000000000051e-01 3.040000000000000032e-05
-1.772899999999999920e+00 7.894700000000000051e-01 6.187999999999999707e-05
-1.744299999999999962e+00 7.894700000000000051e-01 6.568400000000000334e-05
-1.715700000000000003e+00 7.894700000000000051e-01 1.295099999999999984e-04
-1.687100000000000044e+00 7.894700000000000051e-01 9.783700000000000534e-05
-1.658500000000000085e+00 7.894700000000000051e-01 2.278100000000000093e-05
-1.629899999999999904e+00 7.894700000000000051e-01 2.618000000000000210e-04
-1.601299999999999946e+00 7.894700000000000051e-01 1.138999999999999937e-05
-1.572699999999999987e+00 7.894700000000000051e-01 9.212500000000000311e-06
-1.544100000000000028e+00 7.894700000000000051e-01 8.191600000000000650e-05
-1.515500000000000069e+00 7.894700000000000051e-01 1.389499999999999995e-05
-1.458299999999999930e+00 7.894700000000000051e-01 1.034099999999999976e-06
-1.401100000000000012e+00 7.894700000000000051e-01 3.371000000000000081e-05
-1.372500000000000053e+00 7.894700000000000051e-01 8.288899999999999870e-04
-1.344000000000000083e+00 7.894700000000000051e-01 8.486599999999999350e-06
-1.315399999999999903e+00 7.894700000000000051e-01 7.917600000000000224e-06
-1.286799999999999944e+00 7.894700000000000051e-01 6.543799999999999926e-06
-1.258199999999999985e+00 7.894700000000000051e-01 4.536499999999999680e-06
-1.229600000000000026e+00 7.894700000000000051e-01 3.486200000000000181e-06
-1.201000000000000068e+00 7.894700000000000051e-01 2.888099999999999928e-06
-1.172400000000000109e+00 7.894700000000000051e-01 2.540799999999999882e-06
-1.143799999999999928e+00 7.894700000000000051e-01 2.383999999999999960e-06
-1.115199999999999969e+00 7.894700000000000051e-01 2.396499999999999840e-06
-1.086600000000000010e+00 7.894700000000000051e-01 2.337300000000000051e-06
-1.058000000000000052e+00 7.894700000000000051e-01 1.871499999999999996e-06
-1.029400000000000093e+00 7.894700000000000051e-01 5.345800000000000215e-05
-1.000799999999999912e+00 7.894700000000000051e-01 1.073799999999999951e-05
-4.489399999999999835e+00 8.181800000000000184e-01 9.394800000000000243e-05
-4.460799999999999876e+00 8.181800000000000184e-01 1.203700000000000012e-04
-4.432199999999999918e+00 8.181800000000000184e-01 1.350599999999999978e-04
-4.403599999999999959e+00 8.181800000000000184e-01 1.335700000000000103e-04
-4.375000000000000000e+00 8.181800000000000184e-01 1.215900000000000065e-04
-4.346400000000000041e+00 8.181800000000000184e-01 8.968699999999999698e-05
-4.317800000000000082e+00 8.181800000000000184e-01 5.189100000000000174e-05
-4.289200000000000124e+00 8.181800000000000184e-01 1.967800000000000031e-05
-4.260600000000000165e+00 8.181800000000000184e-01 3.399800000000000043e-06
-4.232000000000000206e+00 8.181800000000000184e-01 1.027999999999999983e-05
-4.203400000000000247e+00 8.181800000000000184e-01 3.956100000000000290e-05
-4.174800000000000288e+00 8.181800000000000184e-01 8.340300000000000090e-05
-4.146200000000000330e+00 8.181800000000000184e-01 1.137400000000000054e-04
-4.117600000000000371e+00 8.181800000000000184e-01 1.506300000000000130e-04
-4.089100000000000179e+00 8.181800000000000184e-01 1.671499999999999971e-04
-4.060500000000000220e+00 8.181800000000000184e-01 1.559800000000000075e-04
-4.031900000000000261e+00 8.181800000000000184e-01 1.195800000000000037e-04
-4.003300000000000303e+00 8.181800000000000184e-01 7.271599999999999971e-05
-3.974699999999999900e+00 8.181800000000000184e-01 2.895799999999999956e-05
-3.946099999999999941e+00 8.181800000000000184e-01 8.945900000000000187e-06
-3.888900000000000023e+00 8.181800000000000184e-01 1.968300000000000111e-05
-3.860300000000000065e+00 8.181800000000000184e-01 5.739899999999999712e-05
-3.831700000000000106e+00 8.181800000000000184e-01 9.747299999999999324e-05
-3.803100000000000147e+00 8.181800000000000184e-01 1.236900000000000033e-04
-3.774500000000000188e+00 8.181800000000000184e-01 1.271800000000000122e-04
-3.745899999999999785e+00 8.181800000000000184e-01 1.152799999999999940e-04
-3.717299999999999827e+00 8.181800000000000184e-01 8.624000000000000101e-05
-3.688699999999999868e+00 8.181800000000000184e-01 6.606899999999999373e-05
-3.660099999999999909e+00 8.181800000000000184e-01 8.133400000000000428e-05
-3.631499999999999950e+00 8.181800000000000184e-01 1.521500000000000120e-04
-3.602899999999999991e+00 8.181800000000000184e-01 2.846099999999999737e-04
-3.574300000000000033e+00 8.181800000000000184e-01 4.658800000000000050e-04
-3.545799999999999841e+00 8.181800000000000184e-01 5.955599999999999696e-04
-3.517199999999999882e+00 8.181800000000000184e-01 7.578799999999999469e-04
-3.488599999999999923e+00 8.181800000000000184e-01 8.563600000000000205e-04
-3.459999999999999964e+00 8.181800000000000184e-01 8.494900000000000541e-04
-3.431400000000000006e+00 8.181800000000000184e-01 7.227499999999999767e-04
-3.402800000000000047e+00 8.181800000000000184e-01 5.044300000000000476e-04
-3.374200000000000088e+00 8.181800000000000184e-01 2.711500000000000043e-04
-3.345600000000000129e+00 8.181800000000000184e-01 1.344100000000000091e-04
-3.317000000000000171e+00 8.181800000000000184e-01 1.447300000000000017e-05
-3.288400000000000212e+00 8.181800000000000184e-01 4.118900000000000154e-05
-3.259799999999999809e+00 8.181800000000000184e-01 2.242099999999999963e-04
-3.231199999999999850e+00 8.181800000000000184e-01 5.165700000000000500e-04
-3.202599999999999891e+00 8.181800000000000184e-01 8.204100000000000411e-04
-3.173999999999999932e+00 8.181800000000000184e-01 1.038400000000000087e-03
-3.145399999999999974e+00 8.181800000000000184e-01 1.098500000000000084e-03
-3.116800000000000015e+00 8.181800000000000184e-01 9.863899999999999665e-04
-3.088200000000000056e+00 8.181800000000000184e-01 6.734100000000000459e-04
-3.059600000000000097e+00 8.181800000000000184e-01 2.870799999999999958e-04
-3.031000000000000139e+00 8.181800000000000184e-01 2.647499999999999978e-05
-3.002499999999999947e+00 8.181800000000000184e-01 1.571199999999999865e-04
-2.973899999999999988e+00 8.181800000000000184e-01 9.242200000000000111e-04
-2.945300000000000029e+00 8.181800000000000184e-01 1.891700000000000065e-03
-2.916700000000000070e+00 8.181800000000000184e-01 4.088999999999999753e-03
-2.888100000000000112e+00 8.181800000000000184e-01 7.009399999999999832e-03
-2.859500000000000153e+00 8.181800000000000184e-01 1.064900000000000048e-02
-2.830900000000000194e+00 8.181800000000000184e-01 1.447799999999999955e-02
-2.802299999999999791e+00 8.181800000000000184e-01 1.787899999999999906e-02
-2.773699999999999832e+00 8.181800000000000184e-01 2.034499999999999850e-02
-2.745099999999999874e+00 8.181800000000000184e-01 2.190500000000000086e-02
-2.716499999999999915e+00 8.181800000000000184e-01 2.298800000000000149e-02
-2.687899999999999956e+00 8.181800000000000184e-01 2.244099999999999914e-02
-2.659299999999999997e+00 8.181800000000000184e-01 2.049199999999999980e-02
-2.630700000000000038e+00 8.181800000000000184e-01 1.784099999999999922e-02
-2.602100000000000080e+00 8.181800000000000184e-01 1.424699999999999925e-02
-2.573500000000000121e+00 8.181800000000000184e-01 1.050199999999999918e-02
-2.544900000000000162e+00 8.181800000000000184e-01 7.140200000000000193e-03
-2.516300000000000203e+00 8.181800000000000184e-01 5.202499999999999659e-03
-2.487699999999999800e+00 8.181800000000000184e-01 2.811399999999999923e-03
-2.459200000000000053e+00 8.181800000000000184e-01 1.197699999999999893e-03
-2.430600000000000094e+00 8.181800000000000184e-01 3.173299999999999992e-04
-2.402000000000000135e+00 8.181800000000000184e-01 1.047699999999999981e-05
-2.373400000000000176e+00 8.181800000000000184e-01 6.157500000000000592e-05
-2.344800000000000217e+00 8.181800000000000184e-01 2.675999999999999993e-04
-2.316199999999999815e+00 8.181800000000000184e-01 4.119200000000000270e-04
-2.287599999999999856e+00 8.181800000000000184e-01 5.513099999999999511e-04
-2.258999999999999897e+00 8.181800000000000184e-01 5.522399999999999575e-04
-2.230399999999999938e+00 8.181800000000000184e-01 4.655500000000000133e-04
-2.201799999999999979e+00 8.181800000000000184e-01 3.185500000000000180e-04
-2.173200000000000021e+00 8.181800000000000184e-01 1.680899999999999983e-04
-2.144600000000000062e+00 8.181800000000000184e-01 5.851300000000000034e-05
-2.116000000000000103e+00 8.181800000000000184e-01 1.692999999999999884e-05
-2.087400000000000144e+00 8.181800000000000184e-01 1.429500000000000035e-06
-2.058800000000000185e+00 8.181800000000000184e-01 2.688399999999999875e-05
-2.030199999999999783e+00 8.181800000000000184e-01 6.778099999999999360e-05
-2.001599999999999824e+00 8.181800000000000184e-01 1.047200000000000003e-04
-1.973000000000000087e+00 8.181800000000000184e-01 1.234800000000000036e-04
-1.944399999999999906e+00 8.181800000000000184e-01 1.258499999999999962e-04
-1.915799999999999947e+00 8.181800000000000184e-01 1.223100000000000131e-04
-1.887299999999999978e+00 8.181800000000000184e-01 1.159900000000000059e-04
-1.858700000000000019e+00 8.181800000000000184e-01 1.168300000000000046e-04
-1.830100000000000060e+00 8.181800000000000184e-01 1.318699999999999961e-04
-1.801500000000000101e+00 8.181800000000000184e-01 1.643700000000000000e-04
-1.772899999999999920e+00 8.181800000000000184e-01 1.963199999999999906e-04
-1.744299999999999962e+00 8.181800000000000184e-01 1.582300000000000080e-04
-1.715700000000000003e+00 8.181800000000000184e-01 1.076500000000000010e-04
-1.687100000000000044e+00 8.181800000000000184e-01 2.733799999999999880e-04
-1.658500000000000085e+00 8.181800000000000184e-01 1.120900000000000059e-05
-1.629899999999999904e+00 8.181800000000000184e-01 6.261700000000000035e-05
-1.601299999999999946e+00 8.181800000000000184e-01 2.064299999999999870e-06
-1.572699999999999987e+00 8.181800000000000184e-01 1.077600000000000067e-06
-1.544100000000000028e+00 8.181800000000000184e-01 1.301300000000000026e-04
-1.515500000000000069e+00 8.181800000000000184e-01 1.988600000000000036e-04
-1.486900000000000110e+00 8.181800000000000184e-01 2.455899999999999983e-05
-1.458299999999999930e+00 8.181800000000000184e-01 2.164899999999999889e-05
-1.429699999999999971e+00 8.181800000000000184e-01 2.858099999999999961e-05
-1.401100000000000012e+00 8.181800000000000184e-01 5.242600000000000255e-05
-1.372500000000000053e+00 8.181800000000000184e-01 1.944699999999999944e-03
-1.344000000000000083e+00 8.181800000000000184e-01 1.804900000000000016e-04
-1.315399999999999903e+00 8.181800000000000184e-01 5.192200000000000195e-05
-1.286799999999999944e+00 8.181800000000000184e-01 2.196500000000000061e-05
-1.258199999999999985e+00 8.181800000000000184e-01 1.392799999999999946e-05
-1.229600000000000026e+00 8.181800000000000184e-01 1.000900000000000022e-05
-1.201000000000000068e+00 8.181800000000000184e-01 8.160799999999999860e-06
-1.172400000000000109e+00 8.181800000000000184e-01 7.384699999999999786e-06
-1.143799999999999928e+00 8.181800000000000184e-01 7.386900000000000375e-06
-1.115199999999999969e+00 8.181800000000000184e-01 7.831100000000000289e-06
-1.086600000000000010e+00 8.181800000000000184e-01 9.645300000000000640e-06
-1.058000000000000052e+00 8.181800000000000184e-01 1.224599999999999930e-05
-1.029400000000000093e+00 8.181800000000000184e-01 1.465399999999999895e-04
-1.000799999999999912e+00 8.181800000000000184e-01 1.679999999999999839e-05
-9.436299999999999688e-01 8.181800000000000184e-01 6.278799999999999922e-06
-9.150300000000000100e-01 8.181800000000000184e-01 6.106600000000000114e-06
-8.864400000000000057e-01 8.181800000000000184e-01 5.737999999999999950e-06
-8.578400000000000469e-01 8.181800000000000184e-01 5.096400000000000028e-06
-8.292500000000000426e-01 8.181800000000000184e-01 4.142599999999999944e-06
-8.006499999999999728e-01 8.181800000000000184e-01 2.985100000000000015e-06
-7.720599999999999685e-01 8.181800000000000184e-01 1.869100000000000028e-06
-5.718999999999999639e-01 8.181800000000000184e-01 1.439099999999999910e-06
-5.433000000000000052e-01 8.181800000000000184e-01 1.715699999999999938e-06
-5.147100000000000009e-01 8.181800000000000184e-01 1.715899999999999953e-06
-4.861099999999999866e-01 8.181800000000000184e-01 1.562900000000000105e-06
-4.575199999999999823e-01 8.181800000000000184e-01 1.172900000000000027e-06
-2.573500000000000232e-01 8.181800000000000184e-01 1.021400000000000080e-06
-2.287599999999999911e-01 8.181800000000000184e-01 1.384100000000000013e-06
-2.001600000000000046e-01 8.181800000000000184e-01 1.563099999999999908e-06
-1.715700000000000003e-01 8.181800000000000184e-01 1.508700000000000056e-06
-1.429700000000000137e-01 8.181800000000000184e-01 1.295100000000000102e-06
-4.489399999999999835e+00 8.468900000000000317e-01 3.656800000000000089e-04
-4.460799999999999876e+00 8.468900000000000317e-01 4.787200000000000244e-04
-4.432199999999999918e+00 8.468900000000000317e-01 5.514800000000000257e-04
-4.403599999999999959e+00 8.468900000000000317e-01 5.565499999999999484e-04
-4.375000000000000000e+00 8.468900000000000317e-01 5.173499999999999713e-04
-4.346400000000000041e+00 8.468900000000000317e-01 4.046799999999999811e-04
-4.317800000000000082e+00 8.468900000000000317e-01 2.546299999999999931e-04
-4.289200000000000124e+00 8.468900000000000317e-01 1.116899999999999962e-04
-4.260600000000000165e+00 8.468900000000000317e-01 2.435599999999999855e-05
-4.232000000000000206e+00 8.468900000000000317e-01 2.209200000000000126e-05
-4.203400000000000247e+00 8.468900000000000317e-01 1.096499999999999954e-04
-4.174800000000000288e+00 8.468900000000000317e-01 2.624300000000000200e-04
-4.146200000000000330e+00 8.468900000000000317e-01 3.772599999999999760e-04
-4.117600000000000371e+00 8.468900000000000317e-01 5.273100000000000183e-04
-4.089100000000000179e+00 8.468900000000000317e-01 6.034099999999999707e-04
-4.060500000000000220e+00 8.468900000000000317e-01 5.781500000000000397e-04
-4.031900000000000261e+00 8.468900000000000317e-01 4.597599999999999756e-04
-4.003300000000000303e+00 8.468900000000000317e-01 2.871300000000000241e-04
-3.974699999999999900e+00 8.468900000000000317e-01 1.192799999999999964e-04
-3.946099999999999941e+00 8.468900000000000317e-01 4.027599999999999860e-05
-3.917499999999999982e+00 8.468900000000000317e-01 2.428799999999999938e-06
-3.888900000000000023e+00 8.468900000000000317e-01 7.005400000000000385e-05
-3.860300000000000065e+00 8.468900000000000317e-01 2.147200000000000042e-04
-3.831700000000000106e+00 8.468900000000000317e-01 3.759799999999999883e-04
-3.803100000000000147e+00 8.468900000000000317e-01 4.873000000000000270e-04
-3.774500000000000188e+00 8.468900000000000317e-01 5.023999999999999603e-04
-3.745899999999999785e+00 8.468900000000000317e-01 4.572299999999999845e-04
-3.717299999999999827e+00 8.468900000000000317e-01 3.436299999999999880e-04
-3.688699999999999868e+00 8.468900000000000317e-01 2.540199999999999837e-04
-3.660099999999999909e+00 8.468900000000000317e-01 2.994499999999999875e-04
-3.631499999999999950e+00 8.468900000000000317e-01 5.700699999999999951e-04
-3.602899999999999991e+00 8.468900000000000317e-01 1.091799999999999975e-03
-3.574300000000000033e+00 8.468900000000000317e-01 1.803899999999999991e-03
-3.545799999999999841e+00 8.468900000000000317e-01 2.318100000000000022e-03
-3.517199999999999882e+00 8.468900000000000317e-01 3.002499999999999961e-03
-3.488599999999999923e+00 8.468900000000000317e-01 3.406199999999999853e-03
-3.459999999999999964e+00 8.468900000000000317e-01 3.358600000000000214e-03
-3.431400000000000006e+00 8.468900000000000317e-01 2.842299999999999861e-03
-3.402800000000000047e+00 8.468900000000000317e-01 1.981500000000000188e-03
-3.374200000000000088e+00 8.468900000000000317e-01 1.022099999999999962e-03
-3.345600000000000129e+00 8.468900000000000317e-01 4.815900000000000020e-04
-3.317000000000000171e+00 8.468900000000000317e-01 4.796300000000000140e-05
-3.288400000000000212e+00 8.468900000000000317e-01 2.528699999999999828e-04
-3.259799999999999809e+00 8.468900000000000317e-01 1.131499999999999910e-03
-3.231199999999999850e+00 8.468900000000000317e-01 2.483899999999999823e-03
-3.202599999999999891e+00 8.468900000000000317e-01 3.906599999999999656e-03
-3.173999999999999932e+00 8.468900000000000317e-01 4.914199999999999645e-03
-3.145399999999999974e+00 8.468900000000000317e-01 5.141100000000000010e-03
-3.116800000000000015e+00 8.468900000000000317e-01 4.638699999999999941e-03
-3.088200000000000056e+00 8.468900000000000317e-01 3.236600000000000067e-03
-3.059600000000000097e+00 8.468900000000000317e-01 1.422899999999999946e-03
-3.031000000000000139e+00 8.468900000000000317e-01 1.574900000000000117e-04
-3.002499999999999947e+00 8.468900000000000317e-01 6.218800000000000022e-04
-2.973899999999999988e+00 8.468900000000000317e-01 3.937099999999999801e-03
-2.945300000000000029e+00 8.468900000000000317e-01 8.186099999999999974e-03
-2.916700000000000070e+00 8.468900000000000317e-01 1.788100000000000106e-02
-2.888100000000000112e+00 8.468900000000000317e-01 3.137299999999999811e-02
-2.859500000000000153e+00 8.468900000000000317e-01 4.753999999999999893e-02
-2.830900000000000194e+00 8.468900000000000317e-01 6.440099999999999991e-02
-2.802299999999999791e+00 8.468900000000000317e-01 7.992200000000000693e-02
-2.773699999999999832e+00 8.468900000000000317e-01 9.235300000000000453e-02
-2.745099999999999874e+00 8.468900000000000317e-01 9.812899999999999401e-02
-2.716499999999999915e+00 8.468900000000000317e-01 1.020100000000000035e-01
-2.687899999999999956e+00 8.468900000000000317e-01 9.990300000000000569e-02
-2.659299999999999997e+00 8.468900000000000317e-01 9.174200000000000410e-02
-2.630700000000000038e+00 8.468900000000000317e-01 7.836100000000000010e-02
-2.602100000000000080e+00 8.468900000000000317e-01 6.200499999999999762e-02
-2.573500000000000121e+00 8.468900000000000317e-01 4.532200000000000117e-02
-2.544900000000000162e+00 8.468900000000000317e-01 3.006599999999999898e-02
-2.516300000000000203e+00 8.468900000000000317e-01 2.131800000000000014e-02
-2.487699999999999800e+00 8.468900000000000317e-01 1.101199999999999922e-02
-2.459200000000000053e+00 8.468900000000000317e-01 4.268100000000000366e-03
-2.430600000000000094e+00 8.468900000000000317e-01 8.626699999999999516e-04
-2.402000000000000135e+00 8.468900000000000317e-01 2.403199999999999962e-05
-2.373400000000000176e+00 8.468900000000000317e-01 6.841500000000000142e-04
-2.344800000000000217e+00 8.468900000000000317e-01 1.870399999999999927e-03
-2.316199999999999815e+00 8.468900000000000317e-01 2.579899999999999988e-03
-2.287599999999999856e+00 8.468900000000000317e-01 3.185299999999999850e-03
-2.258999999999999897e+00 8.468900000000000317e-01 3.112399999999999976e-03
-2.230399999999999938e+00 8.468900000000000317e-01 2.483400000000000191e-03
-2.201799999999999979e+00 8.468900000000000317e-01 1.611199999999999915e-03
-2.173200000000000021e+00 8.468900000000000317e-01 8.036799999999999760e-04
-2.144600000000000062e+00 8.468900000000000317e-01 2.463799999999999823e-04
-2.116000000000000103e+00 8.468900000000000317e-01 5.357900000000000320e-05
-2.087400000000000144e+00 8.468900000000000317e-01 1.955300000000000066e-05
-2.058800000000000185e+00 8.468900000000000317e-01 1.874099999999999963e-04
-2.030199999999999783e+00 8.468900000000000317e-01 4.094599999999999997e-04
-2.001599999999999824e+00 8.468900000000000317e-01 5.678200000000000218e-04
-1.973000000000000087e+00 8.468900000000000317e-01 6.142800000000000343e-04
-1.944399999999999906e+00 8.468900000000000317e-01 5.598899999999999537e-04
-1.915799999999999947e+00 8.468900000000000317e-01 4.941400000000000089e-04
-1.887299999999999978e+00 8.468900000000000317e-01 4.119700000000000011e-04
-1.858700000000000019e+00 8.468900000000000317e-01 4.166500000000000173e-04
-1.830100000000000060e+00 8.468900000000000317e-01 5.382600000000000405e-04
-1.801500000000000101e+00 8.468900000000000317e-01 7.706800000000000412e-04
-1.772899999999999920e+00 8.468900000000000317e-01 1.054500000000000099e-03
-1.744299999999999962e+00 8.468900000000000317e-01 1.041599999999999948e-03
-1.715700000000000003e+00 8.468900000000000317e-01 7.025100000000000485e-04
-1.687100000000000044e+00 8.468900000000000317e-01 2.329799999999999927e-03
-1.658500000000000085e+00 8.468900000000000317e-01 1.404400000000000039e-04
-1.629899999999999904e+00 8.468900000000000317e-01 3.524800000000000134e-04
-1.601299999999999946e+00 8.468900000000000317e-01 5.640600000000000171e-05
-1.572699999999999987e+00 8.468900000000000317e-01 2.556299999999999987e-06
-1.544100000000000028e+00 8.468900000000000317e-01 1.023999999999999954e-04
-1.515500000000000069e+00 8.468900000000000317e-01 7.785599999999999726e-04
-1.486900000000000110e+00 8.468900000000000317e-01 1.017000000000000055e-04
-1.458299999999999930e+00 8.468900000000000317e-01 7.938299999999999534e-05
-1.429699999999999971e+00 8.468900000000000317e-01 9.715000000000000328e-05
-1.401100000000000012e+00 8.468900000000000317e-01 1.930199999999999917e-04
-1.372500000000000053e+00 8.468900000000000317e-01 2.664600000000000041e-03
-1.344000000000000083e+00 8.468900000000000317e-01 2.967299999999999972e-03
-1.315399999999999903e+00 8.468900000000000317e-01 1.547200000000000094e-04
-1.286799999999999944e+00 8.468900000000000317e-01 6.737900000000000660e-05
-1.258199999999999985e+00 8.468900000000000317e-01 3.088999999999999732e-05
-1.229600000000000026e+00 8.468900000000000317e-01 1.732099999999999899e-05
-1.201000000000000068e+00 8.468900000000000317e-01 1.200799999999999921e-05
-1.172400000000000109e+00 8.468900000000000317e-01 1.061100000000000056e-05
-1.143799999999999928e+00 8.468900000000000317e-01 1.170500000000000059e-05
-1.115199999999999969e+00 8.468900000000000317e-01 1.381899999999999932e-05
-1.086600000000000010e+00 8.468900000000000317e-01 2.032600000000000156e-05
-1.058000000000000052e+00 8.468900000000000317e-01 3.572399999999999881e-05
-1.029400000000000093e+00 8.468900000000000317e-01 2.435399999999999891e-04
-1.000799999999999912e+00 8.468900000000000317e-01 1.524500000000000030e-03
-9.722199999999999731e-01 8.468900000000000317e-01 7.249499999999999793e-06
-9.436299999999999688e-01 8.468900000000000317e-01 1.384399999999999993e-05
-9.150300000000000100e-01 8.468900000000000317e-01 1.385100000000000003e-05
-8.864400000000000057e-01 8.468900000000000317e-01 1.411499999999999954e-05
-8.578400000000000469e-01 8.468900000000000317e-01 1.355200000000000001e-05
-8.292500000000000426e-01 8.468900000000000317e-01 1.188800000000000036e-05
-8.006499999999999728e-01 8.468900000000000317e-01 9.336499999999999463e-06
-7.720599999999999685e-01 8.468900000000000317e-01 6.345099999999999609e-06
-7.434600000000000097e-01 8.468900000000000317e-01 3.506300000000000209e-06
-7.148700000000000054e-01 8.468900000000000317e-01 1.395800000000000045e-06
-6.290799999999999725e-01 8.468900000000000317e-01 1.073900000000000001e-06
-6.004899999999999682e-01 8.468900000000000317e-01 2.462100000000000110e-06
-5.718999999999999639e-01 8.468900000000000317e-01 3.943599999999999817e-06
-5.433000000000000052e-01 8.468900000000000317e-01 4.996500000000000358e-06
-5.147100000000000009e-01 8.468900000000000317e-01 5.274500000000000068e-06
-4.861099999999999866e-01 8.468900000000000317e-01 4.987699999999999697e-06
-4.575199999999999823e-01 8.468900000000000317e-01 3.944399999999999877e-06
-4.289200000000000235e-01 8.468900000000000317e-01 2.488800000000000210e-06
-4.003300000000000192e-01 8.468900000000000317e-01 1.099700000000000034e-06
-2.859499999999999820e-01 8.468900000000000317e-01 1.596100000000000058e-06
-2.573500000000000232e-01 8.468900000000000317e-01 3.054500000000000147e-06
-2.287599999999999911e-01 8.468900000000000317e-01 4.402400000000000405e-06
-2.001600000000000046e-01 8.468900000000000317e-01 5.263800000000000323e-06
-1.715700000000000003e-01 8.468900000000000317e-01 5.443300000000000044e-06
-1.429700000000000137e-01 8.468900000000000317e-01 4.957400000000000173e-06
-1.143799999999999956e-01 8.468900000000000317e-01 4.049499999999999938e-06
-8.578399999999999914e-02 8.468900000000000317e-01 3.420599999999999911e-06
-5.718999999999999778e-02 8.468900000000000317e-01 2.721300000000000102e-06
-2.859499999999999889e-02 8.468900000000000317e-01 2.577400000000000090e-06
0.000000000000000000e+00 8.468900000000000317e-01 3.095699999999999854e-06
-4.489399999999999835e+00 8.756000000000000449e-01 5.437299999999999729e-04
-4.460799999999999876e+00 8.756000000000000449e-01 7.143699999999999790e-04
-4.432199999999999918e+00 8.756000000000000449e-01 8.248700000000000086e-04
-4.403599999999999959e+00 8.756000000000000449e-01 8.398200000000000196e-04
-4.375000000000000000e+00 8.756000000000000449e-01 7.893600000000000182e-04
-4.346400000000000041e+00 8.756000000000000449e-01 6.247600000000000289e-04
-4.317800000000000082e+00 8.756000000000000449e-01 4.011600000000000148e-04
-4.289200000000000124e+00 8.756000000000000449e-01 1.850499999999999986e-04
-4.260600000000000165e+00 8.756000000000000449e-01 4.382999999999999879e-05
-4.232000000000000206e+00 8.756000000000000449e-01 2.724599999999999968e-05
-4.203400000000000247e+00 8.756000000000000449e-01 1.437499999999999976e-04
-4.174800000000000288e+00 8.756000000000000449e-01 3.608600000000000111e-04
-4.146200000000000330e+00 8.756000000000000449e-01 5.284499999999999701e-04
-4.117600000000000371e+00 8.756000000000000449e-01 7.487699999999999478e-04
-4.089100000000000179e+00 8.756000000000000449e-01 8.690399999999999601e-04
-4.060500000000000220e+00 8.756000000000000449e-01 8.440400000000000029e-04
-4.031900000000000261e+00 8.756000000000000449e-01 6.775400000000000216e-04
-4.003300000000000303e+00 8.756000000000000449e-01 4.277800000000000005e-04
-3.974699999999999900e+00 8.756000000000000449e-01 1.826800000000000060e-04
-3.946099999999999941e+00 8.756000000000000449e-01 6.472500000000000117e-05
-3.917499999999999982e+00 8.756000000000000449e-01 5.682400000000000008e-06
-3.888900000000000023e+00 8.756000000000000449e-01 1.022699999999999949e-04
-3.860300000000000065e+00 8.756000000000000449e-01 3.155799999999999838e-04
-3.831700000000000106e+00 8.756000000000000449e-01 5.550299999999999765e-04
-3.803100000000000147e+00 8.756000000000000449e-01 7.211900000000000255e-04
-3.774500000000000188e+00 8.756000000000000449e-01 7.486500000000000099e-04
-3.745899999999999785e+00 8.756000000000000449e-01 6.863600000000000083e-04
-3.717299999999999827e+00 8.756000000000000449e-01 5.140999999999999737e-04
-3.688699999999999868e+00 8.756000000000000449e-01 3.757699999999999886e-04
-3.660099999999999909e+00 8.756000000000000449e-01 4.342799999999999959e-04
-3.631499999999999950e+00 8.756000000000000449e-01 8.267500000000000109e-04
-3.602899999999999991e+00 8.756000000000000449e-01 1.592099999999999939e-03
-3.574300000000000033e+00 8.756000000000000449e-01 2.649799999999999899e-03
-3.545799999999999841e+00 8.756000000000000449e-01 3.417900000000000191e-03
-3.517199999999999882e+00 8.756000000000000449e-01 4.449800000000000283e-03
-3.488599999999999923e+00 8.756000000000000449e-01 5.037599999999999717e-03
-3.459999999999999964e+00 8.756000000000000449e-01 4.988199999999999926e-03
-3.431400000000000006e+00 8.756000000000000449e-01 4.228700000000000167e-03
-3.402800000000000047e+00 8.756000000000000449e-01 2.935199999999999788e-03
-3.374200000000000088e+00 8.756000000000000449e-01 1.497499999999999916e-03
-3.345600000000000129e+00 8.756000000000000449e-01 6.964799999999999724e-04
-3.317000000000000171e+00 8.756000000000000449e-01 6.577800000000000617e-05
-3.288400000000000212e+00 8.756000000000000449e-01 4.160500000000000027e-04
-3.259799999999999809e+00 8.756000000000000449e-01 1.797299999999999939e-03
-3.231199999999999850e+00 8.756000000000000449e-01 3.915599999999999983e-03
-3.202599999999999891e+00 8.756000000000000449e-01 6.112399999999999604e-03
-3.173999999999999932e+00 8.756000000000000449e-01 7.665299999999999891e-03
-3.145399999999999974e+00 8.756000000000000449e-01 8.029500000000000179e-03
-3.116800000000000015e+00 8.756000000000000449e-01 7.298299999999999753e-03
-3.088200000000000056e+00 8.756000000000000449e-01 5.092400000000000398e-03
-3.059600000000000097e+00 8.756000000000000449e-01 2.267299999999999871e-03
-3.031000000000000139e+00 8.756000000000000449e-01 2.546199999999999982e-04
-3.002499999999999947e+00 8.756000000000000449e-01 8.886999999999999717e-04
-2.973899999999999988e+00 8.756000000000000449e-01 5.962399999999999645e-03
-2.945300000000000029e+00 8.756000000000000449e-01 1.246099999999999985e-02
-2.916700000000000070e+00 8.756000000000000449e-01 2.742100000000000093e-02
-2.888100000000000112e+00 8.756000000000000449e-01 4.826199999999999934e-02
-2.859500000000000153e+00 8.756000000000000449e-01 7.316200000000000481e-02
-2.830900000000000194e+00 8.756000000000000449e-01 9.955799999999999372e-02
-2.802299999999999791e+00 8.756000000000000449e-01 1.237499999999999989e-01
-2.773699999999999832e+00 8.756000000000000449e-01 1.425899999999999945e-01
-2.745099999999999874e+00 8.756000000000000449e-01 1.513299999999999923e-01
-2.716499999999999915e+00 8.756000000000000449e-01 1.577500000000000013e-01
-2.687899999999999956e+00 8.756000000000000449e-01 1.543899999999999995e-01
-2.659299999999999997e+00 8.756000000000000449e-01 1.411999999999999922e-01
-2.630700000000000038e+00 8.756000000000000449e-01 1.205600000000000005e-01
-2.602100000000000080e+00 8.756000000000000449e-01 9.552700000000000080e-02
-2.573500000000000121e+00 8.756000000000000449e-01 6.921900000000000275e-02
-2.544900000000000162e+00 8.756000000000000449e-01 4.552199999999999996e-02
-2.516300000000000203e+00 8.756000000000000449e-01 3.209499999999999853e-02
-2.487699999999999800e+00 8.756000000000000449e-01 1.630799999999999958e-02
-2.459200000000000053e+00 8.756000000000000449e-01 6.101600000000000426e-03
-2.430600000000000094e+00 8.756000000000000449e-01 1.113999999999999973e-03
-2.402000000000000135e+00 8.756000000000000449e-01 7.572300000000000667e-05
-2.373400000000000176e+00 8.756000000000000449e-01 1.319800000000000096e-03
-2.344800000000000217e+00 8.756000000000000449e-01 3.284700000000000206e-03
-2.316199999999999815e+00 8.756000000000000449e-01 4.430299999999999863e-03
-2.287599999999999856e+00 8.756000000000000449e-01 5.380700000000000413e-03
-2.258999999999999897e+00 8.756000000000000449e-01 5.167699999999999898e-03
-2.230399999999999938e+00 8.756000000000000449e-01 4.070599999999999739e-03
-2.201799999999999979e+00 8.756000000000000449e-01 2.612800000000000192e-03
-2.173200000000000021e+00 8.756000000000000449e-01 1.271200000000000108e-03
-2.144600000000000062e+00 8.756000000000000449e-01 3.716999999999999818e-04
-2.116000000000000103e+00 8.756000000000000449e-01 7.428900000000000651e-05
-2.087400000000000144e+00 8.756000000000000449e-01 4.374299999999999776e-05
-2.058800000000000185e+00 8.756000000000000449e-01 3.420300000000000033e-04
-2.030199999999999783e+00 8.756000000000000449e-01 7.122100000000000132e-04
-2.001599999999999824e+00 8.756000000000000449e-01 9.640900000000000207e-04
-1.973000000000000087e+00 8.756000000000000449e-01 1.016799999999999995e-03
-1.944399999999999906e+00 8.756000000000000449e-01 8.907999999999999686e-04
-1.915799999999999947e+00 8.756000000000000449e-01 7.609999999999999577e-04
-1.887299999999999978e+00 8.756000000000000449e-01 6.046499999999999792e-04
-1.858700000000000019e+00 8.756000000000000449e-01 6.074399999999999982e-04
-1.830100000000000060e+00 8.756000000000000449e-01 8.208500000000000301e-04
-1.801500000000000101e+00 8.756000000000000449e-01 1.225799999999999980e-03
-1.772899999999999920e+00 8.756000000000000449e-01 1.753000000000000001e-03
-1.744299999999999962e+00 8.756000000000000449e-01 1.893900000000000011e-03
-1.715700000000000003e+00 8.756000000000000449e-01 1.378199999999999998e-03
-1.687100000000000044e+00 8.756000000000000449e-01 3.665900000000000148e-03
-1.658500000000000085e+00 8.756000000000000449e-01 3.585799999999999990e-04
-1.629899999999999904e+00 8.756000000000000449e-01 3.625899999999999826e-04
-1.601299999999999946e+00 8.756000000000000449e-01 6.732799999999999506e-04
-1.544100000000000028e+00 8.756000000000000449e-01 1.961000000000000029e-05
-1.515500000000000069e+00 8.756000000000000449e-01 1.167499999999999918e-03
-1.486900000000000110e+00 8.756000000000000449e-01 2.172099999999999888e-04
-1.458299999999999930e+00 8.756000000000000449e-01 1.333700000000000055e-04
-1.429699999999999971e+00 8.756000000000000449e-01 1.470300000000000068e-04
-1.401100000000000012e+00 8.756000000000000449e-01 2.343400000000000094e-04
-1.372500000000000053e+00 8.756000000000000449e-01 1.296000000000000060e-03
-1.344000000000000083e+00 8.756000000000000449e-01 1.267199999999999924e-02
-1.315399999999999903e+00 8.756000000000000449e-01 4.296699999999999977e-04
-1.286799999999999944e+00 8.756000000000000449e-01 1.026000000000000002e-04
-1.258199999999999985e+00 8.756000000000000449e-01 4.286499999999999702e-05
-1.229600000000000026e+00 8.756000000000000449e-01 1.921099999999999953e-05
-1.201000000000000068e+00 8.756000000000000449e-01 1.056400000000000084e-05
-1.172400000000000109e+00 8.756000000000000449e-01 8.430899999999999189e-06
-1.143799999999999928e+00 8.756000000000000449e-01 1.007400000000000045e-05
-1.115199999999999969e+00 8.756000000000000449e-01 1.292700000000000007e-05
-1.086600000000000010e+00 8.756000000000000449e-01 2.095900000000000042e-05
-1.058000000000000052e+00 8.756000000000000449e-01 2.737699999999999894e-05
-1.029400000000000093e+00 8.756000000000000449e-01 5.344800000000000055e-05
-1.000799999999999912e+00 8.756000000000000449e-01 1.442799999999999985e-02
-9.722199999999999731e-01 8.756000000000000449e-01 1.169100000000000038e-04
-9.436299999999999688e-01 8.756000000000000449e-01 1.441500000000000005e-05
-9.150300000000000100e-01 8.756000000000000449e-01 1.723100000000000155e-05
-8.864400000000000057e-01 8.756000000000000449e-01 1.789500000000000061e-05
-8.578400000000000469e-01 8.756000000000000449e-01 1.777800000000000157e-05
-8.292500000000000426e-01 8.756000000000000449e-01 1.612300000000000132e-05
-8.006499999999999728e-01 8.756000000000000449e-01 1.304099999999999932e-05
-7.720599999999999685e-01 8.756000000000000449e-01 9.169100000000000015e-06
-7.434600000000000097e-01 8.756000000000000449e-01 5.324499999999999589e-06
-7.148700000000000054e-01 8.756000000000000449e-01 2.268099999999999935e-06
-6.290799999999999725e-01 8.756000000000000449e-01 1.182899999999999932e-06
-6.004899999999999682e-01 8.756000000000000449e-01 2.972800000000000150e-06
-5.718999999999999639e-01 8.756000000000000449e-01 5.003499999999999613e-06
-5.433000000000000052e-01 8.756000000000000449e-01 6.569999999999999777e-06
-5.147100000000000009e-01 8.756000000000000449e-01 7.152000000000000303e-06
-4.861099999999999866e-01 8.756000000000000449e-01 6.846400000000000214e-06
-4.575199999999999823e-01 8.756000000000000449e-01 5.547899999999999856e-06
-4.289200000000000235e-01 8.756000000000000449e-01 3.622199999999999811e-06
-4.003300000000000192e-01 8.756000000000000449e-01 1.682599999999999992e-06
-2.859499999999999820e-01 8.756000000000000449e-01 1.991800000000000140e-06
-2.573500000000000232e-01 8.756000000000000449e-01 4.006099999999999642e-06
-2.287599999999999911e-01 8.756000000000000449e-01 5.981400000000000025e-06
-2.001600000000000046e-01 8.756000000000000449e-01 7.353499999999999983e-06
-1.715700000000000003e-01 8.756000000000000449e-01 7.776799999999999810e-06
-1.429700000000000137e-01 8.756000000000000449e-01 7.280500000000000005e-06
-1.143799999999999956e-01 8.756000000000000449e-01 6.185199999999999666e-06
-8.578399999999999914e-02 8.756000000000000449e-01 5.336199999999999833e-06
-5.718999999999999778e-02 8.756000000000000449e-01 4.343200000000000192e-06
-2.859499999999999889e-02 8.756000000000000449e-01 4.068500000000000095e-06
0.000000000000000000e+00 8.756000000000000449e-01 4.679099999999999805e-06
-4.489399999999999835e+00 9.043099999999999472e-01 4.850699999999999890e-04
-4.460799999999999876e+00 9.043099999999999472e-01 6.369900000000000388e-04
-4.432199999999999918e+00 9.043099999999999472e-01 7.349900000000000357e-04
-4.403599999999999959e+00 9.043099999999999472e-01 7.502000000000000205e-04
-4.375000000000000000e+00 9.043099999999999472e-01 7.051100000000000033e-04
-4.346400000000000041e+00 9.043099999999999472e-01 5.612100000000000291e-04
-4.317800000000000082e+00 9.043099999999999472e-01 3.624899999999999802e-04
-4.289200000000000124e+00 9.043099999999999472e-01 1.698100000000000022e-04
-4.260600000000000165e+00 9.043099999999999472e-01 4.212399999999999852e-05
-4.232000000000000206e+00 9.043099999999999472e-01 2.364300000000000047e-05
-4.203400000000000247e+00 9.043099999999999472e-01 1.230600000000000042e-04
-4.174800000000000288e+00 9.043099999999999472e-01 3.134400000000000077e-04
-4.146200000000000330e+00 9.043099999999999472e-01 4.598100000000000039e-04
-4.117600000000000371e+00 9.043099999999999472e-01 6.555400000000000289e-04
-4.089100000000000179e+00 9.043099999999999472e-01 7.646200000000000349e-04
-4.060500000000000220e+00 9.043099999999999472e-01 7.471399999999999786e-04
-4.031900000000000261e+00 9.043099999999999472e-01 6.006600000000000394e-04
-4.003300000000000303e+00 9.043099999999999472e-01 3.819900000000000205e-04
-3.974699999999999900e+00 9.043099999999999472e-01 1.655500000000000125e-04
-3.946099999999999941e+00 9.043099999999999472e-01 6.065999999999999859e-05
-3.917499999999999982e+00 9.043099999999999472e-01 7.283899999999999837e-06
-3.888900000000000023e+00 9.043099999999999472e-01 9.133599999999999423e-05
-3.860300000000000065e+00 9.043099999999999472e-01 2.791000000000000078e-04
-3.831700000000000106e+00 9.043099999999999472e-01 4.923899999999999935e-04
-3.803100000000000147e+00 9.043099999999999472e-01 6.405999999999999585e-04
-3.774500000000000188e+00 9.043099999999999472e-01 6.671900000000000139e-04
-3.745899999999999785e+00 9.043099999999999472e-01 6.112399999999999821e-04
-3.717299999999999827e+00 9.043099999999999472e-01 4.584599999999999982e-04
-3.688699999999999868e+00 9.043099999999999472e-01 3.337699999999999977e-04
-3.660099999999999909e+00 9.043099999999999472e-01 3.834199999999999848e-04
-3.631499999999999950e+00 9.043099999999999472e-01 7.290800000000000058e-04
-3.602899999999999991e+00 9.043099999999999472e-01 1.410000000000000012e-03
-3.574300000000000033e+00 9.043099999999999472e-01 2.352899999999999783e-03
-3.545799999999999841e+00 9.043099999999999472e-01 3.041799999999999886e-03
-3.517199999999999882e+00 9.043099999999999472e-01 3.959899999999999705e-03
-3.488599999999999923e+00 9.043099999999999472e-01 4.494699999999999911e-03
-3.459999999999999964e+00 9.043099999999999472e-01 4.459199999999999969e-03
-3.431400000000000006e+00 9.043099999999999472e-01 3.785499999999999803e-03
-3.402800000000000047e+00 9.043099999999999472e-01 2.624599999999999937e-03
-3.374200000000000088e+00 9.043099999999999472e-01 1.340599999999999951e-03
-3.345600000000000129e+00 9.043099999999999472e-01 6.211600000000000498e-04
-3.317000000000000171e+00 9.043099999999999472e-01 6.082800000000000105e-05
-3.288400000000000212e+00 9.043099999999999472e-01 3.831700000000000058e-04
-3.259799999999999809e+00 9.043099999999999472e-01 1.637100000000000057e-03
-3.231199999999999850e+00 9.043099999999999472e-01 3.557999999999999965e-03
-3.202599999999999891e+00 9.043099999999999472e-01 5.562799999999999689e-03
-3.173999999999999932e+00 9.043099999999999472e-01 6.979100000000000234e-03
-3.145399999999999974e+00 9.043099999999999472e-01 7.318500000000000352e-03
-3.116800000000000015e+00 9.043099999999999472e-01 6.661600000000000160e-03
-3.088200000000000056e+00 9.043099999999999472e-01 4.661799999999999798e-03
-3.059600000000000097e+00 9.043099999999999472e-01 2.090700000000000024e-03
-3.031000000000000139e+00 9.043099999999999472e-01 2.364599999999999959e-04
-3.002499999999999947e+00 9.043099999999999472e-01 7.745300000000000535e-04
-2.973899999999999988e+00 9.043099999999999472e-01 5.334600000000000106e-03
-2.945300000000000029e+00 9.043099999999999472e-01 1.121499999999999928e-02
-2.916700000000000070e+00 9.043099999999999472e-01 2.477000000000000035e-02
-2.888100000000000112e+00 9.043099999999999472e-01 4.370199999999999779e-02
-2.859500000000000153e+00 9.043099999999999472e-01 6.639200000000000657e-02
-2.830900000000000194e+00 9.043099999999999472e-01 9.056899999999999673e-02
-2.802299999999999791e+00 9.043099999999999472e-01 1.126100000000000018e-01
-2.773699999999999832e+00 9.043099999999999472e-01 1.297399999999999942e-01
-2.745099999999999874e+00 9.043099999999999472e-01 1.377400000000000013e-01
-2.716499999999999915e+00 9.043099999999999472e-01 1.438099999999999934e-01
-2.687899999999999956e+00 9.043099999999999472e-01 1.404600000000000015e-01
-2.659299999999999997e+00 9.043099999999999472e-01 1.285300000000000054e-01
-2.630700000000000038e+00 9.043099999999999472e-01 1.097800000000000026e-01
-2.602100000000000080e+00 9.043099999999999472e-01 8.687899999999999789e-02
-2.573500000000000121e+00 9.043099999999999472e-01 6.282400000000000484e-02
-2.544900000000000162e+00 9.043099999999999472e-01 4.116800000000000320e-02
-2.516300000000000203e+00 9.043099999999999472e-01 2.893000000000000085e-02
-2.487699999999999800e+00 9.043099999999999472e-01 1.457400000000000015e-02
-2.459200000000000053e+00 9.043099999999999472e-01 5.360900000000000040e-03
-2.430600000000000094e+00 9.043099999999999472e-01 9.214499999999999818e-04
-2.402000000000000135e+00 9.043099999999999472e-01 9.267199999999999635e-05
-2.373400000000000176e+00 9.043099999999999472e-01 1.332599999999999974e-03
-2.344800000000000217e+00 9.043099999999999472e-01 3.193399999999999885e-03
-2.316199999999999815e+00 9.043099999999999472e-01 4.265099999999999968e-03
-2.287599999999999856e+00 9.043099999999999472e-01 5.126600000000000254e-03
-2.258999999999999897e+00 9.043099999999999472e-01 4.904600000000000279e-03
-2.230399999999999938e+00 9.043099999999999472e-01 3.846599999999999932e-03
-2.201799999999999979e+00 9.043099999999999472e-01 2.456999999999999983e-03
-2.173200000000000021e+00 9.043099999999999472e-01 1.183400000000000033e-03
-2.144600000000000062e+00 9.043099999999999472e-01 3.385800000000000008e-04
-2.116000000000000103e+00 9.043099999999999472e-01 6.418499999999999618e-05
-2.087400000000000144e+00 9.043099999999999472e-01 4.625499999999999675e-05
-2.058800000000000185e+00 9.043099999999999472e-01 3.393700000000000254e-04
-2.030199999999999783e+00 9.043099999999999472e-01 6.952199999999999743e-04
-2.001599999999999824e+00 9.043099999999999472e-01 9.313600000000000004e-04
-1.973000000000000087e+00 9.043099999999999472e-01 9.722100000000000446e-04
-1.944399999999999906e+00 9.043099999999999472e-01 8.386700000000000188e-04
-1.915799999999999947e+00 9.043099999999999472e-01 7.064999999999999883e-04
-1.887299999999999978e+00 9.043099999999999472e-01 5.465100000000000513e-04
-1.858700000000000019e+00 9.043099999999999472e-01 5.445200000000000517e-04
-1.830100000000000060e+00 9.043099999999999472e-01 7.495899999999999569e-04
-1.801500000000000101e+00 9.043099999999999472e-01 1.138600000000000029e-03
-1.772899999999999920e+00 9.043099999999999472e-01 1.651399999999999917e-03
-1.744299999999999962e+00 9.043099999999999472e-01 1.875300000000000101e-03
-1.715700000000000003e+00 9.043099999999999472e-01 1.444699999999999934e-03
-1.687100000000000044e+00 9.043099999999999472e-01 2.912800000000000111e-03
-1.658500000000000085e+00 9.043099999999999472e-01 4.393399999999999779e-04
-1.629899999999999904e+00 9.043099999999999472e-01 2.496800000000000083e-04
-1.601299999999999946e+00 9.043099999999999472e-01 9.837199999999999937e-04
-1.572699999999999987e+00 9.043099999999999472e-01 4.800299999999999594e-06
-1.544100000000000028e+00 9.043099999999999472e-01 3.022800000000000095e-06
-1.515500000000000069e+00 9.043099999999999472e-01 9.761600000000000051e-04
-1.486900000000000110e+00 9.043099999999999472e-01 3.009700000000000136e-04
-1.458299999999999930e+00 9.043099999999999472e-01 1.403800000000000078e-04
-1.429699999999999971e+00 9.043099999999999472e-01 1.409700000000000005e-04
-1.401100000000000012e+00 9.043099999999999472e-01 2.012700000000000025e-04
-1.372500000000000053e+00 9.043099999999999472e-01 6.563899999999999683e-04
-1.344000000000000083e+00 9.043099999999999472e-01 1.992899999999999880e-02
-1.315399999999999903e+00 9.043099999999999472e-01 8.510300000000000156e-04
-1.286799999999999944e+00 9.043099999999999472e-01 1.079199999999999967e-04
-1.258199999999999985e+00 9.043099999999999472e-01 4.131300000000000239e-05
-1.229600000000000026e+00 9.043099999999999472e-01 1.595999999999999966e-05
-1.201000000000000068e+00 9.043099999999999472e-01 6.890299999999999912e-06
-1.172400000000000109e+00 9.043099999999999472e-01 4.565300000000000149e-06
-1.143799999999999928e+00 9.043099999999999472e-01 5.873899999999999784e-06
-1.115199999999999969e+00 9.043099999999999472e-01 8.303300000000000613e-06
-1.086600000000000010e+00 9.043099999999999472e-01 1.489100000000000024e-05
-1.058000000000000052e+00 9.043099999999999472e-01 1.960900000000000148e-05
-1.029400000000000093e+00 9.043099999999999472e-01 1.358300000000000056e-04
-1.000799999999999912e+00 9.043099999999999472e-01 2.134700000000000139e-02
-9.722199999999999731e-01 9.043099999999999472e-01 1.620600000000000035e-04
-9.436299999999999688e-01 9.043099999999999472e-01 1.221400000000000029e-05
-9.150300000000000100e-01 9.043099999999999472e-01 1.432899999999999952e-05
-8.864400000000000057e-01 9.043099999999999472e-01 1.488299999999999964e-05
-8.578400000000000469e-01 9.043099999999999472e-01 1.501300000000000009e-05
-8.292500000000000426e-01 9.043099999999999472e-01 1.385699999999999963e-05
-8.006499999999999728e-01 9.043099999999999472e-01 1.139500000000000017e-05
-7.720599999999999685e-01 9.043099999999999472e-01 8.180300000000000266e-06
-7.434600000000000097e-01 9.043099999999999472e-01 4.876899999999999843e-06
-7.148700000000000054e-01 9.043099999999999472e-01 2.169999999999999976e-06
-6.004899999999999682e-01 9.043099999999999472e-01 2.372199999999999920e-06
-5.718999999999999639e-01 9.043099999999999472e-01 4.122099999999999887e-06
-5.433000000000000052e-01 9.043099999999999472e-01 5.530600000000000038e-06
-5.147100000000000009e-01 9.043099999999999472e-01 6.097899999999999672e-06
-4.861099999999999866e-01 9.043099999999999472e-01 5.900800000000000323e-06
-4.575199999999999823e-01 9.043099999999999472e-01 4.854499999999999854e-06
-4.289200000000000235e-01 9.043099999999999472e-01 3.229599999999999961e-06
-4.003300000000000192e-01 9.043099999999999472e-01 1.543000000000000092e-06
-2.859499999999999820e-01 9.043099999999999472e-01 1.613300000000000080e-06
-2.573500000000000232e-01 9.043099999999999472e-01 3.342399999999999966e-06
-2.287599999999999911e-01 9.043099999999999472e-01 5.083899999999999724e-06
-2.001600000000000046e-01 9.043099999999999472e-01 6.330600000000000002e-06
-1.715700000000000003e-01 9.043099999999999472e-01 6.777399999999999688e-06
-1.429700000000000137e-01 9.043099999999999472e-01 6.432200000000000012e-06
-1.143799999999999956e-01 9.043099999999999472e-01 5.544699999999999615e-06
-8.578399999999999914e-02 9.043099999999999472e-01 4.835599999999999916e-06
-5.718999999999999778e-02 9.043099999999999472e-01 3.990500000000000164e-06
-2.859499999999999889e-02 9.043099999999999472e-01 3.741199999999999857e-06
0.000000000000000000e+00 9.043099999999999472e-01 4.247299999999999975e-06
-4.489399999999999835e+00 9.330100000000000060e-01 1.811700000000000018e-04
-4.460799999999999876e+00 9.330100000000000060e-01 2.346500000000000116e-04
-4.432199999999999918e+00 9.330100000000000060e-01 2.698700000000000166e-04
-4.403599999999999959e+00 9.330100000000000060e-01 2.727699999999999786e-04
-4.375000000000000000e+00 9.330100000000000060e-01 2.544399999999999830e-04
-4.346400000000000041e+00 9.330100000000000060e-01 2.018199999999999888e-04
-4.317800000000000082e+00 9.330100000000000060e-01 1.313099999999999879e-04
-4.289200000000000124e+00 9.330100000000000060e-01 6.169100000000000278e-05
-4.260600000000000165e+00 9.330100000000000060e-01 1.645299999999999985e-05
-4.232000000000000206e+00 9.330100000000000060e-01 1.027899999999999933e-05
-4.203400000000000247e+00 9.330100000000000060e-01 4.669199999999999951e-05
-4.174800000000000288e+00 9.330100000000000060e-01 1.148700000000000030e-04
-4.146200000000000330e+00 9.330100000000000060e-01 1.680499999999999919e-04
-4.117600000000000371e+00 9.330100000000000060e-01 2.401199999999999982e-04
-4.089100000000000179e+00 9.330100000000000060e-01 2.798400000000000041e-04
-4.060500000000000220e+00 9.330100000000000060e-01 2.722000000000000027e-04
-4.031900000000000261e+00 9.330100000000000060e-01 2.213200000000000020e-04
-4.003300000000000303e+00 9.330100000000000060e-01 1.430500000000000077e-04
-3.974699999999999900e+00 9.330100000000000060e-01 6.451000000000000408e-05
-3.946099999999999941e+00 9.330100000000000060e-01 2.658500000000000042e-05
-3.917499999999999982e+00 9.330100000000000060e-01 6.669500000000000264e-06
-3.888900000000000023e+00 9.330100000000000060e-01 3.664700000000000336e-05
-3.860300000000000065e+00 9.330100000000000060e-01 1.040999999999999960e-04
-3.831700000000000106e+00 9.330100000000000060e-01 1.808799999999999894e-04
-3.803100000000000147e+00 9.330100000000000060e-01 2.357600000000000060e-04
-3.774500000000000188e+00 9.330100000000000060e-01 2.435399999999999891e-04
-3.745899999999999785e+00 9.330100000000000060e-01 2.218900000000000050e-04
-3.717299999999999827e+00 9.330100000000000060e-01 1.666100000000000057e-04
-3.688699999999999868e+00 9.330100000000000060e-01 1.216500000000000025e-04
-3.660099999999999909e+00 9.330100000000000060e-01 1.410399999999999913e-04
-3.631499999999999950e+00 9.330100000000000060e-01 2.716099999999999830e-04
-3.602899999999999991e+00 9.330100000000000060e-01 5.299900000000000401e-04
-3.574300000000000033e+00 9.330100000000000060e-01 8.869900000000000440e-04
-3.545799999999999841e+00 9.330100000000000060e-01 1.144300000000000005e-03
-3.517199999999999882e+00 9.330100000000000060e-01 1.494600000000000008e-03
-3.488599999999999923e+00 9.330100000000000060e-01 1.711599999999999970e-03
-3.459999999999999964e+00 9.330100000000000060e-01 1.700499999999999972e-03
-3.431400000000000006e+00 9.330100000000000060e-01 1.444500000000000037e-03
-3.402800000000000047e+00 9.330100000000000060e-01 1.012899999999999955e-03
-3.374200000000000088e+00 9.330100000000000060e-01 5.244699999999999709e-04
-3.345600000000000129e+00 9.330100000000000060e-01 2.483100000000000129e-04
-3.317000000000000171e+00 9.330100000000000060e-01 3.010800000000000040e-05
-3.288400000000000212e+00 9.330100000000000060e-01 1.473199999999999922e-04
-3.259799999999999809e+00 9.330100000000000060e-01 6.279099999999999699e-04
-3.231199999999999850e+00 9.330100000000000060e-01 1.364399999999999988e-03
-3.202599999999999891e+00 9.330100000000000060e-01 2.150700000000000181e-03
-3.173999999999999932e+00 9.330100000000000060e-01 2.725800000000000011e-03
-3.145399999999999974e+00 9.330100000000000060e-01 2.859800000000000016e-03
-3.116800000000000015e+00 9.330100000000000060e-01 2.605399999999999903e-03
-3.088200000000000056e+00 9.330100000000000060e-01 1.855300000000000048e-03
-3.059600000000000097e+00 9.330100000000000060e-01 8.469999999999999881e-04
-3.031000000000000139e+00 9.330100000000000060e-01 9.749999999999999823e-05
-3.002499999999999947e+00 9.330100000000000060e-01 2.640599999999999892e-04
-2.973899999999999988e+00 9.330100000000000060e-01 1.985400000000000012e-03
-2.945300000000000029e+00 9.330100000000000060e-01 4.260800000000000351e-03
-2.916700000000000070e+00 9.330100000000000060e-01 9.510199999999999904e-03
-2.888100000000000112e+00 9.330100000000000060e-01 1.692000000000000101e-02
-2.859500000000000153e+00 9.330100000000000060e-01 2.597400000000000056e-02
-2.830900000000000194e+00 9.330100000000000060e-01 3.545999999999999847e-02
-2.802299999999999791e+00 9.330100000000000060e-01 4.421400000000000330e-02
-2.773699999999999832e+00 9.330100000000000060e-01 5.136199999999999793e-02
-2.745099999999999874e+00 9.330100000000000060e-01 5.469099999999999656e-02
-2.716499999999999915e+00 9.330100000000000060e-01 5.678400000000000114e-02
-2.687899999999999956e+00 9.330100000000000060e-01 5.563400000000000289e-02
-2.659299999999999997e+00 9.330100000000000060e-01 5.126499999999999807e-02
-2.630700000000000038e+00 9.330100000000000060e-01 4.376200000000000229e-02
-2.602100000000000080e+00 9.330100000000000060e-01 3.445499999999999952e-02
-2.573500000000000121e+00 9.330100000000000060e-01 2.498399999999999926e-02
-2.544900000000000162e+00 9.330100000000000060e-01 1.629699999999999899e-02
-2.516300000000000203e+00 9.330100000000000060e-01 1.136299999999999984e-02
-2.487699999999999800e+00 9.330100000000000060e-01 5.619299999999999816e-03
-2.459200000000000053e+00 9.330100000000000060e-01 1.983200000000000067e-03
-2.430600000000000094e+00 9.330100000000000060e-01 2.919800000000000065e-04
-2.402000000000000135e+00 9.330100000000000060e-01 6.285499999999999367e-05
-2.373400000000000176e+00 9.330100000000000060e-01 6.541799999999999742e-04
-2.344800000000000217e+00 9.330100000000000060e-01 1.479999999999999979e-03
-2.316199999999999815e+00 9.330100000000000060e-01 1.935700000000000051e-03
-2.287599999999999856e+00 9.330100000000000060e-01 2.287500000000000037e-03
-2.258999999999999897e+00 9.330100000000000060e-01 2.183099999999999884e-03
-2.230399999999999938e+00 9.330100000000000060e-01 1.707699999999999930e-03
-2.201799999999999979e+00 9.330100000000000060e-01 1.076399999999999926e-03
-2.173200000000000021e+00 9.330100000000000060e-01 5.127099999999999887e-04
-2.144600000000000062e+00 9.330100000000000060e-01 1.419600000000000029e-04
-2.116000000000000103e+00 9.330100000000000060e-01 2.464499999999999867e-05
-2.087400000000000144e+00 9.330100000000000060e-01 2.631500000000000131e-05
-2.058800000000000185e+00 9.330100000000000060e-01 1.652199999999999936e-04
-2.030199999999999783e+00 9.330100000000000060e-01 3.314899999999999856e-04
-2.001599999999999824e+00 9.330100000000000060e-01 4.367299999999999741e-04
-1.973000000000000087e+00 9.330100000000000060e-01 4.492200000000000121e-04
-1.944399999999999906e+00 9.330100000000000060e-01 3.823000000000000226e-04
-1.915799999999999947e+00 9.330100000000000060e-01 3.143500000000000244e-04
-1.887299999999999978e+00 9.330100000000000060e-01 2.271800000000000035e-04
-1.858700000000000019e+00 9.330100000000000060e-01 2.143400000000000112e-04
-1.830100000000000060e+00 9.330100000000000060e-01 3.024799999999999906e-04
-1.801500000000000101e+00 9.330100000000000060e-01 4.753000000000000063e-04
-1.772899999999999920e+00 9.330100000000000060e-01 7.064400000000000193e-04
-1.744299999999999962e+00 9.330100000000000060e-01 8.655800000000000169e-04
-1.715700000000000003e+00 9.330100000000000060e-01 7.364399999999999896e-04
-1.687100000000000044e+00 9.330100000000000060e-01 9.024499999999999536e-04
-1.658500000000000085e+00 9.330100000000000060e-01 4.483099999999999954e-04
-1.629899999999999904e+00 9.330100000000000060e-01 7.835500000000000451e-05
-1.601299999999999946e+00 9.330100000000000060e-01 5.634999999999999818e-04
-1.572699999999999987e+00 9.330100000000000060e-01 4.333100000000000069e-06
-1.544100000000000028e+00 9.330100000000000060e-01 1.458899999999999915e-06
-1.515500000000000069e+00 9.330100000000000060e-01 1.562099999999999969e-04
-1.486900000000000110e+00 9.330100000000000060e-01 4.009600000000000100e-04
-1.458299999999999930e+00 9.330100000000000060e-01 8.455500000000000613e-05
-1.429699999999999971e+00 9.330100000000000060e-01 7.653299999999999383e-05
-1.401100000000000012e+00 9.330100000000000060e-01 9.641899999999999961e-05
-1.372500000000000053e+00 9.330100000000000060e-01 1.404400000000000039e-04
-1.344000000000000083e+00 9.330100000000000060e-01 1.289399999999999921e-02
-1.315399999999999903e+00 9.330100000000000060e-01 7.797600000000000017e-04
-1.286799999999999944e+00 9.330100000000000060e-01 6.931499999999999619e-05
-1.258199999999999985e+00 9.330100000000000060e-01 2.499700000000000140e-05
-1.229600000000000026e+00 9.330100000000000060e-01 8.216700000000000460e-06
-1.201000000000000068e+00 9.330100000000000060e-01 2.126899999999999914e-06
-1.115199999999999969e+00 9.330100000000000060e-01 1.342400000000000056e-06
-1.086600000000000010e+00 9.330100000000000060e-01 4.056200000000000230e-06
-1.058000000000000052e+00 9.330100000000000060e-01 2.547500000000000173e-06
-1.029400000000000093e+00 9.330100000000000060e-01 7.133400000000000515e-05
-1.000799999999999912e+00 9.330100000000000060e-01 5.652400000000000133e-03
-9.722199999999999731e-01 9.330100000000000060e-01 8.170199999999999804e-05
-9.150300000000000100e-01 9.330100000000000060e-01 4.480999999999999957e-06
-8.864400000000000057e-01 9.330100000000000060e-01 4.611399999999999590e-06
-8.578400000000000469e-01 9.330100000000000060e-01 4.912600000000000195e-06
-8.292500000000000426e-01 9.330100000000000060e-01 4.794499999999999581e-06
-8.006499999999999728e-01 9.330100000000000060e-01 4.202499999999999998e-06
-7.720599999999999685e-01 9.330100000000000060e-01 3.207800000000000018e-06
-7.434600000000000097e-01 9.330100000000000060e-01 2.045599999999999947e-06
-7.148700000000000054e-01 9.330100000000000060e-01 1.012400000000000039e-06
-5.718999999999999639e-01 9.330100000000000060e-01 1.346599999999999948e-06
-5.433000000000000052e-01 9.330100000000000060e-01 1.889700000000000093e-06
-5.147100000000000009e-01 9.330100000000000060e-01 2.156900000000000051e-06
-4.861099999999999866e-01 9.330100000000000060e-01 2.139099999999999984e-06
-4.575199999999999823e-01 9.330100000000000060e-01 1.823900000000000020e-06
-4.289200000000000235e-01 9.330100000000000060e-01 1.251199999999999981e-06
-2.573500000000000232e-01 9.330100000000000060e-01 1.112399999999999929e-06
-2.287599999999999911e-01 9.330100000000000060e-01 1.738699999999999972e-06
-2.001600000000000046e-01 9.330100000000000060e-01 2.200899999999999968e-06
-1.715700000000000003e-01 9.330100000000000060e-01 2.407800000000000054e-06
-1.429700000000000137e-01 9.330100000000000060e-01 2.319499999999999985e-06
-1.143799999999999956e-01 9.330100000000000060e-01 2.020200000000000157e-06
-8.578399999999999914e-02 9.330100000000000060e-01 1.792099999999999960e-06
-5.718999999999999778e-02 9.330100000000000060e-01 1.535099999999999922e-06
-2.859499999999999889e-02 9.330100000000000060e-01 1.482499999999999994e-06
0.000000000000000000e+00 9.330100000000000060e-01 1.704599999999999951e-06
-4.489399999999999835e+00 9.617200000000000193e-01 7.878400000000000667e-06
-4.460799999999999876e+00 9.617200000000000193e-01 1.318099999999999967e-05
-4.432199999999999918e+00 9.617200000000000193e-01 1.545200000000000046e-05
-4.403599999999999959e+00 9.617200000000000193e-01 1.522100000000000047e-05
-4.375000000000000000e+00 9.617200000000000193e-01 1.853099999999999927e-05
-4.346400000000000041e+00 9.617200000000000193e-01 1.745900000000000005e-05
-4.317800000000000082e+00 9.617200000000000193e-01 1.149899999999999951e-05
-4.289200000000000124e+00 9.617200000000000193e-01 6.480399999999999822e-06
-4.260600000000000165e+00 9.617200000000000193e-01 2.104899999999999955e-06
-4.174800000000000288e+00 9.617200000000000193e-01 3.865599999999999886e-06
-4.146200000000000330e+00 9.617200000000000193e-01 7.350100000000000151e-06
-4.117600000000000371e+00 9.617200000000000193e-01 1.102100000000000002e-05
-4.089100000000000179e+00 9.617200000000000193e-01 1.234000000000000044e-05
-4.060500000000000220e+00 9.617200000000000193e-01 1.697600000000000145e-05
-4.031900000000000261e+00 9.617200000000000193e-01 1.457099999999999991e-05
-4.003300000000000303e+00 9.617200000000000193e-01 9.222899999999999398e-06
-3.974699999999999900e+00 9.617200000000000193e-01 6.477699999999999830e-06
-3.946099999999999941e+00 9.617200000000000193e-01 4.547500000000000083e-06
-3.917499999999999982e+00 9.617200000000000193e-01 3.850399999999999591e-06
-3.888900000000000023e+00 9.617200000000000193e-01 6.011899999999999987e-06
-3.860300000000000065e+00 9.617200000000000193e-01 9.969600000000000228e-06
-3.831700000000000106e+00 9.617200000000000193e-01 1.526500000000000038e-05
-3.803100000000000147e+00 9.617200000000000193e-01 1.588899999999999983e-05
-3.774500000000000188e+00 9.617200000000000193e-01 1.565000000000000093e-05
-3.745899999999999785e+00 9.617200000000000193e-01 1.578600000000000099e-05
-3.717299999999999827e+00 9.617200000000000193e-01 1.138600000000000076e-05
-3.688699999999999868e+00 9.617200000000000193e-01 5.748699999999999695e-06
-3.660099999999999909e+00 9.617200000000000193e-01 4.596499999999999952e-06
-3.631499999999999950e+00 9.617200000000000193e-01 8.466900000000000199e-06
-3.602899999999999991e+00 9.617200000000000193e-01 1.597499999999999867e-05
-3.574300000000000033e+00 9.617200000000000193e-01 2.378799999999999993e-05
-3.545799999999999841e+00 9.617200000000000193e-01 4.252599999999999908e-05
-3.517199999999999882e+00 9.617200000000000193e-01 5.912300000000000297e-05
-3.488599999999999923e+00 9.617200000000000193e-01 5.635799999999999810e-05
-3.459999999999999964e+00 9.617200000000000193e-01 4.415200000000000011e-05
-3.431400000000000006e+00 9.617200000000000193e-01 5.524100000000000185e-05
-3.402800000000000047e+00 9.617200000000000193e-01 3.030199999999999889e-05
-3.374200000000000088e+00 9.617200000000000193e-01 9.508099999999999649e-06
-3.345600000000000129e+00 9.617200000000000193e-01 2.877699999999999993e-06
-3.317000000000000171e+00 9.617200000000000193e-01 2.980199999999999859e-06
-3.288400000000000212e+00 9.617200000000000193e-01 5.949400000000000162e-06
-3.259799999999999809e+00 9.617200000000000193e-01 2.695600000000000077e-05
-3.231199999999999850e+00 9.617200000000000193e-01 5.958699999999999717e-05
-3.202599999999999891e+00 9.617200000000000193e-01 9.257500000000000050e-05
-3.173999999999999932e+00 9.617200000000000193e-01 7.783000000000000530e-05
-3.145399999999999974e+00 9.617200000000000193e-01 9.286700000000000380e-05
-3.116800000000000015e+00 9.617200000000000193e-01 9.572499999999999575e-05
-3.088200000000000056e+00 9.617200000000000193e-01 5.915300000000000099e-05
-3.059600000000000097e+00 9.617200000000000193e-01 1.193500000000000008e-05
-3.031000000000000139e+00 9.617200000000000193e-01 9.526699999999999776e-06
-3.002499999999999947e+00 9.617200000000000193e-01 4.442900000000000271e-06
-2.973899999999999988e+00 9.617200000000000193e-01 4.974900000000000090e-05
-2.945300000000000029e+00 9.617200000000000193e-01 9.279900000000000377e-05
-2.916700000000000070e+00 9.617200000000000193e-01 3.205099999999999789e-04
-2.888100000000000112e+00 9.617200000000000193e-01 5.342600000000000517e-04
-2.859500000000000153e+00 9.617200000000000193e-01 6.459799999999999917e-04
-2.830900000000000194e+00 9.617200000000000193e-01 8.015999999999999688e-04
-2.802299999999999791e+00 9.617200000000000193e-01 1.397900000000000097e-03
-2.773699999999999832e+00 9.617200000000000193e-01 1.235699999999999949e-03
-2.745099999999999874e+00 9.617200000000000193e-01 1.147400000000000026e-03
-2.716499999999999915e+00 9.617200000000000193e-01 1.303499999999999971e-03
-2.687899999999999956e+00 9.617200000000000193e-01 1.562199999999999917e-03
-2.659299999999999997e+00 9.617200000000000193e-01 9.953399999999999401e-04
-2.630700000000000038e+00 9.617200000000000193e-01 8.753899999999999789e-04
-2.602100000000000080e+00 9.617200000000000193e-01 8.538400000000000243e-04
-2.573500000000000121e+00 9.617200000000000193e-01 5.830800000000000349e-04
-2.544900000000000162e+00 9.617200000000000193e-01 1.931900000000000121e-04
-2.516300000000000203e+00 9.617200000000000193e-01 2.175300000000000128e-04
-2.487699999999999800e+00 9.617200000000000193e-01 1.267899999999999973e-04
-2.459200000000000053e+00 9.617200000000000193e-01 4.226899999999999798e-05
-2.430600000000000094e+00 9.617200000000000193e-01 1.810400000000000149e-05
-2.373400000000000176e+00 9.617200000000000193e-01 9.795499999999999642e-06
-2.344800000000000217e+00 9.617200000000000193e-01 1.805499999999999908e-05
-2.316199999999999815e+00 9.617200000000000193e-01 1.484700000000000032e-05
-2.287599999999999856e+00 9.617200000000000193e-01 4.385999999999999681e-05
-2.258999999999999897e+00 9.617200000000000193e-01 3.471400000000000001e-05
-2.230399999999999938e+00 9.617200000000000193e-01 1.734800000000000060e-05
-2.201799999999999979e+00 9.617200000000000193e-01 1.138299999999999927e-05
-2.173200000000000021e+00 9.617200000000000193e-01 6.150099999999999782e-06
-2.087400000000000144e+00 9.617200000000000193e-01 2.698599999999999879e-06
-2.058800000000000185e+00 9.617200000000000193e-01 7.622299999999999849e-06
-2.030199999999999783e+00 9.617200000000000193e-01 1.070500000000000000e-05
-2.001599999999999824e+00 9.617200000000000193e-01 1.535600000000000002e-05
-1.973000000000000087e+00 9.617200000000000193e-01 1.854499999999999947e-05
-1.944399999999999906e+00 9.617200000000000193e-01 1.669999999999999935e-05
-1.915799999999999947e+00 9.617200000000000193e-01 1.368699999999999957e-05
-1.887299999999999978e+00 9.617200000000000193e-01 1.198700000000000060e-05
-1.858700000000000019e+00 9.617200000000000193e-01 9.869300000000000528e-06
-1.830100000000000060e+00 9.617200000000000193e-01 7.188499999999999869e-06
-1.801500000000000101e+00 9.617200000000000193e-01 4.821000000000000090e-06
-1.772899999999999920e+00 9.617200000000000193e-01 1.367999999999999947e-05
-1.744299999999999962e+00 9.617200000000000193e-01 1.686399999999999981e-05
-1.715700000000000003e+00 9.617200000000000193e-01 8.598099999999999892e-06
-1.687100000000000044e+00 9.617200000000000193e-01 9.749899999999999604e-06
-1.658500000000000085e+00 9.617200000000000193e-01 4.279199999999999958e-05
-1.629899999999999904e+00 9.617200000000000193e-01 8.071600000000000782e-06
-1.601299999999999946e+00 9.617200000000000193e-01 1.468499999999999916e-05
-1.572699999999999987e+00 9.617200000000000193e-01 3.486099999999999962e-06
-1.544100000000000028e+00 9.617200000000000193e-01 3.139500000000000180e-06
-1.515500000000000069e+00 9.617200000000000193e-01 5.882200000000000196e-06
-1.486900000000000110e+00 9.617200000000000193e-01 1.165099999999999941e-04
-1.458299999999999930e+00 9.617200000000000193e-01 6.119100000000000418e-06
-1.429699999999999971e+00 9.617200000000000193e-01 8.134800000000000448e-06
-1.401100000000000012e+00 9.617200000000000193e-01 1.061999999999999996e-05
-1.372500000000000053e+00 9.617200000000000193e-01 1.033299999999999915e-05
-1.344000000000000083e+00 9.617200000000000193e-01 1.546700000000000028e-03
-1.315399999999999903e+00 9.617200000000000193e-01 1.321600000000000032e-03
-1.286799999999999944e+00 9.617200000000000193e-01 2.534300000000000113e-05
-1.258199999999999985e+00 9.617200000000000193e-01 1.523999999999999978e-05
-1.229600000000000026e+00 9.617200000000000193e-01 9.849499999999999464e-06
-1.201000000000000068e+00 9.617200000000000193e-01 7.044900000000000092e-06
-1.172400000000000109e+00 9.617200000000000193e-01 5.520499999999999915e-06
-1.143799999999999928e+00 9.617200000000000193e-01 4.693900000000000070e-06
-1.115199999999999969e+00 9.617200000000000193e-01 4.382099999999999938e-06
-1.086600000000000010e+00 9.617200000000000193e-01 4.208000000000000199e-06
-1.058000000000000052e+00 9.617200000000000193e-01 4.682499999999999637e-06
-1.000799999999999912e+00 9.617200000000000193e-01 2.006400000000000035e-04
-9.722199999999999731e-01 9.617200000000000193e-01 2.081800000000000126e-06
-4.489399999999999835e+00 9.904300000000000326e-01 4.955800000000000222e-04
-4.460799999999999876e+00 9.904300000000000326e-01 6.769200000000000174e-04
-4.432199999999999918e+00 9.904300000000000326e-01 8.162799999999999570e-04
-4.403599999999999959e+00 9.904300000000000326e-01 8.610399999999999825e-04
-4.375000000000000000e+00 9.904300000000000326e-01 7.863100000000000254e-04
-4.346400000000000041e+00 9.904300000000000326e-01 6.815700000000000491e-04
-4.317800000000000082e+00 9.904300000000000326e-01 4.656199999999999770e-04
-4.289200000000000124e+00 9.904300000000000326e-01 2.331000000000000010e-04
-4.260600000000000165e+00 9.904300000000000326e-01 6.150600000000000370e-05
-4.232000000000000206e+00 9.904300000000000326e-01 6.661400000000000291e-06
-4.203400000000000247e+00 9.904300000000000326e-01 8.640700000000000127e-05
-4.174800000000000288e+00 9.904300000000000326e-01 2.743800000000000123e-04
-4.146200000000000330e+00 9.904300000000000326e-01 4.308700000000000268e-04
-4.117600000000000371e+00 9.904300000000000326e-01 6.529500000000000148e-04
-4.089100000000000179e+00 9.904300000000000326e-01 7.872400000000000318e-04
-4.060500000000000220e+00 9.904300000000000326e-01 7.795599999999999969e-04
-4.031900000000000261e+00 9.904300000000000326e-01 6.416399999999999621e-04
-4.003300000000000303e+00 9.904300000000000326e-01 4.146600000000000177e-04
-3.974699999999999900e+00 9.904300000000000326e-01 1.794499999999999980e-04
-3.946099999999999941e+00 9.904300000000000326e-01 6.465200000000000374e-05
-3.917499999999999982e+00 9.904300000000000326e-01 1.852500000000000051e-06
-3.888900000000000023e+00 9.904300000000000326e-01 9.002099999999999751e-05
-3.860300000000000065e+00 9.904300000000000326e-01 2.951200000000000069e-04
-3.831700000000000106e+00 9.904300000000000326e-01 5.333700000000000246e-04
-3.803100000000000147e+00 9.904300000000000326e-01 7.111300000000000303e-04
-3.774500000000000188e+00 9.904300000000000326e-01 7.497400000000000418e-04
-3.745899999999999785e+00 9.904300000000000326e-01 6.929899999999999905e-04
-3.717299999999999827e+00 9.904300000000000326e-01 5.292499999999999896e-04
-3.688699999999999868e+00 9.904300000000000326e-01 3.768999999999999998e-04
-3.660099999999999909e+00 9.904300000000000326e-01 3.834099999999999900e-04
-3.631499999999999950e+00 9.904300000000000326e-01 6.837399999999999554e-04
-3.602899999999999991e+00 9.904300000000000326e-01 1.323299999999999910e-03
-3.574300000000000033e+00 9.904300000000000326e-01 2.223900000000000009e-03
-3.545799999999999841e+00 9.904300000000000326e-01 2.866699999999999804e-03
-3.517199999999999882e+00 9.904300000000000326e-01 3.751200000000000107e-03
-3.488599999999999923e+00 9.904300000000000326e-01 4.273700000000000068e-03
-3.459999999999999964e+00 9.904300000000000326e-01 4.211699999999999645e-03
-3.431400000000000006e+00 9.904300000000000326e-01 3.502900000000000198e-03
-3.402800000000000047e+00 9.904300000000000326e-01 2.399099999999999931e-03
-3.374200000000000088e+00 9.904300000000000326e-01 1.160299999999999960e-03
-3.345600000000000129e+00 9.904300000000000326e-01 4.882999999999999971e-04
-3.317000000000000171e+00 9.904300000000000326e-01 8.758599999999999456e-06
-3.288400000000000212e+00 9.904300000000000326e-01 3.961300000000000173e-04
-3.259799999999999809e+00 9.904300000000000326e-01 1.685300000000000036e-03
-3.231199999999999850e+00 9.904300000000000326e-01 3.573699999999999967e-03
-3.202599999999999891e+00 9.904300000000000326e-01 5.509199999999999688e-03
-3.173999999999999932e+00 9.904300000000000326e-01 6.848500000000000421e-03
-3.145399999999999974e+00 9.904300000000000326e-01 7.081800000000000074e-03
-3.116800000000000015e+00 9.904300000000000326e-01 6.305500000000000341e-03
-3.088200000000000056e+00 9.904300000000000326e-01 4.345599999999999810e-03
-3.059600000000000097e+00 9.904300000000000326e-01 1.879100000000000084e-03
-3.031000000000000139e+00 9.904300000000000326e-01 1.794400000000000031e-04
-3.002499999999999947e+00 9.904300000000000326e-01 8.424800000000000517e-04
-2.973899999999999988e+00 9.904300000000000326e-01 5.356200000000000197e-03
-2.945300000000000029e+00 9.904300000000000326e-01 1.101899999999999928e-02
-2.916700000000000070e+00 9.904300000000000326e-01 2.369900000000000131e-02
-2.888100000000000112e+00 9.904300000000000326e-01 4.141000000000000236e-02
-2.859500000000000153e+00 9.904300000000000326e-01 6.246800000000000269e-02
-2.830900000000000194e+00 9.904300000000000326e-01 8.415599999999999470e-02
-2.802299999999999791e+00 9.904300000000000326e-01 1.030999999999999972e-01
-2.773699999999999832e+00 9.904300000000000326e-01 1.189899999999999985e-01
-2.745099999999999874e+00 9.904300000000000326e-01 1.254699999999999982e-01
-2.716499999999999915e+00 9.904300000000000326e-01 1.286599999999999966e-01
-2.687899999999999956e+00 9.904300000000000326e-01 1.244500000000000051e-01
-2.659299999999999997e+00 9.904300000000000326e-01 1.140400000000000025e-01
-2.630700000000000038e+00 9.904300000000000326e-01 9.669400000000000217e-02
-2.602100000000000080e+00 9.904300000000000326e-01 7.583900000000000363e-02
-2.573500000000000121e+00 9.904300000000000326e-01 5.477599999999999830e-02
-2.544900000000000162e+00 9.904300000000000326e-01 3.585399999999999698e-02
-2.516300000000000203e+00 9.904300000000000326e-01 2.510199999999999931e-02
-2.487699999999999800e+00 9.904300000000000326e-01 1.273999999999999959e-02
-2.459200000000000053e+00 9.904300000000000326e-01 4.856799999999999659e-03
-2.430600000000000094e+00 9.904300000000000326e-01 9.377499999999999985e-04
-2.402000000000000135e+00 9.904300000000000326e-01 3.823400000000000019e-05
-2.373400000000000176e+00 9.904300000000000326e-01 8.413599999999999812e-04
-2.344800000000000217e+00 9.904300000000000326e-01 2.186700000000000189e-03
-2.316199999999999815e+00 9.904300000000000326e-01 2.956799999999999880e-03
-2.287599999999999856e+00 9.904300000000000326e-01 3.552299999999999989e-03
-2.258999999999999897e+00 9.904300000000000326e-01 3.431700000000000202e-03
-2.230399999999999938e+00 9.904300000000000326e-01 2.684600000000000094e-03
-2.201799999999999979e+00 9.904300000000000326e-01 1.677399999999999898e-03
-2.173200000000000021e+00 9.904300000000000326e-01 7.860099999999999639e-04
-2.144600000000000062e+00 9.904300000000000326e-01 2.161599999999999904e-04
-2.116000000000000103e+00 9.904300000000000326e-01 3.732699999999999685e-05
-2.087400000000000144e+00 9.904300000000000326e-01 3.657699999999999895e-05
-2.058800000000000185e+00 9.904300000000000326e-01 2.329300000000000077e-04
-2.030199999999999783e+00 9.904300000000000326e-01 4.630899999999999860e-04
-2.001599999999999824e+00 9.904300000000000326e-01 6.001100000000000531e-04
-1.973000000000000087e+00 9.904300000000000326e-01 6.122099999999999678e-04
-1.944399999999999906e+00 9.904300000000000326e-01 5.398900000000000097e-04
-1.915799999999999947e+00 9.904300000000000326e-01 4.769099999999999858e-04
-1.887299999999999978e+00 9.904300000000000326e-01 4.272100000000000246e-04
-1.858700000000000019e+00 9.904300000000000326e-01 4.958500000000000451e-04
-1.830100000000000060e+00 9.904300000000000326e-01 6.965400000000000497e-04
-1.801500000000000101e+00 9.904300000000000326e-01 9.766799999999999527e-04
-1.772899999999999920e+00 9.904300000000000326e-01 1.291400000000000057e-03
-1.744299999999999962e+00 9.904300000000000326e-01 1.572999999999999962e-03
-1.715700000000000003e+00 9.904300000000000326e-01 1.495400000000000028e-03
-1.687100000000000044e+00 9.904300000000000326e-01 6.767599999999999918e-04
-1.658500000000000085e+00 9.904300000000000326e-01 3.658999999999999926e-03
-1.629899999999999904e+00 9.904300000000000326e-01 8.348099999999999575e-05
-1.601299999999999946e+00 9.904300000000000326e-01 4.080099999999999916e-04
-1.572699999999999987e+00 9.904300000000000326e-01 5.010899999999999746e-05
-1.544100000000000028e+00 9.904300000000000326e-01 2.962799999999999822e-06
-1.515500000000000069e+00 9.904300000000000326e-01 1.779399999999999938e-05
-1.486900000000000110e+00 9.904300000000000326e-01 1.260899999999999911e-03
-1.458299999999999930e+00 9.904300000000000326e-01 7.074199999999999456e-05
-1.429699999999999971e+00 9.904300000000000326e-01 5.140300000000000235e-05
-1.401100000000000012e+00 9.904300000000000326e-01 5.712999999999999681e-05
-1.372500000000000053e+00 9.904300000000000326e-01 9.027100000000000358e-05
-1.344000000000000083e+00 9.904300000000000326e-01 6.917200000000000518e-04
-1.315399999999999903e+00 9.904300000000000326e-01 6.565399999999999882e-03
-1.286799999999999944e+00 9.904300000000000326e-01 7.547799999999999800e-05
-1.258199999999999985e+00 9.904300000000000326e-01 5.752299999999999796e-05
-1.229600000000000026e+00 9.904300000000000326e-01 3.744600000000000028e-05
-1.201000000000000068e+00 9.904300000000000326e-01 2.892900000000000034e-05
-1.172400000000000109e+00 9.904300000000000326e-01 2.536099999999999994e-05
-1.143799999999999928e+00 9.904300000000000326e-01 2.376099999999999832e-05
-1.115199999999999969e+00 9.904300000000000326e-01 2.332999999999999855e-05
-1.086600000000000010e+00 9.904300000000000326e-01 2.335700000000000016e-05
-1.058000000000000052e+00 9.904300000000000326e-01 2.415699999999999927e-05
-1.029400000000000093e+00 9.904300000000000326e-01 2.580200000000000131e-05
-1.000799999999999912e+00 9.904300000000000326e-01 4.695900000000000220e-05
-9.722199999999999731e-01 9.904300000000000326e-01 7.482899999999999795e-05
-9.436299999999999688e-01 9.904300000000000326e-01 2.520899999999999869e-05
-9.150300000000000100e-01 9.904300000000000326e-01 2.523000000000000069e-05
-8.864400000000000057e-01 9.904300000000000326e-01 2.459699999999999845e-05
-8.578400000000000469e-01 9.904300000000000326e-01 2.212999999999999988e-05
-8.292500000000000426e-01 9.904300000000000326e-01 1.833700000000000079e-05
-8.006499999999999728e-01 9.904300000000000326e-01 1.394099999999999917e-05
-7.720599999999999685e-01 9.904300000000000326e-01 9.212299999999999872e-06
-7.434600000000000097e-01 9.904300000000000326e-01 4.957599999999999765e-06
-7.148700000000000054e-01 9.904300000000000326e-01 1.850499999999999901e-06
-6.004899999999999682e-01 9.904300000000000326e-01 2.574799999999999895e-06
-5.718999999999999639e-01 9.904300000000000326e-01 4.490000000000000210e-06
-5.433000000000000052e-01 9.904300000000000326e-01 5.936799999999999639e-06
-5.147100000000000009e-01 9.904300000000000326e-01 6.477800000000000050e-06
-4.861099999999999866e-01 9.904300000000000326e-01 6.260999999999999855e-06
-4.575199999999999823e-01 9.904300000000000326e-01 5.127300000000000020e-06
-4.289200000000000235e-01 9.904300000000000326e-01 3.360099999999999813e-06
-4.003300000000000192e-01 9.904300000000000326e-01 1.578600000000000014e-06
-2.859499999999999820e-01 9.904300000000000326e-01 1.824200000000000043e-06
-2.573500000000000232e-01 9.904300000000000326e-01 3.840399999999999687e-06
-2.287599999999999911e-01 9.904300000000000326e-01 5.909700000000000356e-06
-2.001600000000000046e-01 9.904300000000000326e-01 7.461300000000000035e-06
-1.715700000000000003e-01 9.904300000000000326e-01 8.257399999999999918e-06
-1.429700000000000137e-01 9.904300000000000326e-01 8.029100000000000765e-06
-1.143799999999999956e-01 9.904300000000000326e-01 7.006000000000000346e-06
-8.578399999999999914e-02 9.904300000000000326e-01 6.092700000000000128e-06
-5.718999999999999778e-02 9.904300000000000326e-01 4.812600000000000306e-06
-2.859499999999999889e-02 9.904300000000000326e-01 3.908099999999999903e-06
0.000000000000000000e+00 9.904300000000000326e-01 3.694000000000000123e-06
-4.489399999999999835e+00 1.019099999999999895e+00 1.836399999999999968e-03
-4.460799999999999876e+00 1.019099999999999895e+00 2.485100000000000069e-03
-4.432199999999999918e+00 1.019099999999999895e+00 2.958500000000000192e-03
-4.403599999999999959e+00 1.019099999999999895e+00 3.105399999999999914e-03
-4.375000000000000000e+00 1.019099999999999895e+00 2.838799999999999830e-03
-4.346400000000000041e+00 1.019099999999999895e+00 2.451099999999999893e-03
-4.317800000000000082e+00 1.019099999999999895e+00 1.658200000000000082e-03
-4.289200000000000124e+00 1.019099999999999895e+00 8.310099999999999735e-04
-4.260600000000000165e+00 1.019099999999999895e+00 2.234399999999999884e-04
-4.232000000000000206e+00 1.019099999999999895e+00 3.434299999999999967e-05
-4.203400000000000247e+00 1.019099999999999895e+00 3.302499999999999772e-04
-4.174800000000000288e+00 1.019099999999999895e+00 1.017799999999999911e-03
-4.146200000000000330e+00 1.019099999999999895e+00 1.580999999999999940e-03
-4.117600000000000371e+00 1.019099999999999895e+00 2.375799999999999960e-03
-4.089100000000000179e+00 1.019099999999999895e+00 2.860000000000000129e-03
-4.060500000000000220e+00 1.019099999999999895e+00 2.847899999999999997e-03
-4.031900000000000261e+00 1.019099999999999895e+00 2.335100000000000110e-03
-4.003300000000000303e+00 1.019099999999999895e+00 1.507700000000000056e-03
-3.974699999999999900e+00 1.019099999999999895e+00 6.586899999999999700e-04
-3.946099999999999941e+00 1.019099999999999895e+00 2.372800000000000050e-04
-3.917499999999999982e+00 1.019099999999999895e+00 1.923899999999999910e-06
-3.888900000000000023e+00 1.019099999999999895e+00 3.155499999999999993e-04
-3.860300000000000065e+00 1.019099999999999895e+00 1.056800000000000100e-03
-3.831700000000000106e+00 1.019099999999999895e+00 1.923400000000000023e-03
-3.803100000000000147e+00 1.019099999999999895e+00 2.558400000000000171e-03
-3.774500000000000188e+00 1.019099999999999895e+00 2.712200000000000114e-03
-3.745899999999999785e+00 1.019099999999999895e+00 2.515700000000000054e-03
-3.717299999999999827e+00 1.019099999999999895e+00 1.929399999999999952e-03
-3.688699999999999868e+00 1.019099999999999895e+00 1.379599999999999924e-03
-3.660099999999999909e+00 1.019099999999999895e+00 1.428900000000000092e-03
-3.631499999999999950e+00 1.019099999999999895e+00 2.545400000000000180e-03
-3.602899999999999991e+00 1.019099999999999895e+00 4.904900000000000232e-03
-3.574300000000000033e+00 1.019099999999999895e+00 8.243800000000000780e-03
-3.545799999999999841e+00 1.019099999999999895e+00 1.068900000000000058e-02
-3.517199999999999882e+00 1.019099999999999895e+00 1.396299999999999972e-02
-3.488599999999999923e+00 1.019099999999999895e+00 1.590700000000000100e-02
-3.459999999999999964e+00 1.019099999999999895e+00 1.574300000000000005e-02
-3.431400000000000006e+00 1.019099999999999895e+00 1.326300000000000048e-02
-3.402800000000000047e+00 1.019099999999999895e+00 9.061800000000000063e-03
-3.374200000000000088e+00 1.019099999999999895e+00 4.452499999999999861e-03
-3.345600000000000129e+00 1.019099999999999895e+00 1.921500000000000031e-03
-3.317000000000000171e+00 1.019099999999999895e+00 6.893799999999999624e-05
-3.288400000000000212e+00 1.019099999999999895e+00 1.442399999999999932e-03
-3.259799999999999809e+00 1.019099999999999895e+00 6.229499999999999794e-03
-3.231199999999999850e+00 1.019099999999999895e+00 1.333999999999999943e-02
-3.202599999999999891e+00 1.019099999999999895e+00 2.066099999999999881e-02
-3.173999999999999932e+00 1.019099999999999895e+00 2.565699999999999925e-02
-3.145399999999999974e+00 1.019099999999999895e+00 2.672799999999999829e-02
-3.116800000000000015e+00 1.019099999999999895e+00 2.396900000000000072e-02
-3.088200000000000056e+00 1.019099999999999895e+00 1.660700000000000023e-02
-3.059600000000000097e+00 1.019099999999999895e+00 7.290500000000000105e-03
-3.031000000000000139e+00 1.019099999999999895e+00 7.674999999999999531e-04
-3.002499999999999947e+00 1.019099999999999895e+00 3.004800000000000179e-03
-2.973899999999999988e+00 1.019099999999999895e+00 1.979500000000000010e-02
-2.945300000000000029e+00 1.019099999999999895e+00 4.109899999999999665e-02
-2.916700000000000070e+00 1.019099999999999895e+00 8.954499999999999960e-02
-2.888100000000000112e+00 1.019099999999999895e+00 1.563799999999999912e-01
-2.859500000000000153e+00 1.019099999999999895e+00 2.364799999999999958e-01
-2.830900000000000194e+00 1.019099999999999895e+00 3.207099999999999951e-01
-2.802299999999999791e+00 1.019099999999999895e+00 3.969099999999999850e-01
-2.773699999999999832e+00 1.019099999999999895e+00 4.539500000000000202e-01
-2.745099999999999874e+00 1.019099999999999895e+00 4.792600000000000193e-01
-2.716499999999999915e+00 1.019099999999999895e+00 4.945200000000000151e-01
-2.687899999999999956e+00 1.019099999999999895e+00 4.801799999999999957e-01
-2.659299999999999997e+00 1.019099999999999895e+00 4.374199999999999755e-01
-2.630700000000000038e+00 1.019099999999999895e+00 3.725800000000000223e-01
-2.602100000000000080e+00 1.019099999999999895e+00 2.933700000000000196e-01
-2.573500000000000121e+00 1.019099999999999895e+00 2.113500000000000101e-01
-2.544900000000000162e+00 1.019099999999999895e+00 1.374700000000000089e-01
-2.516300000000000203e+00 1.019099999999999895e+00 9.632499999999999396e-02
-2.487699999999999800e+00 1.019099999999999895e+00 4.841399999999999870e-02
-2.459200000000000053e+00 1.019099999999999895e+00 1.801499999999999976e-02
-2.430600000000000094e+00 1.019099999999999895e+00 3.283100000000000167e-03
-2.402000000000000135e+00 1.019099999999999895e+00 2.538199999999999788e-04
-2.373400000000000176e+00 1.019099999999999895e+00 3.886399999999999924e-03
-2.344800000000000217e+00 1.019099999999999895e+00 9.473999999999999783e-03
-2.316199999999999815e+00 1.019099999999999895e+00 1.264400000000000072e-02
-2.287599999999999856e+00 1.019099999999999895e+00 1.514899999999999927e-02
-2.258999999999999897e+00 1.019099999999999895e+00 1.446000000000000063e-02
-2.230399999999999938e+00 1.019099999999999895e+00 1.125999999999999918e-02
-2.201799999999999979e+00 1.019099999999999895e+00 7.061800000000000022e-03
-2.173200000000000021e+00 1.019099999999999895e+00 3.299799999999999869e-03
-2.144600000000000062e+00 1.019099999999999895e+00 8.786799999999999559e-04
-2.116000000000000103e+00 1.019099999999999895e+00 1.457899999999999984e-04
-2.087400000000000144e+00 1.019099999999999895e+00 1.684000000000000004e-04
-2.058800000000000185e+00 1.019099999999999895e+00 1.033899999999999923e-03
-2.030199999999999783e+00 1.019099999999999895e+00 2.031499999999999886e-03
-2.001599999999999824e+00 1.019099999999999895e+00 2.629700000000000006e-03
-1.973000000000000087e+00 1.019099999999999895e+00 2.665799999999999854e-03
-1.944399999999999906e+00 1.019099999999999895e+00 2.287400000000000197e-03
-1.915799999999999947e+00 1.019099999999999895e+00 1.964500000000000100e-03
-1.887299999999999978e+00 1.019099999999999895e+00 1.678999999999999937e-03
-1.858700000000000019e+00 1.019099999999999895e+00 1.904400000000000103e-03
-1.830100000000000060e+00 1.019099999999999895e+00 2.717100000000000071e-03
-1.801500000000000101e+00 1.019099999999999895e+00 3.926699999999999982e-03
-1.772899999999999920e+00 1.019099999999999895e+00 5.299299999999999844e-03
-1.744299999999999962e+00 1.019099999999999895e+00 6.557699999999999640e-03
-1.715700000000000003e+00 1.019099999999999895e+00 6.563799999999999843e-03
-1.687100000000000044e+00 1.019099999999999895e+00 3.448699999999999856e-03
-1.658500000000000085e+00 1.019099999999999895e+00 1.525699999999999973e-02
-1.629899999999999904e+00 1.019099999999999895e+00 5.838399999999999666e-04
-1.601299999999999946e+00 1.019099999999999895e+00 6.616799999999999939e-04
-1.572699999999999987e+00 1.019099999999999895e+00 5.149799999999999517e-04
-1.544100000000000028e+00 1.019099999999999895e+00 7.647100000000000018e-06
-1.515500000000000069e+00 1.019099999999999895e+00 3.072699999999999820e-06
-1.486900000000000110e+00 1.019099999999999895e+00 6.646499999999999631e-03
-1.458299999999999930e+00 1.019099999999999895e+00 6.272699999999999760e-04
-1.429699999999999971e+00 1.019099999999999895e+00 3.074400000000000245e-04
-1.401100000000000012e+00 1.019099999999999895e+00 2.888100000000000216e-04
-1.372500000000000053e+00 1.019099999999999895e+00 3.987300000000000262e-04
-1.344000000000000083e+00 1.019099999999999895e+00 1.459100000000000067e-03
-1.315399999999999903e+00 1.019099999999999895e+00 2.301800000000000027e-02
-1.286799999999999944e+00 1.019099999999999895e+00 1.047299999999999924e-03
-1.258199999999999985e+00 1.019099999999999895e+00 1.740599999999999971e-04
-1.229600000000000026e+00 1.019099999999999895e+00 9.863599999999999549e-05
-1.201000000000000068e+00 1.019099999999999895e+00 6.622300000000000614e-05
-1.172400000000000109e+00 1.019099999999999895e+00 5.575499999999999727e-05
-1.143799999999999928e+00 1.019099999999999895e+00 5.332800000000000170e-05
-1.115199999999999969e+00 1.019099999999999895e+00 5.369500000000000005e-05
-1.086600000000000010e+00 1.019099999999999895e+00 5.577399999999999827e-05
-1.058000000000000052e+00 1.019099999999999895e+00 5.949700000000000312e-05
-1.029400000000000093e+00 1.019099999999999895e+00 6.578499999999999441e-05
-1.000799999999999912e+00 1.019099999999999895e+00 8.635399999999999348e-05
-9.722199999999999731e-01 1.019099999999999895e+00 9.174600000000000420e-04
-9.436299999999999688e-01 1.019099999999999895e+00 9.863599999999999549e-05
-9.150300000000000100e-01 1.019099999999999895e+00 9.668100000000000489e-05
-8.864400000000000057e-01 1.019099999999999895e+00 8.764699999999999618e-05
-8.578400000000000469e-01 1.019099999999999895e+00 7.745700000000000057e-05
-8.292500000000000426e-01 1.019099999999999895e+00 6.462600000000000094e-05
-8.006499999999999728e-01 1.019099999999999895e+00 4.923799999999999851e-05
-7.720599999999999685e-01 1.019099999999999895e+00 3.308300000000000157e-05
-7.434600000000000097e-01 1.019099999999999895e+00 1.841400000000000022e-05
-7.148700000000000054e-01 1.019099999999999895e+00 7.359999999999999836e-06
-6.862700000000000466e-01 1.019099999999999895e+00 2.728300000000000204e-06
-6.290799999999999725e-01 1.019099999999999895e+00 2.704300000000000095e-06
-6.004899999999999682e-01 1.019099999999999895e+00 8.300900000000000433e-06
-5.718999999999999639e-01 1.019099999999999895e+00 1.485599999999999973e-05
-5.433000000000000052e-01 1.019099999999999895e+00 2.007700000000000107e-05
-5.147100000000000009e-01 1.019099999999999895e+00 2.228399999999999874e-05
-4.861099999999999866e-01 1.019099999999999895e+00 2.172900000000000151e-05
-4.575199999999999823e-01 1.019099999999999895e+00 1.803199999999999947e-05
-4.289200000000000235e-01 1.019099999999999895e+00 1.215600000000000017e-05
-4.003300000000000192e-01 1.019099999999999895e+00 5.950600000000000252e-06
-3.717300000000000049e-01 1.019099999999999895e+00 1.415400000000000035e-06
-3.145399999999999863e-01 1.019099999999999895e+00 2.390299999999999798e-06
-2.859499999999999820e-01 1.019099999999999895e+00 5.765200000000000299e-06
-2.573500000000000232e-01 1.019099999999999895e+00 1.256800000000000063e-05
-2.287599999999999911e-01 1.019099999999999895e+00 1.977799999999999936e-05
-2.001600000000000046e-01 1.019099999999999895e+00 2.553799999999999842e-05
-1.715700000000000003e-01 1.019099999999999895e+00 2.844499999999999955e-05
-1.429700000000000137e-01 1.019099999999999895e+00 2.807500000000000140e-05
-1.143799999999999956e-01 1.019099999999999895e+00 2.500600000000000080e-05
-8.578399999999999914e-02 1.019099999999999895e+00 2.215899999999999909e-05
-5.718999999999999778e-02 1.019099999999999895e+00 1.783699999999999880e-05
-2.859499999999999889e-02 1.019099999999999895e+00 1.495099999999999966e-05
0.000000000000000000e+00 1.019099999999999895e+00 1.438100000000000004e-05
-4.489399999999999835e+00 1.047800000000000065e+00 3.614599999999999931e-03
-4.460799999999999876e+00 1.047800000000000065e+00 4.881899999999999781e-03
-4.432199999999999918e+00 1.047800000000000065e+00 5.805199999999999944e-03
-4.403599999999999959e+00 1.047800000000000065e+00 6.074399999999999765e-03
-4.375000000000000000e+00 1.047800000000000065e+00 5.540800000000000239e-03
-4.346400000000000041e+00 1.047800000000000065e+00 4.782800000000000246e-03
-4.317800000000000082e+00 1.047800000000000065e+00 3.243300000000000176e-03
-4.289200000000000124e+00 1.047800000000000065e+00 1.629699999999999985e-03
-4.260600000000000165e+00 1.047800000000000065e+00 4.454799999999999971e-04
-4.232000000000000206e+00 1.047800000000000065e+00 7.525599999999999911e-05
-4.203400000000000247e+00 1.047800000000000065e+00 6.461000000000000380e-04
-4.174800000000000288e+00 1.047800000000000065e+00 1.978699999999999903e-03
-4.146200000000000330e+00 1.047800000000000065e+00 3.081500000000000038e-03
-4.117600000000000371e+00 1.047800000000000065e+00 4.636699999999999676e-03
-4.089100000000000179e+00 1.047800000000000065e+00 5.584500000000000054e-03
-4.060500000000000220e+00 1.047800000000000065e+00 5.568799999999999618e-03
-4.031900000000000261e+00 1.047800000000000065e+00 4.580700000000000049e-03
-4.003300000000000303e+00 1.047800000000000065e+00 2.967599999999999925e-03
-3.974699999999999900e+00 1.047800000000000065e+00 1.301300000000000026e-03
-3.946099999999999941e+00 1.047800000000000065e+00 4.772700000000000163e-04
-3.917499999999999982e+00 1.047800000000000065e+00 8.967600000000000335e-06
-3.888900000000000023e+00 1.047800000000000065e+00 6.059099999999999773e-04
-3.860300000000000065e+00 1.047800000000000065e+00 2.044699999999999990e-03
-3.831700000000000106e+00 1.047800000000000065e+00 3.743400000000000026e-03
-3.803100000000000147e+00 1.047800000000000065e+00 5.003800000000000088e-03
-3.774500000000000188e+00 1.047800000000000065e+00 5.318800000000000264e-03
-3.745899999999999785e+00 1.047800000000000065e+00 4.937900000000000275e-03
-3.717299999999999827e+00 1.047800000000000065e+00 3.801699999999999871e-03
-3.688699999999999868e+00 1.047800000000000065e+00 2.731700000000000100e-03
-3.660099999999999909e+00 1.047800000000000065e+00 2.812999999999999962e-03
-3.631499999999999950e+00 1.047800000000000065e+00 5.005800000000000353e-03
-3.602899999999999991e+00 1.047800000000000065e+00 9.642700000000000576e-03
-3.574300000000000033e+00 1.047800000000000065e+00 1.618999999999999953e-02
-3.545799999999999841e+00 1.047800000000000065e+00 2.097600000000000159e-02
-3.517199999999999882e+00 1.047800000000000065e+00 2.743500000000000105e-02
-3.488599999999999923e+00 1.047800000000000065e+00 3.132000000000000062e-02
-3.459999999999999964e+00 1.047800000000000065e+00 3.103600000000000109e-02
-3.431400000000000006e+00 1.047800000000000065e+00 2.619200000000000000e-02
-3.402800000000000047e+00 1.047800000000000065e+00 1.798100000000000045e-02
-3.374200000000000088e+00 1.047800000000000065e+00 8.869900000000000007e-03
-3.345600000000000129e+00 1.047800000000000065e+00 3.856000000000000053e-03
-3.317000000000000171e+00 1.047800000000000065e+00 1.660599999999999923e-04
-3.288400000000000212e+00 1.047800000000000065e+00 2.844900000000000033e-03
-3.259799999999999809e+00 1.047800000000000065e+00 1.221799999999999969e-02
-3.231199999999999850e+00 1.047800000000000065e+00 2.624299999999999897e-02
-3.202599999999999891e+00 1.047800000000000065e+00 4.077700000000000075e-02
-3.173999999999999932e+00 1.047800000000000065e+00 5.083900000000000224e-02
-3.145399999999999974e+00 1.047800000000000065e+00 5.296000000000000013e-02
-3.116800000000000015e+00 1.047800000000000065e+00 4.759800000000000142e-02
-3.088200000000000056e+00 1.047800000000000065e+00 3.312999999999999973e-02
-3.059600000000000097e+00 1.047800000000000065e+00 1.465600000000000062e-02
-3.031000000000000139e+00 1.047800000000000065e+00 1.534299999999999943e-03
-3.002499999999999947e+00 1.047800000000000065e+00 5.854200000000000376e-03
-2.973899999999999988e+00 1.047800000000000065e+00 3.884699999999999959e-02
-2.945300000000000029e+00 1.047800000000000065e+00 8.103299999999999392e-02
-2.916700000000000070e+00 1.047800000000000065e+00 1.768200000000000049e-01
-2.888100000000000112e+00 1.047800000000000065e+00 3.095600000000000018e-01
-2.859500000000000153e+00 1.047800000000000065e+00 4.691400000000000015e-01
-2.830900000000000194e+00 1.047800000000000065e+00 6.368099999999999872e-01
-2.802299999999999791e+00 1.047800000000000065e+00 7.889899999999999691e-01
-2.773699999999999832e+00 1.047800000000000065e+00 9.055199999999999916e-01
-2.745099999999999874e+00 1.047800000000000065e+00 9.560300000000000464e-01
-2.716499999999999915e+00 1.047800000000000065e+00 9.846200000000000507e-01
-2.687899999999999956e+00 1.047800000000000065e+00 9.556599999999999540e-01
-2.659299999999999997e+00 1.047800000000000065e+00 8.731499999999999817e-01
-2.630700000000000038e+00 1.047800000000000065e+00 7.437599999999999767e-01
-2.602100000000000080e+00 1.047800000000000065e+00 5.849699999999999900e-01
-2.573500000000000121e+00 1.047800000000000065e+00 4.213600000000000123e-01
-2.544900000000000162e+00 1.047800000000000065e+00 2.735500000000000154e-01
-2.516300000000000203e+00 1.047800000000000065e+00 1.910799999999999998e-01
-2.487699999999999800e+00 1.047800000000000065e+00 9.565300000000000191e-02
-2.459200000000000053e+00 1.047800000000000065e+00 3.521500000000000324e-02
-2.430600000000000094e+00 1.047800000000000065e+00 6.149800000000000405e-03
-2.402000000000000135e+00 1.047800000000000065e+00 6.014300000000000201e-04
-2.373400000000000176e+00 1.047800000000000065e+00 8.322599999999999443e-03
-2.344800000000000217e+00 1.047800000000000065e+00 1.981300000000000075e-02
-2.316199999999999815e+00 1.047800000000000065e+00 2.628199999999999981e-02
-2.287599999999999856e+00 1.047800000000000065e+00 3.125300000000000300e-02
-2.258999999999999897e+00 1.047800000000000065e+00 2.980199999999999863e-02
-2.230399999999999938e+00 1.047800000000000065e+00 2.320900000000000046e-02
-2.201799999999999979e+00 1.047800000000000065e+00 1.447200000000000049e-02
-2.173200000000000021e+00 1.047800000000000065e+00 6.718599999999999919e-03
-2.144600000000000062e+00 1.047800000000000065e+00 1.768999999999999956e-03
-2.116000000000000103e+00 1.047800000000000065e+00 2.720800000000000106e-04
-2.087400000000000144e+00 1.047800000000000065e+00 3.719500000000000150e-04
-2.058800000000000185e+00 1.047800000000000065e+00 2.210099999999999999e-03
-2.030199999999999783e+00 1.047800000000000065e+00 4.309000000000000330e-03
-2.001599999999999824e+00 1.047800000000000065e+00 5.549300000000000066e-03
-1.973000000000000087e+00 1.047800000000000065e+00 5.582499999999999789e-03
-1.944399999999999906e+00 1.047800000000000065e+00 4.748099999999999890e-03
-1.915799999999999947e+00 1.047800000000000065e+00 4.051299999999999867e-03
-1.887299999999999978e+00 1.047800000000000065e+00 3.395099999999999854e-03
-1.858700000000000019e+00 1.047800000000000065e+00 3.827099999999999946e-03
-1.830100000000000060e+00 1.047800000000000065e+00 5.531099999999999732e-03
-1.801500000000000101e+00 1.047800000000000065e+00 8.070499999999999549e-03
-1.772899999999999920e+00 1.047800000000000065e+00 1.085799999999999960e-02
-1.744299999999999962e+00 1.047800000000000065e+00 1.346699999999999980e-02
-1.715700000000000003e+00 1.047800000000000065e+00 1.397800000000000084e-02
-1.687100000000000044e+00 1.047800000000000065e+00 8.860700000000000867e-03
-1.658500000000000085e+00 1.047800000000000065e+00 2.254000000000000101e-02
-1.629899999999999904e+00 1.047800000000000065e+00 2.048700000000000087e-03
-1.601299999999999946e+00 1.047800000000000065e+00 7.976500000000000083e-04
-1.572699999999999987e+00 1.047800000000000065e+00 1.382299999999999935e-03
-1.544100000000000028e+00 1.047800000000000065e+00 2.266099999999999869e-05
-1.515500000000000069e+00 1.047800000000000065e+00 4.325900000000000375e-06
-1.486900000000000110e+00 1.047800000000000065e+00 9.270300000000000415e-03
-1.458299999999999930e+00 1.047800000000000065e+00 3.029500000000000075e-03
-1.429699999999999971e+00 1.047800000000000065e+00 7.780400000000000250e-04
-1.401100000000000012e+00 1.047800000000000065e+00 6.492099999999999997e-04
-1.372500000000000053e+00 1.047800000000000065e+00 7.993499999999999954e-04
-1.344000000000000083e+00 1.047800000000000065e+00 1.784199999999999892e-03
-1.315399999999999903e+00 1.047800000000000065e+00 2.000100000000000142e-02
-1.286799999999999944e+00 1.047800000000000065e+00 5.920400000000000142e-03
-1.258199999999999985e+00 1.047800000000000065e+00 4.325800000000000088e-04
-1.229600000000000026e+00 1.047800000000000065e+00 1.819400000000000097e-04
-1.201000000000000068e+00 1.047800000000000065e+00 1.071800000000000004e-04
-1.172400000000000109e+00 1.047800000000000065e+00 8.522700000000000241e-05
-1.143799999999999928e+00 1.047800000000000065e+00 8.114700000000000081e-05
-1.115199999999999969e+00 1.047800000000000065e+00 8.229100000000000206e-05
-1.086600000000000010e+00 1.047800000000000065e+00 8.639500000000000207e-05
-1.058000000000000052e+00 1.047800000000000065e+00 9.198900000000000306e-05
-1.029400000000000093e+00 1.047800000000000065e+00 9.855300000000000323e-05
-1.000799999999999912e+00 1.047800000000000065e+00 1.028199999999999947e-04
-9.722199999999999731e-01 1.047800000000000065e+00 3.117500000000000045e-03
-9.436299999999999688e-01 1.047800000000000065e+00 2.313700000000000023e-04
-9.150300000000000100e-01 1.047800000000000065e+00 1.921500000000000085e-04
-8.864400000000000057e-01 1.047800000000000065e+00 1.817499999999999997e-04
-8.578400000000000469e-01 1.047800000000000065e+00 1.554600000000000057e-04
-8.292500000000000426e-01 1.047800000000000065e+00 1.278999999999999918e-04
-8.006499999999999728e-01 1.047800000000000065e+00 9.718399999999999652e-05
-7.720599999999999685e-01 1.047800000000000065e+00 6.558400000000000091e-05
-7.434600000000000097e-01 1.047800000000000065e+00 3.695299999999999670e-05
-7.148700000000000054e-01 1.047800000000000065e+00 1.522400000000000027e-05
-6.862700000000000466e-01 1.047800000000000065e+00 5.954199999999999676e-06
-6.290799999999999725e-01 1.047800000000000065e+00 4.728999999999999954e-06
-6.004899999999999682e-01 1.047800000000000065e+00 1.513099999999999963e-05
-5.718999999999999639e-01 1.047800000000000065e+00 2.760800000000000062e-05
-5.433000000000000052e-01 1.047800000000000065e+00 3.781400000000000082e-05
-5.147100000000000009e-01 1.047800000000000065e+00 4.238800000000000141e-05
-4.861099999999999866e-01 1.047800000000000065e+00 4.157200000000000110e-05
-4.575199999999999823e-01 1.047800000000000065e+00 3.493800000000000329e-05
-4.289200000000000235e-01 1.047800000000000065e+00 2.388100000000000056e-05
-4.003300000000000192e-01 1.047800000000000065e+00 1.197199999999999989e-05
-3.717300000000000049e-01 1.047800000000000065e+00 3.058700000000000039e-06
-3.145399999999999863e-01 1.047800000000000065e+00 4.129799999999999830e-06
-2.859499999999999820e-01 1.047800000000000065e+00 1.039099999999999928e-05
-2.573500000000000232e-01 1.047800000000000065e+00 2.324399999999999971e-05
-2.287599999999999911e-01 1.047800000000000065e+00 3.716500000000000077e-05
-2.001600000000000046e-01 1.047800000000000065e+00 4.851000000000000142e-05
-1.715700000000000003e-01 1.047800000000000065e+00 5.461400000000000260e-05
-1.429700000000000137e-01 1.047800000000000065e+00 5.450699999999999838e-05
-1.143799999999999956e-01 1.047800000000000065e+00 4.913299999999999867e-05
-8.578399999999999914e-02 1.047800000000000065e+00 4.387500000000000259e-05
-5.718999999999999778e-02 1.047800000000000065e+00 3.582599999999999885e-05
-2.859499999999999889e-02 1.047800000000000065e+00 3.023200000000000125e-05
0.000000000000000000e+00 1.047800000000000065e+00 2.900200000000000117e-05
-4.489399999999999835e+00 1.076600000000000001e+00 5.033000000000000147e-03
-4.460799999999999876e+00 1.076600000000000001e+00 6.784600000000000006e-03
-4.432199999999999918e+00 1.076600000000000001e+00 8.051499999999999629e-03
-4.403599999999999959e+00 1.076600000000000001e+00 8.415000000000000605e-03
-4.375000000000000000e+00 1.076600000000000001e+00 7.692700000000000232e-03
-4.346400000000000041e+00 1.076600000000000001e+00 6.637099999999999944e-03
-4.317800000000000082e+00 1.076600000000000001e+00 4.505999999999999589e-03
-4.289200000000000124e+00 1.076600000000000001e+00 2.272800000000000167e-03
-4.260600000000000165e+00 1.076600000000000001e+00 6.248399999999999874e-04
-4.232000000000000206e+00 1.076600000000000001e+00 1.051699999999999976e-04
-4.203400000000000247e+00 1.076600000000000001e+00 8.870899999999999922e-04
-4.174800000000000288e+00 1.076600000000000001e+00 2.722700000000000207e-03
-4.146200000000000330e+00 1.076600000000000001e+00 4.247199999999999587e-03
-4.117600000000000371e+00 1.076600000000000001e+00 6.395800000000000096e-03
-4.089100000000000179e+00 1.076600000000000001e+00 7.718000000000000034e-03
-4.060500000000000220e+00 1.076600000000000001e+00 7.723700000000000010e-03
-4.031900000000000261e+00 1.076600000000000001e+00 6.372300000000000013e-03
-4.003300000000000303e+00 1.076600000000000001e+00 4.135800000000000240e-03
-3.974699999999999900e+00 1.076600000000000001e+00 1.831399999999999955e-03
-3.946099999999999941e+00 1.076600000000000001e+00 6.769499999999999476e-04
-3.917499999999999982e+00 1.076600000000000001e+00 1.137900000000000066e-05
-3.888900000000000023e+00 1.076600000000000001e+00 8.245699999999999471e-04
-3.860300000000000065e+00 1.076600000000000001e+00 2.804699999999999815e-03
-3.831700000000000106e+00 1.076600000000000001e+00 5.164400000000000414e-03
-3.803100000000000147e+00 1.076600000000000001e+00 6.922900000000000061e-03
-3.774500000000000188e+00 1.076600000000000001e+00 7.374699999999999658e-03
-3.745899999999999785e+00 1.076600000000000001e+00 6.882199999999999776e-03
-3.717299999999999827e+00 1.076600000000000001e+00 5.317599999999999584e-03
-3.688699999999999868e+00 1.076600000000000001e+00 3.838499999999999898e-03
-3.660099999999999909e+00 1.076600000000000001e+00 3.941199999999999738e-03
-3.631499999999999950e+00 1.076600000000000001e+00 6.929000000000000263e-03
-3.602899999999999991e+00 1.076600000000000001e+00 1.332200000000000051e-02
-3.574300000000000033e+00 1.076600000000000001e+00 2.239199999999999871e-02
-3.545799999999999841e+00 1.076600000000000001e+00 2.903199999999999878e-02
-3.517199999999999882e+00 1.076600000000000001e+00 3.803600000000000037e-02
-3.488599999999999923e+00 1.076600000000000001e+00 4.339200000000000002e-02
-3.459999999999999964e+00 1.076600000000000001e+00 4.306499999999999911e-02
-3.431400000000000006e+00 1.076600000000000001e+00 3.646900000000000142e-02
-3.402800000000000047e+00 1.076600000000000001e+00 2.509700000000000125e-02
-3.374200000000000088e+00 1.076600000000000001e+00 1.242900000000000081e-02
-3.345600000000000129e+00 1.076600000000000001e+00 5.442500000000000289e-03
-3.317000000000000171e+00 1.076600000000000001e+00 2.271899999999999983e-04
-3.288400000000000212e+00 1.076600000000000001e+00 3.893600000000000099e-03
-3.259799999999999809e+00 1.076600000000000001e+00 1.688399999999999970e-02
-3.231199999999999850e+00 1.076600000000000001e+00 3.641099999999999892e-02
-3.202599999999999891e+00 1.076600000000000001e+00 5.672100000000000058e-02
-3.173999999999999932e+00 1.076600000000000001e+00 7.074199999999999933e-02
-3.145399999999999974e+00 1.076600000000000001e+00 7.371300000000000074e-02
-3.116800000000000015e+00 1.076600000000000001e+00 6.644799999999999318e-02
-3.088200000000000056e+00 1.076600000000000001e+00 4.631300000000000000e-02
-3.059600000000000097e+00 1.076600000000000001e+00 2.057200000000000001e-02
-3.031000000000000139e+00 1.076600000000000001e+00 2.212200000000000104e-03
-3.002499999999999947e+00 1.076600000000000001e+00 7.864400000000000557e-03
-2.973899999999999988e+00 1.076600000000000001e+00 5.380499999999999866e-02
-2.945300000000000029e+00 1.076600000000000001e+00 1.123399999999999954e-01
-2.916700000000000070e+00 1.076600000000000001e+00 2.458299999999999930e-01
-2.888100000000000112e+00 1.076600000000000001e+00 4.310100000000000042e-01
-2.859500000000000153e+00 1.076600000000000001e+00 6.533999999999999808e-01
-2.830900000000000194e+00 1.076600000000000001e+00 8.881599999999999495e-01
-2.802299999999999791e+00 1.076600000000000001e+00 1.102600000000000025e+00
-2.773699999999999832e+00 1.076600000000000001e+00 1.265700000000000047e+00
-2.745099999999999874e+00 1.076600000000000001e+00 1.335199999999999942e+00
-2.716499999999999915e+00 1.076600000000000001e+00 1.375599999999999934e+00
-2.687899999999999956e+00 1.076600000000000001e+00 1.336500000000000021e+00
-2.659299999999999997e+00 1.076600000000000001e+00 1.218599999999999905e+00
-2.630700000000000038e+00 1.076600000000000001e+00 1.038000000000000034e+00
-2.602100000000000080e+00 1.076600000000000001e+00 8.175599999999999534e-01
-2.573500000000000121e+00 1.076600000000000001e+00 5.887700000000000156e-01
-2.544900000000000162e+00 1.076600000000000001e+00 3.818400000000000127e-01
-2.516300000000000203e+00 1.076600000000000001e+00 2.657200000000000117e-01
-2.487699999999999800e+00 1.076600000000000001e+00 1.324899999999999967e-01
-2.459200000000000053e+00 1.076600000000000001e+00 4.850800000000000251e-02
-2.430600000000000094e+00 1.076600000000000001e+00 8.316699999999999787e-03
-2.402000000000000135e+00 1.076600000000000001e+00 9.309500000000000500e-04
-2.373400000000000176e+00 1.076600000000000001e+00 1.215399999999999987e-02
-2.344800000000000217e+00 1.076600000000000001e+00 2.850600000000000009e-02
-2.316199999999999815e+00 1.076600000000000001e+00 3.753299999999999692e-02
-2.287599999999999856e+00 1.076600000000000001e+00 4.456399999999999945e-02
-2.258999999999999897e+00 1.076600000000000001e+00 4.238900000000000307e-02
-2.230399999999999938e+00 1.076600000000000001e+00 3.295100000000000112e-02
-2.201799999999999979e+00 1.076600000000000001e+00 2.050700000000000092e-02
-2.173200000000000021e+00 1.076600000000000001e+00 9.449199999999999613e-03
-2.144600000000000062e+00 1.076600000000000001e+00 2.441299999999999980e-03
-2.116000000000000103e+00 1.076600000000000001e+00 3.662100000000000056e-04
-2.087400000000000144e+00 1.076600000000000001e+00 5.684099999999999873e-04
-2.058800000000000185e+00 1.076600000000000001e+00 3.245200000000000168e-03
-2.030199999999999783e+00 1.076600000000000001e+00 6.286599999999999827e-03
-2.001599999999999824e+00 1.076600000000000001e+00 8.052500000000000629e-03
-1.973000000000000087e+00 1.076600000000000001e+00 8.067799999999999971e-03
-1.944399999999999906e+00 1.076600000000000001e+00 6.820800000000000127e-03
-1.915799999999999947e+00 1.076600000000000001e+00 5.788599999999999648e-03
-1.887299999999999978e+00 1.076600000000000001e+00 4.822299999999999850e-03
-1.858700000000000019e+00 1.076600000000000001e+00 5.425300000000000088e-03
-1.830100000000000060e+00 1.076600000000000001e+00 7.884300000000000336e-03
-1.801500000000000101e+00 1.076600000000000001e+00 1.156100000000000010e-02
-1.772899999999999920e+00 1.076600000000000001e+00 1.550200000000000015e-02
-1.744299999999999962e+00 1.076600000000000001e+00 1.911099999999999952e-02
-1.715700000000000003e+00 1.076600000000000001e+00 2.029299999999999854e-02
-1.687100000000000044e+00 1.076600000000000001e+00 1.439900000000000034e-02
-1.658500000000000085e+00 1.076600000000000001e+00 1.316200000000000009e-02
-1.629899999999999904e+00 1.076600000000000001e+00 5.686300000000000035e-03
-1.601299999999999946e+00 1.076600000000000001e+00 8.389200000000000519e-04
-1.572699999999999987e+00 1.076600000000000001e+00 2.125600000000000059e-03
-1.544100000000000028e+00 1.076600000000000001e+00 1.705800000000000041e-06
-1.515500000000000069e+00 1.076600000000000001e+00 6.240999999999999369e-05
-1.486900000000000110e+00 1.076600000000000001e+00 5.654700000000000351e-03
-1.458299999999999930e+00 1.076600000000000001e+00 1.102900000000000061e-02
-1.429699999999999971e+00 1.076600000000000001e+00 1.422599999999999993e-03
-1.401100000000000012e+00 1.076600000000000001e+00 9.948999999999999511e-04
-1.372500000000000053e+00 1.076600000000000001e+00 1.085599999999999933e-03
-1.344000000000000083e+00 1.076600000000000001e+00 1.972900000000000088e-03
-1.315399999999999903e+00 1.076600000000000001e+00 9.946599999999999886e-03
-1.286799999999999944e+00 1.076600000000000001e+00 3.476400000000000323e-02
-1.258199999999999985e+00 1.076600000000000001e+00 6.676199999999999539e-04
-1.229600000000000026e+00 1.076600000000000001e+00 2.588399999999999816e-04
-1.201000000000000068e+00 1.076600000000000001e+00 1.357200000000000084e-04
-1.172400000000000109e+00 1.076600000000000001e+00 1.006899999999999999e-04
-1.143799999999999928e+00 1.076600000000000001e+00 9.449599999999999786e-05
-1.115199999999999969e+00 1.076600000000000001e+00 9.585300000000000536e-05
-1.086600000000000010e+00 1.076600000000000001e+00 1.003700000000000029e-04
-1.058000000000000052e+00 1.076600000000000001e+00 1.051300000000000048e-04
-1.029400000000000093e+00 1.076600000000000001e+00 1.095999999999999942e-04
-1.000799999999999912e+00 1.076600000000000001e+00 5.054300000000000042e-05
-9.722199999999999731e-01 1.076600000000000001e+00 4.772199999999999880e-03
-9.436299999999999688e-01 1.076600000000000001e+00 1.241899999999999883e-04
-9.150300000000000100e-01 1.076600000000000001e+00 3.519199999999999781e-04
-8.864400000000000057e-01 1.076600000000000001e+00 2.696299999999999782e-04
-8.578400000000000469e-01 1.076600000000000001e+00 2.262800000000000087e-04
-8.292500000000000426e-01 1.076600000000000001e+00 1.823600000000000091e-04
-8.006499999999999728e-01 1.076600000000000001e+00 1.373000000000000034e-04
-7.720599999999999685e-01 1.076600000000000001e+00 9.246500000000000324e-05
-7.434600000000000097e-01 1.076600000000000001e+00 5.238699999999999835e-05
-7.148700000000000054e-01 1.076600000000000001e+00 2.191299999999999840e-05
-6.862700000000000466e-01 1.076600000000000001e+00 8.819599999999999380e-06
-6.290799999999999725e-01 1.076600000000000001e+00 5.966500000000000388e-06
-6.004899999999999682e-01 1.076600000000000001e+00 1.984700000000000158e-05
-5.718999999999999639e-01 1.076600000000000001e+00 3.680400000000000202e-05
-5.433000000000000052e-01 1.076600000000000001e+00 5.091800000000000275e-05
-5.147100000000000009e-01 1.076600000000000001e+00 5.766700000000000200e-05
-4.861099999999999866e-01 1.076600000000000001e+00 5.679200000000000106e-05
-4.575199999999999823e-01 1.076600000000000001e+00 4.809399999999999727e-05
-4.289200000000000235e-01 1.076600000000000001e+00 3.326200000000000104e-05
-4.003300000000000192e-01 1.076600000000000001e+00 1.701199999999999907e-05
-3.717300000000000049e-01 1.076600000000000001e+00 4.595100000000000271e-06
-3.145399999999999863e-01 1.076600000000000001e+00 5.129700000000000201e-06
-2.859499999999999820e-01 1.076600000000000001e+00 1.341799999999999926e-05
-2.573500000000000232e-01 1.076600000000000001e+00 3.081299999999999789e-05
-2.287599999999999911e-01 1.076600000000000001e+00 4.995799999999999839e-05
-2.001600000000000046e-01 1.076600000000000001e+00 6.596499999999999608e-05
-1.715700000000000003e-01 1.076600000000000001e+00 7.493499999999999998e-05
-1.429700000000000137e-01 1.076600000000000001e+00 7.547799999999999800e-05
-1.143799999999999956e-01 1.076600000000000001e+00 6.883199999999999421e-05
-8.578399999999999914e-02 1.076600000000000001e+00 6.190999999999999509e-05
-5.718999999999999778e-02 1.076600000000000001e+00 5.100899999999999900e-05
-2.859499999999999889e-02 1.076600000000000001e+00 4.322699999999999796e-05
0.000000000000000000e+00 1.076600000000000001e+00 4.113000000000000092e-05
-4.489399999999999835e+00 1.105299999999999949e+00 5.396200000000000302e-03
-4.460799999999999876e+00 1.105299999999999949e+00 7.264399999999999850e-03
-4.432199999999999918e+00 1.105299999999999949e+00 8.619999999999999191e-03
-4.403599999999999959e+00 1.105299999999999949e+00 9.009200000000000194e-03
-4.375000000000000000e+00 1.105299999999999949e+00 8.612899999999999723e-03
-4.346400000000000041e+00 1.105299999999999949e+00 7.104700000000000251e-03
-4.317800000000000082e+00 1.105299999999999949e+00 4.837900000000000013e-03
-4.289200000000000124e+00 1.105299999999999949e+00 2.451599999999999960e-03
-4.260600000000000165e+00 1.105299999999999949e+00 6.838400000000000121e-04
-4.232000000000000206e+00 1.105299999999999949e+00 1.098400000000000054e-04
-4.203400000000000247e+00 1.105299999999999949e+00 9.326999999999999571e-04
-4.174800000000000288e+00 1.105299999999999949e+00 2.885599999999999884e-03
-4.146200000000000330e+00 1.105299999999999949e+00 4.508999999999999987e-03
-4.117600000000000371e+00 1.105299999999999949e+00 6.821899999999999666e-03
-4.089100000000000179e+00 1.105299999999999949e+00 8.248000000000000123e-03
-4.060500000000000220e+00 1.105299999999999949e+00 8.265399999999999137e-03
-4.031900000000000261e+00 1.105299999999999949e+00 6.839900000000000320e-03
-4.003300000000000303e+00 1.105299999999999949e+00 4.464300000000000039e-03
-3.974699999999999900e+00 1.105299999999999949e+00 1.993200000000000093e-03
-3.946099999999999941e+00 1.105299999999999949e+00 7.518299999999999896e-04
-3.917499999999999982e+00 1.105299999999999949e+00 1.384900000000000073e-05
-3.888900000000000023e+00 1.105299999999999949e+00 8.551999999999999706e-04
-3.860300000000000065e+00 1.105299999999999949e+00 2.962100000000000063e-03
-3.831700000000000106e+00 1.105299999999999949e+00 5.485399999999999651e-03
-3.803100000000000147e+00 1.105299999999999949e+00 7.394799999999999984e-03
-3.774500000000000188e+00 1.105299999999999949e+00 7.910500000000000864e-03
-3.745899999999999785e+00 1.105299999999999949e+00 7.392100000000000407e-03
-3.717299999999999827e+00 1.105299999999999949e+00 5.753699999999999613e-03
-3.688699999999999868e+00 1.105299999999999949e+00 4.171300000000000181e-03
-3.660099999999999909e+00 1.105299999999999949e+00 4.258999999999999765e-03
-3.631499999999999950e+00 1.105299999999999949e+00 7.426399999999999668e-03
-3.602899999999999991e+00 1.105299999999999949e+00 1.420100000000000008e-02
-3.574300000000000033e+00 1.105299999999999949e+00 2.384299999999999961e-02
-3.545799999999999841e+00 1.105299999999999949e+00 3.093500000000000069e-02
-3.517199999999999882e+00 1.105299999999999949e+00 4.053299999999999959e-02
-3.488599999999999923e+00 1.105299999999999949e+00 4.637700000000000156e-02
-3.459999999999999964e+00 1.105299999999999949e+00 4.606799999999999784e-02
-3.431400000000000006e+00 1.105299999999999949e+00 3.905100000000000238e-02
-3.402800000000000047e+00 1.105299999999999949e+00 2.692999999999999908e-02
-3.374200000000000088e+00 1.105299999999999949e+00 1.339199999999999939e-02
-3.345600000000000129e+00 1.105299999999999949e+00 5.902100000000000402e-03
-3.317000000000000171e+00 1.105299999999999949e+00 2.799699999999999910e-04
-3.288400000000000212e+00 1.105299999999999949e+00 4.093900000000000143e-03
-3.259799999999999809e+00 1.105299999999999949e+00 1.791099999999999984e-02
-3.231199999999999850e+00 1.105299999999999949e+00 3.877499999999999697e-02
-3.202599999999999891e+00 1.105299999999999949e+00 6.055399999999999672e-02
-3.173999999999999932e+00 1.105299999999999949e+00 7.577399999999999414e-02
-3.145399999999999974e+00 1.105299999999999949e+00 7.898800000000000265e-02
-3.116800000000000015e+00 1.105299999999999949e+00 7.117600000000000315e-02
-3.088200000000000056e+00 1.105299999999999949e+00 4.977299999999999780e-02
-3.059600000000000097e+00 1.105299999999999949e+00 2.213499999999999843e-02
-3.031000000000000139e+00 1.105299999999999949e+00 2.409699999999999863e-03
-3.002499999999999947e+00 1.105299999999999949e+00 8.356399999999999939e-03
-2.973899999999999988e+00 1.105299999999999949e+00 5.713200000000000223e-02
-2.945300000000000029e+00 1.105299999999999949e+00 1.200100000000000056e-01
-2.916700000000000070e+00 1.105299999999999949e+00 2.630600000000000160e-01
-2.888100000000000112e+00 1.105299999999999949e+00 4.612800000000000233e-01
-2.859500000000000153e+00 1.105299999999999949e+00 7.001399999999999846e-01
-2.830900000000000194e+00 1.105299999999999949e+00 9.526900000000000368e-01
-2.802299999999999791e+00 1.105299999999999949e+00 1.183300000000000018e+00
-2.773699999999999832e+00 1.105299999999999949e+00 1.360100000000000087e+00
-2.745099999999999874e+00 1.105299999999999949e+00 1.435400000000000009e+00
-2.716499999999999915e+00 1.105299999999999949e+00 1.476699999999999902e+00
-2.687899999999999956e+00 1.105299999999999949e+00 1.432500000000000107e+00
-2.659299999999999997e+00 1.105299999999999949e+00 1.308300000000000018e+00
-2.630700000000000038e+00 1.105299999999999949e+00 1.114300000000000068e+00
-2.602100000000000080e+00 1.105299999999999949e+00 8.773499999999999632e-01
-2.573500000000000121e+00 1.105299999999999949e+00 6.317000000000000393e-01
-2.544900000000000162e+00 1.105299999999999949e+00 4.089700000000000002e-01
-2.516300000000000203e+00 1.105299999999999949e+00 2.845400000000000151e-01
-2.487699999999999800e+00 1.105299999999999949e+00 1.412299999999999944e-01
-2.459200000000000053e+00 1.105299999999999949e+00 5.126900000000000207e-02
-2.430600000000000094e+00 1.105299999999999949e+00 8.519600000000000437e-03
-2.402000000000000135e+00 1.105299999999999949e+00 1.105999999999999995e-03
-2.373400000000000176e+00 1.105299999999999949e+00 1.346299999999999927e-02
-2.344800000000000217e+00 1.105299999999999949e+00 3.129099999999999937e-02
-2.316199999999999815e+00 1.105299999999999949e+00 4.102399999999999797e-02
-2.287599999999999856e+00 1.105299999999999949e+00 4.839299999999999852e-02
-2.258999999999999897e+00 1.105299999999999949e+00 4.600800000000000028e-02
-2.230399999999999938e+00 1.105299999999999949e+00 3.573599999999999693e-02
-2.201799999999999979e+00 1.105299999999999949e+00 2.216600000000000167e-02
-2.173200000000000021e+00 1.105299999999999949e+00 1.013700000000000018e-02
-2.144600000000000062e+00 1.105299999999999949e+00 2.553699999999999894e-03
-2.116000000000000103e+00 1.105299999999999949e+00 3.516600000000000043e-04
-2.087400000000000144e+00 1.105299999999999949e+00 6.719000000000000146e-04
-2.058800000000000185e+00 1.105299999999999949e+00 3.653899999999999856e-03
-2.030199999999999783e+00 1.105299999999999949e+00 7.023399999999999956e-03
-2.001599999999999824e+00 1.105299999999999949e+00 8.942600000000000202e-03
-1.973000000000000087e+00 1.105299999999999949e+00 8.914800000000000502e-03
-1.944399999999999906e+00 1.105299999999999949e+00 7.512699999999999760e-03
-1.915799999999999947e+00 1.105299999999999949e+00 6.368200000000000076e-03
-1.887299999999999978e+00 1.105299999999999949e+00 5.290600000000000337e-03
-1.858700000000000019e+00 1.105299999999999949e+00 5.951999999999999826e-03
-1.830100000000000060e+00 1.105299999999999949e+00 8.666500000000000592e-03
-1.801500000000000101e+00 1.105299999999999949e+00 1.273000000000000000e-02
-1.772899999999999920e+00 1.105299999999999949e+00 1.697800000000000004e-02
-1.744299999999999962e+00 1.105299999999999949e+00 2.073900000000000049e-02
-1.715700000000000003e+00 1.105299999999999949e+00 2.229599999999999985e-02
-1.687100000000000044e+00 1.105299999999999949e+00 1.780299999999999938e-02
-1.658500000000000085e+00 1.105299999999999949e+00 1.008700000000000048e-02
-1.629899999999999904e+00 1.105299999999999949e+00 1.246599999999999965e-02
-1.601299999999999946e+00 1.105299999999999949e+00 8.499700000000000224e-04
-1.572699999999999987e+00 1.105299999999999949e+00 1.567299999999999987e-03
-1.544100000000000028e+00 1.105299999999999949e+00 1.973700000000000094e-05
-1.515500000000000069e+00 1.105299999999999949e+00 1.139599999999999999e-04
-1.486900000000000110e+00 1.105299999999999949e+00 1.607899999999999998e-03
-1.458299999999999930e+00 1.105299999999999949e+00 2.379500000000000018e-02
-1.429699999999999971e+00 1.105299999999999949e+00 1.936800000000000023e-03
-1.401100000000000012e+00 1.105299999999999949e+00 1.205799999999999927e-03
-1.372500000000000053e+00 1.105299999999999949e+00 1.155699999999999956e-03
-1.344000000000000083e+00 1.105299999999999949e+00 1.685599999999999989e-03
-1.315399999999999903e+00 1.105299999999999949e+00 4.143599999999999887e-03
-1.286799999999999944e+00 1.105299999999999949e+00 9.437500000000000056e-02
-1.258199999999999985e+00 1.105299999999999949e+00 3.728199999999999982e-04
-1.229600000000000026e+00 1.105299999999999949e+00 2.692099999999999788e-04
-1.201000000000000068e+00 1.105299999999999949e+00 1.399799999999999981e-04
-1.172400000000000109e+00 1.105299999999999949e+00 9.576600000000000433e-05
-1.143799999999999928e+00 1.105299999999999949e+00 8.765700000000000455e-05
-1.115199999999999969e+00 1.105299999999999949e+00 8.868800000000000197e-05
-1.086600000000000010e+00 1.105299999999999949e+00 9.232699999999999880e-05
-1.058000000000000052e+00 1.105299999999999949e+00 9.488800000000000359e-05
-1.029400000000000093e+00 1.105299999999999949e+00 9.461500000000000129e-05
-1.000799999999999912e+00 1.105299999999999949e+00 7.129299999999999657e-05
-9.722199999999999731e-01 1.105299999999999949e+00 1.325999999999999922e-03
-9.436299999999999688e-01 1.105299999999999949e+00 1.425099999999999978e-02
-9.150300000000000100e-01 1.105299999999999949e+00 7.630100000000000012e-06
-8.864400000000000057e-01 1.105299999999999949e+00 3.233299999999999824e-04
-8.578400000000000469e-01 1.105299999999999949e+00 2.582199999999999773e-04
-8.292500000000000426e-01 1.105299999999999949e+00 2.022500000000000101e-04
-8.006499999999999728e-01 1.105299999999999949e+00 1.502999999999999942e-04
-7.720599999999999685e-01 1.105299999999999949e+00 1.007100000000000031e-04
-7.434600000000000097e-01 1.105299999999999949e+00 5.707400000000000277e-05
-7.148700000000000054e-01 1.105299999999999949e+00 2.413399999999999966e-05
-6.862700000000000466e-01 1.105299999999999949e+00 9.859400000000000843e-06
-6.576800000000000423e-01 1.105299999999999949e+00 1.042099999999999941e-06
-6.290799999999999725e-01 1.105299999999999949e+00 5.925000000000000023e-06
-6.004899999999999682e-01 1.105299999999999949e+00 2.028199999999999995e-05
-5.718999999999999639e-01 1.105299999999999949e+00 3.816100000000000275e-05
-5.433000000000000052e-01 1.105299999999999949e+00 5.320100000000000106e-05
-5.147100000000000009e-01 1.105299999999999949e+00 6.056699999999999795e-05
-4.861099999999999866e-01 1.105299999999999949e+00 6.002399999999999994e-05
-4.575199999999999823e-01 1.105299999999999949e+00 5.129400000000000051e-05
-4.289200000000000235e-01 1.105299999999999949e+00 3.581599999999999725e-05
-4.003300000000000192e-01 1.105299999999999949e+00 1.866600000000000052e-05
-3.717300000000000049e-01 1.105299999999999949e+00 5.274100000000000038e-06
-3.145399999999999863e-01 1.105299999999999949e+00 4.940999999999999788e-06
-2.859499999999999820e-01 1.105299999999999949e+00 1.342400000000000056e-05
-2.573500000000000232e-01 1.105299999999999949e+00 3.160999999999999720e-05
-2.287599999999999911e-01 1.105299999999999949e+00 5.198400000000000237e-05
-2.001600000000000046e-01 1.105299999999999949e+00 6.932799999999999759e-05
-1.715700000000000003e-01 1.105299999999999949e+00 7.964600000000000282e-05
-1.429700000000000137e-01 1.105299999999999949e+00 8.103700000000000356e-05
-1.143799999999999956e-01 1.105299999999999949e+00 7.457300000000000582e-05
-8.578399999999999914e-02 1.105299999999999949e+00 6.754699999999999550e-05
-5.718999999999999778e-02 1.105299999999999949e+00 5.621500000000000303e-05
-2.859499999999999889e-02 1.105299999999999949e+00 4.768699999999999930e-05
0.000000000000000000e+00 1.105299999999999949e+00 4.494100000000000221e-05
-4.489399999999999835e+00 1.133999999999999897e+00 4.961700000000000312e-03
-4.460799999999999876e+00 1.133999999999999897e+00 6.675999999999999643e-03
-4.432199999999999918e+00 1.133999999999999897e+00 7.921799999999999675e-03
-4.403599999999999959e+00 1.133999999999999897e+00 8.271900000000000433e-03
-4.375000000000000000e+00 1.133999999999999897e+00 7.914400000000000254e-03
-4.346400000000000041e+00 1.133999999999999897e+00 6.531900000000000206e-03
-4.317800000000000082e+00 1.133999999999999897e+00 4.450299999999999916e-03
-4.289200000000000124e+00 1.133999999999999897e+00 2.260700000000000036e-03
-4.260600000000000165e+00 1.133999999999999897e+00 6.352699999999999536e-04
-4.232000000000000206e+00 1.133999999999999897e+00 1.001900000000000013e-04
-4.203400000000000247e+00 1.133999999999999897e+00 8.484999999999999704e-04
-4.174800000000000288e+00 1.133999999999999897e+00 2.637500000000000087e-03
-4.146200000000000330e+00 1.133999999999999897e+00 4.125099999999999600e-03
-4.117600000000000371e+00 1.133999999999999897e+00 6.250099999999999753e-03
-4.089100000000000179e+00 1.133999999999999897e+00 7.575000000000000136e-03
-4.060500000000000220e+00 1.133999999999999897e+00 7.608000000000000179e-03
-4.031900000000000261e+00 1.133999999999999897e+00 6.315499999999999933e-03
-4.003300000000000303e+00 1.133999999999999897e+00 4.133000000000000389e-03
-3.974699999999999900e+00 1.133999999999999897e+00 1.858899999999999919e-03
-3.946099999999999941e+00 1.133999999999999897e+00 7.091099999999999921e-04
-3.917499999999999982e+00 1.133999999999999897e+00 1.251000000000000050e-05
-3.888900000000000023e+00 1.133999999999999897e+00 7.658600000000000433e-04
-3.860300000000000065e+00 1.133999999999999897e+00 2.689200000000000097e-03
-3.831700000000000106e+00 1.133999999999999897e+00 5.012800000000000415e-03
-3.803100000000000147e+00 1.133999999999999897e+00 6.779900000000000163e-03
-3.774500000000000188e+00 1.133999999999999897e+00 7.274599999999999990e-03
-3.745899999999999785e+00 1.133999999999999897e+00 6.818799999999999861e-03
-3.717299999999999827e+00 1.133999999999999897e+00 5.332599999999999840e-03
-3.688699999999999868e+00 1.133999999999999897e+00 3.883699999999999913e-03
-3.660099999999999909e+00 1.133999999999999897e+00 3.947700000000000167e-03
-3.631499999999999950e+00 1.133999999999999897e+00 6.817400000000000369e-03
-3.602899999999999991e+00 1.133999999999999897e+00 1.301599999999999979e-02
-3.574300000000000033e+00 1.133999999999999897e+00 2.183600000000000124e-02
-3.545799999999999841e+00 1.133999999999999897e+00 2.832900000000000001e-02
-3.517199999999999882e+00 1.133999999999999897e+00 3.713700000000000334e-02
-3.488599999999999923e+00 1.133999999999999897e+00 4.252100000000000324e-02
-3.459999999999999964e+00 1.133999999999999897e+00 4.227299999999999808e-02
-3.431400000000000006e+00 1.133999999999999897e+00 3.590499999999999942e-02
-3.402800000000000047e+00 1.133999999999999897e+00 2.483700000000000144e-02
-3.374200000000000088e+00 1.133999999999999897e+00 1.236499999999999926e-02
-3.345600000000000129e+00 1.133999999999999897e+00 5.473399999999999793e-03
-3.317000000000000171e+00 1.133999999999999897e+00 2.550100000000000131e-04
-3.288400000000000212e+00 1.133999999999999897e+00 3.698100000000000172e-03
-3.259799999999999809e+00 1.133999999999999897e+00 1.633799999999999836e-02
-3.231199999999999850e+00 1.133999999999999897e+00 3.547399999999999859e-02
-3.202599999999999891e+00 1.133999999999999897e+00 5.552599999999999897e-02
-3.173999999999999932e+00 1.133999999999999897e+00 6.950000000000000622e-02
-3.145399999999999974e+00 1.133999999999999897e+00 7.251900000000000013e-02
-3.116800000000000015e+00 1.133999999999999897e+00 6.540799999999999392e-02
-3.088200000000000056e+00 1.133999999999999897e+00 4.581299999999999956e-02
-3.059600000000000097e+00 1.133999999999999897e+00 2.042000000000000065e-02
-3.031000000000000139e+00 1.133999999999999897e+00 2.227900000000000106e-03
-3.002499999999999947e+00 1.133999999999999897e+00 7.551300000000000373e-03
-2.973899999999999988e+00 1.133999999999999897e+00 5.232400000000000245e-02
-2.945300000000000029e+00 1.133999999999999897e+00 1.099600000000000022e-01
-2.916700000000000070e+00 1.133999999999999897e+00 2.414000000000000035e-01
-2.888100000000000112e+00 1.133999999999999897e+00 4.237799999999999900e-01
-2.859500000000000153e+00 1.133999999999999897e+00 6.435800000000000409e-01
-2.830900000000000194e+00 1.133999999999999897e+00 8.752199999999999980e-01
-2.802299999999999791e+00 1.133999999999999897e+00 1.088500000000000023e+00
-2.773699999999999832e+00 1.133999999999999897e+00 1.251600000000000046e+00
-2.745099999999999874e+00 1.133999999999999897e+00 1.320899999999999963e+00
-2.716499999999999915e+00 1.133999999999999897e+00 1.358500000000000041e+00
-2.687899999999999956e+00 1.133999999999999897e+00 1.317700000000000093e+00
-2.659299999999999997e+00 1.133999999999999897e+00 1.201999999999999957e+00
-2.630700000000000038e+00 1.133999999999999897e+00 1.024100000000000010e+00
-2.602100000000000080e+00 1.133999999999999897e+00 8.069300000000000361e-01
-2.573500000000000121e+00 1.133999999999999897e+00 5.812599999999999989e-01
-2.544900000000000162e+00 1.133999999999999897e+00 3.758000000000000229e-01
-2.516300000000000203e+00 1.133999999999999897e+00 2.610000000000000098e-01
-2.487699999999999800e+00 1.133999999999999897e+00 1.292800000000000060e-01
-2.459200000000000053e+00 1.133999999999999897e+00 4.672199999999999964e-02
-2.430600000000000094e+00 1.133999999999999897e+00 7.675900000000000258e-03
-2.402000000000000135e+00 1.133999999999999897e+00 1.057199999999999893e-03
-2.373400000000000176e+00 1.133999999999999897e+00 1.262899999999999960e-02
-2.344800000000000217e+00 1.133999999999999897e+00 2.912599999999999911e-02
-2.316199999999999815e+00 1.133999999999999897e+00 3.807399999999999674e-02
-2.287599999999999856e+00 1.133999999999999897e+00 4.482300000000000173e-02
-2.258999999999999897e+00 1.133999999999999897e+00 4.254000000000000142e-02
-2.230399999999999938e+00 1.133999999999999897e+00 3.302299999999999680e-02
-2.201799999999999979e+00 1.133999999999999897e+00 2.043599999999999930e-02
-2.173200000000000021e+00 1.133999999999999897e+00 9.281599999999999226e-03
-2.144600000000000062e+00 1.133999999999999897e+00 2.303200000000000039e-03
-2.116000000000000103e+00 1.133999999999999897e+00 3.039299999999999988e-04
-2.087400000000000144e+00 1.133999999999999897e+00 6.584400000000000452e-04
-2.058800000000000185e+00 1.133999999999999897e+00 3.474800000000000111e-03
-2.030199999999999783e+00 1.133999999999999897e+00 6.626800000000000399e-03
-2.001599999999999824e+00 1.133999999999999897e+00 8.418899999999999995e-03
-1.973000000000000087e+00 1.133999999999999897e+00 8.374799999999999953e-03
-1.944399999999999906e+00 1.133999999999999897e+00 7.047000000000000312e-03
-1.915799999999999947e+00 1.133999999999999897e+00 5.966199999999999629e-03
-1.887299999999999978e+00 1.133999999999999897e+00 4.959500000000000366e-03
-1.858700000000000019e+00 1.133999999999999897e+00 5.572399999999999923e-03
-1.830100000000000060e+00 1.133999999999999897e+00 8.114400000000000779e-03
-1.801500000000000101e+00 1.133999999999999897e+00 1.191700000000000051e-02
-1.772899999999999920e+00 1.133999999999999897e+00 1.584699999999999998e-02
-1.744299999999999962e+00 1.133999999999999897e+00 1.920399999999999885e-02
-1.715700000000000003e+00 1.133999999999999897e+00 2.069199999999999859e-02
-1.687100000000000044e+00 1.133999999999999897e+00 1.750300000000000120e-02
-1.658500000000000085e+00 1.133999999999999897e+00 7.148100000000000113e-03
-1.629899999999999904e+00 1.133999999999999897e+00 1.975299999999999973e-02
-1.601299999999999946e+00 1.133999999999999897e+00 7.689100000000000362e-04
-1.572699999999999987e+00 1.133999999999999897e+00 9.578600000000000482e-04
-1.544100000000000028e+00 1.133999999999999897e+00 4.894000000000000238e-05
-1.515500000000000069e+00 1.133999999999999897e+00 1.231200000000000003e-04
-1.486900000000000110e+00 1.133999999999999897e+00 9.149899999999999657e-04
-1.458299999999999930e+00 1.133999999999999897e+00 2.881600000000000134e-02
-1.429699999999999971e+00 1.133999999999999897e+00 2.268500000000000117e-03
-1.401100000000000012e+00 1.133999999999999897e+00 1.195899999999999958e-03
-1.372500000000000053e+00 1.133999999999999897e+00 1.070999999999999903e-03
-1.344000000000000083e+00 1.133999999999999897e+00 1.446599999999999926e-03
-1.315399999999999903e+00 1.133999999999999897e+00 2.496099999999999795e-03
-1.286799999999999944e+00 1.133999999999999897e+00 1.052199999999999941e-01
-1.258199999999999985e+00 1.133999999999999897e+00 3.674400000000000192e-04
-1.229600000000000026e+00 1.133999999999999897e+00 2.466899999999999844e-04
-1.201000000000000068e+00 1.133999999999999897e+00 1.276999999999999869e-04
-1.172400000000000109e+00 1.133999999999999897e+00 8.225199999999999786e-05
-1.143799999999999928e+00 1.133999999999999897e+00 7.378899999999999435e-05
-1.115199999999999969e+00 1.133999999999999897e+00 7.444800000000000278e-05
-1.086600000000000010e+00 1.133999999999999897e+00 7.715000000000000503e-05
-1.058000000000000052e+00 1.133999999999999897e+00 7.834900000000000490e-05
-1.029400000000000093e+00 1.133999999999999897e+00 7.651499999999999502e-05
-1.000799999999999912e+00 1.133999999999999897e+00 6.533900000000000580e-05
-9.722199999999999731e-01 1.133999999999999897e+00 4.128000000000000050e-04
-9.436299999999999688e-01 1.133999999999999897e+00 2.140600000000000142e-02
-9.150300000000000100e-01 1.133999999999999897e+00 1.405099999999999947e-04
-8.864400000000000057e-01 1.133999999999999897e+00 3.317899999999999929e-04
-8.578400000000000469e-01 1.133999999999999897e+00 2.492099999999999806e-04
-8.292500000000000426e-01 1.133999999999999897e+00 1.909299999999999897e-04
-8.006499999999999728e-01 1.133999999999999897e+00 1.402800000000000054e-04
-7.720599999999999685e-01 1.133999999999999897e+00 9.348600000000000583e-05
-7.434600000000000097e-01 1.133999999999999897e+00 5.293200000000000075e-05
-7.148700000000000054e-01 1.133999999999999897e+00 2.245099999999999901e-05
-6.862700000000000466e-01 1.133999999999999897e+00 9.255700000000000168e-06
-6.290799999999999725e-01 1.133999999999999897e+00 5.213200000000000333e-06
-6.004899999999999682e-01 1.133999999999999897e+00 1.815600000000000032e-05
-5.718999999999999639e-01 1.133999999999999897e+00 3.440500000000000009e-05
-5.433000000000000052e-01 1.133999999999999897e+00 4.820700000000000110e-05
-5.147100000000000009e-01 1.133999999999999897e+00 5.511899999999999862e-05
-4.861099999999999866e-01 1.133999999999999897e+00 5.481700000000000049e-05
-4.575199999999999823e-01 1.133999999999999897e+00 4.704299999999999666e-05
-4.289200000000000235e-01 1.133999999999999897e+00 3.310100000000000038e-05
-4.003300000000000192e-01 1.133999999999999897e+00 1.746400000000000084e-05
-3.717300000000000049e-01 1.133999999999999897e+00 5.090700000000000235e-06
-3.145399999999999863e-01 1.133999999999999897e+00 4.200399999999999628e-06
-2.859499999999999820e-01 1.133999999999999897e+00 1.175699999999999941e-05
-2.573500000000000232e-01 1.133999999999999897e+00 2.821200000000000026e-05
-2.287599999999999911e-01 1.133999999999999897e+00 4.686999999999999679e-05
-2.001600000000000046e-01 1.133999999999999897e+00 6.299500000000000249e-05
-1.715700000000000003e-01 1.133999999999999897e+00 7.285400000000000415e-05
-1.429700000000000137e-01 1.133999999999999897e+00 7.467200000000000606e-05
-1.143799999999999956e-01 1.133999999999999897e+00 6.924199999999999875e-05
-8.578399999999999914e-02 1.133999999999999897e+00 6.303200000000000231e-05
-5.718999999999999778e-02 1.133999999999999897e+00 5.275199999999999909e-05
-2.859499999999999889e-02 1.133999999999999897e+00 4.481700000000000137e-05
0.000000000000000000e+00 1.133999999999999897e+00 4.194199999999999925e-05
-4.489399999999999835e+00 1.162700000000000067e+00 3.588699999999999789e-03
-4.460799999999999876e+00 1.162700000000000067e+00 4.820699999999999812e-03
-4.432199999999999918e+00 1.162700000000000067e+00 5.713099999999999602e-03
-4.403599999999999959e+00 1.162700000000000067e+00 5.974799999999999729e-03
-4.375000000000000000e+00 1.162700000000000067e+00 5.458799999999999764e-03
-4.346400000000000041e+00 1.162700000000000067e+00 4.719300000000000057e-03
-4.317800000000000082e+00 1.162700000000000067e+00 3.222699999999999784e-03
-4.289200000000000124e+00 1.162700000000000067e+00 1.641499999999999947e-03
-4.260600000000000165e+00 1.162700000000000067e+00 4.642599999999999765e-04
-4.232000000000000206e+00 1.162700000000000067e+00 7.407100000000000283e-05
-4.203400000000000247e+00 1.162700000000000067e+00 6.026200000000000003e-04
-4.174800000000000288e+00 1.162700000000000067e+00 1.889599999999999960e-03
-4.146200000000000330e+00 1.162700000000000067e+00 2.968699999999999898e-03
-4.117600000000000371e+00 1.162700000000000067e+00 4.508299999999999808e-03
-4.089100000000000179e+00 1.162700000000000067e+00 5.487399999999999917e-03
-4.060500000000000220e+00 1.162700000000000067e+00 5.529899999999999920e-03
-4.031900000000000261e+00 1.162700000000000067e+00 4.606599999999999757e-03
-4.003300000000000303e+00 1.162700000000000067e+00 3.037000000000000203e-03
-3.974699999999999900e+00 1.162700000000000067e+00 1.384299999999999984e-03
-3.946099999999999941e+00 1.162700000000000067e+00 5.398900000000000097e-04
-3.917499999999999982e+00 1.162700000000000067e+00 1.162000000000000055e-05
-3.888900000000000023e+00 1.162700000000000067e+00 5.264799999999999602e-04
-3.860300000000000065e+00 1.162700000000000067e+00 1.895900000000000059e-03
-3.831700000000000106e+00 1.162700000000000067e+00 3.573799999999999807e-03
-3.803100000000000147e+00 1.162700000000000067e+00 4.869599999999999970e-03
-3.774500000000000188e+00 1.162700000000000067e+00 5.268600000000000019e-03
-3.745899999999999785e+00 1.162700000000000067e+00 4.960199999999999679e-03
-3.717299999999999827e+00 1.162700000000000067e+00 3.911699999999999726e-03
-3.688699999999999868e+00 1.162700000000000067e+00 2.875500000000000018e-03
-3.660099999999999909e+00 1.162700000000000067e+00 2.902200000000000179e-03
-3.631499999999999950e+00 1.162700000000000067e+00 4.937300000000000369e-03
-3.602899999999999991e+00 1.162700000000000067e+00 9.350799999999999390e-03
-3.574300000000000033e+00 1.162700000000000067e+00 1.567800000000000096e-02
-3.545799999999999841e+00 1.162700000000000067e+00 2.035599999999999909e-02
-3.517199999999999882e+00 1.162700000000000067e+00 2.669799999999999951e-02
-3.488599999999999923e+00 1.162700000000000067e+00 3.058699999999999961e-02
-3.459999999999999964e+00 1.162700000000000067e+00 3.054000000000000117e-02
-3.431400000000000006e+00 1.162700000000000067e+00 2.598599999999999868e-02
-3.402800000000000047e+00 1.162700000000000067e+00 1.800399999999999917e-02
-3.374200000000000088e+00 1.162700000000000067e+00 9.033100000000000504e-03
-3.345600000000000129e+00 1.162700000000000067e+00 4.004200000000000294e-03
-3.317000000000000171e+00 1.162700000000000067e+00 1.911700000000000010e-04
-3.288400000000000212e+00 1.162700000000000067e+00 2.598599999999999955e-03
-3.259799999999999809e+00 1.162700000000000067e+00 1.160699999999999926e-02
-3.231199999999999850e+00 1.162700000000000067e+00 2.536499999999999866e-02
-3.202599999999999891e+00 1.162700000000000067e+00 3.983799999999999841e-02
-3.173999999999999932e+00 1.162700000000000067e+00 5.000899999999999790e-02
-3.145399999999999974e+00 1.162700000000000067e+00 5.229600000000000221e-02
-3.116800000000000015e+00 1.162700000000000067e+00 4.724600000000000327e-02
-3.088200000000000056e+00 1.162700000000000067e+00 3.306400000000000311e-02
-3.059600000000000097e+00 1.162700000000000067e+00 1.480399999999999945e-02
-3.031000000000000139e+00 1.162700000000000067e+00 1.586399999999999963e-03
-3.002499999999999947e+00 1.162700000000000067e+00 5.343099999999999933e-03
-2.973899999999999988e+00 1.162700000000000067e+00 3.762299999999999672e-02
-2.945300000000000029e+00 1.162700000000000067e+00 7.914999999999999813e-02
-2.916700000000000070e+00 1.162700000000000067e+00 1.740200000000000080e-01
-2.888100000000000112e+00 1.162700000000000067e+00 3.053199999999999803e-01
-2.859500000000000153e+00 1.162700000000000067e+00 4.641399999999999970e-01
-2.830900000000000194e+00 1.162700000000000067e+00 6.330400000000000471e-01
-2.802299999999999791e+00 1.162700000000000067e+00 7.879300000000000193e-01
-2.773699999999999832e+00 1.162700000000000067e+00 9.054499999999999771e-01
-2.745099999999999874e+00 1.162700000000000067e+00 9.559499999999999664e-01
-2.716499999999999915e+00 1.162700000000000067e+00 9.838400000000000478e-01
-2.687899999999999956e+00 1.162700000000000067e+00 9.527999999999999803e-01
-2.659299999999999997e+00 1.162700000000000067e+00 8.685300000000000242e-01
-2.630700000000000038e+00 1.162700000000000067e+00 7.402600000000000291e-01
-2.602100000000000080e+00 1.162700000000000067e+00 5.836599999999999566e-01
-2.573500000000000121e+00 1.162700000000000067e+00 4.199200000000000155e-01
-2.544900000000000162e+00 1.162700000000000067e+00 2.710099999999999731e-01
-2.516300000000000203e+00 1.162700000000000067e+00 1.880799999999999972e-01
-2.487699999999999800e+00 1.162700000000000067e+00 9.279400000000000148e-02
-2.459200000000000053e+00 1.162700000000000067e+00 3.333099999999999952e-02
-2.430600000000000094e+00 1.162700000000000067e+00 5.297299999999999578e-03
-2.402000000000000135e+00 1.162700000000000067e+00 7.658600000000000433e-04
-2.373400000000000176e+00 1.162700000000000067e+00 9.386699999999999558e-03
-2.344800000000000217e+00 1.162700000000000067e+00 2.142099999999999907e-02
-2.316199999999999815e+00 1.162700000000000067e+00 2.792999999999999997e-02
-2.287599999999999856e+00 1.162700000000000067e+00 3.274799999999999933e-02
-2.258999999999999897e+00 1.162700000000000067e+00 3.094399999999999928e-02
-2.230399999999999938e+00 1.162700000000000067e+00 2.393699999999999994e-02
-2.201799999999999979e+00 1.162700000000000067e+00 1.476899999999999914e-02
-2.173200000000000021e+00 1.162700000000000067e+00 6.658200000000000403e-03
-2.144600000000000062e+00 1.162700000000000067e+00 1.603999999999999957e-03
-2.116000000000000103e+00 1.162700000000000067e+00 1.861099999999999918e-04
-2.087400000000000144e+00 1.162700000000000067e+00 5.274499999999999458e-04
-2.058800000000000185e+00 1.162700000000000067e+00 2.661300000000000124e-03
-2.030199999999999783e+00 1.162700000000000067e+00 5.013899999999999954e-03
-2.001599999999999824e+00 1.162700000000000067e+00 6.354900000000000132e-03
-1.973000000000000087e+00 1.162700000000000067e+00 6.300599999999999951e-03
-1.944399999999999906e+00 1.162700000000000067e+00 5.290099999999999837e-03
-1.915799999999999947e+00 1.162700000000000067e+00 4.482200000000000420e-03
-1.887299999999999978e+00 1.162700000000000067e+00 3.730499999999999875e-03
-1.858700000000000019e+00 1.162700000000000067e+00 4.184499999999999852e-03
-1.830100000000000060e+00 1.162700000000000067e+00 6.059000000000000150e-03
-1.801500000000000101e+00 1.162700000000000067e+00 8.872299999999999631e-03
-1.772899999999999920e+00 1.162700000000000067e+00 1.175200000000000029e-02
-1.744299999999999962e+00 1.162700000000000067e+00 1.406499999999999938e-02
-1.715700000000000003e+00 1.162700000000000067e+00 1.509300000000000051e-02
-1.687100000000000044e+00 1.162700000000000067e+00 1.374099999999999974e-02
-1.658500000000000085e+00 1.162700000000000067e+00 5.002099999999999776e-03
-1.629899999999999904e+00 1.162700000000000067e+00 2.051199999999999898e-02
-1.601299999999999946e+00 1.162700000000000067e+00 6.035199999999999679e-04
-1.572699999999999987e+00 1.162700000000000067e+00 3.330300000000000014e-04
-1.544100000000000028e+00 1.162700000000000067e+00 9.384699999999999780e-05
-1.515500000000000069e+00 1.162700000000000067e+00 9.629200000000000574e-05
-1.486900000000000110e+00 1.162700000000000067e+00 5.175600000000000252e-04
-1.458299999999999930e+00 1.162700000000000067e+00 2.243699999999999861e-02
-1.429699999999999971e+00 1.162700000000000067e+00 2.789999999999999945e-03
-1.401100000000000012e+00 1.162700000000000067e+00 1.013299999999999965e-03
-1.372500000000000053e+00 1.162700000000000067e+00 8.074399999999999807e-04
-1.344000000000000083e+00 1.162700000000000067e+00 9.298000000000000492e-04
-1.315399999999999903e+00 1.162700000000000067e+00 1.090800000000000059e-03
-1.286799999999999944e+00 1.162700000000000067e+00 5.696400000000000075e-02
-1.258199999999999985e+00 1.162700000000000067e+00 1.535200000000000019e-03
-1.229600000000000026e+00 1.162700000000000067e+00 2.104999999999999938e-04
-1.201000000000000068e+00 1.162700000000000067e+00 9.339599999999999823e-05
-1.172400000000000109e+00 1.162700000000000067e+00 5.395500000000000095e-05
-1.143799999999999928e+00 1.162700000000000067e+00 4.657699999999999807e-05
-1.115199999999999969e+00 1.162700000000000067e+00 4.677100000000000333e-05
-1.086600000000000010e+00 1.162700000000000067e+00 4.822499999999999991e-05
-1.058000000000000052e+00 1.162700000000000067e+00 4.833299999999999955e-05
-1.029400000000000093e+00 1.162700000000000067e+00 4.597499999999999943e-05
-1.000799999999999912e+00 1.162700000000000067e+00 1.360199999999999953e-05
-9.722199999999999731e-01 1.162700000000000067e+00 9.216900000000000472e-05
-9.436299999999999688e-01 1.162700000000000067e+00 1.177500000000000074e-02
-9.150300000000000100e-01 1.162700000000000067e+00 7.970300000000000041e-04
-8.864400000000000057e-01 1.162700000000000067e+00 2.801200000000000218e-04
-8.578400000000000469e-01 1.162700000000000067e+00 1.957200000000000031e-04
-8.292500000000000426e-01 1.162700000000000067e+00 1.439300000000000128e-04
-8.006499999999999728e-01 1.162700000000000067e+00 1.035400000000000014e-04
-7.720599999999999685e-01 1.162700000000000067e+00 6.820199999999999516e-05
-7.434600000000000097e-01 1.162700000000000067e+00 3.843099999999999847e-05
-7.148700000000000054e-01 1.162700000000000067e+00 1.635800000000000161e-05
-6.862700000000000466e-01 1.162700000000000067e+00 6.811300000000000329e-06
-6.290799999999999725e-01 1.162700000000000067e+00 3.573599999999999971e-06
-6.004899999999999682e-01 1.162700000000000067e+00 1.272299999999999999e-05
-5.718999999999999639e-01 1.162700000000000067e+00 2.428900000000000072e-05
-5.433000000000000052e-01 1.162700000000000067e+00 3.423399999999999783e-05
-5.147100000000000009e-01 1.162700000000000067e+00 3.935799999999999824e-05
-4.861099999999999866e-01 1.162700000000000067e+00 3.928399999999999861e-05
-4.575199999999999823e-01 1.162700000000000067e+00 3.401099999999999675e-05
-4.289200000000000235e-01 1.162700000000000067e+00 2.419899999999999989e-05
-4.003300000000000192e-01 1.162700000000000067e+00 1.304000000000000051e-05
-3.717300000000000049e-01 1.162700000000000067e+00 4.025499999999999829e-06
-3.145399999999999863e-01 1.162700000000000067e+00 2.637199999999999924e-06
-2.859499999999999820e-01 1.162700000000000067e+00 7.828299999999999232e-06
-2.573500000000000232e-01 1.162700000000000067e+00 1.939400000000000100e-05
-2.287599999999999911e-01 1.162700000000000067e+00 3.279900000000000225e-05
-2.001600000000000046e-01 1.162700000000000067e+00 4.469900000000000013e-05
-1.715700000000000003e-01 1.162700000000000067e+00 5.231500000000000310e-05
-1.429700000000000137e-01 1.162700000000000067e+00 5.430400000000000049e-05
-1.143799999999999956e-01 1.162700000000000067e+00 5.102500000000000021e-05
-8.578399999999999914e-02 1.162700000000000067e+00 4.680400000000000115e-05
-5.718999999999999778e-02 1.162700000000000067e+00 3.958099999999999932e-05
-2.859499999999999889e-02 1.162700000000000067e+00 3.370899999999999862e-05
0.000000000000000000e+00 1.162700000000000067e+00 3.120599999999999904e-05
-4.489399999999999835e+00 1.191400000000000015e+00 1.967399999999999791e-03
-4.460799999999999876e+00 1.191400000000000015e+00 2.644200000000000196e-03
-4.432199999999999918e+00 1.191400000000000015e+00 3.135799999999999785e-03
-4.403599999999999959e+00 1.191400000000000015e+00 3.276799999999999852e-03
-4.375000000000000000e+00 1.191400000000000015e+00 2.993899999999999860e-03
-4.346400000000000041e+00 1.191400000000000015e+00 2.590799999999999874e-03
-4.317800000000000082e+00 1.191400000000000015e+00 1.773999999999999969e-03
-4.289200000000000124e+00 1.191400000000000015e+00 9.059499999999999845e-04
-4.260600000000000165e+00 1.191400000000000015e+00 2.578300000000000166e-04
-4.232000000000000206e+00 1.191400000000000015e+00 3.877000000000000319e-05
-4.203400000000000247e+00 1.191400000000000015e+00 3.290599999999999970e-04
-4.174800000000000288e+00 1.191400000000000015e+00 1.035399999999999906e-03
-4.146200000000000330e+00 1.191400000000000015e+00 1.630699999999999901e-03
-4.117600000000000371e+00 1.191400000000000015e+00 2.490599999999999932e-03
-4.089100000000000179e+00 1.191400000000000015e+00 3.040600000000000074e-03
-4.060500000000000220e+00 1.191400000000000015e+00 3.079899999999999999e-03
-4.031900000000000261e+00 1.191400000000000015e+00 2.586900000000000050e-03
-4.003300000000000303e+00 1.191400000000000015e+00 1.725699999999999934e-03
-3.974699999999999900e+00 1.191400000000000015e+00 8.020500000000000069e-04
-3.946099999999999941e+00 1.191400000000000015e+00 3.228300000000000245e-04
-3.917499999999999982e+00 1.191400000000000015e+00 5.884600000000000376e-06
-3.888900000000000023e+00 1.191400000000000015e+00 2.644400000000000093e-04
-3.860300000000000065e+00 1.191400000000000015e+00 1.000199999999999917e-03
-3.831700000000000106e+00 1.191400000000000015e+00 1.920100000000000105e-03
-3.803100000000000147e+00 1.191400000000000015e+00 2.652100000000000117e-03
-3.774500000000000188e+00 1.191400000000000015e+00 2.897499999999999902e-03
-3.745899999999999785e+00 1.191400000000000015e+00 2.746999999999999876e-03
-3.717299999999999827e+00 1.191400000000000015e+00 2.197199999999999848e-03
-3.688699999999999868e+00 1.191400000000000015e+00 1.638399999999999926e-03
-3.660099999999999909e+00 1.191400000000000015e+00 1.639999999999999965e-03
-3.631499999999999950e+00 1.191400000000000015e+00 2.723999999999999859e-03
-3.602899999999999991e+00 1.191400000000000015e+00 5.117899999999999880e-03
-3.574300000000000033e+00 1.191400000000000015e+00 8.572899999999999618e-03
-3.545799999999999841e+00 1.191400000000000015e+00 1.111000000000000008e-02
-3.517199999999999882e+00 1.191400000000000015e+00 1.459900000000000087e-02
-3.488599999999999923e+00 1.191400000000000015e+00 1.677400000000000072e-02
-3.459999999999999964e+00 1.191400000000000015e+00 1.676199999999999912e-02
-3.431400000000000006e+00 1.191400000000000015e+00 1.430999999999999980e-02
-3.402800000000000047e+00 1.191400000000000015e+00 9.984399999999999178e-03
-3.374200000000000088e+00 1.191400000000000015e+00 5.057200000000000410e-03
-3.345600000000000129e+00 1.191400000000000015e+00 2.278899999999999936e-03
-3.317000000000000171e+00 1.191400000000000015e+00 1.055800000000000022e-04
-3.288400000000000212e+00 1.191400000000000015e+00 1.347300000000000060e-03
-3.259799999999999809e+00 1.191400000000000015e+00 6.237300000000000309e-03
-3.231199999999999850e+00 1.191400000000000015e+00 1.373599999999999995e-02
-3.202599999999999891e+00 1.191400000000000015e+00 2.165800000000000017e-02
-3.173999999999999932e+00 1.191400000000000015e+00 2.731799999999999853e-02
-3.145399999999999974e+00 1.191400000000000015e+00 2.859000000000000083e-02
-3.116800000000000015e+00 1.191400000000000015e+00 2.586000000000000104e-02
-3.088200000000000056e+00 1.191400000000000015e+00 1.817099999999999965e-02
-3.059600000000000097e+00 1.191400000000000015e+00 8.172000000000000444e-03
-3.031000000000000139e+00 1.191400000000000015e+00 8.777099999999999702e-04
-3.002499999999999947e+00 1.191400000000000015e+00 2.840699999999999822e-03
-2.973899999999999988e+00 1.191400000000000015e+00 2.049799999999999886e-02
-2.945300000000000029e+00 1.191400000000000015e+00 4.336199999999999777e-02
-2.916700000000000070e+00 1.191400000000000015e+00 9.541299999999999781e-02
-2.888100000000000112e+00 1.191400000000000015e+00 1.676199999999999912e-01
-2.859500000000000153e+00 1.191400000000000015e+00 2.551100000000000034e-01
-2.830900000000000194e+00 1.191400000000000015e+00 3.480300000000000060e-01
-2.802299999999999791e+00 1.191400000000000015e+00 4.328600000000000225e-01
-2.773699999999999832e+00 1.191400000000000015e+00 4.989399999999999946e-01
-2.745099999999999874e+00 1.191400000000000015e+00 5.273499999999999854e-01
-2.716499999999999915e+00 1.191400000000000015e+00 5.420700000000000518e-01
-2.687899999999999956e+00 1.191400000000000015e+00 5.241599999999999593e-01
-2.659299999999999997e+00 1.191400000000000015e+00 4.780099999999999905e-01
-2.630700000000000038e+00 1.191400000000000015e+00 4.074900000000000189e-01
-2.602100000000000080e+00 1.191400000000000015e+00 3.210700000000000220e-01
-2.573500000000000121e+00 1.191400000000000015e+00 2.309100000000000041e-01
-2.544900000000000162e+00 1.191400000000000015e+00 1.489499999999999991e-01
-2.516300000000000203e+00 1.191400000000000015e+00 1.030599999999999988e-01
-2.487699999999999800e+00 1.191400000000000015e+00 5.052800000000000347e-02
-2.459200000000000053e+00 1.191400000000000015e+00 1.794000000000000108e-02
-2.430600000000000094e+00 1.191400000000000015e+00 2.777899999999999814e-03
-2.402000000000000135e+00 1.191400000000000015e+00 4.420199999999999997e-04
-2.373400000000000176e+00 1.191400000000000015e+00 5.329900000000000262e-03
-2.344800000000000217e+00 1.191400000000000015e+00 1.203199999999999929e-02
-2.316199999999999815e+00 1.191400000000000015e+00 1.561899999999999920e-02
-2.287599999999999856e+00 1.191400000000000015e+00 1.819000000000000131e-02
-2.258999999999999897e+00 1.191400000000000015e+00 1.712500000000000133e-02
-2.230399999999999938e+00 1.191400000000000015e+00 1.321800000000000058e-02
-2.201799999999999979e+00 1.191400000000000015e+00 8.095800000000000218e-03
-2.173200000000000021e+00 1.191400000000000015e+00 3.571599999999999862e-03
-2.144600000000000062e+00 1.191400000000000015e+00 8.195400000000000037e-04
-2.116000000000000103e+00 1.191400000000000015e+00 8.115500000000000480e-05
-2.087400000000000144e+00 1.191400000000000015e+00 3.411399999999999762e-04
-2.058800000000000185e+00 1.191400000000000015e+00 1.592600000000000005e-03
-2.030199999999999783e+00 1.191400000000000015e+00 2.949999999999999931e-03
-2.001599999999999824e+00 1.191400000000000015e+00 3.714799999999999873e-03
-1.973000000000000087e+00 1.191400000000000015e+00 3.675799999999999901e-03
-1.944399999999999906e+00 1.191400000000000015e+00 3.087599999999999806e-03
-1.915799999999999947e+00 1.191400000000000015e+00 2.626199999999999975e-03
-1.887299999999999978e+00 1.191400000000000015e+00 2.194900000000000063e-03
-1.858700000000000019e+00 1.191400000000000015e+00 2.436300000000000184e-03
-1.830100000000000060e+00 1.191400000000000015e+00 3.483800000000000004e-03
-1.801500000000000101e+00 1.191400000000000015e+00 5.066600000000000097e-03
-1.772899999999999920e+00 1.191400000000000015e+00 6.666300000000000003e-03
-1.744299999999999962e+00 1.191400000000000015e+00 7.876299999999999274e-03
-1.715700000000000003e+00 1.191400000000000015e+00 8.394699999999999732e-03
-1.687100000000000044e+00 1.191400000000000015e+00 7.941399999999999501e-03
-1.658500000000000085e+00 1.191400000000000015e+00 3.506800000000000021e-03
-1.629899999999999904e+00 1.191400000000000015e+00 1.132900000000000053e-02
-1.601299999999999946e+00 1.191400000000000015e+00 4.852100000000000250e-04
-1.572699999999999987e+00 1.191400000000000015e+00 9.529899999999999678e-05
-1.544100000000000028e+00 1.191400000000000015e+00 8.478300000000000463e-05
-1.515500000000000069e+00 1.191400000000000015e+00 9.022900000000000636e-05
-1.486900000000000110e+00 1.191400000000000015e+00 1.713200000000000064e-04
-1.458299999999999930e+00 1.191400000000000015e+00 7.137199999999999794e-03
-1.429699999999999971e+00 1.191400000000000015e+00 2.900499999999999867e-03
-1.401100000000000012e+00 1.191400000000000015e+00 6.672299999999999932e-04
-1.372500000000000053e+00 1.191400000000000015e+00 4.801299999999999991e-04
-1.344000000000000083e+00 1.191400000000000015e+00 5.131400000000000371e-04
-1.315399999999999903e+00 1.191400000000000015e+00 6.425600000000000278e-04
-1.286799999999999944e+00 1.191400000000000015e+00 1.247499999999999998e-02
-1.258199999999999985e+00 1.191400000000000015e+00 3.762999999999999852e-03
-1.229600000000000026e+00 1.191400000000000015e+00 1.890899999999999938e-04
-1.201000000000000068e+00 1.191400000000000015e+00 5.248400000000000098e-05
-1.172400000000000109e+00 1.191400000000000015e+00 2.658500000000000042e-05
-1.143799999999999928e+00 1.191400000000000015e+00 2.163399999999999988e-05
-1.115199999999999969e+00 1.191400000000000015e+00 2.162099999999999848e-05
-1.086600000000000010e+00 1.191400000000000015e+00 2.249599999999999942e-05
-1.058000000000000052e+00 1.191400000000000015e+00 2.252799999999999844e-05
-1.029400000000000093e+00 1.191400000000000015e+00 2.122000000000000012e-05
-1.000799999999999912e+00 1.191400000000000015e+00 1.527799999999999840e-05
-9.722199999999999731e-01 1.191400000000000015e+00 3.824700000000000159e-05
-9.436299999999999688e-01 1.191400000000000015e+00 3.859599999999999923e-03
-9.150300000000000100e-01 1.191400000000000015e+00 1.443199999999999952e-03
-8.864400000000000057e-01 1.191400000000000015e+00 1.873199999999999887e-04
-8.578400000000000469e-01 1.191400000000000015e+00 1.164700000000000013e-04
-8.292500000000000426e-01 1.191400000000000015e+00 8.201699999999999757e-05
-8.006499999999999728e-01 1.191400000000000015e+00 5.744200000000000331e-05
-7.720599999999999685e-01 1.191400000000000015e+00 3.729999999999999863e-05
-7.434600000000000097e-01 1.191400000000000015e+00 2.083700000000000057e-05
-7.148700000000000054e-01 1.191400000000000015e+00 8.796800000000000208e-06
-6.862700000000000466e-01 1.191400000000000015e+00 3.659499999999999860e-06
-6.290799999999999725e-01 1.191400000000000015e+00 1.957299999999999878e-06
-6.004899999999999682e-01 1.191400000000000015e+00 6.888900000000000230e-06
-5.718999999999999639e-01 1.191400000000000015e+00 1.316399999999999966e-05
-5.433000000000000052e-01 1.191400000000000015e+00 1.858600000000000128e-05
-5.147100000000000009e-01 1.191400000000000015e+00 2.148099999999999982e-05
-4.861099999999999866e-01 1.191400000000000015e+00 2.150600000000000043e-05
-4.575199999999999823e-01 1.191400000000000015e+00 1.879300000000000116e-05
-4.289200000000000235e-01 1.191400000000000015e+00 1.357700000000000062e-05
-4.003300000000000192e-01 1.191400000000000015e+00 7.507000000000000292e-06
-3.717300000000000049e-01 1.191400000000000015e+00 2.475400000000000050e-06
-3.145399999999999863e-01 1.191400000000000015e+00 1.184300000000000037e-06
-2.859499999999999820e-01 1.191400000000000015e+00 3.834100000000000272e-06
-2.573500000000000232e-01 1.191400000000000015e+00 9.970099999999999630e-06
-2.287599999999999911e-01 1.191400000000000015e+00 1.728600000000000018e-05
-2.001600000000000046e-01 1.191400000000000015e+00 2.398300000000000060e-05
-1.715700000000000003e-01 1.191400000000000015e+00 2.853400000000000158e-05
-1.429700000000000137e-01 1.191400000000000015e+00 3.007400000000000039e-05
-1.143799999999999956e-01 1.191400000000000015e+00 2.872100000000000166e-05
-8.578399999999999914e-02 1.191400000000000015e+00 2.668499999999999946e-05
-5.718999999999999778e-02 1.191400000000000015e+00 2.288199999999999878e-05
-2.859499999999999889e-02 1.191400000000000015e+00 1.957200000000000167e-05
0.000000000000000000e+00 1.191400000000000015e+00 1.789599999999999942e-05
-4.489399999999999835e+00 1.220099999999999962e+00 7.317099999999999993e-04
-4.460799999999999876e+00 1.220099999999999962e+00 9.846099999999999124e-04
-4.432199999999999918e+00 1.220099999999999962e+00 1.163900000000000047e-03
-4.403599999999999959e+00 1.220099999999999962e+00 1.216099999999999907e-03
-4.375000000000000000e+00 1.220099999999999962e+00 1.115899999999999965e-03
-4.346400000000000041e+00 1.220099999999999962e+00 9.665799999999999783e-04
-4.317800000000000082e+00 1.220099999999999962e+00 6.593200000000000232e-04
-4.289200000000000124e+00 1.220099999999999962e+00 3.391199999999999922e-04
-4.260600000000000165e+00 1.220099999999999962e+00 9.708300000000000545e-05
-4.232000000000000206e+00 1.220099999999999962e+00 1.433100000000000052e-05
-4.203400000000000247e+00 1.220099999999999962e+00 1.220200000000000006e-04
-4.174800000000000288e+00 1.220099999999999962e+00 3.908399999999999917e-04
-4.146200000000000330e+00 1.220099999999999962e+00 6.188800000000000377e-04
-4.117600000000000371e+00 1.220099999999999962e+00 9.481500000000000344e-04
-4.089100000000000179e+00 1.220099999999999962e+00 1.165100000000000077e-03
-4.060500000000000220e+00 1.220099999999999962e+00 1.195400000000000108e-03
-4.031900000000000261e+00 1.220099999999999962e+00 1.015400000000000070e-03
-4.003300000000000303e+00 1.220099999999999962e+00 6.895999999999999569e-04
-3.974699999999999900e+00 1.220099999999999962e+00 3.346299999999999861e-04
-3.946099999999999941e+00 1.220099999999999962e+00 1.438599999999999948e-04
-3.917499999999999982e+00 1.220099999999999962e+00 3.760800000000000059e-06
-3.888900000000000023e+00 1.220099999999999962e+00 7.948399999999999996e-05
-3.860300000000000065e+00 1.220099999999999962e+00 3.418800000000000268e-04
-3.831700000000000106e+00 1.220099999999999962e+00 6.860800000000000448e-04
-3.803100000000000147e+00 1.220099999999999962e+00 9.675699999999999535e-04
-3.774500000000000188e+00 1.220099999999999962e+00 1.080800000000000033e-03
-3.745899999999999785e+00 1.220099999999999962e+00 1.040799999999999928e-03
-3.717299999999999827e+00 1.220099999999999962e+00 8.520900000000000089e-04
-3.688699999999999868e+00 1.220099999999999962e+00 6.472200000000000002e-04
-3.660099999999999909e+00 1.220099999999999962e+00 6.453000000000000186e-04
-3.631499999999999950e+00 1.220099999999999962e+00 1.035499999999999962e-03
-3.602899999999999991e+00 1.220099999999999962e+00 1.906099999999999982e-03
-3.574300000000000033e+00 1.220099999999999962e+00 3.168499999999999876e-03
-3.545799999999999841e+00 1.220099999999999962e+00 4.125300000000000147e-03
-3.517199999999999882e+00 1.220099999999999962e+00 5.434200000000000141e-03
-3.488599999999999923e+00 1.220099999999999962e+00 6.249799999999999800e-03
-3.459999999999999964e+00 1.220099999999999962e+00 6.277099999999999867e-03
-3.431400000000000006e+00 1.220099999999999962e+00 5.411100000000000285e-03
-3.402800000000000047e+00 1.220099999999999962e+00 3.801500000000000191e-03
-3.374200000000000088e+00 1.220099999999999962e+00 1.953000000000000092e-03
-3.345600000000000129e+00 1.220099999999999962e+00 9.003499999999999568e-04
-3.317000000000000171e+00 1.220099999999999962e+00 4.953399999999999703e-05
-3.288400000000000212e+00 1.220099999999999962e+00 4.564400000000000141e-04
-3.259799999999999809e+00 1.220099999999999962e+00 2.221599999999999790e-03
-3.231199999999999850e+00 1.220099999999999962e+00 4.990200000000000191e-03
-3.202599999999999891e+00 1.220099999999999962e+00 7.957699999999999843e-03
-3.173999999999999932e+00 1.220099999999999962e+00 1.006600000000000029e-02
-3.145399999999999974e+00 1.220099999999999962e+00 1.057699999999999960e-02
-3.116800000000000015e+00 1.220099999999999962e+00 9.633499999999999702e-03
-3.088200000000000056e+00 1.220099999999999962e+00 6.770499999999999609e-03
-3.059600000000000097e+00 1.220099999999999962e+00 3.039000000000000035e-03
-3.031000000000000139e+00 1.220099999999999962e+00 3.176100000000000169e-04
-3.002499999999999947e+00 1.220099999999999962e+00 1.025199999999999983e-03
-2.973899999999999988e+00 1.220099999999999962e+00 7.593500000000000423e-03
-2.945300000000000029e+00 1.220099999999999962e+00 1.610599999999999879e-02
-2.916700000000000070e+00 1.220099999999999962e+00 3.565499999999999919e-02
-2.888100000000000112e+00 1.220099999999999962e+00 6.279099999999999959e-02
-2.859500000000000153e+00 1.220099999999999962e+00 9.543799999999999506e-02
-2.830900000000000194e+00 1.220099999999999962e+00 1.305300000000000071e-01
-2.802299999999999791e+00 1.220099999999999962e+00 1.630099999999999882e-01
-2.773699999999999832e+00 1.220099999999999962e+00 1.875499999999999945e-01
-2.745099999999999874e+00 1.220099999999999962e+00 1.975999999999999979e-01
-2.716499999999999915e+00 1.220099999999999962e+00 2.038300000000000112e-01
-2.687899999999999956e+00 1.220099999999999962e+00 1.974799999999999889e-01
-2.659299999999999997e+00 1.220099999999999962e+00 1.795499999999999874e-01
-2.630700000000000038e+00 1.220099999999999962e+00 1.530299999999999994e-01
-2.602100000000000080e+00 1.220099999999999962e+00 1.206099999999999950e-01
-2.573500000000000121e+00 1.220099999999999962e+00 8.662599999999999467e-02
-2.544900000000000162e+00 1.220099999999999962e+00 5.565200000000000008e-02
-2.516300000000000203e+00 1.220099999999999962e+00 3.836200000000000027e-02
-2.487699999999999800e+00 1.220099999999999962e+00 1.873599999999999918e-02
-2.459200000000000053e+00 1.220099999999999962e+00 6.544399999999999697e-03
-2.430600000000000094e+00 1.220099999999999962e+00 9.351200000000000050e-04
-2.402000000000000135e+00 1.220099999999999962e+00 1.707000000000000021e-04
-2.373400000000000176e+00 1.220099999999999962e+00 2.096900000000000066e-03
-2.344800000000000217e+00 1.220099999999999962e+00 4.665299999999999829e-03
-2.316199999999999815e+00 1.220099999999999962e+00 6.009099999999999858e-03
-2.287599999999999856e+00 1.220099999999999962e+00 6.948799999999999769e-03
-2.258999999999999897e+00 1.220099999999999962e+00 6.488299999999999797e-03
-2.230399999999999938e+00 1.220099999999999962e+00 4.948400000000000368e-03
-2.201799999999999979e+00 1.220099999999999962e+00 2.993399999999999794e-03
-2.173200000000000021e+00 1.220099999999999962e+00 1.287100000000000006e-03
-2.144600000000000062e+00 1.220099999999999962e+00 2.654199999999999897e-04
-2.116000000000000103e+00 1.220099999999999962e+00 1.449800000000000078e-05
-2.087400000000000144e+00 1.220099999999999962e+00 1.678999999999999883e-04
-2.058800000000000185e+00 1.220099999999999962e+00 6.925699999999999912e-04
-2.030199999999999783e+00 1.220099999999999962e+00 1.248399999999999987e-03
-2.001599999999999824e+00 1.220099999999999962e+00 1.558200000000000036e-03
-1.973000000000000087e+00 1.220099999999999962e+00 1.539299999999999956e-03
-1.944399999999999906e+00 1.220099999999999962e+00 1.297999999999999892e-03
-1.915799999999999947e+00 1.220099999999999962e+00 1.109399999999999969e-03
-1.887299999999999978e+00 1.220099999999999962e+00 9.306699999999999782e-04
-1.858700000000000019e+00 1.220099999999999962e+00 1.014799999999999947e-03
-1.830100000000000060e+00 1.220099999999999962e+00 1.405299999999999952e-03
-1.801500000000000101e+00 1.220099999999999962e+00 2.010399999999999861e-03
-1.772899999999999920e+00 1.220099999999999962e+00 2.614500000000000070e-03
-1.744299999999999962e+00 1.220099999999999962e+00 3.039899999999999894e-03
-1.715700000000000003e+00 1.220099999999999962e+00 3.191900000000000119e-03
-1.687100000000000044e+00 1.220099999999999962e+00 3.093799999999999849e-03
-1.658500000000000085e+00 1.220099999999999962e+00 1.637299999999999953e-03
-1.629899999999999904e+00 1.220099999999999962e+00 2.430900000000000161e-03
-1.601299999999999946e+00 1.220099999999999962e+00 3.034700000000000201e-04
-1.572699999999999987e+00 1.220099999999999962e+00 1.849600000000000045e-05
-1.544100000000000028e+00 1.220099999999999962e+00 9.411000000000000528e-05
-1.515500000000000069e+00 1.220099999999999962e+00 6.647199999999999648e-05
-1.486900000000000110e+00 1.220099999999999962e+00 9.509300000000000586e-05
-1.458299999999999930e+00 1.220099999999999962e+00 1.569099999999999922e-03
-1.429699999999999971e+00 1.220099999999999962e+00 4.606200000000000398e-03
-1.401100000000000012e+00 1.220099999999999962e+00 3.410800000000000073e-04
-1.372500000000000053e+00 1.220099999999999962e+00 2.094999999999999966e-04
-1.344000000000000083e+00 1.220099999999999962e+00 1.941599999999999977e-04
-1.315399999999999903e+00 1.220099999999999962e+00 2.295099999999999896e-04
-1.286799999999999944e+00 1.220099999999999962e+00 7.160600000000000255e-04
-1.258199999999999985e+00 1.220099999999999962e+00 3.955300000000000135e-03
-1.229600000000000026e+00 1.220099999999999962e+00 5.225900000000000228e-05
-1.201000000000000068e+00 1.220099999999999962e+00 2.214699999999999988e-05
-1.172400000000000109e+00 1.220099999999999962e+00 8.387799999999999550e-06
-1.143799999999999928e+00 1.220099999999999962e+00 6.069900000000000110e-06
-1.115199999999999969e+00 1.220099999999999962e+00 6.100400000000000072e-06
-1.086600000000000010e+00 1.220099999999999962e+00 6.577100000000000098e-06
-1.058000000000000052e+00 1.220099999999999962e+00 6.864500000000000091e-06
-1.029400000000000093e+00 1.220099999999999962e+00 6.701299999999999689e-06
-1.000799999999999912e+00 1.220099999999999962e+00 6.349600000000000159e-06
-9.722199999999999731e-01 1.220099999999999962e+00 7.125199999999999984e-06
-9.436299999999999688e-01 1.220099999999999962e+00 6.468500000000000291e-04
-9.150300000000000100e-01 1.220099999999999962e+00 1.466700000000000035e-03
-8.864400000000000057e-01 1.220099999999999962e+00 8.495700000000000669e-05
-8.578400000000000469e-01 1.220099999999999962e+00 4.653500000000000084e-05
-8.292500000000000426e-01 1.220099999999999962e+00 3.084200000000000049e-05
-8.006499999999999728e-01 1.220099999999999962e+00 2.078199999999999855e-05
-7.720599999999999685e-01 1.220099999999999962e+00 1.318900000000000027e-05
-7.434600000000000097e-01 1.220099999999999962e+00 7.245299999999999901e-06
-7.148700000000000054e-01 1.220099999999999962e+00 3.000400000000000106e-06
-6.862700000000000466e-01 1.220099999999999962e+00 1.222199999999999919e-06
-6.004899999999999682e-01 1.220099999999999962e+00 2.646700000000000003e-06
-5.718999999999999639e-01 1.220099999999999962e+00 4.939399999999999668e-06
-5.433000000000000052e-01 1.220099999999999962e+00 6.974300000000000294e-06
-5.147100000000000009e-01 1.220099999999999962e+00 8.082499999999999272e-06
-4.861099999999999866e-01 1.220099999999999962e+00 8.117700000000000222e-06
-4.575199999999999823e-01 1.220099999999999962e+00 7.168500000000000060e-06
-4.289200000000000235e-01 1.220099999999999962e+00 5.307800000000000240e-06
-4.003300000000000192e-01 1.220099999999999962e+00 3.049100000000000165e-06
-3.717300000000000049e-01 1.220099999999999962e+00 1.111900000000000103e-06
-2.859499999999999820e-01 1.220099999999999962e+00 1.165899999999999925e-06
-2.573500000000000232e-01 1.220099999999999962e+00 3.298800000000000078e-06
-2.287599999999999911e-01 1.220099999999999962e+00 6.003100000000000173e-06
-2.001600000000000046e-01 1.220099999999999962e+00 8.605799999999999835e-06
-1.715700000000000003e-01 1.220099999999999962e+00 1.048599999999999921e-05
-1.429700000000000137e-01 1.220099999999999962e+00 1.137100000000000006e-05
-1.143799999999999956e-01 1.220099999999999962e+00 1.118800000000000029e-05
-8.578399999999999914e-02 1.220099999999999962e+00 1.056799999999999945e-05
-5.718999999999999778e-02 1.220099999999999962e+00 9.254400000000000706e-06
-2.859499999999999889e-02 1.220099999999999962e+00 8.008800000000000299e-06
0.000000000000000000e+00 1.220099999999999962e+00 7.227799999999999645e-06
-4.489399999999999835e+00 1.248799999999999910e+00 1.214799999999999956e-04
-4.460799999999999876e+00 1.248799999999999910e+00 1.638900000000000046e-04
-4.432199999999999918e+00 1.248799999999999910e+00 1.966399999999999875e-04
-4.403599999999999959e+00 1.248799999999999910e+00 2.053799999999999886e-04
-4.375000000000000000e+00 1.248799999999999910e+00 1.974099999999999954e-04
-4.346400000000000041e+00 1.248799999999999910e+00 1.644999999999999869e-04
-4.317800000000000082e+00 1.248799999999999910e+00 1.139800000000000031e-04
-4.289200000000000124e+00 1.248799999999999910e+00 5.813000000000000079e-05
-4.260600000000000165e+00 1.248799999999999910e+00 1.639500000000000142e-05
-4.232000000000000206e+00 1.248799999999999910e+00 2.240400000000000183e-06
-4.203400000000000247e+00 1.248799999999999910e+00 2.210300000000000166e-05
-4.174800000000000288e+00 1.248799999999999910e+00 7.086599999999999540e-05
-4.146200000000000330e+00 1.248799999999999910e+00 1.133399999999999957e-04
-4.117600000000000371e+00 1.248799999999999910e+00 1.774299999999999868e-04
-4.089100000000000179e+00 1.248799999999999910e+00 2.224999999999999873e-04
-4.060500000000000220e+00 1.248799999999999910e+00 2.319099999999999938e-04
-4.031900000000000261e+00 1.248799999999999910e+00 2.063300000000000117e-04
-4.003300000000000303e+00 1.248799999999999910e+00 1.480900000000000001e-04
-3.974699999999999900e+00 1.248799999999999910e+00 7.973099999999999946e-05
-3.946099999999999941e+00 1.248799999999999910e+00 3.988699999999999944e-05
-3.917499999999999982e+00 1.248799999999999910e+00 3.714199999999999946e-06
-3.888900000000000023e+00 1.248799999999999910e+00 5.535700000000000210e-06
-3.860300000000000065e+00 1.248799999999999910e+00 4.299799999999999727e-05
-3.831700000000000106e+00 1.248799999999999910e+00 1.010899999999999961e-04
-3.803100000000000147e+00 1.248799999999999910e+00 1.549900000000000052e-04
-3.774500000000000188e+00 1.248799999999999910e+00 1.816099999999999908e-04
-3.745899999999999785e+00 1.248799999999999910e+00 1.827699999999999865e-04
-3.717299999999999827e+00 1.248799999999999910e+00 1.603800000000000061e-04
-3.688699999999999868e+00 1.248799999999999910e+00 1.304599999999999944e-04
-3.660099999999999909e+00 1.248799999999999910e+00 1.269200000000000113e-04
-3.631499999999999950e+00 1.248799999999999910e+00 1.860599999999999906e-04
-3.602899999999999991e+00 1.248799999999999910e+00 3.254900000000000024e-04
-3.574300000000000033e+00 1.248799999999999910e+00 5.344100000000000282e-04
-3.545799999999999841e+00 1.248799999999999910e+00 6.916500000000000339e-04
-3.517199999999999882e+00 1.248799999999999910e+00 9.234300000000000407e-04
-3.488599999999999923e+00 1.248799999999999910e+00 1.077400000000000059e-03
-3.459999999999999964e+00 1.248799999999999910e+00 1.092599999999999995e-03
-3.431400000000000006e+00 1.248799999999999910e+00 9.547699999999999677e-04
-3.402800000000000047e+00 1.248799999999999910e+00 6.949999999999999798e-04
-3.374200000000000088e+00 1.248799999999999910e+00 3.715100000000000260e-04
-3.345600000000000129e+00 1.248799999999999910e+00 1.826399999999999996e-04
-3.317000000000000171e+00 1.248799999999999910e+00 1.382800000000000042e-05
-3.288400000000000212e+00 1.248799999999999910e+00 5.508700000000000299e-05
-3.259799999999999809e+00 1.248799999999999910e+00 3.318400000000000212e-04
-3.231199999999999850e+00 1.248799999999999910e+00 7.852300000000000425e-04
-3.202599999999999891e+00 1.248799999999999910e+00 1.297200000000000089e-03
-3.173999999999999932e+00 1.248799999999999910e+00 1.676699999999999935e-03
-3.145399999999999974e+00 1.248799999999999910e+00 1.764900000000000019e-03
-3.116800000000000015e+00 1.248799999999999910e+00 1.613400000000000077e-03
-3.088200000000000056e+00 1.248799999999999910e+00 1.152400000000000039e-03
-3.059600000000000097e+00 1.248799999999999910e+00 5.201000000000000111e-04
-3.031000000000000139e+00 1.248799999999999910e+00 4.839900000000000197e-05
-3.002499999999999947e+00 1.248799999999999910e+00 1.563900000000000121e-04
-2.973899999999999988e+00 1.248799999999999910e+00 1.288599999999999988e-03
-2.945300000000000029e+00 1.248799999999999910e+00 2.759600000000000074e-03
-2.916700000000000070e+00 1.248799999999999910e+00 6.146099999999999827e-03
-2.888100000000000112e+00 1.248799999999999910e+00 1.091999999999999915e-02
-2.859500000000000153e+00 1.248799999999999910e+00 1.670699999999999963e-02
-2.830900000000000194e+00 1.248799999999999910e+00 2.268399999999999930e-02
-2.802299999999999791e+00 1.248799999999999910e+00 2.850300000000000056e-02
-2.773699999999999832e+00 1.248799999999999910e+00 3.312899999999999873e-02
-2.745099999999999874e+00 1.248799999999999910e+00 3.496699999999999808e-02
-2.716499999999999915e+00 1.248799999999999910e+00 3.558399999999999758e-02
-2.687899999999999956e+00 1.248799999999999910e+00 3.472299999999999692e-02
-2.659299999999999997e+00 1.248799999999999910e+00 3.166999999999999676e-02
-2.630700000000000038e+00 1.248799999999999910e+00 2.673299999999999982e-02
-2.602100000000000080e+00 1.248799999999999910e+00 2.099300000000000124e-02
-2.573500000000000121e+00 1.248799999999999910e+00 1.515999999999999986e-02
-2.544900000000000162e+00 1.248799999999999910e+00 9.687100000000000571e-03
-2.516300000000000203e+00 1.248799999999999910e+00 6.578999999999999779e-03
-2.487699999999999800e+00 1.248799999999999910e+00 3.130299999999999923e-03
-2.459200000000000053e+00 1.248799999999999910e+00 1.041999999999999958e-03
-2.430600000000000094e+00 1.248799999999999910e+00 1.175999999999999989e-04
-2.402000000000000135e+00 1.248799999999999910e+00 4.174699999999999857e-05
-2.373400000000000176e+00 1.248799999999999910e+00 4.234099999999999865e-04
-2.344800000000000217e+00 1.248799999999999910e+00 8.998300000000000092e-04
-2.316199999999999815e+00 1.248799999999999910e+00 1.128300000000000049e-03
-2.287599999999999856e+00 1.248799999999999910e+00 1.275799999999999894e-03
-2.258999999999999897e+00 1.248799999999999910e+00 1.172499999999999931e-03
-2.230399999999999938e+00 1.248799999999999910e+00 8.727900000000000241e-04
-2.201799999999999979e+00 1.248799999999999910e+00 4.970299999999999762e-04
-2.173200000000000021e+00 1.248799999999999910e+00 1.945600000000000075e-04
-2.144600000000000062e+00 1.248799999999999910e+00 2.773500000000000127e-05
-2.087400000000000144e+00 1.248799999999999910e+00 5.654299999999999718e-05
-2.058800000000000185e+00 1.248799999999999910e+00 1.801899999999999943e-04
-2.030199999999999783e+00 1.248799999999999910e+00 3.032199999999999869e-04
-2.001599999999999824e+00 1.248799999999999910e+00 3.677500000000000213e-04
-1.973000000000000087e+00 1.248799999999999910e+00 3.636600000000000249e-04
-1.944399999999999906e+00 1.248799999999999910e+00 3.139099999999999811e-04
-1.915799999999999947e+00 1.248799999999999910e+00 2.713899999999999884e-04
-1.887299999999999978e+00 1.248799999999999910e+00 2.269899999999999934e-04
-1.858700000000000019e+00 1.248799999999999910e+00 2.318300000000000081e-04
-1.830100000000000060e+00 1.248799999999999910e+00 2.959200000000000263e-04
-1.801500000000000101e+00 1.248799999999999910e+00 3.953599999999999823e-04
-1.772899999999999920e+00 1.248799999999999910e+00 4.981799999999999770e-04
-1.744299999999999962e+00 1.248799999999999910e+00 5.693799999999999729e-04
-1.715700000000000003e+00 1.248799999999999910e+00 5.892799999999999688e-04
-1.687100000000000044e+00 1.248799999999999910e+00 5.557700000000000270e-04
-1.658500000000000085e+00 1.248799999999999910e+00 3.434900000000000063e-04
-1.629899999999999904e+00 1.248799999999999910e+00 1.971700000000000113e-04
-1.601299999999999946e+00 1.248799999999999910e+00 1.004899999999999950e-04
-1.572699999999999987e+00 1.248799999999999910e+00 1.569399999999999958e-06
-1.544100000000000028e+00 1.248799999999999910e+00 6.214900000000000415e-05
-1.515500000000000069e+00 1.248799999999999910e+00 5.106900000000000182e-05
-1.486900000000000110e+00 1.248799999999999910e+00 1.938800000000000140e-05
-1.458299999999999930e+00 1.248799999999999910e+00 8.593900000000000508e-05
-1.429699999999999971e+00 1.248799999999999910e+00 2.758000000000000035e-03
-1.401100000000000012e+00 1.248799999999999910e+00 8.236000000000000428e-05
-1.372500000000000053e+00 1.248799999999999910e+00 5.112100000000000064e-05
-1.344000000000000083e+00 1.248799999999999910e+00 4.384000000000000039e-05
-1.315399999999999903e+00 1.248799999999999910e+00 3.915699999999999796e-05
-1.286799999999999944e+00 1.248799999999999910e+00 8.293699999999999553e-05
-1.258199999999999985e+00 1.248799999999999910e+00 1.431800000000000000e-03
-1.229600000000000026e+00 1.248799999999999910e+00 2.314499999999999948e-05
-1.201000000000000068e+00 1.248799999999999910e+00 4.086400000000000381e-06
-1.172400000000000109e+00 1.248799999999999910e+00 1.014499999999999985e-06
-1.029400000000000093e+00 1.248799999999999910e+00 1.084499999999999950e-06
-1.000799999999999912e+00 1.248799999999999910e+00 1.408799999999999963e-06
-9.436299999999999688e-01 1.248799999999999910e+00 2.385800000000000095e-05
-9.150300000000000100e-01 1.248799999999999910e+00 5.284499999999999701e-04
-8.864400000000000057e-01 1.248799999999999910e+00 1.292400000000000027e-05
-8.578400000000000469e-01 1.248799999999999910e+00 7.056600000000000336e-06
-8.292500000000000426e-01 1.248799999999999910e+00 4.324799999999999657e-06
-8.006499999999999728e-01 1.248799999999999910e+00 2.778300000000000149e-06
-7.720599999999999685e-01 1.248799999999999910e+00 1.660300000000000011e-06
-5.433000000000000052e-01 1.248799999999999910e+00 1.277300000000000036e-06
-5.147100000000000009e-01 1.248799999999999910e+00 1.472300000000000075e-06
-4.861099999999999866e-01 1.248799999999999910e+00 1.495899999999999942e-06
-4.575199999999999823e-01 1.248799999999999910e+00 1.358399999999999988e-06
-4.289200000000000235e-01 1.248799999999999910e+00 1.044499999999999910e-06
-2.001600000000000046e-01 1.248799999999999910e+00 1.288400000000000023e-06
-1.715700000000000003e-01 1.248799999999999910e+00 1.724199999999999941e-06
-1.429700000000000137e-01 1.248799999999999910e+00 2.002800000000000120e-06
-1.143799999999999956e-01 1.248799999999999910e+00 2.100999999999999874e-06
-8.578399999999999914e-02 1.248799999999999910e+00 2.081200000000000081e-06
-5.718999999999999778e-02 1.248799999999999910e+00 1.943500000000000112e-06
-2.859499999999999889e-02 1.248799999999999910e+00 1.722200000000000003e-06
0.000000000000000000e+00 1.248799999999999910e+00 1.501299999999999924e-06
-4.489399999999999835e+00 1.277500000000000080e+00 3.789499999999999886e-06
-4.460799999999999876e+00 1.277500000000000080e+00 5.326499999999999739e-06
-4.432199999999999918e+00 1.277500000000000080e+00 5.926499999999999924e-06
-4.403599999999999959e+00 1.277500000000000080e+00 7.028400000000000335e-06
-4.375000000000000000e+00 1.277500000000000080e+00 6.810000000000000020e-06
-4.346400000000000041e+00 1.277500000000000080e+00 5.450199999999999927e-06
-4.317800000000000082e+00 1.277500000000000080e+00 3.511399999999999957e-06
-4.289200000000000124e+00 1.277500000000000080e+00 1.991299999999999891e-06
-4.174800000000000288e+00 1.277500000000000080e+00 1.015800000000000083e-06
-4.146200000000000330e+00 1.277500000000000080e+00 1.594599999999999945e-06
-4.117600000000000371e+00 1.277500000000000080e+00 2.183699999999999946e-06
-4.089100000000000179e+00 1.277500000000000080e+00 2.995099999999999920e-06
-4.060500000000000220e+00 1.277500000000000080e+00 3.412699999999999953e-06
-4.031900000000000261e+00 1.277500000000000080e+00 2.026999999999999820e-06
-4.003300000000000303e+00 1.277500000000000080e+00 2.373199999999999996e-06
-3.974699999999999900e+00 1.277500000000000080e+00 2.894000000000000159e-06
-3.946099999999999941e+00 1.277500000000000080e+00 3.548099999999999961e-06
-3.917499999999999982e+00 1.277500000000000080e+00 5.250899999999999989e-06
-3.888900000000000023e+00 1.277500000000000080e+00 7.127499999999999945e-06
-3.860300000000000065e+00 1.277500000000000080e+00 9.162799999999999754e-06
-3.831700000000000106e+00 1.277500000000000080e+00 1.007000000000000015e-05
-3.803100000000000147e+00 1.277500000000000080e+00 9.392700000000000720e-06
-3.774500000000000188e+00 1.277500000000000080e+00 8.264899999999999423e-06
-3.745899999999999785e+00 1.277500000000000080e+00 6.570399999999999807e-06
-3.717299999999999827e+00 1.277500000000000080e+00 3.222199999999999829e-06
-3.631499999999999950e+00 1.277500000000000080e+00 1.140199999999999900e-06
-3.602899999999999991e+00 1.277500000000000080e+00 3.304000000000000045e-06
-3.574300000000000033e+00 1.277500000000000080e+00 7.227799999999999645e-06
-3.545799999999999841e+00 1.277500000000000080e+00 1.202700000000000021e-05
-3.517199999999999882e+00 1.277500000000000080e+00 1.242200000000000067e-05
-3.488599999999999923e+00 1.277500000000000080e+00 1.163300000000000026e-05
-3.459999999999999964e+00 1.277500000000000080e+00 1.275500000000000070e-05
-3.431400000000000006e+00 1.277500000000000080e+00 1.045899999999999930e-05
-3.402800000000000047e+00 1.277500000000000080e+00 3.068499999999999928e-06
-3.374200000000000088e+00 1.277500000000000080e+00 1.242899999999999992e-06
-3.317000000000000171e+00 1.277500000000000080e+00 1.925599999999999826e-06
-3.288400000000000212e+00 1.277500000000000080e+00 6.615999999999999845e-06
-3.259799999999999809e+00 1.277500000000000080e+00 1.327999999999999991e-05
-3.231199999999999850e+00 1.277500000000000080e+00 2.376400000000000151e-05
-3.202599999999999891e+00 1.277500000000000080e+00 2.771200000000000166e-05
-3.173999999999999932e+00 1.277500000000000080e+00 3.001400000000000096e-05
-3.145399999999999974e+00 1.277500000000000080e+00 3.292600000000000290e-05
-3.116800000000000015e+00 1.277500000000000080e+00 3.058300000000000179e-05
-3.088200000000000056e+00 1.277500000000000080e+00 1.466400000000000055e-05
-3.059600000000000097e+00 1.277500000000000080e+00 5.603399999999999579e-06
-3.031000000000000139e+00 1.277500000000000080e+00 2.790600000000000014e-06
-3.002499999999999947e+00 1.277500000000000080e+00 1.838600000000000066e-06
-2.973899999999999988e+00 1.277500000000000080e+00 3.849100000000000129e-06
-2.945300000000000029e+00 1.277500000000000080e+00 1.646300000000000145e-05
-2.916700000000000070e+00 1.277500000000000080e+00 5.538900000000000111e-05
-2.888100000000000112e+00 1.277500000000000080e+00 8.725099999999999523e-05
-2.859500000000000153e+00 1.277500000000000080e+00 1.123300000000000036e-04
-2.830900000000000194e+00 1.277500000000000080e+00 2.110100000000000007e-04
-2.802299999999999791e+00 1.277500000000000080e+00 2.595100000000000141e-04
-2.773699999999999832e+00 1.277500000000000080e+00 2.212600000000000059e-04
-2.745099999999999874e+00 1.277500000000000080e+00 2.567100000000000003e-04
-2.716499999999999915e+00 1.277500000000000080e+00 4.129599999999999764e-04
-2.687899999999999956e+00 1.277500000000000080e+00 2.723299999999999896e-04
-2.659299999999999997e+00 1.277500000000000080e+00 2.159100000000000114e-04
-2.630700000000000038e+00 1.277500000000000080e+00 2.359800000000000005e-04
-2.602100000000000080e+00 1.277500000000000080e+00 2.260399999999999974e-04
-2.573500000000000121e+00 1.277500000000000080e+00 1.107900000000000014e-04
-2.544900000000000162e+00 1.277500000000000080e+00 8.056000000000000118e-05
-2.516300000000000203e+00 1.277500000000000080e+00 6.904500000000000047e-05
-2.487699999999999800e+00 1.277500000000000080e+00 4.177300000000000137e-05
-2.459200000000000053e+00 1.277500000000000080e+00 1.942800000000000101e-05
-2.430600000000000094e+00 1.277500000000000080e+00 1.208500000000000034e-05
-2.402000000000000135e+00 1.277500000000000080e+00 1.490399999999999994e-05
-2.373400000000000176e+00 1.277500000000000080e+00 2.262599999999999987e-05
-2.344800000000000217e+00 1.277500000000000080e+00 2.942599999999999914e-05
-2.316199999999999815e+00 1.277500000000000080e+00 3.552899999999999814e-05
-2.287599999999999856e+00 1.277500000000000080e+00 4.012600000000000173e-05
-2.258999999999999897e+00 1.277500000000000080e+00 3.588999999999999688e-05
-2.230399999999999938e+00 1.277500000000000080e+00 3.108700000000000238e-05
-2.201799999999999979e+00 1.277500000000000080e+00 2.645899999999999858e-05
-2.173200000000000021e+00 1.277500000000000080e+00 1.773399999999999995e-05
-2.144600000000000062e+00 1.277500000000000080e+00 1.172999999999999950e-05
-2.116000000000000103e+00 1.277500000000000080e+00 9.446399999999999884e-06
-2.087400000000000144e+00 1.277500000000000080e+00 8.687900000000000285e-06
-2.058800000000000185e+00 1.277500000000000080e+00 9.903599999999999505e-06
-2.030199999999999783e+00 1.277500000000000080e+00 1.270899999999999978e-05
-2.001599999999999824e+00 1.277500000000000080e+00 1.523699999999999997e-05
-1.973000000000000087e+00 1.277500000000000080e+00 1.557199999999999931e-05
-1.944399999999999906e+00 1.277500000000000080e+00 1.309400000000000033e-05
-1.915799999999999947e+00 1.277500000000000080e+00 1.147799999999999920e-05
-1.887299999999999978e+00 1.277500000000000080e+00 8.025299999999999209e-06
-1.858700000000000019e+00 1.277500000000000080e+00 4.209100000000000070e-06
-1.830100000000000060e+00 1.277500000000000080e+00 1.204300000000000057e-06
-1.801500000000000101e+00 1.277500000000000080e+00 1.700000000000000029e-06
-1.772899999999999920e+00 1.277500000000000080e+00 4.433099999999999958e-06
-1.744299999999999962e+00 1.277500000000000080e+00 7.168799999999999871e-06
-1.715700000000000003e+00 1.277500000000000080e+00 9.986999999999999418e-06
-1.687100000000000044e+00 1.277500000000000080e+00 1.844400000000000163e-05
-1.658500000000000085e+00 1.277500000000000080e+00 2.041899999999999881e-05
-1.629899999999999904e+00 1.277500000000000080e+00 5.508099999999999830e-06
-1.601299999999999946e+00 1.277500000000000080e+00 3.775399999999999801e-05
-1.572699999999999987e+00 1.277500000000000080e+00 2.397800000000000150e-06
-1.544100000000000028e+00 1.277500000000000080e+00 1.428400000000000080e-05
-1.515500000000000069e+00 1.277500000000000080e+00 4.345700000000000084e-05
-1.458299999999999930e+00 1.277500000000000080e+00 1.516799999999999945e-05
-1.429699999999999971e+00 1.277500000000000080e+00 1.348300000000000084e-04
-1.401100000000000012e+00 1.277500000000000080e+00 3.304200000000000060e-06
-1.286799999999999944e+00 1.277500000000000080e+00 7.673400000000000088e-06
-1.258199999999999985e+00 1.277500000000000080e+00 7.459399999999999766e-05
-1.229600000000000026e+00 1.277500000000000080e+00 1.101799999999999980e-06
-9.436299999999999688e-01 1.277500000000000080e+00 6.053400000000000352e-06
-9.150300000000000100e-01 1.277500000000000080e+00 4.705200000000000284e-05
-8.864400000000000057e-01 1.277500000000000080e+00 1.617400000000000134e-05
-8.578400000000000469e-01 1.277500000000000080e+00 1.304499999999999962e-06
-4.489399999999999835e+00 1.306200000000000028e+00 7.937900000000000012e-05
-4.460799999999999876e+00 1.306200000000000028e+00 1.040900000000000012e-04
-4.432199999999999918e+00 1.306200000000000028e+00 1.218900000000000002e-04
-4.403599999999999959e+00 1.306200000000000028e+00 1.259599999999999934e-04
-4.375000000000000000e+00 1.306200000000000028e+00 1.188599999999999970e-04
-4.346400000000000041e+00 1.306200000000000028e+00 9.733799999999999538e-05
-4.317800000000000082e+00 1.306200000000000028e+00 6.674000000000000136e-05
-4.289200000000000124e+00 1.306200000000000028e+00 3.435499999999999887e-05
-4.260600000000000165e+00 1.306200000000000028e+00 1.017300000000000069e-05
-4.203400000000000247e+00 1.306200000000000028e+00 8.446900000000000391e-06
-4.174800000000000288e+00 1.306200000000000028e+00 2.867100000000000044e-05
-4.146200000000000330e+00 1.306200000000000028e+00 4.518699999999999952e-05
-4.117600000000000371e+00 1.306200000000000028e+00 6.780900000000000078e-05
-4.089100000000000179e+00 1.306200000000000028e+00 7.907900000000000638e-05
-4.060500000000000220e+00 1.306200000000000028e+00 7.410999999999999348e-05
-4.031900000000000261e+00 1.306200000000000028e+00 5.550199999999999817e-05
-4.003300000000000303e+00 1.306200000000000028e+00 2.992600000000000113e-05
-3.974699999999999900e+00 1.306200000000000028e+00 7.951000000000000615e-06
-3.917499999999999982e+00 1.306200000000000028e+00 5.982399999999999677e-06
-3.888900000000000023e+00 1.306200000000000028e+00 3.008599999999999960e-05
-3.860300000000000065e+00 1.306200000000000028e+00 6.586900000000000242e-05
-3.831700000000000106e+00 1.306200000000000028e+00 1.008200000000000003e-04
-3.803100000000000147e+00 1.306200000000000028e+00 1.217800000000000029e-04
-3.774500000000000188e+00 1.306200000000000028e+00 1.194300000000000000e-04
-3.745899999999999785e+00 1.306200000000000028e+00 1.049800000000000012e-04
-3.717299999999999827e+00 1.306200000000000028e+00 7.364600000000000605e-05
-3.688699999999999868e+00 1.306200000000000028e+00 4.640800000000000020e-05
-3.660099999999999909e+00 1.306200000000000028e+00 4.486900000000000019e-05
-3.631499999999999950e+00 1.306200000000000028e+00 8.697399999999999771e-05
-3.602899999999999991e+00 1.306200000000000028e+00 1.779700000000000054e-04
-3.574300000000000033e+00 1.306200000000000028e+00 3.045500000000000030e-04
-3.545799999999999841e+00 1.306200000000000028e+00 3.939099999999999741e-04
-3.517199999999999882e+00 1.306200000000000028e+00 5.108400000000000354e-04
-3.488599999999999923e+00 1.306200000000000028e+00 5.788500000000000026e-04
-3.459999999999999964e+00 1.306200000000000028e+00 5.637899999999999943e-04
-3.431400000000000006e+00 1.306200000000000028e+00 4.644399999999999917e-04
-3.402800000000000047e+00 1.306200000000000028e+00 3.095099999999999826e-04
-3.374200000000000088e+00 1.306200000000000028e+00 1.422700000000000050e-04
-3.345600000000000129e+00 1.306200000000000028e+00 5.480999999999999870e-05
-3.317000000000000171e+00 1.306200000000000028e+00 1.130300000000000003e-06
-3.288400000000000212e+00 1.306200000000000028e+00 6.998399999999999944e-05
-3.259799999999999809e+00 1.306200000000000028e+00 2.641100000000000175e-04
-3.231199999999999850e+00 1.306200000000000028e+00 5.396300000000000359e-04
-3.202599999999999891e+00 1.306200000000000028e+00 8.216099999999999619e-04
-3.173999999999999932e+00 1.306200000000000028e+00 1.016299999999999929e-03
-3.145399999999999974e+00 1.306200000000000028e+00 1.051199999999999964e-03
-3.116800000000000015e+00 1.306200000000000028e+00 9.374599999999999860e-04
-3.088200000000000056e+00 1.306200000000000028e+00 6.579900000000000072e-04
-3.059600000000000097e+00 1.306200000000000028e+00 3.020200000000000120e-04
-3.031000000000000139e+00 1.306200000000000028e+00 3.922400000000000257e-05
-3.002499999999999947e+00 1.306200000000000028e+00 8.815100000000000355e-05
-2.973899999999999988e+00 1.306200000000000028e+00 6.582499999999999810e-04
-2.945300000000000029e+00 1.306200000000000028e+00 1.407800000000000067e-03
-2.916700000000000070e+00 1.306200000000000028e+00 3.097299999999999880e-03
-2.888100000000000112e+00 1.306200000000000028e+00 5.439699999999999570e-03
-2.859500000000000153e+00 1.306200000000000028e+00 8.271499999999999339e-03
-2.830900000000000194e+00 1.306200000000000028e+00 1.124600000000000079e-02
-2.802299999999999791e+00 1.306200000000000028e+00 1.401200000000000015e-02
-2.773699999999999832e+00 1.306200000000000028e+00 1.623199999999999990e-02
-2.745099999999999874e+00 1.306200000000000028e+00 1.713800000000000046e-02
-2.716499999999999915e+00 1.306200000000000028e+00 1.755800000000000069e-02
-2.687899999999999956e+00 1.306200000000000028e+00 1.693100000000000160e-02
-2.659299999999999997e+00 1.306200000000000028e+00 1.551600000000000028e-02
-2.630700000000000038e+00 1.306200000000000028e+00 1.323700000000000050e-02
-2.602100000000000080e+00 1.306200000000000028e+00 1.048900000000000006e-02
-2.573500000000000121e+00 1.306200000000000028e+00 7.661300000000000228e-03
-2.544900000000000162e+00 1.306200000000000028e+00 5.025299999999999906e-03
-2.516300000000000203e+00 1.306200000000000028e+00 3.511199999999999911e-03
-2.487699999999999800e+00 1.306200000000000028e+00 1.778300000000000020e-03
-2.459200000000000053e+00 1.306200000000000028e+00 6.860100000000000269e-04
-2.430600000000000094e+00 1.306200000000000028e+00 1.471199999999999873e-04
-2.402000000000000135e+00 1.306200000000000028e+00 3.165099999999999901e-05
-2.373400000000000176e+00 1.306200000000000028e+00 1.639699999999999903e-04
-2.344800000000000217e+00 1.306200000000000028e+00 3.774100000000000068e-04
-2.316199999999999815e+00 1.306200000000000028e+00 5.006999999999999732e-04
-2.287599999999999856e+00 1.306200000000000028e+00 5.985499999999999935e-04
-2.258999999999999897e+00 1.306200000000000028e+00 5.893499999999999867e-04
-2.230399999999999938e+00 1.306200000000000028e+00 4.856300000000000243e-04
-2.201799999999999979e+00 1.306200000000000028e+00 3.287699999999999846e-04
-2.173200000000000021e+00 1.306200000000000028e+00 1.754299999999999924e-04
-2.144600000000000062e+00 1.306200000000000028e+00 6.437099999999999745e-05
-2.116000000000000103e+00 1.306200000000000028e+00 2.171300000000000031e-05
-2.058800000000000185e+00 1.306200000000000028e+00 1.341799999999999926e-05
-2.030199999999999783e+00 1.306200000000000028e+00 3.879499999999999702e-05
-2.001599999999999824e+00 1.306200000000000028e+00 5.528299999999999908e-05
-1.973000000000000087e+00 1.306200000000000028e+00 5.527200000000000206e-05
-1.944399999999999906e+00 1.306200000000000028e+00 4.283000000000000159e-05
-1.915799999999999947e+00 1.306200000000000028e+00 3.318899999999999682e-05
-1.887299999999999978e+00 1.306200000000000028e+00 2.737099999999999933e-05
-1.858700000000000019e+00 1.306200000000000028e+00 4.315800000000000251e-05
-1.830100000000000060e+00 1.306200000000000028e+00 8.526199999999999784e-05
-1.801500000000000101e+00 1.306200000000000028e+00 1.459300000000000072e-04
-1.772899999999999920e+00 1.306200000000000028e+00 2.095200000000000133e-04
-1.744299999999999962e+00 1.306200000000000028e+00 2.617499999999999927e-04
-1.715700000000000003e+00 1.306200000000000028e+00 2.837800000000000240e-04
-1.687100000000000044e+00 1.306200000000000028e+00 2.969599999999999757e-04
-1.658500000000000085e+00 1.306200000000000028e+00 2.561600000000000140e-04
-1.629899999999999904e+00 1.306200000000000028e+00 7.992799999999999775e-05
-1.601299999999999946e+00 1.306200000000000028e+00 2.607600000000000174e-04
-1.572699999999999987e+00 1.306200000000000028e+00 1.185700000000000015e-05
-1.544100000000000028e+00 1.306200000000000028e+00 1.109300000000000035e-05
-1.515500000000000069e+00 1.306200000000000028e+00 5.648000000000000134e-05
-1.486900000000000110e+00 1.306200000000000028e+00 3.699899999999999931e-06
-1.458299999999999930e+00 1.306200000000000028e+00 4.314700000000000380e-06
-1.429699999999999971e+00 1.306200000000000028e+00 3.692400000000000087e-04
-1.401100000000000012e+00 1.306200000000000028e+00 3.557499999999999736e-05
-1.372500000000000053e+00 1.306200000000000028e+00 9.735600000000000436e-06
-1.344000000000000083e+00 1.306200000000000028e+00 6.874099999999999965e-06
-1.315399999999999903e+00 1.306200000000000028e+00 6.574000000000000077e-06
-1.286799999999999944e+00 1.306200000000000028e+00 9.303600000000000167e-06
-1.258199999999999985e+00 1.306200000000000028e+00 1.058900000000000043e-04
-1.229600000000000026e+00 1.306200000000000028e+00 4.181100000000000338e-05
-1.201000000000000068e+00 1.306200000000000028e+00 3.457000000000000105e-06
-1.172400000000000109e+00 1.306200000000000028e+00 2.345200000000000009e-06
-1.143799999999999928e+00 1.306200000000000028e+00 1.922600000000000024e-06
-1.115199999999999969e+00 1.306200000000000028e+00 1.754000000000000063e-06
-1.086600000000000010e+00 1.306200000000000028e+00 1.501199999999999916e-06
-1.058000000000000052e+00 1.306200000000000028e+00 1.182999999999999939e-06
-9.436299999999999688e-01 1.306200000000000028e+00 2.156399999999999886e-05
-9.150300000000000100e-01 1.306200000000000028e+00 3.361199999999999735e-04
-8.864400000000000057e-01 1.306200000000000028e+00 5.376899999999999968e-05
-8.578400000000000469e-01 1.306200000000000028e+00 9.598000000000000262e-06
-8.292500000000000426e-01 1.306200000000000028e+00 7.303400000000000243e-06
-8.006499999999999728e-01 1.306200000000000028e+00 4.752000000000000412e-06
-7.720599999999999685e-01 1.306200000000000028e+00 3.081700000000000073e-06
-7.434600000000000097e-01 1.306200000000000028e+00 1.842199999999999913e-06
-2.001600000000000046e-01 1.306200000000000028e+00 1.152699999999999992e-06
-1.715700000000000003e-01 1.306200000000000028e+00 1.238100000000000055e-06
-1.429700000000000137e-01 1.306200000000000028e+00 1.164700000000000047e-06
-4.489399999999999835e+00 1.334899999999999975e+00 1.217399999999999965e-04
-4.460799999999999876e+00 1.334899999999999975e+00 1.589700000000000043e-04
-4.432199999999999918e+00 1.334899999999999975e+00 1.852900000000000098e-04
-4.403599999999999959e+00 1.334899999999999975e+00 1.904800000000000059e-04
-4.375000000000000000e+00 1.334899999999999975e+00 1.803599999999999876e-04
-4.346400000000000041e+00 1.334899999999999975e+00 1.478700000000000056e-04
-4.317800000000000082e+00 1.334899999999999975e+00 1.010300000000000000e-04
-4.289200000000000124e+00 1.334899999999999975e+00 5.197899999999999819e-05
-4.260600000000000165e+00 1.334899999999999975e+00 1.535600000000000002e-05
-4.232000000000000206e+00 1.334899999999999975e+00 1.391399999999999926e-06
-4.203400000000000247e+00 1.334899999999999975e+00 1.339199999999999985e-05
-4.174800000000000288e+00 1.334899999999999975e+00 4.548400000000000023e-05
-4.146200000000000330e+00 1.334899999999999975e+00 7.198800000000000262e-05
-4.117600000000000371e+00 1.334899999999999975e+00 1.088299999999999999e-04
-4.089100000000000179e+00 1.334899999999999975e+00 1.282800000000000119e-04
-4.060500000000000220e+00 1.334899999999999975e+00 1.230699999999999991e-04
-4.031900000000000261e+00 1.334899999999999975e+00 9.507599999999999569e-05
-4.003300000000000303e+00 1.334899999999999975e+00 5.440000000000000093e-05
-3.974699999999999900e+00 1.334899999999999975e+00 1.732399999999999880e-05
-3.946099999999999941e+00 1.334899999999999975e+00 3.264499999999999831e-06
-3.917499999999999982e+00 1.334899999999999975e+00 5.832499999999999638e-06
-3.888900000000000023e+00 1.334899999999999975e+00 3.807599999999999933e-05
-3.860300000000000065e+00 1.334899999999999975e+00 9.050600000000000387e-05
-3.831700000000000106e+00 1.334899999999999975e+00 1.446700000000000091e-04
-3.803100000000000147e+00 1.334899999999999975e+00 1.800700000000000022e-04
-3.774500000000000188e+00 1.334899999999999975e+00 1.816200000000000128e-04
-3.745899999999999785e+00 1.334899999999999975e+00 1.637300000000000062e-04
-3.717299999999999827e+00 1.334899999999999975e+00 1.206300000000000021e-04
-3.688699999999999868e+00 1.334899999999999975e+00 8.141300000000000132e-05
-3.660099999999999909e+00 1.334899999999999975e+00 7.909600000000000300e-05
-3.631499999999999950e+00 1.334899999999999975e+00 1.414999999999999971e-04
-3.602899999999999991e+00 1.334899999999999975e+00 2.784500000000000191e-04
-3.574300000000000033e+00 1.334899999999999975e+00 4.711699999999999764e-04
-3.545799999999999841e+00 1.334899999999999975e+00 6.095399999999999950e-04
-3.517199999999999882e+00 1.334899999999999975e+00 7.931999999999999815e-04
-3.488599999999999923e+00 1.334899999999999975e+00 9.042300000000000077e-04
-3.459999999999999964e+00 1.334899999999999975e+00 8.843500000000000015e-04
-3.431400000000000006e+00 1.334899999999999975e+00 7.393999999999999748e-04
-3.402800000000000047e+00 1.334899999999999975e+00 5.013399999999999671e-04
-3.374200000000000088e+00 1.334899999999999975e+00 2.395999999999999964e-04
-3.345600000000000129e+00 1.334899999999999975e+00 9.802800000000000402e-05
-3.317000000000000171e+00 1.334899999999999975e+00 2.304599999999999924e-06
-3.288400000000000212e+00 1.334899999999999975e+00 9.406199999999999490e-05
-3.259799999999999809e+00 1.334899999999999975e+00 3.803500000000000023e-04
-3.231199999999999850e+00 1.334899999999999975e+00 8.001700000000000045e-04
-3.202599999999999891e+00 1.334899999999999975e+00 1.237999999999999951e-03
-3.173999999999999932e+00 1.334899999999999975e+00 1.543399999999999894e-03
-3.145399999999999974e+00 1.334899999999999975e+00 1.606400000000000015e-03
-3.116800000000000015e+00 1.334899999999999975e+00 1.444600000000000094e-03
-3.088200000000000056e+00 1.334899999999999975e+00 1.020899999999999933e-03
-3.059600000000000097e+00 1.334899999999999975e+00 4.713900000000000251e-04
-3.031000000000000139e+00 1.334899999999999975e+00 6.280599999999999464e-05
-3.002499999999999947e+00 1.334899999999999975e+00 1.319699999999999985e-04
-2.973899999999999988e+00 1.334899999999999975e+00 1.013599999999999918e-03
-2.945300000000000029e+00 1.334899999999999975e+00 2.173399999999999811e-03
-2.916700000000000070e+00 1.334899999999999975e+00 4.826399999999999788e-03
-2.888100000000000112e+00 1.334899999999999975e+00 8.503000000000000141e-03
-2.859500000000000153e+00 1.334899999999999975e+00 1.299699999999999987e-02
-2.830900000000000194e+00 1.334899999999999975e+00 1.766099999999999962e-02
-2.802299999999999791e+00 1.334899999999999975e+00 2.205100000000000116e-02
-2.773699999999999832e+00 1.334899999999999975e+00 2.552000000000000102e-02
-2.745099999999999874e+00 1.334899999999999975e+00 2.703900000000000053e-02
-2.716499999999999915e+00 1.334899999999999975e+00 2.768999999999999934e-02
-2.687899999999999956e+00 1.334899999999999975e+00 2.676200000000000107e-02
-2.659299999999999997e+00 1.334899999999999975e+00 2.442899999999999933e-02
-2.630700000000000038e+00 1.334899999999999975e+00 2.086100000000000107e-02
-2.602100000000000080e+00 1.334899999999999975e+00 1.651999999999999996e-02
-2.573500000000000121e+00 1.334899999999999975e+00 1.204399999999999915e-02
-2.544900000000000162e+00 1.334899999999999975e+00 7.861500000000000432e-03
-2.516300000000000203e+00 1.334899999999999975e+00 5.484000000000000159e-03
-2.487699999999999800e+00 1.334899999999999975e+00 2.750600000000000180e-03
-2.459200000000000053e+00 1.334899999999999975e+00 1.034699999999999943e-03
-2.430600000000000094e+00 1.334899999999999975e+00 2.041300000000000124e-04
-2.402000000000000135e+00 1.334899999999999975e+00 3.862299999999999935e-05
-2.373400000000000176e+00 1.334899999999999975e+00 2.611299999999999884e-04
-2.344800000000000217e+00 1.334899999999999975e+00 6.049700000000000303e-04
-2.316199999999999815e+00 1.334899999999999975e+00 7.942500000000000341e-04
-2.287599999999999856e+00 1.334899999999999975e+00 9.445299999999999573e-04
-2.258999999999999897e+00 1.334899999999999975e+00 9.187600000000000194e-04
-2.230399999999999938e+00 1.334899999999999975e+00 7.460299999999999571e-04
-2.201799999999999979e+00 1.334899999999999975e+00 4.935999999999999633e-04
-2.173200000000000021e+00 1.334899999999999975e+00 2.529799999999999801e-04
-2.144600000000000062e+00 1.334899999999999975e+00 8.441200000000000428e-05
-2.116000000000000103e+00 1.334899999999999975e+00 2.396199999999999860e-05
-2.087400000000000144e+00 1.334899999999999975e+00 2.069899999999999867e-06
-2.058800000000000185e+00 1.334899999999999975e+00 3.363600000000000118e-05
-2.030199999999999783e+00 1.334899999999999975e+00 8.153800000000000435e-05
-2.001599999999999824e+00 1.334899999999999975e+00 1.117899999999999986e-04
-1.973000000000000087e+00 1.334899999999999975e+00 1.114900000000000049e-04
-1.944399999999999906e+00 1.334899999999999975e+00 8.978300000000000419e-05
-1.915799999999999947e+00 1.334899999999999975e+00 7.330299999999999934e-05
-1.887299999999999978e+00 1.334899999999999975e+00 6.368599999999999977e-05
-1.858700000000000019e+00 1.334899999999999975e+00 8.959399999999999634e-05
-1.830100000000000060e+00 1.334899999999999975e+00 1.574799999999999898e-04
-1.801500000000000101e+00 1.334899999999999975e+00 2.543299999999999858e-04
-1.772899999999999920e+00 1.334899999999999975e+00 3.540300000000000239e-04
-1.744299999999999962e+00 1.334899999999999975e+00 4.311599999999999851e-04
-1.715700000000000003e+00 1.334899999999999975e+00 4.593600000000000200e-04
-1.687100000000000044e+00 1.334899999999999975e+00 4.671599999999999928e-04
-1.658500000000000085e+00 1.334899999999999975e+00 4.041599999999999793e-04
-1.629899999999999904e+00 1.334899999999999975e+00 1.345200000000000063e-04
-1.601299999999999946e+00 1.334899999999999975e+00 3.564700000000000073e-04
-1.572699999999999987e+00 1.334899999999999975e+00 1.898399999999999984e-05
-1.544100000000000028e+00 1.334899999999999975e+00 6.657599999999999582e-06
-1.515500000000000069e+00 1.334899999999999975e+00 6.785599999999999542e-05
-1.486900000000000110e+00 1.334899999999999975e+00 1.005599999999999994e-05
-1.458299999999999930e+00 1.334899999999999975e+00 1.309299999999999983e-05
-1.429699999999999971e+00 1.334899999999999975e+00 4.656400000000000209e-04
-1.401100000000000012e+00 1.334899999999999975e+00 1.479800000000000028e-04
-1.372500000000000053e+00 1.334899999999999975e+00 2.382199999999999994e-05
-1.344000000000000083e+00 1.334899999999999975e+00 1.484800000000000082e-05
-1.315399999999999903e+00 1.334899999999999975e+00 1.362100000000000054e-05
-1.286799999999999944e+00 1.334899999999999975e+00 1.798300000000000045e-05
-1.258199999999999985e+00 1.334899999999999975e+00 1.289200000000000057e-04
-1.229600000000000026e+00 1.334899999999999975e+00 1.674199999999999929e-04
-1.201000000000000068e+00 1.334899999999999975e+00 5.229300000000000060e-06
-1.172400000000000109e+00 1.334899999999999975e+00 2.787799999999999804e-06
-1.143799999999999928e+00 1.334899999999999975e+00 2.201099999999999983e-06
-1.115199999999999969e+00 1.334899999999999975e+00 2.019699999999999907e-06
-1.086600000000000010e+00 1.334899999999999975e+00 1.751100000000000056e-06
-1.058000000000000052e+00 1.334899999999999975e+00 1.395200000000000000e-06
-9.436299999999999688e-01 1.334899999999999975e+00 1.986899999999999899e-05
-9.150300000000000100e-01 1.334899999999999975e+00 1.410299999999999965e-04
-8.864400000000000057e-01 1.334899999999999975e+00 3.505199999999999982e-04
-8.578400000000000469e-01 1.334899999999999975e+00 1.500599999999999998e-05
-8.292500000000000426e-01 1.334899999999999975e+00 1.124799999999999971e-05
-8.006499999999999728e-01 1.334899999999999975e+00 6.997999999999999745e-06
-7.720599999999999685e-01 1.334899999999999975e+00 4.420999999999999685e-06
-7.434600000000000097e-01 1.334899999999999975e+00 2.588800000000000100e-06
-7.148700000000000054e-01 1.334899999999999975e+00 1.289799999999999916e-06
-2.287599999999999911e-01 1.334899999999999975e+00 1.328800000000000093e-06
-2.001600000000000046e-01 1.334899999999999975e+00 1.694000000000000002e-06
-1.715700000000000003e-01 1.334899999999999975e+00 1.876799999999999971e-06
-1.429700000000000137e-01 1.334899999999999975e+00 1.833999999999999932e-06
-1.143799999999999956e-01 1.334899999999999975e+00 1.604500000000000054e-06
-8.578399999999999914e-02 1.334899999999999975e+00 1.400799999999999997e-06
-5.718999999999999778e-02 1.334899999999999975e+00 1.095999999999999967e-06
-4.489399999999999835e+00 1.363599999999999923e+00 1.146499999999999950e-04
-4.460799999999999876e+00 1.363599999999999923e+00 1.472800000000000129e-04
-4.432199999999999918e+00 1.363599999999999923e+00 1.691600000000000135e-04
-4.403599999999999959e+00 1.363599999999999923e+00 1.730799999999999895e-04
-4.375000000000000000e+00 1.363599999999999923e+00 1.558599999999999884e-04
-4.346400000000000041e+00 1.363599999999999923e+00 1.335300000000000039e-04
-4.317800000000000082e+00 1.363599999999999923e+00 9.071799999999999439e-05
-4.289200000000000124e+00 1.363599999999999923e+00 4.668799999999999751e-05
-4.260600000000000165e+00 1.363599999999999923e+00 1.357400000000000082e-05
-4.232000000000000206e+00 1.363599999999999923e+00 1.132899999999999987e-06
-4.203400000000000247e+00 1.363599999999999923e+00 1.194900000000000028e-05
-4.174800000000000288e+00 1.363599999999999923e+00 4.115899999999999675e-05
-4.146200000000000330e+00 1.363599999999999923e+00 6.542599999999999328e-05
-4.117600000000000371e+00 1.363599999999999923e+00 9.863699999999999768e-05
-4.089100000000000179e+00 1.363599999999999923e+00 1.173899999999999992e-04
-4.060500000000000220e+00 1.363599999999999923e+00 1.137799999999999982e-04
-4.031900000000000261e+00 1.363599999999999923e+00 8.844200000000000466e-05
-4.003300000000000303e+00 1.363599999999999923e+00 5.124099999999999949e-05
-3.974699999999999900e+00 1.363599999999999923e+00 1.709999999999999891e-05
-3.946099999999999941e+00 1.363599999999999923e+00 3.546800000000000075e-06
-3.917499999999999982e+00 1.363599999999999923e+00 4.675599999999999754e-06
-3.888900000000000023e+00 1.363599999999999923e+00 3.296699999999999793e-05
-3.860300000000000065e+00 1.363599999999999923e+00 8.073799999999999846e-05
-3.831700000000000106e+00 1.363599999999999923e+00 1.310399999999999922e-04
-3.803100000000000147e+00 1.363599999999999923e+00 1.651500000000000027e-04
-3.774500000000000188e+00 1.363599999999999923e+00 1.702800000000000028e-04
-3.745899999999999785e+00 1.363599999999999923e+00 1.566799999999999974e-04
-3.717299999999999827e+00 1.363599999999999923e+00 1.194599999999999980e-04
-3.688699999999999868e+00 1.363599999999999923e+00 8.483200000000000365e-05
-3.660099999999999909e+00 1.363599999999999923e+00 8.243900000000000132e-05
-3.631499999999999950e+00 1.363599999999999923e+00 1.380499999999999945e-04
-3.602899999999999991e+00 1.363599999999999923e+00 2.606199999999999815e-04
-3.574300000000000033e+00 1.363599999999999923e+00 4.357699999999999833e-04
-3.545799999999999841e+00 1.363599999999999923e+00 5.641700000000000144e-04
-3.517199999999999882e+00 1.363599999999999923e+00 7.341399999999999879e-04
-3.488599999999999923e+00 1.363599999999999923e+00 8.328499999999999966e-04
-3.459999999999999964e+00 1.363599999999999923e+00 8.258700000000000329e-04
-3.431400000000000006e+00 1.363599999999999923e+00 6.977100000000000402e-04
-3.402800000000000047e+00 1.363599999999999923e+00 4.786099999999999730e-04
-3.374200000000000088e+00 1.363599999999999923e+00 2.350300000000000045e-04
-3.345600000000000129e+00 1.363599999999999923e+00 1.010700000000000064e-04
-3.317000000000000171e+00 1.363599999999999923e+00 2.510299999999999920e-06
-3.288400000000000212e+00 1.363599999999999923e+00 7.551200000000000479e-05
-3.259799999999999809e+00 1.363599999999999923e+00 3.267699999999999902e-04
-3.231199999999999850e+00 1.363599999999999923e+00 7.071900000000000104e-04
-3.202599999999999891e+00 1.363599999999999923e+00 1.106999999999999911e-03
-3.173999999999999932e+00 1.363599999999999923e+00 1.392100000000000065e-03
-3.145399999999999974e+00 1.363599999999999923e+00 1.461099999999999899e-03
-3.116800000000000015e+00 1.363599999999999923e+00 1.331799999999999954e-03
-3.088200000000000056e+00 1.363599999999999923e+00 9.453499999999999664e-04
-3.059600000000000097e+00 1.363599999999999923e+00 4.436600000000000179e-04
-3.031000000000000139e+00 1.363599999999999923e+00 6.089700000000000327e-05
-3.002499999999999947e+00 1.363599999999999923e+00 1.081700000000000028e-04
-2.973899999999999988e+00 1.363599999999999923e+00 8.954300000000000107e-04
-2.945300000000000029e+00 1.363599999999999923e+00 1.946299999999999983e-03
-2.916700000000000070e+00 1.363599999999999923e+00 4.376200000000000229e-03
-2.888100000000000112e+00 1.363599999999999923e+00 7.745100000000000422e-03
-2.859500000000000153e+00 1.363599999999999923e+00 1.180999999999999932e-02
-2.830900000000000194e+00 1.363599999999999923e+00 1.622099999999999931e-02
-2.802299999999999791e+00 1.363599999999999923e+00 2.032399999999999832e-02
-2.773699999999999832e+00 1.363599999999999923e+00 2.350199999999999859e-02
-2.745099999999999874e+00 1.363599999999999923e+00 2.488500000000000087e-02
-2.716499999999999915e+00 1.363599999999999923e+00 2.568700000000000150e-02
-2.687899999999999956e+00 1.363599999999999923e+00 2.482600000000000084e-02
-2.659299999999999997e+00 1.363599999999999923e+00 2.257500000000000132e-02
-2.630700000000000038e+00 1.363599999999999923e+00 1.930899999999999977e-02
-2.602100000000000080e+00 1.363599999999999923e+00 1.536799999999999972e-02
-2.573500000000000121e+00 1.363599999999999923e+00 1.115099999999999945e-02
-2.544900000000000162e+00 1.363599999999999923e+00 7.270800000000000006e-03
-2.516300000000000203e+00 1.363599999999999923e+00 5.078000000000000048e-03
-2.487699999999999800e+00 1.363599999999999923e+00 2.533899999999999954e-03
-2.459200000000000053e+00 1.363599999999999923e+00 9.393599999999999780e-04
-2.430600000000000094e+00 1.363599999999999923e+00 1.748700000000000113e-04
-2.402000000000000135e+00 1.363599999999999923e+00 2.990799999999999893e-05
-2.373400000000000176e+00 1.363599999999999923e+00 2.468999999999999841e-04
-2.344800000000000217e+00 1.363599999999999923e+00 5.713800000000000216e-04
-2.316199999999999815e+00 1.363599999999999923e+00 7.519799999999999662e-04
-2.287599999999999856e+00 1.363599999999999923e+00 8.938299999999999718e-04
-2.258999999999999897e+00 1.363599999999999923e+00 8.603200000000000300e-04
-2.230399999999999938e+00 1.363599999999999923e+00 6.919899999999999662e-04
-2.201799999999999979e+00 1.363599999999999923e+00 4.557300000000000023e-04
-2.173200000000000021e+00 1.363599999999999923e+00 2.291000000000000122e-04
-2.144600000000000062e+00 1.363599999999999923e+00 7.297600000000000061e-05
-2.116000000000000103e+00 1.363599999999999923e+00 1.893399999999999863e-05
-2.087400000000000144e+00 1.363599999999999923e+00 3.644999999999999830e-06
-2.058800000000000185e+00 1.363599999999999923e+00 3.919099999999999797e-05
-2.030199999999999783e+00 1.363599999999999923e+00 8.849600000000000109e-05
-2.001599999999999824e+00 1.363599999999999923e+00 1.208499999999999966e-04
-1.973000000000000087e+00 1.363599999999999923e+00 1.219799999999999942e-04
-1.944399999999999906e+00 1.363599999999999923e+00 1.008900000000000047e-04
-1.915799999999999947e+00 1.363599999999999923e+00 8.544500000000000608e-05
-1.887299999999999978e+00 1.363599999999999923e+00 7.738300000000000094e-05
-1.858700000000000019e+00 1.363599999999999923e+00 1.036400000000000038e-04
-1.830100000000000060e+00 1.363599999999999923e+00 1.697199999999999946e-04
-1.801500000000000101e+00 1.363599999999999923e+00 2.628199999999999807e-04
-1.772899999999999920e+00 1.363599999999999923e+00 3.585999999999999886e-04
-1.744299999999999962e+00 1.363599999999999923e+00 4.283299999999999868e-04
-1.715700000000000003e+00 1.363599999999999923e+00 4.507299999999999892e-04
-1.687100000000000044e+00 1.363599999999999923e+00 4.485100000000000003e-04
-1.658500000000000085e+00 1.363599999999999923e+00 3.953299999999999978e-04
-1.629899999999999904e+00 1.363599999999999923e+00 1.683599999999999940e-04
-1.601299999999999946e+00 1.363599999999999923e+00 2.338899999999999985e-04
-1.572699999999999987e+00 1.363599999999999923e+00 2.114699999999999929e-05
-1.544100000000000028e+00 1.363599999999999923e+00 2.682300000000000136e-06
-1.515500000000000069e+00 1.363599999999999923e+00 3.903999999999999891e-05
-1.486900000000000110e+00 1.363599999999999923e+00 1.865599999999999892e-05
-1.458299999999999930e+00 1.363599999999999923e+00 1.602299999999999889e-05
-1.429699999999999971e+00 1.363599999999999923e+00 2.029400000000000052e-04
-1.401100000000000012e+00 1.363599999999999923e+00 4.302700000000000123e-04
-1.372500000000000053e+00 1.363599999999999923e+00 3.446200000000000310e-05
-1.344000000000000083e+00 1.363599999999999923e+00 1.793200000000000043e-05
-1.315399999999999903e+00 1.363599999999999923e+00 1.526200000000000058e-05
-1.286799999999999944e+00 1.363599999999999923e+00 1.682700000000000000e-05
-1.258199999999999985e+00 1.363599999999999923e+00 5.017699999999999748e-05
-1.229600000000000026e+00 1.363599999999999923e+00 4.891999999999999647e-04
-1.201000000000000068e+00 1.363599999999999923e+00 2.007200000000000027e-06
-1.172400000000000109e+00 1.363599999999999923e+00 1.910300000000000158e-06
-1.143799999999999928e+00 1.363599999999999923e+00 1.514100000000000039e-06
-1.115199999999999969e+00 1.363599999999999923e+00 1.396600000000000105e-06
-1.086600000000000010e+00 1.363599999999999923e+00 1.240200000000000001e-06
-1.058000000000000052e+00 1.363599999999999923e+00 1.009600000000000041e-06
-9.436299999999999688e-01 1.363599999999999923e+00 1.727099999999999947e-06
-9.150300000000000100e-01 1.363599999999999923e+00 3.032800000000000169e-05
-8.864400000000000057e-01 1.363599999999999923e+00 1.239800000000000103e-03
-8.578400000000000469e-01 1.363599999999999923e+00 2.303600000000000103e-05
-8.292500000000000426e-01 1.363599999999999923e+00 1.191600000000000077e-05
-8.006499999999999728e-01 1.363599999999999923e+00 6.939599999999999592e-06
-7.720599999999999685e-01 1.363599999999999923e+00 4.240400000000000092e-06
-7.434600000000000097e-01 1.363599999999999923e+00 2.453899999999999917e-06
-7.148700000000000054e-01 1.363599999999999923e+00 1.215200000000000029e-06
-2.287599999999999911e-01 1.363599999999999923e+00 1.206500000000000011e-06
-2.001600000000000046e-01 1.363599999999999923e+00 1.571599999999999912e-06
-1.715700000000000003e-01 1.363599999999999923e+00 1.772299999999999955e-06
-1.429700000000000137e-01 1.363599999999999923e+00 1.775800000000000006e-06
-1.143799999999999956e-01 1.363599999999999923e+00 1.612700000000000035e-06
-8.578399999999999914e-02 1.363599999999999923e+00 1.438899999999999895e-06
-5.718999999999999778e-02 1.363599999999999923e+00 1.166599999999999977e-06
-4.489399999999999835e+00 1.392300000000000093e+00 5.555600000000000138e-05
-4.460799999999999876e+00 1.392300000000000093e+00 6.901600000000000464e-05
-4.432199999999999918e+00 1.392300000000000093e+00 7.768100000000000384e-05
-4.403599999999999959e+00 1.392300000000000093e+00 7.798699999999999719e-05
-4.375000000000000000e+00 1.392300000000000093e+00 7.288600000000000655e-05
-4.346400000000000041e+00 1.392300000000000093e+00 5.856199999999999936e-05
-4.317800000000000082e+00 1.392300000000000093e+00 3.944199999999999947e-05
-4.289200000000000124e+00 1.392300000000000093e+00 2.002799999999999866e-05
-4.260600000000000165e+00 1.392300000000000093e+00 5.660299999999999830e-06
-4.203400000000000247e+00 1.392300000000000093e+00 4.937400000000000365e-06
-4.174800000000000288e+00 1.392300000000000093e+00 1.736599999999999941e-05
-4.146200000000000330e+00 1.392300000000000093e+00 2.756800000000000101e-05
-4.117600000000000371e+00 1.392300000000000093e+00 4.152900000000000168e-05
-4.089100000000000179e+00 1.392300000000000093e+00 4.910600000000000045e-05
-4.060500000000000220e+00 1.392300000000000093e+00 4.688400000000000038e-05
-4.031900000000000261e+00 1.392300000000000093e+00 3.588300000000000186e-05
-4.003300000000000303e+00 1.392300000000000093e+00 2.013199999999999969e-05
-3.974699999999999900e+00 1.392300000000000093e+00 6.071500000000000230e-06
-3.917499999999999982e+00 1.392300000000000093e+00 2.979799999999999829e-06
-3.888900000000000023e+00 1.392300000000000093e+00 1.713399999999999892e-05
-3.860300000000000065e+00 1.392300000000000093e+00 3.973600000000000038e-05
-3.831700000000000106e+00 1.392300000000000093e+00 6.332200000000000122e-05
-3.803100000000000147e+00 1.392300000000000093e+00 7.986200000000000211e-05
-3.774500000000000188e+00 1.392300000000000093e+00 8.283600000000000446e-05
-3.745899999999999785e+00 1.392300000000000093e+00 7.687399999999999615e-05
-3.717299999999999827e+00 1.392300000000000093e+00 6.072399999999999662e-05
-3.688699999999999868e+00 1.392300000000000093e+00 4.556299999999999727e-05
-3.660099999999999909e+00 1.392300000000000093e+00 4.446899999999999725e-05
-3.631499999999999950e+00 1.392300000000000093e+00 6.922500000000000213e-05
-3.602899999999999991e+00 1.392300000000000093e+00 1.246300000000000045e-04
-3.574300000000000033e+00 1.392300000000000093e+00 2.043500000000000069e-04
-3.545799999999999841e+00 1.392300000000000093e+00 2.617100000000000134e-04
-3.517199999999999882e+00 1.392300000000000093e+00 3.395100000000000071e-04
-3.488599999999999923e+00 1.392300000000000093e+00 3.868300000000000080e-04
-3.459999999999999964e+00 1.392300000000000093e+00 3.843699999999999808e-04
-3.431400000000000006e+00 1.392300000000000093e+00 3.266300000000000084e-04
-3.402800000000000047e+00 1.392300000000000093e+00 2.281700000000000058e-04
-3.374200000000000088e+00 1.392300000000000093e+00 1.157199999999999966e-04
-3.345600000000000129e+00 1.392300000000000093e+00 5.211000000000000083e-05
-3.317000000000000171e+00 1.392300000000000093e+00 1.850300000000000098e-06
-3.288400000000000212e+00 1.392300000000000093e+00 2.811999999999999843e-05
-3.259799999999999809e+00 1.392300000000000093e+00 1.369400000000000001e-04
-3.231199999999999850e+00 1.392300000000000093e+00 3.053399999999999734e-04
-3.202599999999999891e+00 1.392300000000000093e+00 4.858700000000000085e-04
-3.173999999999999932e+00 1.392300000000000093e+00 6.231200000000000107e-04
-3.145399999999999974e+00 1.392300000000000093e+00 6.581900000000000120e-04
-3.116800000000000015e+00 1.392300000000000093e+00 6.057799999999999904e-04
-3.088200000000000056e+00 1.392300000000000093e+00 4.396599999999999749e-04
-3.059600000000000097e+00 1.392300000000000093e+00 2.148200000000000066e-04
-3.031000000000000139e+00 1.392300000000000093e+00 3.400400000000000173e-05
-3.002499999999999947e+00 1.392300000000000093e+00 3.741600000000000226e-05
-2.973899999999999988e+00 1.392300000000000093e+00 3.683700000000000255e-04
-2.945300000000000029e+00 1.392300000000000093e+00 8.260000000000000198e-04
-2.916700000000000070e+00 1.392300000000000093e+00 1.892199999999999915e-03
-2.888100000000000112e+00 1.392300000000000093e+00 3.387400000000000046e-03
-2.859500000000000153e+00 1.392300000000000093e+00 5.229600000000000047e-03
-2.830900000000000194e+00 1.392300000000000093e+00 7.202499999999999701e-03
-2.802299999999999791e+00 1.392300000000000093e+00 9.045799999999999674e-03
-2.773699999999999832e+00 1.392300000000000093e+00 1.054899999999999935e-02
-2.745099999999999874e+00 1.392300000000000093e+00 1.124099999999999926e-02
-2.716499999999999915e+00 1.392300000000000093e+00 1.158700000000000008e-02
-2.687899999999999956e+00 1.392300000000000093e+00 1.121800000000000054e-02
-2.659299999999999997e+00 1.392300000000000093e+00 1.026499999999999982e-02
-2.630700000000000038e+00 1.392300000000000093e+00 8.808599999999999763e-03
-2.602100000000000080e+00 1.392300000000000093e+00 7.002500000000000044e-03
-2.573500000000000121e+00 1.392300000000000093e+00 5.101699999999999811e-03
-2.544900000000000162e+00 1.392300000000000093e+00 3.347199999999999828e-03
-2.516300000000000203e+00 1.392300000000000093e+00 2.337600000000000008e-03
-2.487699999999999800e+00 1.392300000000000093e+00 1.162300000000000008e-03
-2.459200000000000053e+00 1.392300000000000093e+00 4.299400000000000205e-04
-2.430600000000000094e+00 1.392300000000000093e+00 7.859600000000000440e-05
-2.402000000000000135e+00 1.392300000000000093e+00 1.274999999999999990e-05
-2.373400000000000176e+00 1.392300000000000093e+00 1.149099999999999959e-04
-2.344800000000000217e+00 1.392300000000000093e+00 2.690899999999999868e-04
-2.316199999999999815e+00 1.392300000000000093e+00 3.554699999999999830e-04
-2.287599999999999856e+00 1.392300000000000093e+00 4.221100000000000091e-04
-2.258999999999999897e+00 1.392300000000000093e+00 4.079800000000000071e-04
-2.230399999999999938e+00 1.392300000000000093e+00 3.308699999999999814e-04
-2.201799999999999979e+00 1.392300000000000093e+00 2.191399999999999923e-04
-2.173200000000000021e+00 1.392300000000000093e+00 1.108199999999999995e-04
-2.144600000000000062e+00 1.392300000000000093e+00 3.598999999999999931e-05
-2.116000000000000103e+00 1.392300000000000093e+00 9.940699999999999539e-06
-2.087400000000000144e+00 1.392300000000000093e+00 2.150299999999999978e-06
-2.058800000000000185e+00 1.392300000000000093e+00 1.908200000000000128e-05
-2.030199999999999783e+00 1.392300000000000093e+00 4.348999999999999866e-05
-2.001599999999999824e+00 1.392300000000000093e+00 6.030799999999999925e-05
-1.973000000000000087e+00 1.392300000000000093e+00 6.255800000000000651e-05
-1.944399999999999906e+00 1.392300000000000093e+00 5.435199999999999732e-05
-1.915799999999999947e+00 1.392300000000000093e+00 4.811899999999999787e-05
-1.887299999999999978e+00 1.392300000000000093e+00 4.593799999999999961e-05
-1.858700000000000019e+00 1.392300000000000093e+00 5.997600000000000311e-05
-1.830100000000000060e+00 1.392300000000000093e+00 9.344599999999999944e-05
-1.801500000000000101e+00 1.392300000000000093e+00 1.394300000000000118e-04
-1.772899999999999920e+00 1.392300000000000093e+00 1.856899999999999924e-04
-1.744299999999999962e+00 1.392300000000000093e+00 2.195300000000000073e-04
-1.715700000000000003e+00 1.392300000000000093e+00 2.297699999999999905e-04
-1.687100000000000044e+00 1.392300000000000093e+00 2.250999999999999963e-04
-1.658500000000000085e+00 1.392300000000000093e+00 1.981700000000000085e-04
-1.629899999999999904e+00 1.392300000000000093e+00 1.071299999999999992e-04
-1.601299999999999946e+00 1.392300000000000093e+00 6.826200000000000475e-05
-1.572699999999999987e+00 1.392300000000000093e+00 3.225299999999999765e-05
-1.515500000000000069e+00 1.392300000000000093e+00 7.067199999999999861e-06
-1.486900000000000110e+00 1.392300000000000093e+00 2.020599999999999932e-05
-1.458299999999999930e+00 1.392300000000000093e+00 8.454500000000000115e-06
-1.429699999999999971e+00 1.392300000000000093e+00 3.036199999999999831e-05
-1.401100000000000012e+00 1.392300000000000093e+00 4.075199999999999743e-04
-1.372500000000000053e+00 1.392300000000000093e+00 2.256699999999999925e-05
-1.344000000000000083e+00 1.392300000000000093e+00 1.088399999999999947e-05
-1.315399999999999903e+00 1.392300000000000093e+00 8.677800000000000162e-06
-1.286799999999999944e+00 1.392300000000000093e+00 8.356199999999999717e-06
-1.258199999999999985e+00 1.392300000000000093e+00 1.416100000000000045e-05
-1.229600000000000026e+00 1.392300000000000093e+00 5.536000000000000122e-04
-9.150300000000000100e-01 1.392300000000000093e+00 3.382600000000000021e-06
-8.864400000000000057e-01 1.392300000000000093e+00 5.722000000000000306e-04
-8.578400000000000469e-01 1.392300000000000093e+00 1.897400000000000163e-05
-8.292500000000000426e-01 1.392300000000000093e+00 7.147599999999999973e-06
-8.006499999999999728e-01 1.392300000000000093e+00 3.945199999999999937e-06
-7.720599999999999685e-01 1.392300000000000093e+00 2.342599999999999814e-06
-7.434600000000000097e-01 1.392300000000000093e+00 1.348500000000000091e-06
-4.489399999999999835e+00 1.421100000000000030e+00 9.434699999999999641e-06
-4.460799999999999876e+00 1.421100000000000030e+00 1.045299999999999970e-05
-4.432199999999999918e+00 1.421100000000000030e+00 1.029999999999999964e-05
-4.403599999999999959e+00 1.421100000000000030e+00 9.498899999999999805e-06
-4.375000000000000000e+00 1.421100000000000030e+00 8.009700000000000578e-06
-4.346400000000000041e+00 1.421100000000000030e+00 6.581800000000000240e-06
-4.317800000000000082e+00 1.421100000000000030e+00 3.985100000000000182e-06
-4.289200000000000124e+00 1.421100000000000030e+00 1.914900000000000081e-06
-4.174800000000000288e+00 1.421100000000000030e+00 1.635800000000000076e-06
-4.146200000000000330e+00 1.421100000000000030e+00 2.563399999999999885e-06
-4.117600000000000371e+00 1.421100000000000030e+00 3.586200000000000071e-06
-4.089100000000000179e+00 1.421100000000000030e+00 3.736900000000000170e-06
-4.060500000000000220e+00 1.421100000000000030e+00 3.486099999999999962e-06
-4.031900000000000261e+00 1.421100000000000030e+00 2.249400000000000012e-06
-3.917499999999999982e+00 1.421100000000000030e+00 1.670699999999999945e-06
-3.888900000000000023e+00 1.421100000000000030e+00 4.460099999999999869e-06
-3.860300000000000065e+00 1.421100000000000030e+00 8.070700000000000503e-06
-3.831700000000000106e+00 1.421100000000000030e+00 1.157099999999999984e-05
-3.803100000000000147e+00 1.421100000000000030e+00 1.357199999999999982e-05
-3.774500000000000188e+00 1.421100000000000030e+00 1.406300000000000071e-05
-3.745899999999999785e+00 1.421100000000000030e+00 1.340499999999999956e-05
-3.717299999999999827e+00 1.421100000000000030e+00 1.140399999999999957e-05
-3.688699999999999868e+00 1.421100000000000030e+00 9.494099999999999444e-06
-3.660099999999999909e+00 1.421100000000000030e+00 9.770200000000000071e-06
-3.631499999999999950e+00 1.421100000000000030e+00 1.343899999999999957e-05
-3.602899999999999991e+00 1.421100000000000030e+00 2.089900000000000099e-05
-3.574300000000000033e+00 1.421100000000000030e+00 3.088000000000000250e-05
-3.545799999999999841e+00 1.421100000000000030e+00 3.929599999999999782e-05
-3.517199999999999882e+00 1.421100000000000030e+00 5.017999999999999728e-05
-3.488599999999999923e+00 1.421100000000000030e+00 5.573300000000000324e-05
-3.459999999999999964e+00 1.421100000000000030e+00 5.511299999999999901e-05
-3.431400000000000006e+00 1.421100000000000030e+00 4.886200000000000076e-05
-3.402800000000000047e+00 1.421100000000000030e+00 3.516000000000000218e-05
-3.374200000000000088e+00 1.421100000000000030e+00 1.911700000000000010e-05
-3.345600000000000129e+00 1.421100000000000030e+00 9.678699999999999337e-06
-3.288400000000000212e+00 1.421100000000000030e+00 1.680400000000000039e-06
-3.259799999999999809e+00 1.421100000000000030e+00 1.304700000000000061e-05
-3.231199999999999850e+00 1.421100000000000030e+00 3.398000000000000331e-05
-3.202599999999999891e+00 1.421100000000000030e+00 5.852600000000000174e-05
-3.173999999999999932e+00 1.421100000000000030e+00 7.611700000000000323e-05
-3.145399999999999974e+00 1.421100000000000030e+00 8.298099999999999715e-05
-3.116800000000000015e+00 1.421100000000000030e+00 8.267199999999999722e-05
-3.088200000000000056e+00 1.421100000000000030e+00 6.400699999999999890e-05
-3.059600000000000097e+00 1.421100000000000030e+00 3.475699999999999943e-05
-3.031000000000000139e+00 1.421100000000000030e+00 8.579100000000000582e-06
-2.973899999999999988e+00 1.421100000000000030e+00 2.982400000000000109e-05
-2.945300000000000029e+00 1.421100000000000030e+00 7.697399999999999859e-05
-2.916700000000000070e+00 1.421100000000000030e+00 1.977199999999999975e-04
-2.888100000000000112e+00 1.421100000000000030e+00 3.781100000000000238e-04
-2.859500000000000153e+00 1.421100000000000030e+00 5.869099999999999491e-04
-2.830900000000000194e+00 1.421100000000000030e+00 8.383899999999999469e-04
-2.802299999999999791e+00 1.421100000000000030e+00 1.098400000000000027e-03
-2.773699999999999832e+00 1.421100000000000030e+00 1.287399999999999959e-03
-2.745099999999999874e+00 1.421100000000000030e+00 1.340400000000000055e-03
-2.716499999999999915e+00 1.421100000000000030e+00 1.452299999999999902e-03
-2.687899999999999956e+00 1.421100000000000030e+00 1.448099999999999908e-03
-2.659299999999999997e+00 1.421100000000000030e+00 1.322999999999999957e-03
-2.630700000000000038e+00 1.421100000000000030e+00 1.137299999999999943e-03
-2.602100000000000080e+00 1.421100000000000030e+00 9.366199999999999873e-04
-2.573500000000000121e+00 1.421100000000000030e+00 6.908700000000000041e-04
-2.544900000000000162e+00 1.421100000000000030e+00 4.505700000000000178e-04
-2.516300000000000203e+00 1.421100000000000030e+00 3.178300000000000114e-04
-2.487699999999999800e+00 1.421100000000000030e+00 1.644399999999999909e-04
-2.459200000000000053e+00 1.421100000000000030e+00 6.140600000000000127e-05
-2.430600000000000094e+00 1.421100000000000030e+00 1.100900000000000081e-05
-2.373400000000000176e+00 1.421100000000000030e+00 1.583899999999999862e-05
-2.344800000000000217e+00 1.421100000000000030e+00 3.859199999999999913e-05
-2.316199999999999815e+00 1.421100000000000030e+00 5.249300000000000038e-05
-2.287599999999999856e+00 1.421100000000000030e+00 6.506600000000000350e-05
-2.258999999999999897e+00 1.421100000000000030e+00 6.504999999999999552e-05
-2.230399999999999938e+00 1.421100000000000030e+00 5.335999999999999733e-05
-2.201799999999999979e+00 1.421100000000000030e+00 3.786599999999999965e-05
-2.173200000000000021e+00 1.421100000000000030e+00 2.113700000000000108e-05
-2.144600000000000062e+00 1.421100000000000030e+00 8.301000000000000652e-06
-2.116000000000000103e+00 1.421100000000000030e+00 3.305800000000000181e-06
-2.058800000000000185e+00 1.421100000000000030e+00 2.559299999999999789e-06
-2.030199999999999783e+00 1.421100000000000030e+00 6.231299999999999953e-06
-2.001599999999999824e+00 1.421100000000000030e+00 9.508699999999999271e-06
-1.973000000000000087e+00 1.421100000000000030e+00 1.119399999999999989e-05
-1.944399999999999906e+00 1.421100000000000030e+00 1.110199999999999975e-05
-1.915799999999999947e+00 1.421100000000000030e+00 1.091300000000000038e-05
-1.887299999999999978e+00 1.421100000000000030e+00 1.170100000000000029e-05
-1.858700000000000019e+00 1.421100000000000030e+00 1.499499999999999958e-05
-1.830100000000000060e+00 1.421100000000000030e+00 2.093399999999999981e-05
-1.801500000000000101e+00 1.421100000000000030e+00 2.880700000000000049e-05
-1.772899999999999920e+00 1.421100000000000030e+00 3.675299999999999862e-05
-1.744299999999999962e+00 1.421100000000000030e+00 4.221099999999999955e-05
-1.715700000000000003e+00 1.421100000000000030e+00 4.333799999999999740e-05
-1.687100000000000044e+00 1.421100000000000030e+00 4.215000000000000132e-05
-1.658500000000000085e+00 1.421100000000000030e+00 3.748100000000000249e-05
-1.629899999999999904e+00 1.421100000000000030e+00 2.313899999999999987e-05
-1.601299999999999946e+00 1.421100000000000030e+00 5.774400000000000144e-06
-1.572699999999999987e+00 1.421100000000000030e+00 1.111700000000000046e-05
-1.486900000000000110e+00 1.421100000000000030e+00 7.190600000000000239e-06
-1.458299999999999930e+00 1.421100000000000030e+00 1.661400000000000094e-06
-1.429699999999999971e+00 1.421100000000000030e+00 2.709999999999999888e-06
-1.401100000000000012e+00 1.421100000000000030e+00 1.115400000000000061e-04
-1.372500000000000053e+00 1.421100000000000030e+00 6.802400000000000296e-06
-1.344000000000000083e+00 1.421100000000000030e+00 2.749199999999999868e-06
-1.315399999999999903e+00 1.421100000000000030e+00 2.143499999999999891e-06
-1.286799999999999944e+00 1.421100000000000030e+00 2.002200000000000075e-06
-1.258199999999999985e+00 1.421100000000000030e+00 2.102899999999999805e-06
-1.229600000000000026e+00 1.421100000000000030e+00 1.078800000000000039e-04
-8.864400000000000057e-01 1.421100000000000030e+00 9.143099999999999925e-05
-8.578400000000000469e-01 1.421100000000000030e+00 1.009999999999999986e-05
-8.292500000000000426e-01 1.421100000000000030e+00 2.059200000000000122e-06
-8.006499999999999728e-01 1.421100000000000030e+00 1.071600000000000040e-06
-4.489399999999999835e+00 1.449799999999999978e+00 1.013000000000000084e-06
-4.460799999999999876e+00 1.449799999999999978e+00 2.196799999999999872e-06
-4.432199999999999918e+00 1.449799999999999978e+00 3.626400000000000126e-06
-4.403599999999999959e+00 1.449799999999999978e+00 4.646800000000000132e-06
-4.375000000000000000e+00 1.449799999999999978e+00 4.863399999999999887e-06
-4.346400000000000041e+00 1.449799999999999978e+00 4.604899999999999736e-06
-4.317800000000000082e+00 1.449799999999999978e+00 3.669799999999999999e-06
-4.289200000000000124e+00 1.449799999999999978e+00 2.262899999999999967e-06
-4.174800000000000288e+00 1.449799999999999978e+00 1.873099999999999905e-06
-4.146200000000000330e+00 1.449799999999999978e+00 3.082599999999999929e-06
-4.117600000000000371e+00 1.449799999999999978e+00 5.075300000000000349e-06
-4.089100000000000179e+00 1.449799999999999978e+00 6.741199999999999933e-06
-4.060500000000000220e+00 1.449799999999999978e+00 7.414200000000000097e-06
-4.031900000000000261e+00 1.449799999999999978e+00 7.116500000000000389e-06
-4.003300000000000303e+00 1.449799999999999978e+00 5.795000000000000421e-06
-3.974699999999999900e+00 1.449799999999999978e+00 3.848400000000000288e-06
-3.946099999999999941e+00 1.449799999999999978e+00 2.538899999999999951e-06
-3.803100000000000147e+00 1.449799999999999978e+00 1.449800000000000078e-06
-3.774500000000000188e+00 1.449799999999999978e+00 1.704299999999999928e-06
-3.745899999999999785e+00 1.449799999999999978e+00 1.516099999999999977e-06
-3.631499999999999950e+00 1.449799999999999978e+00 1.257200000000000008e-06
-3.602899999999999991e+00 1.449799999999999978e+00 3.864600000000000234e-06
-3.574300000000000033e+00 1.449799999999999978e+00 7.734700000000000670e-06
-3.545799999999999841e+00 1.449799999999999978e+00 1.027500000000000073e-05
-3.517199999999999882e+00 1.449799999999999978e+00 1.367200000000000056e-05
-3.488599999999999923e+00 1.449799999999999978e+00 1.593900000000000105e-05
-3.459999999999999964e+00 1.449799999999999978e+00 1.538600000000000143e-05
-3.431400000000000006e+00 1.449799999999999978e+00 1.180799999999999943e-05
-3.402800000000000047e+00 1.449799999999999978e+00 7.364599999999999758e-06
-3.374200000000000088e+00 1.449799999999999978e+00 2.768499999999999836e-06
-3.288400000000000212e+00 1.449799999999999978e+00 4.221900000000000185e-06
-3.259799999999999809e+00 1.449799999999999978e+00 1.198300000000000030e-05
-3.231199999999999850e+00 1.449799999999999978e+00 2.140499999999999920e-05
-3.202599999999999891e+00 1.449799999999999978e+00 2.992000000000000153e-05
-3.173999999999999932e+00 1.449799999999999978e+00 3.499799999999999932e-05
-3.145399999999999974e+00 1.449799999999999978e+00 3.427399999999999745e-05
-3.116800000000000015e+00 1.449799999999999978e+00 2.653799999999999901e-05
-3.088200000000000056e+00 1.449799999999999978e+00 1.562800000000000013e-05
-3.059600000000000097e+00 1.449799999999999978e+00 4.412499999999999681e-06
-3.002499999999999947e+00 1.449799999999999978e+00 1.106600000000000044e-05
-2.973899999999999988e+00 1.449799999999999978e+00 4.398399999999999765e-05
-2.945300000000000029e+00 1.449799999999999978e+00 8.056000000000000118e-05
-2.916700000000000070e+00 1.449799999999999978e+00 1.550500000000000012e-04
-2.888100000000000112e+00 1.449799999999999978e+00 2.487799999999999864e-04
-2.859500000000000153e+00 1.449799999999999978e+00 3.600499999999999968e-04
-2.830900000000000194e+00 1.449799999999999978e+00 4.643900000000000176e-04
-2.802299999999999791e+00 1.449799999999999978e+00 5.465700000000000202e-04
-2.773699999999999832e+00 1.449799999999999978e+00 6.146399999999999563e-04
-2.745099999999999874e+00 1.449799999999999978e+00 6.424799999999999608e-04
-2.716499999999999915e+00 1.449799999999999978e+00 6.254200000000000124e-04
-2.687899999999999956e+00 1.449799999999999978e+00 5.768999999999999823e-04
-2.659299999999999997e+00 1.449799999999999978e+00 5.138999999999999688e-04
-2.630700000000000038e+00 1.449799999999999978e+00 4.239499999999999779e-04
-2.602100000000000080e+00 1.449799999999999978e+00 3.109699999999999856e-04
-2.573500000000000121e+00 1.449799999999999978e+00 2.178000000000000086e-04
-2.544900000000000162e+00 1.449799999999999978e+00 1.384599999999999991e-04
-2.516300000000000203e+00 1.449799999999999978e+00 9.163999999999999674e-05
-2.487699999999999800e+00 1.449799999999999978e+00 4.058600000000000071e-05
-2.459200000000000053e+00 1.449799999999999978e+00 1.317500000000000007e-05
-2.430600000000000094e+00 1.449799999999999978e+00 1.446600000000000050e-06
-2.373400000000000176e+00 1.449799999999999978e+00 4.668299999999999841e-06
-2.344800000000000217e+00 1.449799999999999978e+00 9.536400000000000717e-06
-2.316199999999999815e+00 1.449799999999999978e+00 1.154100000000000012e-05
-2.287599999999999856e+00 1.449799999999999978e+00 1.154399999999999993e-05
-2.258999999999999897e+00 1.449799999999999978e+00 9.462299999999999173e-06
-2.230399999999999938e+00 1.449799999999999978e+00 6.443800000000000036e-06
-2.201799999999999979e+00 1.449799999999999978e+00 2.948299999999999792e-06
-2.087400000000000144e+00 1.449799999999999978e+00 1.687299999999999922e-06
-2.058800000000000185e+00 1.449799999999999978e+00 2.827999999999999859e-06
-2.030199999999999783e+00 1.449799999999999978e+00 3.533700000000000150e-06
-2.001599999999999824e+00 1.449799999999999978e+00 3.394899999999999887e-06
-1.973000000000000087e+00 1.449799999999999978e+00 2.411900000000000150e-06
-1.944399999999999906e+00 1.449799999999999978e+00 1.356000000000000019e-06
-1.801500000000000101e+00 1.449799999999999978e+00 1.890999999999999979e-06
-1.772899999999999920e+00 1.449799999999999978e+00 2.616499999999999851e-06
-1.744299999999999962e+00 1.449799999999999978e+00 3.099700000000000155e-06
-1.715700000000000003e+00 1.449799999999999978e+00 3.329500000000000055e-06
-1.687100000000000044e+00 1.449799999999999978e+00 2.833500000000000061e-06
-1.658500000000000085e+00 1.449799999999999978e+00 2.055500000000000056e-06
-1.629899999999999904e+00 1.449799999999999978e+00 1.419699999999999934e-06
-1.572699999999999987e+00 1.449799999999999978e+00 1.646500000000000033e-06
-1.486900000000000110e+00 1.449799999999999978e+00 3.537399999999999793e-06
-1.401100000000000012e+00 1.449799999999999978e+00 6.354700000000000330e-06
-1.229600000000000026e+00 1.449799999999999978e+00 9.609299999999999629e-06
-1.201000000000000068e+00 1.449799999999999978e+00 1.847599999999999895e-06
-8.864400000000000057e-01 1.449799999999999978e+00 6.163000000000000116e-06
-8.578400000000000469e-01 1.449799999999999978e+00 6.756800000000000258e-06
-4.489399999999999835e+00 1.478499999999999925e+00 1.233300000000000033e-05
-4.460799999999999876e+00 1.478499999999999925e+00 1.916299999999999932e-05
-4.432199999999999918e+00 1.478499999999999925e+00 2.508000000000000043e-05
-4.403599999999999959e+00 1.478499999999999925e+00 2.811599999999999982e-05
-4.375000000000000000e+00 1.478499999999999925e+00 2.740700000000000034e-05
-4.346400000000000041e+00 1.478499999999999925e+00 2.470900000000000009e-05
-4.317800000000000082e+00 1.478499999999999925e+00 1.810100000000000169e-05
-4.289200000000000124e+00 1.478499999999999925e+00 1.030800000000000024e-05
-4.260600000000000165e+00 1.478499999999999925e+00 3.801800000000000175e-06
-4.203400000000000247e+00 1.478499999999999925e+00 2.299100000000000146e-06
-4.174800000000000288e+00 1.478499999999999925e+00 7.993500000000000632e-06
-4.146200000000000330e+00 1.478499999999999925e+00 1.325599999999999980e-05
-4.117600000000000371e+00 1.478499999999999925e+00 2.132200000000000016e-05
-4.089100000000000179e+00 1.478499999999999925e+00 2.710699999999999983e-05
-4.060500000000000220e+00 1.478499999999999925e+00 2.879200000000000148e-05
-4.031900000000000261e+00 1.478499999999999925e+00 2.560700000000000064e-05
-4.003300000000000303e+00 1.478499999999999925e+00 1.841700000000000002e-05
-3.974699999999999900e+00 1.478499999999999925e+00 9.964799999999999868e-06
-3.946099999999999941e+00 1.478499999999999925e+00 5.062699999999999826e-06
-3.860300000000000065e+00 1.478499999999999925e+00 5.159999999999999724e-06
-3.831700000000000106e+00 1.478499999999999925e+00 1.159900000000000025e-05
-3.803100000000000147e+00 1.478499999999999925e+00 1.704500000000000028e-05
-3.774500000000000188e+00 1.478499999999999925e+00 1.894499999999999903e-05
-3.745899999999999785e+00 1.478499999999999925e+00 1.783699999999999880e-05
-3.717299999999999827e+00 1.478499999999999925e+00 1.328100000000000041e-05
-3.688699999999999868e+00 1.478499999999999925e+00 8.018900000000000423e-06
-3.660099999999999909e+00 1.478499999999999925e+00 6.529899999999999941e-06
-3.631499999999999950e+00 1.478499999999999925e+00 1.280200000000000042e-05
-3.602899999999999991e+00 1.478499999999999925e+00 2.875500000000000167e-05
-3.574300000000000033e+00 1.478499999999999925e+00 5.256200000000000260e-05
-3.545799999999999841e+00 1.478499999999999925e+00 7.058600000000000486e-05
-3.517199999999999882e+00 1.478499999999999925e+00 9.518099999999999554e-05
-3.488599999999999923e+00 1.478499999999999925e+00 1.096300000000000058e-04
-3.459999999999999964e+00 1.478499999999999925e+00 1.083200000000000064e-04
-3.431400000000000006e+00 1.478499999999999925e+00 9.118600000000000414e-05
-3.402800000000000047e+00 1.478499999999999925e+00 6.118699999999999541e-05
-3.374200000000000088e+00 1.478499999999999925e+00 2.797999999999999977e-05
-3.345600000000000129e+00 1.478499999999999925e+00 1.062999999999999987e-05
-3.288400000000000212e+00 1.478499999999999925e+00 1.513099999999999963e-05
-3.259799999999999809e+00 1.478499999999999925e+00 5.544800000000000173e-05
-3.231199999999999850e+00 1.478499999999999925e+00 1.125700000000000013e-04
-3.202599999999999891e+00 1.478499999999999925e+00 1.705800000000000100e-04
-3.173999999999999932e+00 1.478499999999999925e+00 2.072800000000000076e-04
-3.145399999999999974e+00 1.478499999999999925e+00 2.119000000000000007e-04
-3.116800000000000015e+00 1.478499999999999925e+00 1.851300000000000113e-04
-3.088200000000000056e+00 1.478499999999999925e+00 1.232899999999999936e-04
-3.059600000000000097e+00 1.478499999999999925e+00 4.857899999999999686e-05
-3.031000000000000139e+00 1.478499999999999925e+00 2.441600000000000052e-06
-3.002499999999999947e+00 1.478499999999999925e+00 3.148099999999999895e-05
-2.973899999999999988e+00 1.478499999999999925e+00 1.828300000000000097e-04
-2.945300000000000029e+00 1.478499999999999925e+00 3.666100000000000153e-04
-2.916700000000000070e+00 1.478499999999999925e+00 7.727199999999999607e-04
-2.888100000000000112e+00 1.478499999999999925e+00 1.317599999999999934e-03
-2.859500000000000153e+00 1.478499999999999925e+00 1.948700000000000042e-03
-2.830900000000000194e+00 1.478499999999999925e+00 2.598500000000000115e-03
-2.802299999999999791e+00 1.478499999999999925e+00 3.205899999999999809e-03
-2.773699999999999832e+00 1.478499999999999925e+00 3.661699999999999938e-03
-2.745099999999999874e+00 1.478499999999999925e+00 3.830300000000000024e-03
-2.716499999999999915e+00 1.478499999999999925e+00 3.881499999999999968e-03
-2.687899999999999956e+00 1.478499999999999925e+00 3.705599999999999866e-03
-2.659299999999999997e+00 1.478499999999999925e+00 3.301199999999999794e-03
-2.630700000000000038e+00 1.478499999999999925e+00 2.756100000000000043e-03
-2.602100000000000080e+00 1.478499999999999925e+00 2.152700000000000013e-03
-2.573500000000000121e+00 1.478499999999999925e+00 1.543199999999999997e-03
-2.544900000000000162e+00 1.478499999999999925e+00 9.802100000000000223e-04
-2.516300000000000203e+00 1.478499999999999925e+00 6.701300000000000095e-04
-2.487699999999999800e+00 1.478499999999999925e+00 3.227400000000000169e-04
-2.459200000000000053e+00 1.478499999999999925e+00 1.123100000000000004e-04
-2.430600000000000094e+00 1.478499999999999925e+00 1.790400000000000002e-05
-2.402000000000000135e+00 1.478499999999999925e+00 4.413600000000000399e-06
-2.373400000000000176e+00 1.478499999999999925e+00 3.428500000000000124e-05
-2.344800000000000217e+00 1.478499999999999925e+00 7.381599999999999934e-05
-2.316199999999999815e+00 1.478499999999999925e+00 9.291299999999999624e-05
-2.287599999999999856e+00 1.478499999999999925e+00 1.038800000000000015e-04
-2.258999999999999897e+00 1.478499999999999925e+00 9.352700000000000087e-05
-2.230399999999999938e+00 1.478499999999999925e+00 6.846899999999999785e-05
-2.201799999999999979e+00 1.478499999999999925e+00 3.945600000000000306e-05
-2.173200000000000021e+00 1.478499999999999925e+00 1.566299999999999894e-05
-2.144600000000000062e+00 1.478499999999999925e+00 2.524700000000000154e-06
-2.087400000000000144e+00 1.478499999999999925e+00 3.580099999999999824e-06
-2.058800000000000185e+00 1.478499999999999925e+00 1.091199999999999988e-05
-2.030199999999999783e+00 1.478499999999999925e+00 1.724199999999999857e-05
-2.001599999999999824e+00 1.478499999999999925e+00 1.930999999999999977e-05
-1.973000000000000087e+00 1.478499999999999925e+00 1.653400000000000128e-05
-1.944399999999999906e+00 1.478499999999999925e+00 1.101900000000000072e-05
-1.915799999999999947e+00 1.478499999999999925e+00 7.533300000000000362e-06
-1.887299999999999978e+00 1.478499999999999925e+00 5.087099999999999965e-06
-1.858700000000000019e+00 1.478499999999999925e+00 7.676600000000000329e-06
-1.830100000000000060e+00 1.478499999999999925e+00 1.555100000000000069e-05
-1.801500000000000101e+00 1.478499999999999925e+00 2.646099999999999958e-05
-1.772899999999999920e+00 1.478499999999999925e+00 3.701599999999999932e-05
-1.744299999999999962e+00 1.478499999999999925e+00 4.419600000000000172e-05
-1.715700000000000003e+00 1.478499999999999925e+00 4.597699999999999704e-05
-1.687100000000000044e+00 1.478499999999999925e+00 4.337199999999999741e-05
-1.658500000000000085e+00 1.478499999999999925e+00 3.636299999999999727e-05
-1.629899999999999904e+00 1.478499999999999925e+00 2.605500000000000041e-05
-1.601299999999999946e+00 1.478499999999999925e+00 6.164200000000000206e-06
-1.572699999999999987e+00 1.478499999999999925e+00 1.623599999999999837e-05
-1.486900000000000110e+00 1.478499999999999925e+00 1.913999999999999971e-05
-1.458299999999999930e+00 1.478499999999999925e+00 4.051799999999999899e-06
-1.429699999999999971e+00 1.478499999999999925e+00 3.202099999999999801e-06
-1.401100000000000012e+00 1.478499999999999925e+00 3.079799999999999888e-05
-1.372500000000000053e+00 1.478499999999999925e+00 4.080000000000000239e-05
-1.344000000000000083e+00 1.478499999999999925e+00 2.202599999999999884e-06
-1.315399999999999903e+00 1.478499999999999925e+00 1.405299999999999911e-06
-1.229600000000000026e+00 1.478499999999999925e+00 3.876100000000000040e-06
-1.201000000000000068e+00 1.478499999999999925e+00 8.366199999999999622e-06
-8.864400000000000057e-01 1.478499999999999925e+00 1.872000000000000034e-06
-8.578400000000000469e-01 1.478499999999999925e+00 4.070400000000000195e-05
