  -17.00000      4.2965770E-04
  -16.99000      4.8655010E-04
  -16.98000      5.5851578E-04
  -16.97000      6.4573862E-04
  -16.96000      7.4749003E-04
  -16.95000      8.6254813E-04
  -16.94000      9.8868052E-04
  -16.93000      1.1229303E-03
  -16.92000      1.2624370E-03
  -16.91000      1.4032118E-03
  -16.90000      1.5411603E-03
  -16.89000      1.6718375E-03
  -16.88000      1.7904915E-03
  -16.87000      1.8945774E-03
  -16.86000      1.9803098E-03
  -16.85000      2.0448917E-03
  -16.84000      2.0858210E-03
  -16.83000      2.1017131E-03
  -16.82000      2.0920171E-03
  -16.81000      2.0568976E-03
  -16.80000      1.9972785E-03
  -16.79000      1.9148383E-03
  -16.78000      1.8121108E-03
  -16.77000      1.6919557E-03
  -16.76000      1.5574329E-03
  -16.75000      1.4127968E-03
  -16.74000      1.2610164E-03
  -16.73000      1.1069174E-03
  -16.72000      9.5347164E-04
  -16.71000      8.0413173E-04
  -16.70000      6.6249748E-04
  -16.69000      5.3068140E-04
  -16.68000      4.1151061E-04
  -16.67000      3.0624919E-04
  -16.66000      2.1617254E-04
  -16.65000      1.4205126E-04
  -16.64000      8.4030864E-05
  -16.63000      4.1898067E-05
  -16.62000      1.5150674E-05
  -16.61000      2.8124782E-06
  -16.60000      3.8625717E-06
  -16.59000      1.6860495E-05
  -16.58000      4.0428211E-05
  -16.57000      7.2808747E-05
  -16.56000      1.1249933E-04
  -16.55000      1.5758305E-04
  -16.54000      2.0641982E-04
  -16.53000      2.5720117E-04
  -16.52000      3.0810674E-04
  -16.51000      3.5746070E-04
  -16.50000      4.0349728E-04
  -16.49000      4.4455603E-04
  -16.48000      4.7925016E-04
  -16.47000      5.0609006E-04
  -16.46000      5.2398385E-04
  -16.45000      5.3199829E-04
  -16.44000      5.2955595E-04
  -16.43000      5.1642285E-04
  -16.42000      4.9281074E-04
  -16.41000      4.5931275E-04
  -16.40000      4.1700323E-04
  -16.39000      3.6746095E-04
  -16.38000      3.1251955E-04
  -16.37000      2.5462540E-04
  -16.36000      1.9645816E-04
  -16.35000      1.4086218E-04
  -16.34000      9.0973590E-05
  -16.33000      4.9796170E-05
  -16.32000      2.0287596E-05
  -16.31000      5.2398782E-06
  -16.30000      6.8306035E-06
  -16.29000      2.6920523E-05
  -16.28000      6.6496621E-05
  -16.27000      1.2613409E-04
  -16.26000      2.0506747E-04
  -16.25000      3.0235972E-04
  -16.24000      4.1555404E-04
  -16.23000      5.4185430E-04
  -16.22000      6.7869230E-04
  -16.21000      8.2087738E-04
  -16.20000      9.6459809E-04
  -16.19000      1.1051825E-03
  -16.18000      1.2376277E-03
  -16.17000      1.3579841E-03
  -16.16000      1.4615749E-03
  -16.15000      1.5452028E-03
  -16.14000      1.6059838E-03
  -16.13000      1.6417211E-03
  -16.12000      1.6513403E-03
  -16.11000      1.6345410E-03
  -16.10000      1.5921657E-03
  -16.09000      1.5255858E-03
  -16.08000      1.4376616E-03
  -16.07000      1.3314466E-03
  -16.06000      1.2107237E-03
  -16.05000      1.0801218E-03
  -16.04000      9.4345416E-04
  -16.03000      8.0603937E-04
  -16.02000      6.7172857E-04
  -16.01000      5.4474646E-04
  -16.00000      4.2864910E-04
  -15.99000      3.2618971E-04
  -15.98000      2.3968874E-04
  -15.97000      1.7060024E-04
  -15.96000      1.1929817E-04
  -15.95000      8.5870699E-05
  -15.94000      6.9182104E-05
  -15.93000      6.7877110E-05
  -15.92000      7.9699916E-05
  -15.91000      1.0231094E-04
  -15.90000      1.3285778E-04
  -15.89000      1.6850916E-04
  -15.88000      2.0639141E-04
  -15.87000      2.4374193E-04
  -15.86000      2.7819545E-04
  -15.85000      3.0760476E-04
  -15.84000      3.3030121E-04
  -15.83000      3.4515027E-04
  -15.82000      3.5143064E-04
  -15.81000      3.4901575E-04
  -15.80000      3.3814600E-04
  -15.79000      3.1965238E-04
  -15.78000      2.9454753E-04
  -15.77000      2.6433505E-04
  -15.76000      2.3058122E-04
  -15.75000      1.9494277E-04
  -15.74000      1.5933606E-04
  -15.73000      1.2530817E-04
  -15.72000      9.4562427E-05
  -15.71000      6.8418674E-05
  -15.70000      4.8021600E-05
  -15.69000      3.4277135E-05
  -15.68000      2.7674991E-05
  -15.67000      2.8482080E-05
  -15.66000      3.6560596E-05
  -15.65000      5.1529343E-05
  -15.64000      7.2628456E-05
  -15.63000      9.8850978E-05
  -15.62000      1.2907661E-04
  -15.61000      1.6172296E-04
  -15.60000      1.9543749E-04
  -15.59000      2.2842814E-04
  -15.58000      2.5919999E-04
  -15.57000      2.8617578E-04
  -15.56000      3.0789123E-04
  -15.55000      3.2312609E-04
  -15.54000      3.3090578E-04
  -15.53000      3.3053319E-04
  -15.52000      3.2171156E-04
  -15.51000      3.0450840E-04
  -15.50000      2.7950885E-04
  -15.49000      2.4759682E-04
  -15.48000      2.1040095E-04
  -15.47000      1.6956704E-04
  -15.46000      1.2765628E-04
  -15.45000      8.7195171E-05
  -15.44000      5.1288574E-05
  -15.43000      2.2977099E-05
  -15.42000      5.5509281E-06
  -15.41000      2.5015813E-06
  -15.40000      1.6949974E-05
  -15.39000      5.1955281E-05
  -15.38000      1.1000915E-04
  -15.37000      1.9330709E-04
  -15.36000      3.0332818E-04
  -15.35000      4.4072291E-04
  -15.34000      6.0575904E-04
  -15.33000      7.9754274E-04
  -15.32000      1.0141907E-03
  -15.31000      1.2538148E-03
  -15.30000      1.5127342E-03
  -15.29000      1.7871640E-03
  -15.28000      2.0731550E-03
  -15.27000      2.3641870E-03
  -15.26000      2.6567306E-03
  -15.25000      2.9437419E-03
  -15.24000      3.2205041E-03
  -15.23000      3.4814437E-03
  -15.22000      3.7207459E-03
  -15.21000      3.9343401E-03
  -15.20000      4.1177622E-03
  -15.19000      4.2674495E-03
  -15.18000      4.3809540E-03
  -15.17000      4.4559245E-03
  -15.16000      4.4915681E-03
  -15.15000      4.4876751E-03
  -15.14000      4.4450616E-03
  -15.13000      4.3650898E-03
  -15.12000      4.2505795E-03
  -15.11000      4.1041356E-03
  -15.10000      3.9290865E-03
  -15.09000      3.7300771E-03
  -15.08000      3.5105026E-03
  -15.07000      3.2757877E-03
  -15.06000      3.0296915E-03
  -15.05000      2.7765541E-03
  -15.04000      2.5208117E-03
  -15.03000      2.2662473E-03
  -15.02000      2.0161872E-03
  -15.01000      1.7745646E-03
  -15.00000      1.5430256E-03
  -14.99000      1.3251631E-03
  -14.98000      1.1222286E-03
  -14.97000      9.3576190E-04
  -14.96000      7.6731492E-04
  -14.95000      6.1676087E-04
  -14.94000      4.8505137E-04
  -14.93000      3.7150091E-04
  -14.92000      2.7581397E-04
  -14.91000      1.9714792E-04
  -14.90000      1.3431317E-04
  -14.89000      8.6024258E-05
  -14.88000      5.0779519E-05
  -14.87000      2.6789769E-05
  -14.86000      1.2397695E-05
  -14.85000      5.7331322E-06
  -14.84000      5.0564176E-06
  -14.83000      8.6194896E-06
  -14.82000      1.4866494E-05
  -14.81000      2.2355867E-05
  -14.80000      2.9905508E-05
  -14.79000      3.6560246E-05
  -14.78000      4.1635682E-05
  -14.77000      4.4746084E-05
  -14.76000      4.5763056E-05
  -14.75000      4.4827433E-05
  -14.74000      4.2307282E-05
  -14.73000      3.8762231E-05
  -14.72000      3.4865210E-05
  -14.71000      3.1362499E-05
  -14.70000      2.8994222E-05
  -14.69000      2.8386432E-05
  -14.68000      3.0051127E-05
  -14.67000      3.4224719E-05
  -14.66000      4.0939078E-05
  -14.65000      4.9861635E-05
  -14.64000      6.0408998E-05
  -14.63000      7.1694369E-05
  -14.62000      8.2591585E-05
  -14.61000      9.1941169E-05
  -14.60000      9.8360506E-05
  -14.59000      1.0073125E-04
  -14.58000      9.8105251E-05
  -14.57000      9.0069036E-05
  -14.56000      7.6731420E-05
  -14.55000      5.9115646E-05
  -14.54000      3.9176815E-05
  -14.53000      2.0006912E-05
  -14.52000      6.0325219E-06
  -14.51000      2.9470459E-06
  -14.50000      1.7908915E-05
  -14.49000      5.9266851E-05
  -14.48000      1.3695423E-04
  -14.47000      2.6153962E-04
  -14.46000      4.4452498E-04
  -14.45000      6.9860299E-04
  -14.44000      1.0349355E-03
  -14.43000      1.4673308E-03
  -14.42000      2.0054397E-03
  -14.41000      2.6603269E-03
  -14.40000      3.4409615E-03
  -14.39000      4.3535978E-03
  -14.38000      5.4028202E-03
  -14.37000      6.5916986E-03
  -14.36000      7.9137571E-03
  -14.35000      9.3709072E-03
  -14.34000      1.0948585E-02
  -14.33000      1.2636555E-02
  -14.32000      1.4420269E-02
  -14.31000      1.6272714E-02
  -14.30000      1.8180331E-02
  -14.29000      2.0110343E-02
  -14.28000      2.2036642E-02
  -14.27000      2.3928231E-02
  -14.26000      2.5752531E-02
  -14.25000      2.7478904E-02
  -14.24000      2.9077731E-02
  -14.23000      3.0514475E-02
  -14.22000      3.1765189E-02
  -14.21000      3.2801978E-02
  -14.20000      3.3603694E-02
  -14.19000      3.4154739E-02
  -14.18000      3.4438718E-02
  -14.17000      3.4449279E-02
  -14.16000      3.4182936E-02
  -14.15000      3.3642337E-02
  -14.14000      3.2834955E-02
  -14.13000      3.1775236E-02
  -14.12000      3.0476462E-02
  -14.11000      2.8963881E-02
  -14.10000      2.7260894E-02
  -14.09000      2.5396032E-02
  -14.08000      2.3405021E-02
  -14.07000      2.1319877E-02
  -14.06000      1.9171756E-02
  -14.05000      1.7006252E-02
  -14.04000      1.4849000E-02
  -14.03000      1.2745640E-02
  -14.02000      1.0725235E-02
  -14.01000      8.8159284E-03
  -14.00000      7.0539629E-03
  -13.99000      5.4545295E-03
  -13.98000      4.0455367E-03
  -13.97000      2.8373434E-03
  -13.96000      1.8412007E-03
  -13.95000      1.0635766E-03
  -13.94000      5.0444488E-04
  -13.93000      1.5921514E-04
  -13.92000      1.9665924E-05
  -13.91000      7.1852221E-05
  -13.90000      2.9949358E-04
  -13.89000      6.8044115E-04
  -13.88000      1.1931662E-03
  -13.87000      1.8082722E-03
  -13.86000      2.5018023E-03
  -13.85000      3.2413984E-03
  -13.84000      3.9993334E-03
  -13.83000      4.7465283E-03
  -13.82000      5.4548173E-03
  -13.81000      6.0969912E-03
  -13.80000      6.6528749E-03
  -13.79000      7.0989509E-03
  -13.78000      7.4202446E-03
  -13.77000      7.6030362E-03
  -13.76000      7.6403292E-03
  -13.75000      7.5292657E-03
  -13.74000      7.2729737E-03
  -13.73000      6.8787592E-03
  -13.72000      6.3595953E-03
  -13.71000      5.7342099E-03
  -13.70000      5.0234864E-03
  -13.69000      4.2554294E-03
  -13.68000      3.4597763E-03
  -13.67000      2.6682497E-03
  -13.66000      1.9197662E-03
  -13.65000      1.2462792E-03
  -13.64000      6.8797346E-04
  -13.63000      2.7805212E-04
  -13.62000      5.1347801E-05
  -13.61000      3.8696166E-05
  -13.60000      2.6652758E-04
  -13.59000      7.5714523E-04
  -13.58000      1.5259811E-03
  -13.57000      2.5845354E-03
  -13.56000      3.9337538E-03
  -13.55000      5.5677472E-03
  -13.54000      7.4815438E-03
  -13.53000      9.6445186E-03
  -13.52000      1.2043319E-02
  -13.51000      1.4631430E-02
  -13.50000      1.7377270E-02
  -13.49000      2.0240245E-02
  -13.48000      2.3163840E-02
  -13.47000      2.6109435E-02
  -13.46000      2.9014831E-02
  -13.45000      3.1832460E-02
  -13.44000      3.4515087E-02
  -13.43000      3.7007708E-02
  -13.42000      3.9267324E-02
  -13.41000      4.1257028E-02
  -13.40000      4.2931575E-02
  -13.39000      4.4272397E-02
  -13.38000      4.5248780E-02
  -13.37000      4.5849536E-02
  -13.36000      4.6068445E-02
  -13.35000      4.5907401E-02
  -13.34000      4.5373645E-02
  -13.33000      4.4486936E-02
  -13.32000      4.3269496E-02
  -13.31000      4.1751325E-02
  -13.30000      3.9968066E-02
  -13.29000      3.7955627E-02
  -13.28000      3.5754643E-02
  -13.27000      3.3412721E-02
  -13.26000      3.0964492E-02
  -13.25000      2.8457042E-02
  -13.24000      2.5930081E-02
  -13.23000      2.3415718E-02
  -13.22000      2.0961156E-02
  -13.21000      1.8580984E-02
  -13.20000      1.6313896E-02
  -13.19000      1.4175471E-02
  -13.18000      1.2184209E-02
  -13.17000      1.0354393E-02
  -13.16000      8.6907707E-03
  -13.15000      7.1978052E-03
  -13.14000      5.8779814E-03
  -13.13000      4.7241640E-03
  -13.12000      3.7320990E-03
  -13.11000      2.8918444E-03
  -13.10000      2.1904460E-03
  -13.09000      1.6189901E-03
  -13.08000      1.1602229E-03
  -13.07000      8.0272154E-04
  -13.06000      5.3087535E-04
  -13.05000      3.3151734E-04
  -13.04000      1.9209666E-04
  -13.03000      1.0033938E-04
  -13.02000      4.5866844E-05
  -13.01000      1.9229947E-05
  -13.00000      1.2347541E-05
  -12.99000      1.8756336E-05
  -12.98000      3.3025677E-05
  -12.97000      5.1081108E-05
  -12.96000      6.9714391E-05
  -12.95000      8.6933775E-05
  -12.94000      1.0132395E-04
  -12.93000      1.1222639E-04
  -12.92000      1.1944498E-04
  -12.91000      1.2312843E-04
  -12.90000      1.2368785E-04
  -12.89000      1.2164089E-04
  -12.88000      1.1756770E-04
  -12.87000      1.1198541E-04
  -12.86000      1.0539439E-04
  -12.85000      9.8150420E-05
  -12.84000      9.0514732E-05
  -12.83000      8.2664294E-05
  -12.82000      7.4636773E-05
  -12.81000      6.6478948E-05
  -12.80000      5.8157319E-05
  -12.79000      4.9671125E-05
  -12.78000      4.1058167E-05
  -12.77000      3.2429707E-05
  -12.76000      2.3993915E-05
  -12.75000      1.6123257E-05
  -12.74000      9.2530954E-06
  -12.73000      4.0424338E-06
  -12.72000      1.2120973E-06
  -12.71000      1.6591426E-06
  -12.70000      6.3184602E-06
  -12.69000      1.6226319E-05
  -12.68000      3.2416428E-05
  -12.67000      5.5885434E-05
  -12.66000      8.7596309E-05
  -12.65000      1.2832512E-04
  -12.64000      1.7871919E-04
  -12.63000      2.3930857E-04
  -12.62000      3.1014314E-04
  -12.61000      3.9131171E-04
  -12.60000      4.8235295E-04
  -12.59000      5.8251270E-04
  -12.58000      6.9119368E-04
  -12.57000      8.0644368E-04
  -12.56000      9.2736422E-04
  -12.55000      1.0516840E-03
  -12.54000      1.1775608E-03
  -12.53000      1.3030497E-03
  -12.52000      1.4253383E-03
  -12.51000      1.5426943E-03
  -12.50000      1.6525992E-03
  -12.49000      1.7528777E-03
  -12.48000      1.8416967E-03
  -12.47000      1.9169881E-03
  -12.46000      1.9773394E-03
  -12.45000      2.0217430E-03
  -12.44000      2.0491164E-03
  -12.43000      2.0591854E-03
  -12.42000      2.0518210E-03
  -12.41000      2.0273908E-03
  -12.40000      1.9864636E-03
  -12.39000      1.9303291E-03
  -12.38000      1.8599924E-03
  -12.37000      1.7773904E-03
  -12.36000      1.6840654E-03
  -12.35000      1.5818992E-03
  -12.34000      1.4729273E-03
  -12.33000      1.3591998E-03
  -12.32000      1.2425196E-03
  -12.31000      1.1251698E-03
  -12.30000      1.0084376E-03
  -12.29000      8.9438376E-04
  -12.28000      7.8444090E-04
  -12.27000      6.7967159E-04
  -12.26000      5.8160478E-04
  -12.25000      4.9050181E-04
  -12.24000      4.0746777E-04
  -12.23000      3.3266860E-04
  -12.22000      2.6635046E-04
  -12.21000      2.0851840E-04
  -12.20000      1.5905878E-04
  -12.19000      1.1743403E-04
  -12.18000      8.3431180E-05
  -12.17000      5.6376273E-05
  -12.16000      3.5777597E-05
  -12.15000      2.0946698E-05
  -12.14000      1.1223075E-05
  -12.13000      5.9079339E-06
  -12.12000      4.3544555E-06
  -12.11000      5.9491103E-06
  -12.10000      1.0091660E-05
  -12.09000      1.6248137E-05
  -12.08000      2.3919403E-05
  -12.07000      3.2649874E-05
  -12.06000      4.2071093E-05
  -12.05000      5.1770130E-05
  -12.04000      6.1488747E-05
  -12.03000      7.0903239E-05
  -12.02000      7.9786565E-05
  -12.01000      8.7921260E-05
  -12.00000      9.5080577E-05
  -11.99000      1.0109988E-04
  -11.98000      1.0581491E-04
  -11.97000      1.0906567E-04
  -11.96000      1.1073916E-04
  -11.95000      1.1071726E-04
  -11.94000      1.0893087E-04
  -11.93000      1.0533408E-04
  -11.92000      9.9956640E-05
  -11.91000      9.2836664E-05
  -11.90000      8.4149135E-05
  -11.89000      7.4094525E-05
  -11.88000      6.2971121E-05
  -11.87000      5.1221832E-05
  -11.86000      3.9326991E-05
  -11.85000      2.7945447E-05
  -11.84000      1.7805487E-05
  -11.83000      9.7297143E-06
  -11.82000      4.6704654E-06
  -11.81000      3.6157053E-06
  -11.80000      7.6297347E-06
  -11.79000      1.7767561E-05
  -11.78000      3.5132936E-05
  -11.77000      6.0707807E-05
  -11.76000      9.5361167E-05
  -11.75000      1.3999891E-04
  -11.74000      1.9501486E-04
  -11.73000      2.6107862E-04
  -11.72000      3.3814524E-04
  -11.71000      4.2610694E-04
  -11.70000      5.2470207E-04
  -11.69000      6.3319819E-04
  -11.68000      7.5051171E-04
  -11.67000      8.7565306E-04
  -11.66000      1.0064290E-03
  -11.65000      1.1415787E-03
  -11.64000      1.2788716E-03
  -11.63000      1.4157760E-03
  -11.62000      1.5504967E-03
  -11.61000      1.6797389E-03
  -11.60000      1.8018548E-03
  -11.59000      1.9140559E-03
  -11.58000      2.0141725E-03
  -11.57000      2.1003592E-03
  -11.56000      2.1708128E-03
  -11.55000      2.2241278E-03
  -11.54000      2.2594712E-03
  -11.53000      2.2759154E-03
  -11.52000      2.2734471E-03
  -11.51000      2.2522768E-03
  -11.50000      2.2129470E-03
  -11.49000      2.1562984E-03
  -11.48000      2.0839777E-03
  -11.47000      1.9971519E-03
  -11.46000      1.8980465E-03
  -11.45000      1.7885369E-03
  -11.44000      1.6705514E-03
  -11.43000      1.5466958E-03
  -11.42000      1.4188252E-03
  -11.41000      1.2891837E-03
  -11.40000      1.1598998E-03
  -11.39000      1.0327261E-03
  -11.38000      9.0958562E-04
  -11.37000      7.9182757E-04
  -11.36000      6.8063260E-04
  -11.35000      5.7750777E-04
  -11.34000      4.8278819E-04
  -11.33000      3.9762532E-04
  -11.32000      3.2163761E-04
  -11.31000      2.5501172E-04
  -11.30000      1.9768089E-04
  -11.29000      1.4934262E-04
  -11.28000      1.0933188E-04
  -11.27000      7.7216740E-05
  -11.26000      5.2062027E-05
  -11.25000      3.3216118E-05
  -11.24000      1.9787853E-05
  -11.23000      1.0928435E-05
  -11.22000      5.8356782E-06
  -11.21000      3.7204782E-06
  -11.20000      3.8652302E-06
  -11.19000      5.6382205E-06
  -11.18000      8.4813109E-06
  -11.17000      1.1940529E-05
  -11.16000      1.5645264E-05
  -11.15000      1.9342986E-05
  -11.14000      2.2829936E-05
  -11.13000      2.6033018E-05
  -11.12000      2.8913244E-05
  -11.11000      3.1492167E-05
  -11.10000      3.3841177E-05
  -11.09000      3.6022448E-05
  -11.08000      3.8116832E-05
  -11.07000      4.0169049E-05
  -11.06000      4.2181404E-05
  -11.05000      4.4112941E-05
  -11.04000      4.5853729E-05
  -11.03000      4.7234462E-05
  -11.02000      4.8038852E-05
  -11.01000      4.8001180E-05
  -11.00000      4.6862264E-05
  -10.99000      4.4385968E-05
  -10.98000      4.0428473E-05
  -10.97000      3.4962039E-05
  -10.96000      2.8228078E-05
  -10.95000      2.0693536E-05
  -10.94000      1.3257308E-05
  -10.93000      7.2363455E-06
  -10.92000      4.4915832E-06
  -10.91000      7.4915447E-06
  -10.90000      1.9359210E-05
  -10.89000      4.3922671E-05
  -10.88000      8.5705586E-05
  -10.87000      1.5001620E-04
  -10.86000      2.4270581E-04
  -10.85000      3.7007028E-04
  -10.84000      5.3971581E-04
  -10.83000      7.5806293E-04
  -10.82000      1.0333851E-03
  -10.81000      1.3725032E-03
  -10.80000      1.7818903E-03
  -10.79000      2.2697989E-03
  -10.78000      2.8394719E-03
  -10.77000      3.4972914E-03
  -10.76000      4.2448011E-03
  -10.75000      5.0834487E-03
  -10.74000      6.0131983E-03
  -10.73000      7.0310533E-03
  -10.72000      8.1293369E-03
  -10.71000      9.3039097E-03
  -10.70000      1.0538527E-02
  -10.69000      1.1825292E-02
  -10.68000      1.3146072E-02
  -10.67000      1.4480334E-02
  -10.66000      1.5813857E-02
  -10.65000      1.7117836E-02
  -10.64000      1.8376697E-02
  -10.63000      1.9563666E-02
  -10.62000      2.0656504E-02
  -10.61000      2.1633901E-02
  -10.60000      2.2475196E-02
  -10.59000      2.3158249E-02
  -10.58000      2.3670895E-02
  -10.57000      2.3995373E-02
  -10.56000      2.4122531E-02
  -10.55000      2.4044638E-02
  -10.54000      2.3759395E-02
  -10.53000      2.3267252E-02
  -10.52000      2.2573926E-02
  -10.51000      2.1689374E-02
  -10.50000      2.0626798E-02
  -10.49000      1.9407541E-02
  -10.48000      1.8049916E-02
  -10.47000      1.6582420E-02
  -10.46000      1.5032598E-02
  -10.45000      1.3426465E-02
  -10.44000      1.1804190E-02
  -10.43000      1.0188099E-02
  -10.42000      8.6164502E-03
  -10.41000      7.1146018E-03
  -10.40000      5.7090456E-03
  -10.39000      4.4276323E-03
  -10.38000      3.2878264E-03
  -10.37000      2.3063498E-03
  -10.36000      1.4963134E-03
  -10.35000      8.6196623E-04
  -10.34000      4.0821815E-04
  -10.33000      1.3059496E-04
  -10.32000      2.2037571E-05
  -10.31000      7.0692338E-05
  -10.30000      2.6118872E-04
  -10.29000      5.7384517E-04
  -10.28000      9.8664185E-04
  -10.27000      1.4768150E-03
  -10.26000      2.0176366E-03
  -10.25000      2.5852402E-03
  -10.24000      3.1531688E-03
  -10.23000      3.6973967E-03
  -10.22000      4.1965763E-03
  -10.21000      4.6302113E-03
  -10.20000      4.9816067E-03
  -10.19000      5.2383263E-03
  -10.18000      5.3897412E-03
  -10.17000      5.4313676E-03
  -10.16000      5.3613675E-03
  -10.15000      5.1831631E-03
  -10.14000      4.9027666E-03
  -10.13000      4.5321579E-03
  -10.12000      4.0832660E-03
  -10.11000      3.5746258E-03
  -10.10000      3.0257427E-03
  -10.09000      2.4577272E-03
  -10.08000      1.8945046E-03
  -10.07000      1.3614383E-03
  -10.06000      8.8341796E-04
  -10.05000      4.8934121E-04
  -10.04000      2.0351686E-04
  -10.03000      5.3432654E-05
  -10.02000      6.3902356E-05
  -10.01000      2.5980576E-04
  -10.00000      6.6082040E-04
  -9.990000      1.2913182E-03
  -9.980000      2.1657548E-03
  -9.970000      3.2997578E-03
  -9.960000      4.7047404E-03
  -9.950000      6.3880458E-03
  -9.940000      8.3529297E-03
  -9.930000      1.0599515E-02
  -9.920000      1.3121377E-02
  -9.910000      1.5908698E-02
  -9.900000      1.8944738E-02
  -9.890000      2.2208219E-02
  -9.880000      2.5671788E-02
  -9.870000      2.9302927E-02
  -9.860000      3.3063818E-02
  -9.850000      3.6909811E-02
  -9.840000      4.0792119E-02
  -9.830000      4.4659149E-02
  -9.820000      4.8454624E-02
  -9.810000      5.2118130E-02
  -9.800000      5.5593766E-02
  -9.790000      5.8820326E-02
  -9.780000      6.1742689E-02
  -9.770000      6.4304449E-02
  -9.760000      6.6456884E-02
  -9.750000      6.8159133E-02
  -9.740000      6.9375381E-02
  -9.730000      7.0079237E-02
  -9.720000      7.0253477E-02
  -9.710000      6.9889188E-02
  -9.700000      6.8992227E-02
  -9.690000      6.7576572E-02
  -9.680000      6.5663621E-02
  -9.670000      6.3287705E-02
  -9.660000      6.0489770E-02
  -9.650000      5.7320792E-02
  -9.640000      5.3835351E-02
  -9.630000      5.0096102E-02
  -9.620000      4.6166699E-02
  -9.610000      4.2116102E-02
  -9.600000      3.8009886E-02
  -9.590000      3.3915702E-02
  -9.580000      2.9895440E-02
  -9.570000      2.6008850E-02
  -9.560000      2.2307893E-02
  -9.550000      1.8838238E-02
  -9.540000      1.5636312E-02
  -9.530000      1.2729979E-02
  -9.520000      1.0138975E-02
  -9.510000      7.8720292E-03
  -9.500000      5.9310966E-03
  -9.490000      4.3082004E-03
  -9.480000      2.9884742E-03
  -9.470000      1.9517638E-03
  -9.460000      1.1725221E-03
  -9.450000      6.2147615E-04
  -9.440000      2.6690299E-04
  -9.430000      7.6377270E-05
  -9.420000      1.7317359E-05
  -9.410000      5.8535064E-05
  -9.400000      1.7092748E-04
  -9.390000      3.2825363E-04
  -9.380000      5.0762488E-04
  -9.370000      6.9002167E-04
  -9.360000      8.6020172E-04
  -9.350000      1.0070135E-03
  -9.340000      1.1229011E-03
  -9.330000      1.2037487E-03
  -9.320000      1.2483635E-03
  -9.310000      1.2581192E-03
  -9.300000      1.2361469E-03
  -9.290000      1.1870181E-03
  -9.280000      1.1160885E-03
  -9.270000      1.0289453E-03
  -9.260000      9.3117077E-04
  -9.250000      8.2783314E-04
  -9.240000      7.2334643E-04
  -9.230000      6.2131824E-04
  -9.220000      5.2447442E-04
  -9.210000      4.3471213E-04
  -9.200000      3.5317248E-04
  -9.190000      2.8035603E-04
  -9.180000      2.1635919E-04
  -9.170000      1.6104375E-04
  -9.160000      1.1410376E-04
  -9.150000      7.5329728E-05
  -9.140000      4.4687997E-05
  -9.130000      2.2377741E-05
  -9.120000      8.8897314E-06
  -9.110000      4.9731207E-06
  -9.100000      1.1583344E-05
  -9.090000      2.9792262E-05
  -9.080000      6.0693783E-05
  -9.070000      1.0524500E-04
  -9.060000      1.6420681E-04
  -9.050000      2.3795740E-04
  -9.040000      3.2647402E-04
  -9.030000      4.2922216E-04
  -9.020000      5.4522505E-04
  -9.010000      6.7289855E-04
  -9.000000      8.1042247E-04
  -8.990000      9.5548254E-04
  -8.980000      1.1055486E-03
  -8.970000      1.2580293E-03
  -8.960000      1.4104361E-03
  -8.950000      1.5602881E-03
  -8.940000      1.7056172E-03
  -8.930000      1.8446629E-03
  -8.920000      1.9763059E-03
  -8.910000      2.0998335E-03
  -8.900000      2.2150546E-03
  -8.890000      2.3222365E-03
  -8.880000      2.4219221E-03
  -8.870000      2.5150937E-03
  -8.860000      2.6026901E-03
  -8.850000      2.6856023E-03
  -8.840000      2.7645212E-03
  -8.830000      2.8397660E-03
  -8.820000      2.9112990E-03
  -8.810000      2.9784646E-03
  -8.800000      3.0400343E-03
  -8.790000      3.0942461E-03
  -8.780000      3.1387371E-03
  -8.770000      3.1708078E-03
  -8.760000      3.1875607E-03
  -8.750000      3.1859877E-03
  -8.740000      3.1631980E-03
  -8.730000      3.1167055E-03
  -8.720000      3.0445342E-03
  -8.710000      2.9455621E-03
  -8.700000      2.8195302E-03
  -8.690000      2.6673339E-03
  -8.680000      2.4910024E-03
  -8.670000      2.2934165E-03
  -8.660000      2.0787865E-03
  -8.650000      1.8520247E-03
  -8.640000      1.6189759E-03
  -8.630000      1.3857876E-03
  -8.620000      1.1588826E-03
  -8.610000      9.4451546E-04
  -8.600000      7.4863894E-04
  -8.590000      5.7648815E-04
  -8.580000      4.3241557E-04
  -8.570000      3.1962767E-04
  -8.560000      2.4005397E-04
  -8.550000      1.9430146E-04
  -8.540000      1.8158145E-04
  -8.530000      1.9974416E-04
  -8.520000      2.4546654E-04
  -8.510000      3.1435426E-04
  -8.500000      4.0115937E-04
  -8.490000      5.0002645E-04
  -8.480000      6.0490222E-04
  -8.470000      7.0964469E-04
  -8.460000      8.0845022E-04
  -8.450000      8.9605583E-04
  -8.440000      9.6802495E-04
  -8.430000      1.0208666E-03
  -8.420000      1.0522504E-03
  -8.410000      1.0609656E-03
  -8.400000      1.0470593E-03
  -8.390000      1.0116277E-03
  -8.380000      9.5676922E-04
  -8.370000      8.8540808E-04
  -8.360000      8.0108206E-04
  -8.350000      7.0775562E-04
  -8.340000      6.0950709E-04
  -8.330000      5.1040825E-04
  -8.320000      4.1415542E-04
  -8.310000      3.2412051E-04
  -8.300000      2.4299455E-04
  -8.290000      1.7284708E-04
  -8.280000      1.1494685E-04
  -8.270000      6.9843991E-05
  -8.260000      3.7371869E-05
  -8.250000      1.6757142E-05
  -8.240000      6.7300498E-06
  -8.230000      5.6879139E-06
  -8.220000      1.1853343E-05
  -8.210000      2.3476212E-05
  -8.200000      3.8976668E-05
  -8.190000      5.7154299E-05
  -8.180000      7.7283978E-05
  -8.170000      9.9249082E-05
  -8.160000      1.2360309E-04
  -8.150000      1.5160475E-04
  -8.140000      1.8518628E-04
  -8.130000      2.2693751E-04
  -8.120000      2.7995484E-04
  -8.110000      3.4780265E-04
  -8.100000      4.3424399E-04
  -8.090000      5.4318114E-04
  -8.080000      6.7834230E-04
  -8.070000      8.4317965E-04
  -8.060000      1.0405859E-03
  -8.050000      1.2728270E-03
  -8.040000      1.5411244E-03
  -8.030000      1.8459838E-03
  -8.020000      2.1863990E-03
  -8.010000      2.5602579E-03
  -8.000000      2.9642491E-03
  -7.990000      3.3938955E-03
  -7.980000      3.8432777E-03
  -7.970000      4.3055792E-03
  -7.960000      4.7728345E-03
  -7.950000      5.2364701E-03
  -7.940000      5.6871539E-03
  -7.930000      6.1155022E-03
  -7.920000      6.5117781E-03
  -7.910000      6.8666078E-03
  -7.900000      7.1709827E-03
  -7.890000      7.4164653E-03
  -7.880000      7.5960569E-03
  -7.870000      7.7036247E-03
  -7.860000      7.7347639E-03
  -7.850000      7.6868027E-03
  -7.840000      7.5583961E-03
  -7.830000      7.3508951E-03
  -7.820000      7.0675602E-03
  -7.810000      6.7135096E-03
  -7.800000      6.2958733E-03
  -7.790000      5.8238585E-03
  -7.780000      5.3078574E-03
  -7.770000      4.7601014E-03
  -7.760000      4.1930978E-03
  -7.750000      3.6205475E-03
  -7.740000      3.0557371E-03
  -7.730000      2.5117963E-03
  -7.720000      2.0008429E-03
  -7.710000      1.5339933E-03
  -7.700000      1.1202623E-03
  -7.690000      7.6734053E-04
  -7.680000      4.8021323E-04
  -7.670000      2.6188753E-04
  -7.660000      1.1280699E-04
  -7.650000      3.1110936E-05
  -7.640000      1.2610156E-05
  -7.630000      5.1133138E-05
  -7.620000      1.3866110E-04
  -7.610000      2.6584513E-04
  -7.600000      4.2223313E-04
  -7.590000      5.9693173E-04
  -7.580000      7.7882258E-04
  -7.570000      9.5738511E-04
  -7.560000      1.1227787E-03
  -7.550000      1.2665121E-03
  -7.540000      1.3816837E-03
  -7.530000      1.4631537E-03
  -7.520000      1.5078669E-03
  -7.510000      1.5147710E-03
  -7.500000      1.4847856E-03
  -7.490000      1.4206541E-03
  -7.480000      1.3267241E-03
  -7.470000      1.2085858E-03
  -7.460000      1.0727477E-03
  -7.450000      9.2608301E-04
  -7.440000      7.7567971E-04
  -7.430000      6.2814314E-04
  -7.420000      4.8950658E-04
  -7.410000      3.6462987E-04
  -7.400000      2.5725059E-04
  -7.390000      1.6964821E-04
  -7.380000      1.0260858E-04
  -7.370000      5.5481061E-05
  -7.360000      2.6335096E-05
  -7.350000      1.2160048E-05
  -7.340000      9.1990032E-06
  -7.330000      1.3307375E-05
  -7.320000      2.0384483E-05
  -7.310000      2.6812677E-05
  -7.300000      2.9881794E-05
  -7.290000      2.8201415E-05
  -7.280000      2.2034403E-05
  -7.270000      1.3558733E-05
  -7.260000      7.0369183E-06
  -7.250000      8.8699626E-06
  -7.240000      2.7536507E-05
  -7.230000      7.3397830E-05
  -7.220000      1.5846873E-04
  -7.210000      2.9591226E-04
  -7.200000      4.9963949E-04
  -7.190000      7.8372116E-04
  -7.180000      1.1616498E-03
  -7.170000      1.6456599E-03
  -7.160000      2.2465044E-03
  -7.150000      2.9718841E-03
  -7.140000      3.8271088E-03
  -7.130000      4.8128944E-03
  -7.120000      5.9271953E-03
  -7.110000      7.1628378E-03
  -7.100000      8.5088899E-03
  -7.090000      9.9497698E-03
  -7.080000      1.1466011E-02
  -7.070000      1.3034416E-02
  -7.060000      1.4629670E-02
  -7.050000      1.6223008E-02
  -7.040000      1.7783582E-02
  -7.030000      1.9280164E-02
  -7.020000      2.0681690E-02
  -7.010000      2.1956338E-02
  -7.000000      2.3075728E-02
  -6.990000      2.4012253E-02
  -6.980000      2.4741748E-02
  -6.970000      2.5244411E-02
  -6.960000      2.5503660E-02
  -6.950000      2.5509236E-02
  -6.940000      2.5256323E-02
  -6.930000      2.4745278E-02
  -6.920000      2.3983132E-02
  -6.910000      2.2982774E-02
  -6.900000      2.1763027E-02
  -6.890000      2.0347750E-02
  -6.880000      1.8767357E-02
  -6.870000      1.7054457E-02
  -6.860000      1.5246890E-02
  -6.850000      1.3383516E-02
  -6.840000      1.1506004E-02
  -6.830000      9.6554710E-03
  -6.820000      7.8738024E-03
  -6.810000      6.1993059E-03
  -6.800000      4.6693408E-03
  -6.790000      3.3163943E-03
  -6.780000      2.1699721E-03
  -6.770000      1.2532506E-03
  -6.760000      5.8430573E-04
  -6.750000      1.7472835E-04
  -6.740000      2.9276820E-05
  -6.730000      1.4553266E-04
  -6.720000      5.1416783E-04
  -6.710000      1.1187718E-03
  -6.700000      1.9359206E-03
  -6.690000      2.9358673E-03
  -6.680000      4.0829242E-03
  -6.670000      5.3368052E-03
  -6.660000      6.6533266E-03
  -6.650000      7.9860734E-03
  -6.640000      9.2873778E-03
  -6.630000      1.0509845E-02
  -6.620000      1.1608239E-02
  -6.610000      1.2540389E-02
  -6.600000      1.3269706E-02
  -6.590000      1.3765161E-02
  -6.580000      1.4004014E-02
  -6.570000      1.3971689E-02
  -6.560000      1.3663220E-02
  -6.550000      1.3083951E-02
  -6.540000      1.2249189E-02
  -6.530000      1.1186399E-02
  -6.520000      9.9322926E-03
  -6.510000      8.5347909E-03
  -6.500000      7.0495284E-03
  -6.490000      5.5413363E-03
  -6.480000      4.0804343E-03
  -6.470000      2.7423115E-03
  -6.460000      1.6034014E-03
  -6.450000      7.4073591E-04
  -6.440000      2.2773258E-04
  -6.430000      1.3299609E-04
  -6.420000      5.1668705E-04
  -6.410000      1.4295464E-03
  -6.400000      2.9094329E-03
  -6.390000      4.9809478E-03
  -6.380000      7.6546678E-03
  -6.370000      1.0923316E-02
  -6.360000      1.4765468E-02
  -6.350000      1.9142991E-02
  -6.340000      2.4002209E-02
  -6.330000      2.9275432E-02
  -6.320000      3.4880776E-02
  -6.310000      4.0726904E-02
  -6.300000      4.6711713E-02
  -6.290000      5.2730229E-02
  -6.280000      5.8666877E-02
  -6.270000      6.4414270E-02
  -6.260000      6.9858260E-02
  -6.250000      7.4898422E-02
  -6.240000      7.9438917E-02
  -6.230000      8.3396055E-02
  -6.220000      8.6700335E-02
  -6.210000      8.9298509E-02
  -6.200000      9.1148712E-02
  -6.190000      9.2232473E-02
  -6.180000      9.2547670E-02
  -6.170000      9.2108451E-02
  -6.160000      9.0945020E-02
  -6.150000      8.9096904E-02
  -6.140000      8.6620480E-02
  -6.130000      8.3580002E-02
  -6.120000      8.0048800E-02
  -6.110000      7.6104201E-02
  -6.100000      7.1825646E-02
  -6.090000      6.7291886E-02
  -6.080000      6.2583715E-02
  -6.070000      5.7777863E-02
  -6.060000      5.2947067E-02
  -6.050000      4.8156951E-02
  -6.040000      4.3468479E-02
  -6.030000      3.8932670E-02
  -6.020000      3.4594335E-02
  -6.010000      3.0489948E-02
  -6.000000      2.6647383E-02
  -5.990000      2.3086445E-02
  -5.980000      1.9818597E-02
  -5.970000      1.6849814E-02
  -5.960000      1.4177880E-02
  -5.950000      1.1797321E-02
  -5.940000      9.6970573E-03
  -5.930000      7.8638727E-03
  -5.920000      6.2800539E-03
  -5.910000      4.9282806E-03
  -5.900000      3.7886973E-03
  -5.890000      2.8422743E-03
  -5.880000      2.0696272E-03
  -5.870000      1.4521417E-03
  -5.860000      9.7154867E-04
  -5.850000      6.1085186E-04
  -5.840000      3.5370336E-04
  -5.830000      1.8506451E-04
  -5.820000      9.0693829E-05
  -5.810000      5.7546345E-05
  -5.800000      7.3342715E-05
  -5.790000      1.2694867E-04
  -5.780000      2.0806963E-04
  -5.770000      3.0743767E-04
  -5.760000      4.1678341E-04
  -5.750000      5.2876043E-04
  -5.740000      6.3713820E-04
  -5.730000      7.3657202E-04
  -5.720000      8.2281727E-04
  -5.710000      8.9257542E-04
  -5.700000      9.4358670E-04
  -5.690000      9.7446993E-04
  -5.680000      9.8469108E-04
  -5.670000      9.7454007E-04
  -5.660000      9.4502850E-04
  -5.650000      8.9781533E-04
  -5.640000      8.3510671E-04
  -5.630000      7.5953238E-04
  -5.620000      6.7418860E-04
  -5.610000      5.8234355E-04
  -5.600000      4.8757481E-04
  -5.590000      3.9360207E-04
  -5.580000      3.0419003E-04
  -5.570000      2.2303443E-04
  -5.560000      1.5384538E-04
  -5.550000      1.0009940E-04
  -5.540000      6.5076623E-05
  -5.530000      5.1712686E-05
  -5.520000      6.2530184E-05
  -5.510000      9.9548670E-05
  -5.500000      1.6418601E-04
  -5.490000      2.5717766E-04
  -5.480000      3.7846432E-04
  -5.470000      5.2715343E-04
  -5.460000      7.0140942E-04
  -5.450000      8.9837931E-04
  -5.440000      1.1143461E-03
  -5.430000      1.3445718E-03
  -5.420000      1.5834362E-03
  -5.410000      1.8247619E-03
  -5.400000      2.0615121E-03
  -5.390000      2.2865427E-03
  -5.380000      2.4925123E-03
  -5.370000      2.6723153E-03
  -5.360000      2.8195644E-03
  -5.350000      2.9286339E-03
  -5.340000      2.9951211E-03
  -5.330000      3.0160497E-03
  -5.320000      2.9899927E-03
  -5.310000      2.9173470E-03
  -5.300000      2.8003491E-03
  -5.290000      2.6428548E-03
  -5.280000      2.4502508E-03
  -5.270000      2.2293578E-03
  -5.260000      1.9878685E-03
  -5.250000      1.7343962E-03
  -5.240000      1.4777319E-03
  -5.230000      1.2266905E-03
  -5.220000      9.8943699E-04
  -5.210000      7.7349378E-04
  -5.200000      5.8495480E-04
  -5.190000      4.2864858E-04
  -5.180000      3.0755284E-04
  -5.170000      2.2297738E-04
  -5.160000      1.7430299E-04
  -5.150000      1.5925005E-04
  -5.140000      1.7395313E-04
  -5.130000      2.1328079E-04
  -5.120000      2.7118123E-04
  -5.110000      3.4107629E-04
  -5.100000      4.1622962E-04
  -5.090000      4.9028662E-04
  -5.080000      5.5753818E-04
  -5.070000      6.1327626E-04
  -5.060000      6.5405725E-04
  -5.050000      6.7783281E-04
  -5.040000      6.8405253E-04
  -5.030000      6.7357463E-04
  -5.020000      6.4859388E-04
  -5.010000      6.1238691E-04
  -5.000000      5.6906947E-04
  -4.990000      5.2322308E-04
  -4.980000      4.7960409E-04
  -4.970000      4.4272127E-04
  -4.960000      4.1656353E-04
  -4.950000      4.0424202E-04
  -4.940000      4.0778439E-04
  -4.930000      4.2798489E-04
  -4.920000      4.6430426E-04
  -4.910000      5.1495736E-04
  -4.900000      5.7697127E-04
  -4.890000      6.4647710E-04
  -4.880000      7.1886810E-04
  -4.870000      7.8926730E-04
  -4.860000      8.5272448E-04
  -4.850000      9.0466294E-04
  -4.840000      9.4115076E-04
  -4.830000      9.5919194E-04
  -4.820000      9.5683255E-04
  -4.810000      9.3343545E-04
  -4.800000      8.8956906E-04
  -4.790000      8.2706462E-04
  -4.780000      7.4887625E-04
  -4.770000      6.5877999E-04
  -4.760000      5.6131370E-04
  -4.750000      4.6130881E-04
  -4.740000      3.6362140E-04
  -4.730000      2.7280115E-04
  -4.720000      1.9284726E-04
  -4.710000      1.2688222E-04
  -4.700000      7.7013407E-05
  -4.690000      4.4219669E-05
  -4.680000      2.8356044E-05
  -4.670000      2.8267475E-05
  -4.660000      4.1937863E-05
  -4.650000      6.6783679E-05
  -4.640000      9.9999372E-05
  -4.630000      1.3888201E-04
  -4.620000      1.8122655E-04
  -4.610000      2.2569615E-04
  -4.600000      2.7220740E-04
  -4.590000      3.2208383E-04
  -4.580000      3.7840489E-04
  -4.570000      4.4596937E-04
  -4.560000      5.3144497E-04
  -4.550000      6.4314646E-04
  -4.540000      7.9093414E-04
  -4.530000      9.8579726E-04
  -4.520000      1.2395406E-03
  -4.510000      1.5642020E-03
  -4.500000      1.9715794E-03
  -4.490000      2.4726929E-03
  -4.480000      3.0769641E-03
  -4.470000      3.7923043E-03
  -4.460000      4.6237558E-03
  -4.450000      5.5739824E-03
  -4.440000      6.6428180E-03
  -4.430000      7.8260964E-03
  -4.420000      9.1170613E-03
  -4.410000      1.0504860E-02
  -4.400000      1.1975665E-02
  -4.390000      1.3512489E-02
  -4.380000      1.5094434E-02
  -4.370000      1.6699089E-02
  -4.360000      1.8300219E-02
  -4.350000      1.9870618E-02
  -4.340000      2.1380965E-02
  -4.330000      2.2800736E-02
  -4.320000      2.4098579E-02
  -4.310000      2.5246000E-02
  -4.300000      2.6213737E-02
  -4.290000      2.6976684E-02
  -4.280000      2.7511459E-02
  -4.270000      2.7799591E-02
  -4.260000      2.7828071E-02
  -4.250000      2.7589247E-02
  -4.240000      2.7082125E-02
  -4.230000      2.6311329E-02
  -4.220000      2.5288550E-02
  -4.210000      2.4031073E-02
  -4.200000      2.2562059E-02
  -4.190000      2.0910997E-02
  -4.180000      1.9111419E-02
  -4.170000      1.7200697E-02
  -4.160000      1.5219788E-02
  -4.150000      1.3210131E-02
  -4.140000      1.1215978E-02
  -4.130000      9.2821270E-03
  -4.120000      7.4494127E-03
  -4.110000      5.7576541E-03
  -4.100000      4.2426786E-03
  -4.090000      2.9341632E-03
  -4.080000      1.8560617E-03
  -4.070000      1.0242481E-03
  -4.060000      4.4612223E-04
  -4.050000      1.2044294E-04
  -4.040000      3.6871101E-05
  -4.030000      1.7661291E-04
  -4.020000      5.1356026E-04
  -4.010000      1.0146482E-03
  -4.000000      1.6421617E-03
  -3.990000      2.3548424E-03
  -3.980000      3.1103604E-03
  -3.970000      3.8658306E-03
  -3.960000      4.5816274E-03
  -3.950000      5.2209548E-03
  -3.940000      5.7525653E-03
  -3.930000      6.1513544E-03
  -3.920000      6.3997577E-03
  -3.910000      6.4879959E-03
  -3.900000      6.4149988E-03
  -3.890000      6.1874618E-03
  -3.880000      5.8198445E-03
  -3.870000      5.3334497E-03
  -3.860000      4.7548185E-03
  -3.850000      4.1142739E-03
  -3.840000      3.4442467E-03
  -3.830000      2.7768440E-03
  -3.820000      2.1420575E-03
  -3.810000      1.5662578E-03
  -3.800000      1.0697918E-03
  -3.790000      6.6715968E-04
  -3.780000      3.6529524E-04
  -3.770000      1.6374326E-04
  -3.760000      5.5023746E-05
  -3.750000      2.5530211E-05
  -3.740000      5.6733643E-05
  -3.730000      1.2707501E-04
  -3.720000      2.1385576E-04
  -3.710000      2.9577638E-04
  -3.700000      3.5525838E-04
  -3.690000      3.8118192E-04
  -3.680000      3.7112844E-04
  -3.670000      3.3389256E-04
  -3.660000      2.9104593E-04
  -3.650000      2.7843221E-04
  -3.640000      3.4661073E-04
  -3.630000      5.6085043E-04
  -3.620000      9.9983951E-04
  -3.610000      1.7545661E-03
  -3.600000      2.9249506E-03
  -3.590000      4.6175574E-03
  -3.580000      6.9411010E-03
  -3.570000      1.0003448E-02
  -3.560000      1.3905218E-02
  -3.550000      1.8738652E-02
  -3.540000      2.4579095E-02
  -3.530000      3.1483322E-02
  -3.520000      3.9484005E-02
  -3.510000      4.8580047E-02
  -3.500000      5.8743119E-02
  -3.490000      6.9902353E-02
  -3.480000      8.1954211E-02
  -3.470000      9.4754674E-02
  -3.460000      0.1081143    
  -3.450000      0.1218112    
  -3.440000      0.1355884    
  -3.430000      0.1491736    
  -3.420000      0.1622704    
  -3.410000      0.1745795    
  -3.400000      0.1858072    
  -3.390000      0.1956663    
  -3.380000      0.2039091    
  -3.370000      0.2103048    
  -3.360000      0.2146673    
  -3.350000      0.2168507    
  -3.340000      0.2167552    
  -3.330000      0.2143302    
  -3.320000      0.2095723    
  -3.310000      0.2025390    
  -3.300000      0.1933368    
  -3.290000      0.1821316    
  -3.280000      0.1691345    
  -3.270000      0.1546219    
  -3.260000      0.1389104    
  -3.250000      0.1223783    
  -3.240000      0.1054214    
  -3.230000      8.8471986E-02
  -3.220000      7.1966171E-02
  -3.210000      5.6339785E-02
  -3.200000      4.2006858E-02
  -3.190000      2.9344141E-02
  -3.180000      1.8673573E-02
  -3.170000      1.0261524E-02
  -3.160000      4.3078046E-03
  -3.150000      9.2959130E-04
  -3.140000      1.7084295E-04
  -3.130000      2.0012225E-03
  -3.120000      6.3115903E-03
  -3.110000      1.2923562E-02
  -3.100000      2.1583969E-02
  -3.090000      3.1980459E-02
  -3.080000      4.3737270E-02
  -3.070000      5.6436501E-02
  -3.060000      6.9607481E-02
  -3.050000      8.2765460E-02
  -3.040000      9.5403239E-02
  -3.030000      0.1070300    
  -3.020000      0.1171751    
  -3.010000      0.1254206    
  -3.000000      0.1314070    
  -2.990000      0.1348657    
  -2.980000      0.1356077    
  -2.970000      0.1335558    
  -2.960000      0.1287390    
  -2.950000      0.1212862    
  -2.940000      0.1114424    
  -2.930000      9.9540755E-02
  -2.920000      8.6025134E-02
  -2.910000      7.1427487E-02
  -2.900000      5.6374788E-02
  -2.890000      4.1572239E-02
  -2.880000      2.7801061E-02
  -2.870000      1.5906936E-02
  -2.860000      6.7764302E-03
  -2.850000      1.3189001E-03
  -2.840000      4.4209650E-04
  -2.830000      5.0133215E-03
  -2.820000      1.5839361E-02
  -2.810000      3.3617117E-02
  -2.800000      5.8932550E-02
  -2.790000      9.2219740E-02
  -2.780000      0.1337627    
  -2.770000      0.1836733    
  -2.760000      0.2419286    
  -2.750000      0.3083000    
  -2.740000      0.3824604    
  -2.730000      0.4638762    
  -2.720000      0.5519039    
  -2.710000      0.6456531    
  -2.700000      0.7441493    
  -2.690000      0.8461460    
  -2.680000      0.9502078    
  -2.670000       1.054712    
  -2.660000       1.157980    
  -2.650000       1.258055    
  -2.640000       1.352981    
  -2.630000       1.440810    
  -2.620000       1.519815    
  -2.610000       1.588433    
  -2.600000       1.645492    
  -2.590000       1.690133    
  -2.580000       1.721886    
  -2.570000       1.740544    
  -2.560000       1.746173    
  -2.550000       1.739106    
  -2.540000       1.719746    
  -2.530000       1.688650    
  -2.520000       1.646472    
  -2.510000       1.593803    
  -2.500000       1.531397    
  -2.490000       1.460134    
  -2.480000       1.381000    
  -2.470000       1.295094    
  -2.460000       1.203681    
  -2.450000       1.108219    
  -2.440000       1.010301    
  -2.430000      0.9115477    
  -2.420000      0.8136349    
  -2.410000      0.7180858    
  -2.400000      0.6263453    
  -2.390000      0.5395848    
  -2.380000      0.4587942    
  -2.370000      0.3846138    
  -2.360000      0.3175077    
  -2.350000      0.2576352    
  -2.340000      0.2050052    
  -2.330000      0.1594671    
  -2.320000      0.1207512    
  -2.310000      8.8457078E-02
  -2.300000      6.2173042E-02
  -2.290000      4.1391108E-02
  -2.280000      2.5588410E-02
  -2.270000      1.4193725E-02
  -2.260000      6.6207633E-03
  -2.250000      2.2607746E-03
  -2.240000      5.0351041E-04
  -2.230000      7.5821683E-04
  -2.220000      2.4756170E-03
  -2.210000      5.1605925E-03
  -2.200000      8.3758021E-03
  -2.190000      1.1763046E-02
  -2.180000      1.5053271E-02
  -2.170000      1.8031448E-02
  -2.160000      2.0535918E-02
  -2.150000      2.2455184E-02
  -2.140000      2.3720305E-02
  -2.130000      2.4321664E-02
  -2.120000      2.4249116E-02
  -2.110000      2.3595631E-02
  -2.100000      2.2510279E-02
  -2.090000      2.1000680E-02
  -2.080000      1.9156560E-02
  -2.070000      1.7119287E-02
  -2.060000      1.4883451E-02
  -2.050000      1.2495000E-02
  -2.040000      1.0166455E-02
  -2.030000      8.1606489E-03
  -2.020000      6.5476750E-03
  -2.010000      5.2181291E-03
  -2.000000      4.0759156E-03
  -1.990000      3.0424369E-03
  -1.980000      2.0917915E-03
  -1.970000      1.3229616E-03
  -1.960000      8.1257074E-04
  -1.950000      5.0533854E-04
  -1.940000      3.0827473E-04
  -1.930000      1.7512865E-04
  -1.920000      9.1244183E-05
  -1.910000      5.5389803E-05
  -1.900000      5.3713513E-05
  -1.890000      6.3175947E-05
  -1.880000      7.4954143E-05
  -1.870000      1.1623740E-04
  -1.860000      2.0594956E-04
  -1.850000      3.1865190E-04
  -1.840000      5.3200743E-04
  -1.830000      9.2639163E-04
  -1.820000      1.2673773E-03
  -1.810000      2.4158501E-03
  -1.800000      5.1040803E-03
  -1.790000      6.8947794E-03
  -1.780000      7.1504004E-03
  -1.770000      5.7975142E-03
  -1.760000      4.4163759E-03
  -1.750000      4.8604016E-03
  -1.740000      7.8428574E-03
  -1.730000      1.2787970E-02
  -1.720000      1.6039051E-02
  -1.710000      2.1407338E-02
  -1.700000      2.9661350E-02
  -1.690000      3.1604052E-02
  -1.680000      2.1005724E-02
  -1.670000      1.2511678E-02
  -1.660000      1.1551165E-02
  -1.650000      1.2509190E-02
  -1.640000      1.3355280E-02
  -1.630000      1.0953167E-02
  -1.620000      1.0268500E-02
  -1.610000      1.3834723E-02
  -1.600000      2.3992717E-02
  -1.590000      3.6112368E-02
  -1.580000      6.4068727E-02
  -1.570000      0.1477477    
  -1.560000      0.1872541    
  -1.550000      0.1003678    
  -1.540000      5.2672900E-02
  -1.530000      4.0003207E-02
  -1.520000      2.3750557E-02
  -1.510000      1.3141732E-02
  -1.500000      1.5170383E-02
  -1.490000      1.4321499E-02
  -1.480000      9.9627925E-03
  -1.470000      5.2197962E-03
  -1.460000      2.9355949E-03
  -1.450000      2.1578171E-03
  -1.440000      2.2453226E-03
  -1.430000      2.3433503E-03
  -1.420000      1.3511401E-03
  -1.410000      7.7610282E-04
  -1.400000      8.0934860E-04
  -1.390000      1.2082662E-03
  -1.380000      1.2564638E-03
  -1.370000      6.0010317E-04
  -1.360000      3.2333884E-04
  -1.350000      4.1071526E-04
  -1.340000      7.6897460E-04
  -1.330000      9.0504583E-04
  -1.320000      4.6389358E-04
  -1.310000      1.9549952E-04
  -1.300000      1.5644912E-04
  -1.290000      1.5639678E-04
  -1.280000      1.0084360E-04
  -1.270000      5.4364722E-05
  -1.260000      5.1254552E-05
  -1.250000      5.8213387E-05
  -1.240000      6.3703526E-05
  -1.230000      6.5498505E-05
  -1.220000      7.0750844E-05
  -1.210000      7.9041441E-05
  -1.200000      8.7424189E-05
  -1.190000      9.7309487E-05
  -1.180000      1.0932242E-04
  -1.170000      1.2425386E-04
  -1.160000      1.4237342E-04
  -1.150000      1.4959823E-04
  -1.140000      1.6641240E-04
  -1.130000      1.3830471E-04
  -1.120000     -8.7330933E-05
  -1.110000      2.1494519E-04
  -1.100000      1.1800138E-02
  -1.090000      4.3058928E-02
  -1.080000      3.3835415E-02
  -1.070000      2.4097791E-02
  -1.060000      1.0587683E-02
  -1.050000      1.1002950E-03
  -1.040000      1.1814571E-04
  -1.030000      3.1331845E-04
  -1.020000      1.7217624E-03
  -1.010000      2.6045351E-03
  -1.000000      3.0960885E-03
 -0.9900000      1.6324456E-03
 -0.9800000      6.9259416E-04
 -0.9700000      7.2314410E-04
 -0.9600000      1.4795653E-03
 -0.9500000      1.4177389E-03
 -0.9400000      3.1526425E-04
 -0.9300000      4.6699450E-05
 -0.9200000      6.2663617E-05
 -0.9100000      1.7223413E-04
 -0.9000000      1.6696105E-04
 -0.8900000      6.9691683E-05
 -0.8800000      4.4869099E-04
 -0.8700000      7.1565842E-04
 -0.8600000      1.4458026E-04
 -0.8500000      6.8701884E-05
 -0.8400000      7.9904348E-05
 -0.8300000      9.5079369E-05
 -0.8200000      1.1479874E-04
 -0.8100000      1.0698159E-04
 -0.8000000      1.3377504E-04
 -0.7900000      2.3125696E-04
 -0.7800000      4.5651780E-04
 -0.7700000      6.1086565E-04
 -0.7600000      5.3973682E-04
 -0.7500000      4.0632740E-04
 -0.7400000      3.8982130E-04
 -0.7300000      8.5355074E-04
 -0.7200000      1.3684215E-03
 -0.7100000      5.3884299E-04
 -0.7000000      4.1159737E-04
 -0.6900000      3.1751682E-04
 -0.6800000      3.6974702E-04
 -0.6700000      6.0641329E-04
 -0.6600000      3.7479241E-04
 -0.6500000      2.9077294E-04
 -0.6400000      3.1038385E-04
 -0.6300000      2.7794254E-04
 -0.6200000      2.8392809E-04
 -0.6100000      3.5339087E-04
 -0.6000000      1.7358593E-04
 -0.5900000      3.9078988E-04
 -0.5800000      7.6854923E-03
 -0.5700000      1.0722856E-02
 -0.5600000      1.3516437E-03
 -0.5500000     -3.8408343E-05
 -0.5400000      5.6944968E-04
 -0.5300000      1.7811612E-03
 -0.5200000      5.5175973E-04
 -0.5100000      4.5604767E-05
 -0.5000000      1.4028893E-04
 -0.4900000      9.3696493E-04
 -0.4800000      7.5700245E-04
 -0.4700000      7.3526557E-05
 -0.4600000     -1.3331944E-06
 -0.4500000      1.3323953E-06
 -0.4400000      5.3666290E-06
 -0.4300000      8.0281998E-06
 -0.4200000      1.2313079E-05
 -0.4100000      1.6840244E-05
 -0.4000000      1.7970769E-05
 -0.3900000      2.1709253E-05
 -0.3800000      1.5754405E-05
 -0.3700000     -3.4214525E-05
 -0.3600000      2.2892778E-05
 -0.3500000      2.5054554E-03
 -0.3400000      8.1314109E-03
 -0.3300000      2.5608677E-03
 -0.3200000      1.0622569E-04
 -0.3100000      1.8818722E-05
 -0.3000000      6.3581487E-05
 -0.2900000      7.0432892E-05
 -0.2800000      6.4810374E-05
 -0.2700000      6.3296364E-05
 -0.2600000      5.8840978E-05
 -0.2500000      5.3435389E-05
 -0.2400000      4.7714944E-05
 -0.2300000      4.1949199E-05
 -0.2200000      3.5690417E-05
 -0.2100000      2.9102901E-05
 -0.2000000      2.2841785E-05
 -0.1900000      1.6636217E-05
 -0.1800000      1.1028896E-05
 -0.1700000      6.6862599E-06
 -0.1600000      3.6877661E-06
 -0.1500000      2.0532732E-06
 -0.1400000      1.6486806E-06
 -0.1300000      2.2018608E-06
 -0.1200000      3.4291359E-06
 -0.1100000      5.0740723E-06
 -0.1000000      6.9325224E-06
 -9.0000004E-02  8.8602692E-06
 -7.9999998E-02  1.0797347E-05
 -7.0000000E-02  1.2207487E-05
 -5.9999999E-02  1.3858764E-05
 -5.0000001E-02  1.3775044E-05
 -3.9999999E-02  9.0000640E-06
 -2.9999999E-02  2.9437550E-05
 -2.0000000E-02  4.4077970E-04
 -9.9999998E-03  9.3707151E-04
  0.0000000E+00  2.2576867E-04
  9.9999998E-03  2.5357687E-05
  2.0000000E-02  2.9378221E-05
  2.9999999E-02  4.3417152E-05
  3.9999999E-02  5.5013719E-05
  5.0000001E-02  6.9934948E-05
  5.9999999E-02  1.0754994E-04
  7.0000000E-02  2.5678292E-04
  7.9999998E-02  3.2878239E-04
  9.0000004E-02  2.7351288E-04
  0.1000000      2.1349071E-04
  0.1100000      2.2486168E-04
  0.1200000      2.5065962E-04
  0.1300000      4.3090840E-04
  0.1400000      1.8746435E-03
  0.1500000      2.7943510E-03
  0.1600000      7.8668474E-04
  0.1700000      4.3790482E-04
  0.1800000      6.2286441E-04
  0.1900000      2.8947652E-03
  0.2000000      4.5222011E-03
  0.2100000      1.1769980E-03
  0.2200000     -4.9082573E-05
  0.2300000      1.2372552E-03
  0.2400000      3.0035388E-02
  0.2500000      5.0761208E-02
  0.2600000      6.2057083E-03
  0.2700000      6.5210684E-06
  0.2800000      1.6168428E-03
  0.2900000      2.3598282E-03
  0.3000000      1.1611232E-03
  0.3100000      7.7042769E-04
  0.3200000      1.5857880E-03
  0.3300000      1.5230940E-03
  0.3400000      7.3195074E-04
  0.3500000      8.9721050E-04
  0.3600000      3.9557987E-03
  0.3700000      2.2755992E-03
  0.3800000      3.0182453E-04
  0.3900000      2.4659716E-04
  0.4000000      4.4077501E-04
  0.4100000      1.7855979E-04
  0.4200000      1.1964883E-04
  0.4300000      1.5330913E-04
  0.4400000      1.8356754E-05
  0.4500000      3.0829429E-05
  0.4600000      5.5273664E-05
  0.4700000      9.3491937E-05
  0.4800000      2.2582687E-04
  0.4900000      2.8149123E-04
  0.5000000      3.8091943E-04
  0.5100000      5.3340383E-04
  0.5200000      5.5964908E-04
  0.5300000      9.4542338E-04
  0.5400000      8.8510686E-04
  0.5500000      2.8235847E-03
  0.5600000      9.1748880E-03
  0.5700000      3.0259846E-03
  0.5800000      1.4748778E-03
  0.5900000      1.9134462E-03
  0.6000000      9.3712751E-04
  0.6100000      7.9144473E-04
  0.6200000      3.8234403E-03
  0.6300000      7.2413748E-03
  0.6400000      1.7396252E-03
  0.6500000      4.7881683E-04
  0.6600000      5.7913148E-04
  0.6700000      8.6025638E-04
  0.6800000      7.1824592E-04
  0.6900000      5.4044416E-04
  0.7000000      3.1038272E-04
  0.7100000      2.2541407E-04
  0.7200000      2.0312461E-04
  0.7300000      3.9003749E-04
  0.7400000      1.0055393E-03
  0.7500000      9.5204246E-04
  0.7600000      8.2971551E-04
  0.7700000      5.4562569E-04
  0.7800000      6.4763462E-04
  0.7900000      8.7235548E-04
  0.8000000      1.3215153E-03
  0.8100000      1.8582842E-03
  0.8200000      2.4975394E-03
  0.8300000      4.3675723E-03
  0.8400000      9.2197163E-03
  0.8500000      1.6964963E-02
  0.8600000      3.3063523E-02
  0.8700000      1.0663331E-02
  0.8800000      3.1381443E-03
  0.8900000      2.6419964E-03
  0.9000000      3.3328314E-03
  0.9100000      4.3717842E-03
  0.9200000      6.6120783E-03
  0.9300000      7.0809261E-03
  0.9400000      9.8061804E-03
  0.9500000      1.6014677E-02
  0.9600000      2.5822362E-02
  0.9700000      7.3576108E-02
  0.9800000      5.3368136E-02
  0.9900000      2.1018092E-02
   1.000000      1.3462143E-02
   1.010000      1.2178466E-02
   1.020000      7.3772790E-03
   1.030000      6.3398234E-03
   1.040000      8.4083015E-03
   1.050000      9.6201096E-03
   1.060000      1.6853366E-02
   1.070000      2.1648258E-02
   1.080000      2.2380861E-02
   1.090000      3.1168656E-02
   1.100000      8.6347461E-03
   1.110000      5.0822161E-03
   1.120000      5.0952495E-03
   1.130000      4.8550457E-02
   1.140000      6.9781788E-02
   1.150000      2.0154854E-02
   1.160000      5.7395712E-02
   1.170000      0.1415980    
   1.180000      4.8816726E-02
   1.190000      4.7987401E-03
   1.200000      2.5523109E-03
   1.210000      3.5271109E-03
   1.220000      4.6002781E-03
   1.230000      6.8572327E-03
   1.240000      1.0823190E-02
   1.250000      1.2046183E-02
   1.260000      1.1306172E-02
   1.270000      1.5125064E-02
   1.280000      1.1376348E-02
   1.290000      1.3534686E-02
   1.300000      2.8390288E-02
   1.310000      1.8855318E-02
   1.320000      6.0100099E-03
   1.330000      2.2680627E-03
   1.340000      8.8766305E-04
   1.350000      7.8867504E-04
   1.360000      7.8794820E-04
   1.370000      7.1942847E-04
   1.380000      9.2981179E-04
   1.390000      2.2109600E-03
   1.400000      8.9866295E-03
   1.410000      2.1478189E-02
   1.420000      2.3632053E-02
   1.430000      1.3100368E-02
   1.440000      7.5317454E-03
   1.450000      5.7600453E-03
   1.460000      4.7576353E-03
   1.470000      5.1764166E-03
   1.480000      7.4220444E-03
   1.490000      1.0303401E-02
   1.500000      1.6616741E-02
   1.510000      4.1890059E-02
   1.520000      7.8646541E-02
   1.530000      7.5550191E-02
   1.540000      3.1312417E-02
   1.550000      8.1782714E-03
   1.560000      3.5496850E-03
   1.570000      1.7036679E-03
   1.580000      9.7197422E-04
   1.590000      8.3443755E-04
   1.600000      5.1246682E-04
   1.610000      2.7311008E-04
   1.620000      2.3361793E-04
   1.630000      3.0732303E-04
   1.640000      5.3094438E-04
   1.650000      7.2568125E-04
   1.660000      1.1257732E-03
   1.670000      2.3109354E-03
   1.680000      3.9021568E-03
   1.690000      4.6107210E-03
   1.700000      3.2701499E-03
   1.710000      1.5615539E-03
   1.720000      9.4382424E-04
   1.730000      8.7832432E-04
   1.740000      1.0601889E-03
   1.750000      1.9352564E-03
   1.760000      3.7436301E-03
   1.770000      5.5200290E-03
   1.780000      5.9413337E-03
   1.790000      4.8367991E-03
   1.800000      4.1463552E-03
   1.810000      5.8730799E-03
   1.820000      8.8410880E-03
   1.830000      1.1962844E-02
   1.840000      1.6672382E-02
   1.850000      2.0174351E-02
   1.860000      1.9933583E-02
   1.870000      1.7835701E-02
   1.880000      1.8427672E-02
   1.890000      2.2574950E-02
   1.900000      2.8143816E-02
   1.910000      3.4252569E-02
   1.920000      3.9219502E-02
   1.930000      3.9384212E-02
   1.940000      3.6457095E-02
   1.950000      3.4627121E-02
   1.960000      3.4433983E-02
   1.970000      3.4776077E-02
   1.980000      3.6420722E-02
   1.990000      3.9670601E-02
   2.000000      4.1561369E-02
   2.010000      3.9630670E-02
   2.020000      3.5406929E-02
   2.030000      3.2410029E-02
   2.040000      3.1128664E-02
   2.050000      3.0391600E-02
   2.060000      2.9292965E-02
   2.070000      2.7602738E-02
   2.080000      2.5489131E-02
   2.090000      2.3183003E-02
   2.100000      2.0836884E-02
   2.110000      1.8511709E-02
   2.120000      1.6219886E-02
   2.130000      1.3966661E-02
   2.140000      1.1779197E-02
   2.150000      9.6878512E-03
   2.160000      7.7154664E-03
   2.170000      5.8953930E-03
   2.180000      4.2812466E-03
   2.190000      2.9196255E-03
   2.200000      1.8457473E-03
   2.210000      1.0863800E-03
   2.220000      6.6585356E-04
   2.230000      5.9990911E-04
   2.240000      8.9137047E-04
   2.250000      1.5271364E-03
   2.260000      2.4782682E-03
   2.270000      3.7000938E-03
   2.280000      5.1344526E-03
   2.290000      6.7131827E-03
   2.300000      8.3635161E-03
   2.310000      1.0010199E-02
   2.320000      1.1580556E-02
   2.330000      1.3005279E-02
   2.340000      1.4224056E-02
   2.350000      1.5183702E-02
   2.360000      1.5841847E-02
   2.370000      1.6167311E-02
   2.380000      1.6142970E-02
   2.390000      1.5766533E-02
   2.400000      1.5051505E-02
   2.410000      1.4029736E-02
   2.420000      1.2748506E-02
   2.430000      1.1270174E-02
   2.440000      9.6660526E-03
   2.450000      8.0137709E-03
   2.460000      6.3892710E-03
   2.470000      4.8639369E-03
   2.480000      3.4984248E-03
   2.490000      2.3399661E-03
   2.500000      1.4194024E-03
   2.510000      7.5220526E-04
   2.520000      3.3790604E-04
   2.530000      1.6133556E-04
   2.540000      1.9427457E-04
   2.550000      3.9827247E-04
   2.560000      7.2684174E-04
   2.570000      1.1282691E-03
   2.580000      1.5493314E-03
   2.590000      1.9388683E-03
   2.600000      2.2517021E-03
   2.610000      2.4521537E-03
   2.620000      2.5175454E-03
   2.630000      2.4402225E-03
   2.640000      2.2289676E-03
   2.650000      1.9085605E-03
   2.660000      1.5189690E-03
   2.670000      1.1126176E-03
   2.680000      7.5248582E-04
   2.690000      5.0816243E-04
   2.700000      4.5305808E-04
   2.710000      6.6098257E-04
   2.720000      1.2022554E-03
   2.730000      2.1411153E-03
   2.740000      3.5311333E-03
   2.750000      5.4134703E-03
   2.760000      7.8119114E-03
   2.770000      1.0733313E-02
   2.780000      1.4161950E-02
   2.790000      1.8062580E-02
   2.800000      2.2378052E-02
   2.810000      2.7031865E-02
   2.820000      3.1931259E-02
   2.830000      3.6973532E-02
   2.840000      4.2044945E-02
   2.850000      4.7028512E-02
   2.860000      5.1811032E-02
   2.870000      5.6280460E-02
   2.880000      6.0332894E-02
   2.890000      6.3876204E-02
   2.900000      6.6826060E-02
   2.910000      6.9112256E-02
   2.920000      7.0676759E-02
   2.930000      7.1474507E-02
   2.940000      7.1475849E-02
   2.950000      7.0670262E-02
   2.960000      6.9064088E-02
   2.970000      6.6681586E-02
   2.980000      6.3568816E-02
   2.990000      5.9793163E-02
   3.000000      5.5438675E-02
   3.010000      5.0614841E-02
   3.020000      4.5437079E-02
   3.030000      4.0038154E-02
   3.040000      3.4553204E-02
   3.050000      2.9121282E-02
   3.060000      2.3873916E-02
   3.070000      1.8937694E-02
   3.080000      1.4421864E-02
   3.090000      1.0424080E-02
   3.100000      7.0191878E-03
   3.110000      4.2644595E-03
   3.120000      2.1943231E-03
   3.130000      8.2304876E-04
   3.140000      1.4126956E-04
   3.150000      1.1901376E-04
   3.160000      7.0460106E-04
   3.170000      1.8277433E-03
   3.180000      3.4016767E-03
   3.190000      5.3236312E-03
   3.200000      7.4813417E-03
   3.210000      9.7572291E-03
   3.220000      1.2032832E-02
   3.230000      1.4193168E-02
   3.240000      1.6133951E-02
   3.250000      1.7764969E-02
   3.260000      1.9013554E-02
   3.270000      1.9828768E-02
   3.280000      2.0180149E-02
   3.290000      2.0060645E-02
   3.300000      1.9485475E-02
   3.310000      1.8488478E-02
   3.320000      1.7122347E-02
   3.330000      1.5454574E-02
   3.340000      1.3563684E-02
   3.350000      1.1535023E-02
   3.360000      9.4599091E-03
   3.370000      7.4268547E-03
   3.380000      5.5222190E-03
   3.390000      3.8222719E-03
   3.400000      2.3926001E-03
   3.410000      1.2821831E-03
   3.420000      5.2374689E-04
   3.430000      1.3024324E-04
   3.440000      9.6315074E-05
   3.450000      3.9780198E-04
   3.460000      9.9478650E-04
   3.470000      1.8338166E-03
   3.480000      2.8519956E-03
   3.490000      3.9801276E-03
   3.500000      5.1481817E-03
   3.510000      6.2886258E-03
   3.520000      7.3392908E-03
   3.530000      8.2490407E-03
   3.540000      8.9782896E-03
   3.550000      9.5027536E-03
   3.560000      9.8146042E-03
   3.570000      9.9230986E-03
   3.580000      9.8548010E-03
   3.590000      9.6529322E-03
   3.600000      9.3753897E-03
   3.610000      9.0926560E-03
   3.620000      8.8837072E-03
   3.630000      8.8332538E-03
   3.640000      9.0262555E-03
   3.650000      9.5446017E-03
   3.660000      1.0462639E-02
   3.670000      1.1841975E-02
   3.680000      1.3729860E-02
   3.690000      1.6154032E-02
   3.700000      1.9124730E-02
   3.710000      2.2627717E-02
   3.720000      2.6630580E-02
   3.730000      3.1075686E-02
   3.740000      3.5888255E-02
   3.750000      4.0971104E-02
   3.760000      4.6212982E-02
   3.770000      5.1487193E-02
   3.780000      5.6657430E-02
   3.790000      6.1580375E-02
   3.800000      6.6113442E-02
   3.810000      7.0114456E-02
   3.820000      7.3450103E-02
   3.830000      7.6005913E-02
   3.840000      7.7686660E-02
   3.850000      7.8417875E-02
   3.860000      7.8153789E-02
   3.870000      7.6878168E-02
   3.880000      7.4607000E-02
   3.890000      7.1387127E-02
   3.900000      6.7295045E-02
   3.910000      6.2430881E-02
   3.920000      5.6923743E-02
   3.930000      5.0915599E-02
   3.940000      4.4571403E-02
   3.950000      3.8062859E-02
   3.960000      3.1571757E-02
   3.970000      2.5278069E-02
   3.980000      1.9363096E-02
   3.990000      1.3992487E-02
   4.000000      9.3267625E-03
   4.010000      5.5020615E-03
   4.020000      2.6329320E-03
   4.030000      8.0424757E-04
   4.040000      6.9722628E-05
   4.050000      4.4540962E-04
   4.060000      1.9114858E-03
   4.070000      4.4106580E-03
   4.080000      7.8484472E-03
   4.090000      1.2097741E-02
   4.100000      1.7001644E-02
   4.110000      2.2377657E-02
   4.120000      2.8027212E-02
   4.130000      3.3738118E-02
   4.140000      3.9293218E-02
   4.150000      4.4481982E-02
   4.160000      4.9095910E-02
   4.170000      5.2944861E-02
   4.180000      5.5865634E-02
   4.190000      5.7721771E-02
   4.200000      5.8412716E-02
   4.210000      5.7880506E-02
   4.220000      5.6110289E-02
   4.230000      5.3142972E-02
   4.240000      4.9067784E-02
   4.250000      4.4029832E-02
   4.260000      3.8222488E-02
   4.270000      3.1890485E-02
   4.280000      2.5316682E-02
   4.290000      1.8824644E-02
   4.300000      1.2762385E-02
   4.310000      7.4963840E-03
   4.320000      3.3953218E-03
   4.330000      8.2930946E-04
   4.340000      1.5025814E-04
   4.350000      1.6872729E-03
   4.360000      5.7337526E-03
   4.370000      1.2536895E-02
   4.380000      2.2295982E-02
   4.390000      3.5142571E-02
   4.400000      5.1146902E-02
   4.410000      7.0301116E-02
   4.420000      9.2521481E-02
   4.430000      0.1176458    
   4.440000      0.1454210    
   4.450000      0.1755319    
   4.460000      0.2075633    
   4.470000      0.2410666    
   4.480000      0.2755270    
   4.490000      0.3103769    
   4.500000      0.3450459    
   4.510000      0.3789254    
   4.520000      0.4114227    
   4.530000      0.4419782    
   4.540000      0.4700578    
   4.550000      0.4951821    
   4.560000      0.5169111    
   4.570000      0.5348948    
   4.580000      0.5488338    
   4.590000      0.5585247    
   4.600000      0.5638344    
   4.610000      0.5646991    
   4.620000      0.5611572    
   4.630000      0.5532975    
   4.640000      0.5412987    
   4.650000      0.5254291    
   4.660000      0.5060129    
   4.670000      0.4834271    
   4.680000      0.4581107    
   4.690000      0.4305169    
   4.700000      0.4011795    
   4.710000      0.3706085    
   4.720000      0.3393233    
   4.730000      0.3078319    
   4.740000      0.2766023    
   4.750000      0.2460813    
   4.760000      0.2166634    
   4.770000      0.1886756    
   4.780000      0.1623953    
   4.790000      0.1380476    
   4.800000      0.1157734    
   4.810000      9.5669799E-02
   4.820000      7.7775091E-02
   4.830000      6.2078610E-02
   4.840000      4.8529714E-02
   4.850000      3.7035778E-02
   4.860000      2.7472984E-02
   4.870000      1.9693842E-02
   4.880000      1.3530285E-02
   4.890000      8.8070882E-03
   4.900000      5.3377720E-03
   4.910000      2.9396105E-03
   4.920000      1.4312387E-03
   4.930000      6.4211775E-04
   4.940000      4.1298490E-04
   4.950000      6.0001027E-04
   4.960000      1.0764555E-03
   4.970000      1.7330452E-03
   4.980000      2.4793984E-03
   4.990000      3.2421441E-03
   5.000000      3.9651007E-03
   5.010000      4.6068979E-03
   5.020000      5.1400848E-03
   5.030000      5.5480907E-03
   5.040000      5.8242450E-03
   5.050000      5.9691388E-03
   5.060000      5.9895329E-03
   5.070000      5.8960961E-03
   5.080000      5.7022572E-03
   5.090000      5.4232553E-03
   5.100000      5.0749853E-03
   5.110000      4.6732705E-03
   5.120000      4.2333989E-03
   5.130000      3.7699784E-03
   5.140000      3.2966749E-03
   5.150000      2.8254401E-03
   5.160000      2.3672292E-03
   5.170000      1.9318579E-03
   5.180000      1.5278653E-03
   5.190000      1.1624217E-03
   5.200000      8.4181002E-04
   5.210000      5.7094236E-04
   5.220000      3.5381809E-04
   5.230000      1.9310499E-04
   5.240000      9.0533031E-05
   5.250000      4.6491878E-05
   5.260000      6.0312719E-05
   5.270000      1.2996665E-04
   5.280000      2.5228880E-04
   5.290000      4.2298806E-04
   5.300000      6.3650566E-04
   5.310000      8.8656577E-04
   5.320000      1.1657501E-03
   5.330000      1.4662752E-03
   5.340000      1.7797566E-03
   5.350000      2.0979044E-03
   5.360000      2.4124384E-03
   5.370000      2.7156449E-03
   5.380000      3.0003632E-03
   5.390000      3.2602835E-03
   5.400000      3.4902710E-03
   5.410000      3.6862579E-03
   5.420000      3.8454337E-03
   5.430000      3.9661871E-03
   5.440000      4.0480243E-03
   5.450000      4.0915585E-03
   5.460000      4.0982007E-03
   5.470000      4.0702652E-03
   5.480000      4.0107421E-03
   5.490000      3.9229705E-03
   5.500000      3.8106332E-03
   5.510000      3.6775214E-03
   5.520000      3.5274741E-03
   5.530000      3.3644484E-03
   5.540000      3.1917673E-03
   5.550000      3.0129026E-03
   5.560000      2.8307291E-03
   5.570000      2.6478160E-03
   5.580000      2.4662646E-03
   5.590000      2.2879825E-03
   5.600000      2.1141705E-03
   5.610000      1.9459485E-03
   5.620000      1.7840628E-03
   5.630000      1.6289104E-03
   5.640000      1.4806360E-03
   5.650000      1.3394096E-03
   5.660000      1.2051255E-03
   5.670000      1.0777669E-03
   5.680000      9.5714204E-04
   5.690000      8.4320991E-04
   5.700000      7.3594617E-04
   5.710000      6.3544302E-04
   5.720000      5.4186326E-04
   5.730000      4.5545626E-04
   5.740000      3.7658357E-04
   5.750000      3.0568999E-04
   5.760000      2.4330492E-04
   5.770000      1.8991485E-04
   5.780000      1.4605495E-04
   5.790000      1.1217713E-04
   5.800000      8.8644680E-05
   5.810000      7.5693693E-05
   5.820000      7.3363684E-05
   5.830000      8.1500104E-05
   5.840000      9.9685392E-05
   5.850000      1.2726421E-04
   5.860000      1.6329279E-04
   5.870000      2.0660427E-04
   5.880000      2.5576414E-04
   5.890000      3.0914941E-04
   5.900000      3.6494312E-04
   5.910000      4.2123930E-04
   5.920000      4.7605109E-04
   5.930000      5.2745955E-04
   5.940000      5.7357305E-04
   5.950000      6.1273150E-04
   5.960000      6.4344774E-04
   5.970000      6.6457974E-04
   5.980000      6.7530823E-04
   5.990000      6.7523500E-04
   6.000000      6.6439708E-04
   6.010000      6.4321351E-04
   6.020000      6.1253639E-04
   6.030000      5.7357608E-04
   6.040000      5.2780705E-04
   6.050000      4.7699406E-04
   6.060000      4.2302022E-04
   6.070000      3.6785263E-04
   6.080000      3.1340009E-04
   6.090000      2.6145595E-04
   6.100000      2.1367933E-04
   6.110000      1.7148380E-04
   6.120000      1.3597998E-04
   6.130000      1.0800421E-04
   6.140000      8.8091234E-05
   6.150000      7.6495788E-05
   6.160000      7.3228111E-05
   6.170000      7.8110141E-05
   6.180000      9.0836002E-05
   6.190000      1.1104437E-04
   6.200000      1.3841610E-04
   6.210000      1.7270538E-04
   6.220000      2.1387871E-04
   6.230000      2.6213215E-04
   6.240000      3.1793542E-04
   6.250000      3.8209127E-04
   6.260000      4.5573837E-04
   6.270000      5.4026116E-04
   6.280000      6.3743390E-04
   6.290000      7.4910780E-04
   6.300000      8.7738154E-04
   6.310000      1.0242579E-03
   6.320000      1.1917596E-03
   6.330000      1.3816286E-03
   6.340000      1.5952785E-03
   6.350000      1.8337102E-03
   6.360000      2.0972490E-03
   6.370000      2.3855804E-03
   6.380000      2.6974906E-03
   6.390000      3.0310426E-03
   6.400000      3.3830903E-03
   6.410000      3.7499978E-03
   6.420000      4.1268626E-03
   6.430000      4.5081167E-03
   6.440000      4.8874184E-03
   6.450000      5.2577653E-03
   6.460000      5.6116367E-03
   6.470000      5.9416345E-03
   6.480000      6.2398929E-03
   6.490000      6.4991484E-03
   6.500000      6.7122523E-03
   6.510000      6.8727336E-03
   6.520000      6.9751320E-03
   6.530000      7.0151365E-03
   6.540000      6.9895093E-03
   6.550000      6.8965107E-03
   6.560000      6.7356960E-03
   6.570000      6.5084645E-03
   6.580000      6.2178811E-03
   6.590000      5.8687944E-03
   6.600000      5.4675578E-03
   6.610000      5.0217994E-03
   6.620000      4.5411214E-03
   6.630000      4.0357439E-03
   6.640000      3.5172752E-03
   6.650000      2.9975886E-03
   6.660000      2.4889698E-03
   6.670000      2.0034057E-03
   6.680000      1.5522699E-03
   6.690000      1.1460339E-03
   6.700000      7.9373410E-04
   6.710000      5.0277985E-04
   6.720000      2.7851050E-04
   6.730000      1.2416011E-04
   6.740000      4.0550505E-05
   6.750000      2.6232414E-05
   6.760000      7.7459619E-05
   6.770000      1.8830842E-04
   6.780000      3.5087025E-04
   6.790000      5.5553019E-04
   6.800000      7.9142698E-04
   6.810000      1.0465729E-03
   6.820000      1.3087029E-03
   6.830000      1.5653238E-03
   6.840000      1.8046332E-03
   6.850000      2.0154726E-03
   6.860000      2.1883058E-03
   6.870000      2.3151627E-03
   6.880000      2.3904687E-03
   6.890000      2.4107613E-03
   6.900000      2.3751953E-03
   6.910000      2.2854335E-03
   6.920000      2.1454978E-03
   6.930000      1.9619097E-03
   6.940000      1.7430671E-03
   6.950000      1.4990100E-03
   6.960000      1.2409235E-03
   6.970000      9.8083774E-04
   6.980000      7.3081488E-04
   6.990000      5.0277211E-04
   7.000000      3.0769932E-04
   7.010000      1.5533171E-04
   7.020000      5.3683347E-05
   7.030000      8.7547105E-06
   7.040000      2.4145626E-05
   7.050000      1.0108721E-04
   7.060000      2.3818624E-04
   7.070000      4.3153175E-04
   7.080000      6.7482411E-04
   7.090000      9.5992617E-04
   7.100000      1.2767321E-03
   7.110000      1.6141383E-03
   7.120000      1.9600736E-03
   7.130000      2.3025810E-03
   7.140000      2.6300151E-03
   7.150000      2.9318710E-03
   7.160000      3.1988916E-03
   7.170000      3.4243343E-03
   7.180000      3.6034328E-03
   7.190000      3.7343143E-03
   7.200000      3.8176836E-03
   7.210000      3.8571029E-03
   7.220000      3.8589479E-03
   7.230000      3.8320494E-03
   7.240000      3.7870978E-03
   7.250000      3.7365581E-03
   7.260000      3.6938349E-03
   7.270000      3.6727751E-03
   7.280000      3.6869769E-03
   7.290000      3.7489934E-03
   7.300000      3.8697526E-03
   7.310000      4.0576584E-03
   7.320000      4.3183845E-03
   7.330000      4.6539200E-03
   7.340000      5.0629959E-03
   7.350000      5.5400971E-03
   7.360000      6.0761846E-03
   7.370000      6.6581485E-03
   7.380000      7.2700758E-03
   7.390000      7.8929076E-03
   7.400000      8.5060466E-03
   7.410000      9.0873083E-03
   7.420000      9.6139666E-03
   7.430000      1.0063836E-02
   7.440000      1.0416375E-02
   7.450000      1.0653163E-02
   7.460000      1.0759205E-02
   7.470000      1.0723104E-02
   7.480000      1.0538614E-02
   7.490000      1.0204339E-02
   7.500000      9.7240778E-03
   7.510000      9.1076959E-03
   7.520000      8.3700344E-03
   7.530000      7.5318222E-03
   7.540000      6.6172448E-03
   7.550000      5.6549520E-03
   7.560000      4.6764999E-03
   7.570000      3.7149030E-03
   7.580000      2.8034556E-03
   7.590000      1.9753608E-03
   7.600000      1.2610568E-03
   7.610000      6.8860903E-04
   7.620000      2.8121081E-04
   7.630000      5.7289122E-05
   7.640000      2.8897739E-05
   7.650000      2.0189164E-04
   7.660000      5.7484367E-04
   7.670000      1.1395344E-03
   7.680000      1.8804462E-03
   7.690000      2.7755697E-03
   7.700000      3.7961872E-03
   7.710000      4.9090269E-03
   7.720000      6.0751312E-03
   7.730000      7.2531770E-03
   7.740000      8.3991680E-03
   7.750000      9.4688460E-03
   7.760000      1.0418623E-02
   7.770000      1.1208005E-02
   7.780000      1.1800063E-02
   7.790000      1.2164811E-02
   7.800000      1.2278882E-02
   7.810000      1.2128144E-02
   7.820000      1.1708757E-02
   7.830000      1.1027629E-02
   7.840000      1.0103855E-02
   7.850000      8.9687938E-03
   7.860000      7.6661739E-03
   7.870000      6.2525026E-03
   7.880000      4.7971797E-03
   7.890000      3.3795154E-03
   7.900000      2.0907514E-03
   7.910000      1.0308186E-03
   7.920000      3.0697827E-04
   7.930000      3.1071104E-05
   7.940000      3.1839369E-04
   7.950000      1.2829104E-03
   7.960000      3.0364811E-03
   7.970000      5.6821634E-03
   7.980000      9.3143983E-03
   7.990000      1.4012175E-02
   8.000000      1.9840200E-02
   8.010000      2.6838027E-02
   8.020000      3.5028838E-02
   8.030000      4.4407476E-02
   8.040000      5.4941211E-02
   8.050000      6.6568322E-02
   8.060000      7.9209469E-02
   8.070000      9.2746064E-02
   8.080000      0.1070412    
   8.090000      0.1219238    
   8.100000      0.1372128    
   8.110000      0.1526965    
   8.120000      0.1681545    
   8.130000      0.1833465    
   8.140000      0.1980365    
   8.150000      0.2119739    
   8.160000      0.2249261    
   8.170000      0.2366564    
   8.180000      0.2469558    
   8.190000      0.2556319    
   8.200000      0.2625167    
   8.210000      0.2674776    
   8.220000      0.2704228    
   8.230000      0.2712921    
   8.240000      0.2700740    
   8.250000      0.2667876    
   8.260000      0.2614996    
   8.270000      0.2543086    
   8.280000      0.2453592    
   8.290000      0.2348191    
   8.300000      0.2228829    
   8.310000      0.2097628    
   8.320000      0.1956932    
   8.330000      0.1809074    
   8.340000      0.1656610    
   8.350000      0.1501852    
   8.360000      0.1347221    
   8.370000      0.1194914    
   8.380000      0.1046930    
   8.390000      9.0520866E-02
   8.400000      7.7143341E-02
   8.410000      6.4689070E-02
   8.420000      5.3273700E-02
   8.430000      4.2974163E-02
   8.440000      3.3844575E-02
   8.450000      2.5904499E-02
   8.460000      1.9151704E-02
   8.470000      1.3553214E-02
   8.480000      9.0577090E-03
   8.490000      5.5906377E-03
   8.500000      3.0649949E-03
   8.510000      1.3786498E-03
   8.520000      4.2354572E-04
   8.530000      8.6218912E-05
   8.540000      2.5256304E-04
   8.550000      8.1044418E-04
   8.560000      1.6530887E-03
   8.570000      2.6812567E-03
   8.580000      3.8044211E-03
   8.590000      4.9434504E-03
   8.600000      6.0307779E-03
   8.610000      7.0110611E-03
   8.620000      7.8414194E-03
   8.630000      8.4915590E-03
   8.640000      8.9425398E-03
   8.650000      9.1865454E-03
   8.660000      9.2251757E-03
   8.670000      9.0686865E-03
   8.680000      8.7342253E-03
   8.690000      8.2447259E-03
   8.700000      7.6267784E-03
   8.710000      6.9096740E-03
   8.720000      6.1239973E-03
   8.730000      5.3004161E-03
   8.740000      4.4676862E-03
   8.750000      3.6536064E-03
   8.760000      2.8824133E-03
   8.770000      2.1758878E-03
   8.780000      1.5513710E-03
   8.790000      1.0231121E-03
   8.800000      6.0103455E-04
   8.810000      2.9162809E-04
   8.820000      9.7596698E-05
   8.830000      1.8306773E-05
   8.840000      4.9985916E-05
   8.850000      1.8626216E-04
   8.860000      4.1841209E-04
   8.870000      7.3574559E-04
   8.880000      1.1260257E-03
   8.890000      1.5759668E-03
   8.900000      2.0718097E-03
   8.910000      2.5990966E-03
   8.920000      3.1436889E-03
   8.930000      3.6918060E-03
   8.940000      4.2302483E-03
   8.950000      4.7467803E-03
   8.960000      5.2302037E-03
   8.970000      5.6706211E-03
   8.980000      6.0593761E-03
   8.990000      6.3895816E-03
   9.000000      6.6556376E-03
   9.010000      6.8536121E-03
   9.020000      6.9809826E-03
   9.030000      7.0368173E-03
   9.040000      7.0220185E-03
   9.050000      6.9386573E-03
   9.060000      6.7903902E-03
   9.070000      6.5821046E-03
   9.080000      6.3196355E-03
   9.090000      6.0099727E-03
   9.100000      5.6611248E-03
   9.110000      5.2811489E-03
   9.120000      4.8788940E-03
   9.130000      4.4627758E-03
   9.140000      4.0413928E-03
   9.150000      3.6227196E-03
   9.160000      3.2140741E-03
   9.170000      2.8220471E-03
   9.180000      2.4521004E-03
   9.190000      2.1084307E-03
   9.200000      1.7943224E-03
   9.210000      1.5118028E-03
   9.220000      1.2616755E-03
   9.230000      1.0436015E-03
   9.240000      8.5643405E-04
   9.250000      6.9809146E-04
   9.260000      5.6588900E-04
   9.270000      4.5671948E-04
   9.280000      3.6724546E-04
   9.290000      2.9412715E-04
   9.300000      2.3415682E-04
   9.310000      1.8455018E-04
   9.320000      1.4294677E-04
   9.330000      1.0765448E-04
   9.340000      7.7621829E-05
   9.350000      5.2475702E-05
   9.360000      3.2508025E-05
   9.370000      1.8568870E-05
   9.380000      1.1941403E-05
   9.390000      1.4214027E-05
   9.400000      2.7089818E-05
   9.410000      5.2191623E-05
   9.420000      9.0912305E-05
   9.430000      1.4416435E-04
   9.440000      2.1231918E-04
   9.450000      2.9503382E-04
   9.460000      3.9118170E-04
   9.470000      4.9883273E-04
   9.480000      6.1530661E-04
   9.490000      7.3716365E-04
   9.500000      8.6036260E-04
   9.510000      9.8053436E-04
   9.520000      1.0930807E-03
   9.530000      1.1933637E-03
   9.540000      1.2771084E-03
   9.550000      1.3404036E-03
   9.560000      1.3802014E-03
   9.570000      1.3943107E-03
   9.580000      1.3816236E-03
   9.590000      1.3421591E-03
   9.600000      1.2771299E-03
   9.610000      1.1888640E-03
   9.620000      1.0808229E-03
   9.630000      9.5730706E-04
   9.640000      8.2337949E-04
   9.650000      6.8445440E-04
   9.660000      5.4635224E-04
   9.670000      4.1460677E-04
   9.680000      2.9457122E-04
   9.690000      1.9101994E-04
   9.700000      1.0789229E-04
   9.710000      4.8072936E-05
   9.720000      1.3389669E-05
   9.730000      4.4276135E-06
   9.740000      2.0537118E-05
   9.750000      5.9885049E-05
   9.760000      1.1956732E-04
   9.770000      1.9574589E-04
   9.780000      2.8387280E-04
   9.790000      3.7893766E-04
   9.800000      4.7574801E-04
   9.810000      5.6917447E-04
   9.820000      6.5441430E-04
   9.830000      7.2728493E-04
   9.840000      7.8429485E-04
   9.850000      8.2292245E-04
   9.860000      8.4165402E-04
   9.870000      8.4012293E-04
   9.880000      8.1894605E-04
   9.890000      7.7979406E-04
   9.900000      7.2521419E-04
   9.910000      6.5850862E-04
   9.920000      5.8354612E-04
   9.930000      5.0456991E-04
   9.940000      4.2589888E-04
   9.950000      3.5184252E-04
   9.960000      2.8631714E-04
   9.970000      2.3280918E-04
   9.980000      1.9414825E-04
   9.990000      1.7238442E-04
   10.00000      1.6864993E-04
   10.01000      1.8320621E-04
   10.02000      2.1556845E-04
   10.03000      2.6410903E-04
   10.04000      3.2670802E-04
   10.05000      4.0054802E-04
   10.06000      4.8210417E-04
   10.07000      5.6819135E-04
   10.08000      6.5461342E-04
   10.09000      7.3782745E-04
   10.10000      8.1426604E-04
   10.11000      8.8067795E-04
   10.12000      9.3441928E-04
   10.13000      9.7325962E-04
   10.14000      9.9554029E-04
   10.15000      1.0005051E-03
   10.16000      9.8789285E-04
   10.17000      9.5823751E-04
   10.18000      9.1257598E-04
   10.19000      8.5291063E-04
   10.20000      7.8110775E-04
   10.21000      7.0018991E-04
   10.22000      6.1287079E-04
   10.23000      5.2228430E-04
   10.24000      4.3171237E-04
   10.25000      3.4406839E-04
   10.26000      2.6228564E-04
   10.27000      1.8908047E-04
   10.28000      1.2650086E-04
   10.29000      7.6521501E-05
   10.30000      4.0259252E-05
   10.31000      1.8514476E-05
   10.32000      1.1483517E-05
   10.33000      1.8782488E-05
   10.34000      3.9496190E-05
   10.35000      7.2199487E-05
   10.36000      1.1518240E-04
   10.37000      1.6604441E-04
   10.38000      2.2252290E-04
   10.39000      2.8183940E-04
   10.40000      3.4131421E-04
   10.41000      3.9834395E-04
   10.42000      4.5021495E-04
   10.43000      4.9471535E-04
   10.44000      5.2988791E-04
   10.45000      5.5410765E-04
   10.46000      5.6639704E-04
   10.47000      5.6614925E-04
   10.48000      5.5347377E-04
   10.49000      5.2886916E-04
   10.50000      4.9360038E-04
   10.51000      4.4904349E-04
   10.52000      3.9743251E-04
   10.53000      3.4093545E-04
   10.54000      2.8215456E-04
   10.55000      2.2363146E-04
   10.56000      1.6773894E-04
   10.57000      1.1715112E-04
   10.58000      7.4030802E-05
   10.59000      4.0053612E-05
   10.60000      1.6780854E-05
   10.61000      4.8811312E-06
   10.62000      4.7536901E-06
   10.63000      1.6099773E-05
   10.64000      3.8121630E-05
   10.65000      6.9570451E-05
   10.66000      1.0851742E-04
   10.67000      1.5309335E-04
   10.68000      2.0070974E-04
   10.69000      2.4905844E-04
   10.70000      2.9560417E-04
   10.71000      3.3789891E-04
   10.72000      3.7402174E-04
   10.73000      4.0205548E-04
   10.74000      4.2078987E-04
   10.75000      4.2932702E-04
   10.76000      4.2737529E-04
   10.77000      4.1515758E-04
   10.78000      3.9334450E-04
   10.79000      3.6320792E-04
   10.80000      3.2621541E-04
   10.81000      2.8443857E-04
   10.82000      2.3987921E-04
   10.83000      1.9475301E-04
   10.84000      1.5147628E-04
   10.85000      1.1195162E-04
   10.86000      7.8346377E-05
   10.87000      5.2106476E-05
   10.88000      3.4545039E-05
   10.89000      2.6531427E-05
   10.90000      2.8403399E-05
   10.91000      4.0172930E-05
   10.92000      6.1226558E-05
   10.93000      9.0793401E-05
   10.94000      1.2752860E-04
   10.95000      1.6988794E-04
   10.96000      2.1628110E-04
   10.97000      2.6460469E-04
   10.98000      3.1325160E-04
   10.99000      3.6007748E-04
   11.00000      4.0345869E-04
   11.01000      4.4182577E-04
   11.02000      4.7373917E-04
   11.03000      4.9820199E-04
   11.04000      5.1434617E-04
   11.05000      5.2168040E-04
   11.06000      5.2003353E-04
   11.07000      5.0951319E-04
   11.08000      4.9053523E-04
   11.09000      4.6376092E-04
   11.10000      4.3023229E-04
   11.11000      3.9090321E-04
   11.12000      3.4724158E-04
   11.13000      3.0068096E-04
   11.14000      2.5266488E-04
   11.15000      2.0500498E-04
   11.16000      1.5905887E-04
   11.17000      1.1657880E-04
   11.18000      7.9018857E-05
   11.19000      4.7749909E-05
   11.20000      2.4024122E-05
   11.21000      8.8896677E-06
   11.22000      3.1636832E-06
   11.23000      7.4149980E-06
   11.24000      2.1889327E-05
   11.25000      4.6543617E-05
   11.26000      8.0862861E-05
   11.27000      1.2425857E-04
   11.28000      1.7525816E-04
   11.29000      2.3267537E-04
   11.30000      2.9443848E-04
   11.31000      3.5859706E-04
   11.32000      4.2281052E-04
   11.33000      4.8458387E-04
   11.34000      5.4135086E-04
   11.35000      5.9104711E-04
   11.36000      6.3108921E-04
   11.37000      6.5962382E-04
   11.38000      6.7492574E-04
   11.39000      6.7604240E-04
   11.40000      6.6231209E-04
   11.41000      6.3393009E-04
   11.42000      5.9159333E-04
   11.43000      5.3676718E-04
   11.44000      4.7174422E-04
   11.45000      3.9910348E-04
   11.46000      3.2253086E-04
   11.47000      2.4579518E-04
   11.48000      1.7309136E-04
   11.49000      1.0920051E-04
   11.50000      5.8359557E-05
   11.51000      2.5389762E-05
   11.52000      1.4192916E-05
   11.53000      2.8642011E-05
   11.54000      7.1633054E-05
   11.55000      1.4566386E-04
   11.56000      2.5191216E-04
   11.57000      3.9078147E-04
   11.58000      5.6185242E-04
   11.59000      7.6323719E-04
   11.60000      9.9217938E-04
   11.61000      1.2454971E-03
   11.62000      1.5174819E-03
   11.63000      1.8047807E-03
   11.64000      2.0998660E-03
   11.65000      2.3976096E-03
   11.66000      2.6913215E-03
   11.67000      2.9743342E-03
   11.68000      3.2418342E-03
   11.69000      3.4869723E-03
   11.70000      3.7050506E-03
   11.71000      3.8916329E-03
   11.72000      4.0429477E-03
   11.73000      4.1565127E-03
   11.74000      4.2306595E-03
   11.75000      4.2644385E-03
   11.76000      4.2583486E-03
   11.77000      4.2134929E-03
   11.78000      4.1319416E-03
   11.79000      4.0165270E-03
   11.80000      3.8714318E-03
   11.81000      3.6998326E-03
   11.82000      3.5070793E-03
   11.83000      3.2970780E-03
   11.84000      3.0745710E-03
   11.85000      2.8445642E-03
   11.86000      2.6109361E-03
   11.87000      2.3777282E-03
   11.88000      2.1489519E-03
   11.89000      1.9270661E-03
   11.90000      1.7153175E-03
   11.91000      1.5154447E-03
   11.92000      1.3287081E-03
   11.93000      1.1569699E-03
   11.94000      9.9988503E-04
   11.95000      8.5853250E-04
   11.96000      7.3208701E-04
   11.97000      6.2017760E-04
   11.98000      5.2229280E-04
   11.99000      4.3721829E-04
   12.00000      3.6410536E-04
   12.01000      3.0171155E-04
   12.02000      2.4883563E-04
   12.03000      2.0447862E-04
   12.04000      1.6747795E-04
   12.05000      1.3679826E-04
   12.06000      1.1159026E-04
   12.07000      9.0916401E-05
   12.08000      7.4149815E-05
   12.09000      6.0585076E-05
   12.10000      4.9701368E-05
   12.11000      4.1034124E-05
   12.12000      3.4170287E-05
   12.13000      2.8802464E-05
   12.14000      2.4635234E-05
   12.15000      2.1439515E-05
   12.16000      1.9015224E-05
   12.17000      1.7185619E-05
   12.18000      1.5823529E-05
   12.19000      1.4818066E-05
   12.20000      1.4077233E-05
   12.21000      1.3540724E-05
   12.22000      1.3167818E-05
   12.23000      1.2931781E-05
   12.24000      1.2831172E-05
   12.25000      1.2875634E-05
   12.26000      1.3077120E-05
   12.27000      1.3455565E-05
   12.28000      1.4025507E-05
   12.29000      1.4782479E-05
   12.30000      1.5714275E-05
   12.31000      1.6781938E-05
   12.32000      1.7912387E-05
   12.33000      1.9029038E-05
   12.34000      2.0018699E-05
   12.35000      2.0755384E-05
   12.36000      2.1121044E-05
   12.37000      2.0994245E-05
   12.38000      2.0293724E-05
   12.39000      1.8987743E-05
   12.40000      1.7121332E-05
   12.41000      1.4820472E-05
   12.42000      1.2350127E-05
   12.43000      1.0087260E-05
   12.44000      8.5532365E-06
   12.45000      8.4361918E-06
   12.46000      1.0550655E-05
   12.47000      1.5849151E-05
   12.48000      2.5400732E-05
   12.49000      4.0397725E-05
   12.50000      6.1996237E-05
   12.51000      9.1444359E-05
   12.52000      1.2992197E-04
   12.53000      1.7837914E-04
   12.54000      2.3793311E-04
   12.55000      3.0910759E-04
   12.56000      3.9230142E-04
   12.57000      4.8788890E-04
   12.58000      5.9514778E-04
   12.59000      7.1407453E-04
   12.60000      8.4298220E-04
   12.61000      9.8071725E-04
   12.62000      1.1255606E-03
   12.63000      1.2749794E-03
   12.64000      1.4268896E-03
   12.65000      1.5782554E-03
   12.66000      1.7262468E-03
   12.67000      1.8680306E-03
   12.68000      2.0005950E-03
   12.69000      2.1209326E-03
   12.70000      2.2267029E-03
   12.71000      2.3151049E-03
   12.72000      2.3845658E-03
   12.73000      2.4331906E-03
   12.74000      2.4599584E-03
   12.75000      2.4642199E-03
   12.76000      2.4459541E-03
   12.77000      2.4052991E-03
   12.78000      2.3433536E-03
   12.79000      2.2613539E-03
   12.80000      2.1610637E-03
   12.81000      2.0445934E-03
   12.82000      1.9142535E-03
   12.83000      1.7724031E-03
   12.84000      1.6223616E-03
   12.85000      1.4663695E-03
   12.86000      1.3077485E-03
   12.87000      1.1492274E-03
   12.88000      9.9314528E-04
   12.89000      8.4295706E-04
   12.90000      7.0005405E-04
   12.91000      5.6732929E-04
   12.92000      4.4605532E-04
   12.93000      3.3789760E-04
   12.94000      2.4407559E-04
   12.95000      1.6532479E-04
   12.96000      1.0205929E-04
   12.97000      5.4631892E-05
   12.98000      2.2556473E-05
   12.99000      5.5902647E-06
   13.00000      2.8179711E-06
   13.01000      1.3262877E-05
   13.02000      3.5419453E-05
   13.03000      6.7869485E-05
   13.04000      1.0887394E-04
   13.05000      1.5642997E-04
   13.06000      2.0867077E-04
   13.07000      2.6330509E-04
   13.08000      3.1827707E-04
   13.09000      3.7158583E-04
   13.10000      4.2100390E-04
   13.11000      4.6497284E-04
   13.12000      5.0158286E-04
   13.13000      5.2965083E-04
   13.14000      5.4809666E-04
   13.15000      5.5628322E-04
   13.16000      5.5391871E-04
   13.17000      5.4116442E-04
   13.18000      5.1853521E-04
   13.19000      4.8692906E-04
   13.20000      4.4763018E-04
   13.21000      4.0221019E-04
   13.22000      3.5237381E-04
   13.23000      3.0030787E-04
   13.24000      2.4767139E-04
   13.25000      1.9679510E-04
   13.26000      1.4940076E-04
   13.27000      1.0725389E-04
   13.28000      7.1830043E-05
   13.29000      4.4088116E-05
   13.30000      2.4827177E-05
   13.31000      1.4262152E-05
   13.32000      1.2247375E-05
   13.33000      1.8191346E-05
   13.34000      3.1086300E-05
   13.35000      4.9697683E-05
   13.36000      7.2362265E-05
   13.37000      9.7491757E-05
   13.38000      1.2323186E-04
   13.39000      1.4791927E-04
   13.40000      1.7006430E-04
   13.41000      1.8832360E-04
   13.42000      2.0192054E-04
   13.43000      2.1035319E-04
   13.44000      2.1372798E-04
   13.45000      2.1259113E-04
   13.46000      2.0805672E-04
   13.47000      2.0169716E-04
   13.48000      1.9549413E-04
   13.49000      1.9185840E-04
   13.50000      1.9333701E-04
   13.51000      2.0271289E-04
   13.52000      2.2260321E-04
   13.53000      2.5571557E-04
   13.54000      3.0406509E-04
   13.55000      3.6968559E-04
   13.56000      4.5361585E-04
   13.57000      5.5644626E-04
   13.58000      6.7831815E-04
   13.59000      8.1787893E-04
   13.60000      9.7366906E-04
   13.61000      1.1432843E-03
   13.62000      1.3232969E-03
   13.63000      1.5104986E-03
   13.64000      1.7001596E-03
   13.65000      1.8875789E-03
   13.66000      2.0685492E-03
   13.67000      2.2372957E-03
   13.68000      2.3899756E-03
   13.69000      2.5213913E-03
   13.70000      2.6277550E-03
   13.71000      2.7056374E-03
   13.72000      2.7522580E-03
   13.73000      2.7657482E-03
   13.74000      2.7452076E-03
   13.75000      2.6905672E-03
   13.76000      2.6029157E-03
   13.77000      2.4840008E-03
   13.78000      2.3366099E-03
   13.79000      2.1644779E-03
   13.80000      1.9726492E-03
   13.81000      1.7653573E-03
   13.82000      1.5493090E-03
   13.83000      1.3289717E-03
   13.84000      1.1105431E-03
   13.85000      8.9979934E-04
   13.86000      7.0213451E-04
   13.87000      5.2207283E-04
   13.88000      3.6478593E-04
   13.89000      2.3282749E-04
   13.90000      1.2967802E-04
   13.91000      5.6592795E-05
   13.92000      1.4517548E-05
   13.93000      3.1211441E-06
   13.94000      2.1076154E-05
   13.95000      6.6092129E-05
   13.96000      1.3501017E-04
   13.97000      2.2394050E-04
   13.98000      3.2819601E-04
   13.99000      4.4266196E-04
   14.00000      5.6231214E-04
   14.01000      6.8108132E-04
   14.02000      7.9423439E-04
   14.03000      8.9611422E-04
   14.04000      9.8247954E-04
   14.05000      1.0494883E-03
   14.06000      1.0939124E-03
   14.07000      1.1139091E-03
   14.08000      1.1084301E-03
   14.09000      1.0777040E-03
   14.10000      1.0228155E-03
   14.11000      9.4631652E-04
   14.12000      8.5139426E-04
   14.13000      7.4218889E-04
   14.14000      6.2395341E-04
   14.15000      5.0158385E-04
   14.16000      3.8132197E-04
   14.17000      2.6890499E-04
   14.18000      1.6991848E-04
   14.19000      9.0077854E-05
   14.20000      3.3702181E-05
   14.21000      5.1018192E-06
   14.22000      6.8682712E-06
   14.23000      4.0929601E-05
   14.24000      1.0755065E-04
   14.25000      2.0612258E-04
   14.26000      3.3443741E-04
   14.27000      4.8915122E-04
   14.28000      6.6602905E-04
   14.29000      8.5973763E-04
   14.30000      1.0639332E-03
   14.31000      1.2725794E-03
   14.32000      1.4780482E-03
   14.33000      1.6747112E-03
   14.34000      1.8553195E-03
   14.35000      2.0140321E-03
   14.36000      2.1460145E-03
   14.37000      2.2466537E-03
   14.38000      2.3134549E-03
   14.39000      2.3443443E-03
   14.40000      2.3390155E-03
   14.41000      2.2983046E-03
   14.42000      2.2244931E-03
   14.43000      2.1209822E-03
   14.44000      1.9919167E-03
   14.45000      1.8432343E-03
   14.46000      1.6802216E-03
   14.47000      1.5096361E-03
   14.48000      1.3379361E-03
   14.49000      1.1708325E-03
   14.50000      1.0152630E-03
   14.51000      8.7539188E-04
   14.52000      7.5632194E-04
   14.53000      6.6082546E-04
   14.54000      5.9120770E-04
   14.55000      5.4848142E-04
   14.56000      5.3223397E-04
   14.57000      5.4110336E-04
   14.58000      5.7242205E-04
   14.59000      6.2284403E-04
   14.60000      6.8796100E-04
   14.61000      7.6276273E-04
   14.62000      8.4235030E-04
   14.63000      9.2069892E-04
   14.64000      9.9306717E-04
   14.65000      1.0546128E-03
   14.66000      1.1008101E-03
   14.67000      1.1283202E-03
   14.68000      1.1344178E-03
   14.69000      1.1177552E-03
   14.70000      1.0778281E-03
   14.71000      1.0157768E-03
   14.72000      9.3319552E-04
   14.73000      8.3369529E-04
   14.74000      7.2110142E-04
   14.75000      6.0031965E-04
   14.76000      4.7702662E-04
   14.77000      3.5684390E-04
   14.78000      2.4610184E-04
   14.79000      1.5076943E-04
   14.80000      7.6351447E-05
   14.81000      2.8134997E-05
   14.82000      1.0290208E-05
   14.83000      2.6296579E-05
   14.84000      7.7999088E-05
   14.85000      1.6653021E-04
   14.86000      2.9099293E-04
   14.87000      4.4918025E-04
   14.88000      6.3770165E-04
   14.89000      8.5083762E-04
   14.90000      1.0829058E-03
   14.91000      1.3259309E-03
   14.92000      1.5713198E-03
   14.93000      1.8102019E-03
   14.94000      2.0328818E-03
   14.95000      2.2297462E-03
   14.96000      2.3922271E-03
   14.97000      2.5113202E-03
   14.98000      2.5806001E-03
   14.99000      2.5940547E-03
   15.00000      2.5485647E-03
   15.01000      2.4424759E-03
   15.02000      2.2783170E-03
   15.03000      2.0598082E-03
   15.04000      1.7954850E-03
   15.05000      1.4961235E-03
   15.06000      1.1761775E-03
   15.07000      8.5412856E-04
   15.08000      5.5095612E-04
   15.09000      2.9035346E-04
   15.10000      1.0038015E-04
   15.11000      9.0055701E-06
   15.12000      4.7882757E-05
   15.13000      2.4687254E-04
   15.14000      6.3975452E-04
   15.15000      1.2538454E-03
   15.16000      2.1204967E-03
   15.17000      3.2628980E-03
   15.18000      4.7029331E-03
   15.19000      6.4620646E-03
   15.20000      8.5466001E-03
   15.21000      1.0965508E-02
   15.22000      1.3719233E-02
   15.23000      1.6793923E-02
   15.24000      2.0182205E-02
   15.25000      2.3855809E-02
   15.26000      2.7776707E-02
   15.27000      3.1920683E-02
   15.28000      3.6219209E-02
   15.29000      4.0641248E-02
   15.30000      4.5109410E-02
   15.31000      4.9562588E-02
   15.32000      5.3939562E-02
   15.33000      5.8161873E-02
   15.34000      6.2166233E-02
   15.35000      6.5882608E-02
   15.36000      6.9240578E-02
   15.37000      7.2187968E-02
   15.38000      7.4668385E-02
   15.39000      7.6631509E-02
   15.40000      7.8047447E-02
   15.41000      7.8882083E-02
   15.42000      7.9123303E-02
   15.43000      7.8765705E-02
   15.44000      7.7816643E-02
   15.45000      7.6296248E-02
   15.46000      7.4223414E-02
   15.47000      7.1638376E-02
   15.48000      6.8578251E-02
   15.49000      6.5115415E-02
   15.50000      6.1286874E-02
   15.51000      5.7176925E-02
   15.52000      5.2843723E-02
   15.53000      4.8352178E-02
   15.54000      4.3794841E-02
   15.55000      3.9219081E-02
   15.56000      3.4709521E-02
   15.57000      3.0319460E-02
   15.58000      2.6106851E-02
   15.59000      2.2128481E-02
   15.60000      1.8427612E-02
   15.61000      1.5029052E-02
   15.62000      1.1977196E-02
   15.63000      9.2730923E-03
   15.64000      6.9409166E-03
   15.65000      4.9732942E-03
   15.66000      3.3633029E-03
   15.67000      2.1022719E-03
   15.68000      1.1640561E-03
   15.69000      5.2809116E-04
   15.70000      1.6152780E-04
   15.71000      3.2863645E-05
   15.72000      1.0692327E-04
   15.73000      3.4770279E-04
   15.74000      7.1977609E-04
   15.75000      1.1863391E-03
   15.76000      1.7154851E-03
   15.77000      2.2733475E-03
   15.78000      2.8316018E-03
   15.79000      3.3656382E-03
   15.80000      3.8508128E-03
   15.81000      4.2712116E-03
   15.82000      4.6104342E-03
   15.83000      4.8590638E-03
   15.84000      5.0107660E-03
   15.85000      5.0631920E-03
   15.86000      5.0171660E-03
   15.87000      4.8772246E-03
   15.88000      4.6506692E-03
   15.89000      4.3471321E-03
   15.90000      3.9784419E-03
   15.91000      3.5589333E-03
   15.92000      3.1027079E-03
   15.93000      2.6275420E-03
   15.94000      2.1477656E-03
   15.95000      1.6815610E-03
   15.96000      1.2453145E-03
   15.97000      8.5378200E-04
   15.98000      5.2318838E-04
   15.99000      2.6511034E-04
   16.00000      9.1886737E-05
   16.01000      1.2773871E-05
   16.02000      3.4704379E-05
   16.03000      1.6266142E-04
   16.04000      3.9806849E-04
   16.05000      7.4160215E-04
   16.06000      1.1880025E-03
   16.07000      1.7328084E-03
   16.08000      2.3669179E-03
   16.09000      3.0781715E-03
   16.10000      3.8574103E-03
   16.11000      4.6847430E-03
   16.12000      5.5488055E-03
   16.13000      6.4297575E-03
   16.14000      7.3114624E-03
   16.15000      8.1766471E-03
   16.16000      9.0075675E-03
   16.17000      9.7866422E-03
   16.18000      1.0501196E-02
   16.19000      1.1134272E-02
   16.20000      1.1675977E-02
   16.21000      1.2115182E-02
   16.22000      1.2444346E-02
   16.23000      1.2659117E-02
   16.24000      1.2756737E-02
   16.25000      1.2738109E-02
   16.26000      1.2606476E-02
   16.27000      1.2367193E-02
   16.28000      1.2026752E-02
   16.29000      1.1595915E-02
   16.30000      1.1085575E-02
   16.31000      1.0506986E-02
   16.32000      9.8756459E-03
   16.33000      9.2013637E-03
   16.34000      8.5010016E-03
   16.35000      7.7857473E-03
   16.36000      7.0680669E-03
   16.37000      6.3599395E-03
   16.38000      5.6704902E-03
   16.39000      5.0089560E-03
   16.40000      4.3834550E-03
   16.41000      3.7983169E-03
   16.42000      3.2588465E-03
   16.43000      2.7677775E-03
   16.44000      2.3256175E-03
   16.45000      1.9344689E-03
   16.46000      1.5907370E-03
   16.47000      1.2940881E-03
   16.48000      1.0408775E-03
   16.49000      8.2766818E-04
   16.50000      6.5083144E-04
   16.51000      5.0570245E-04
   16.52000      3.8836422E-04
   16.53000      2.9474730E-04
   16.54000      2.2092041E-04
   16.55000      1.6350798E-04
   16.56000      1.1944016E-04
   16.57000      8.6059357E-05
   16.58000      6.1379673E-05
   16.59000      4.3621527E-05
   16.60000      3.1650139E-05
   16.61000      2.4544837E-05
   16.62000      2.1760225E-05
   16.63000      2.2941264E-05
   16.64000      2.7881513E-05
   16.65000      3.6439516E-05
   16.66000      4.8461308E-05
   16.67000      6.3751046E-05
   16.68000      8.1971441E-05
   16.69000      1.0263369E-04
   16.70000      1.2520373E-04
   16.71000      1.4879408E-04
   16.72000      1.7259872E-04
   16.73000      1.9553164E-04
   16.74000      2.1654557E-04
   16.75000      2.3467644E-04
   16.76000      2.4881042E-04
   16.77000      2.5816559E-04
   16.78000      2.6200028E-04
   16.79000      2.5989689E-04
   16.80000      2.5163521E-04
   16.81000      2.3736832E-04
   16.82000      2.1751891E-04
   16.83000      1.9285189E-04
   16.84000      1.6450505E-04
   16.85000      1.3375624E-04
   16.86000      1.0228249E-04
   16.87000      7.1973300E-05
   16.88000      4.4684522E-05
   16.89000      2.2550988E-05
   16.90000      7.3742917E-06
   16.91000      1.1576448E-06
   16.92000      5.5088340E-06
   16.93000      2.1917194E-05
   16.94000      5.1435105E-05
   16.95000      9.4860450E-05
   16.96000      1.5258178E-04
   16.97000      2.2441037E-04
   16.98000      3.0996112E-04
   16.99000      4.0841743E-04
   17.00000      5.1818206E-04
