  -17.00000      4.9100333E-04
  -16.99000      5.1178335E-04
  -16.98000      5.3817400E-04
  -16.97000      5.6725042E-04
  -16.96000      5.9601257E-04
  -16.95000      6.2160712E-04
  -16.94000      6.4136751E-04
  -16.93000      6.5302372E-04
  -16.92000      6.5496558E-04
  -16.91000      6.4604898E-04
  -16.90000      6.2576419E-04
  -16.89000      5.9407612E-04
  -16.88000      5.5198645E-04
  -16.87000      5.0085020E-04
  -16.86000      4.4297517E-04
  -16.85000      3.8043674E-04
  -16.84000      3.1590808E-04
  -16.83000      2.5216458E-04
  -16.82000      1.9164424E-04
  -16.81000      1.3691130E-04
  -16.80000      9.0059890E-05
  -16.79000      5.2753068E-05
  -16.78000      2.6326739E-05
  -16.77000      1.1334093E-05
  -16.76000      7.9302590E-06
  -16.75000      1.5619738E-05
  -16.74000      3.3472130E-05
  -16.73000      5.9940980E-05
  -16.72000      9.3297102E-05
  -16.71000      1.3155332E-04
  -16.70000      1.7234760E-04
  -16.69000      2.1367741E-04
  -16.68000      2.5321761E-04
  -16.67000      2.8920651E-04
  -16.66000      3.2001693E-04
  -16.65000      3.4431872E-04
  -16.64000      3.6124693E-04
  -16.63000      3.7030136E-04
  -16.62000      3.7132442E-04
  -16.61000      3.6456584E-04
  -16.60000      3.5056588E-04
  -16.59000      3.3013636E-04
  -16.58000      3.0423157E-04
  -16.57000      2.7409301E-04
  -16.56000      2.4077031E-04
  -16.55000      2.0568188E-04
  -16.54000      1.6993587E-04
  -16.53000      1.3480076E-04
  -16.52000      1.0147462E-04
  -16.51000      7.1058836E-05
  -16.50000      4.4750472E-05
  -16.49000      2.3715935E-05
  -16.48000      9.1053398E-06
  -16.47000      2.2542060E-06
  -16.46000      4.4628086E-06
  -16.45000      1.7236598E-05
  -16.44000      4.1984167E-05
  -16.43000      8.0418868E-05
  -16.42000      1.3397339E-04
  -16.41000      2.0420190E-04
  -16.40000      2.9248616E-04
  -16.39000      3.9977900E-04
  -16.38000      5.2711478E-04
  -16.37000      6.7464868E-04
  -16.36000      8.4208936E-04
  -16.35000      1.0287346E-03
  -16.34000      1.2328792E-03
  -16.33000      1.4521154E-03
  -16.32000      1.6838841E-03
  -16.31000      1.9231538E-03
  -16.30000      2.1667045E-03
  -16.29000      2.4084256E-03
  -16.28000      2.6432788E-03
  -16.27000      2.8657485E-03
  -16.26000      3.0692487E-03
  -16.25000      3.2491465E-03
  -16.24000      3.3997942E-03
  -16.23000      3.5168605E-03
  -16.22000      3.5976619E-03
  -16.21000      3.6384230E-03
  -16.20000      3.6382822E-03
  -16.19000      3.5968635E-03
  -16.18000      3.5152480E-03
  -16.17000      3.3953916E-03
  -16.16000      3.2410568E-03
  -16.15000      3.0559767E-03
  -16.14000      2.8454843E-03
  -16.13000      2.6153165E-03
  -16.12000      2.3714618E-03
  -16.11000      2.1197589E-03
  -16.10000      1.8671458E-03
  -16.09000      1.6180344E-03
  -16.08000      1.3793175E-03
  -16.07000      1.1544339E-03
  -16.06000      9.4745576E-04
  -16.05000      7.6145859E-04
  -16.04000      5.9745461E-04
  -16.03000      4.5716969E-04
  -16.02000      3.3983163E-04
  -16.01000      2.4470928E-04
  -16.00000      1.7009846E-04
  -15.99000      1.1371423E-04
  -15.98000      7.3054405E-05
  -15.97000      4.5364915E-05
  -15.96000      2.7776850E-05
  -15.95000      1.7746881E-05
  -15.94000      1.2853685E-05
  -15.93000      1.1167046E-05
  -15.92000      1.1134215E-05
  -15.91000      1.1733668E-05
  -15.90000      1.2392562E-05
  -15.89000      1.2995847E-05
  -15.88000      1.3794457E-05
  -15.87000      1.5324129E-05
  -15.86000      1.8310035E-05
  -15.85000      2.3541084E-05
  -15.84000      3.1773103E-05
  -15.83000      4.3630349E-05
  -15.82000      5.9514252E-05
  -15.81000      7.9530080E-05
  -15.80000      1.0353413E-04
  -15.79000      1.3086094E-04
  -15.78000      1.6080769E-04
  -15.77000      1.9210554E-04
  -15.76000      2.2347840E-04
  -15.75000      2.5350298E-04
  -15.74000      2.8053249E-04
  -15.73000      3.0323313E-04
  -15.72000      3.2021885E-04
  -15.71000      3.3042044E-04
  -15.70000      3.3307512E-04
  -15.69000      3.2771684E-04
  -15.68000      3.1435833E-04
  -15.67000      2.9333294E-04
  -15.66000      2.6554041E-04
  -15.65000      2.3206678E-04
  -15.64000      1.9463447E-04
  -15.63000      1.5505853E-04
  -15.62000      1.1542300E-04
  -15.61000      7.8252851E-05
  -15.60000      4.5786925E-05
  -15.59000      2.0722751E-05
  -15.58000      5.3906597E-06
  -15.57000      2.2314239E-06
  -15.56000      1.3505600E-05
  -15.55000      4.1234332E-05
  -15.54000      8.7385881E-05
  -15.53000      1.5338190E-04
  -15.52000      2.4085333E-04
  -15.51000      3.5060750E-04
  -15.50000      4.8327973E-04
  -15.49000      6.3976576E-04
  -15.48000      8.1920566E-04
  -15.47000      1.0224393E-03
  -15.46000      1.2475408E-03
  -15.45000      1.4938280E-03
  -15.44000      1.7588239E-03
  -15.43000      2.0417222E-03
  -15.42000      2.3397089E-03
  -15.41000      2.6494230E-03
  -15.40000      2.9662366E-03
  -15.39000      3.2874914E-03
  -15.38000      3.6070670E-03
  -15.37000      3.9213025E-03
  -15.36000      4.2245742E-03
  -15.35000      4.5116749E-03
  -15.34000      4.7777221E-03
  -15.33000      5.0175730E-03
  -15.32000      5.2261753E-03
  -15.31000      5.4001058E-03
  -15.30000      5.5350871E-03
  -15.29000      5.6284685E-03
  -15.28000      5.6781759E-03
  -15.27000      5.6826258E-03
  -15.26000      5.6418898E-03
  -15.25000      5.5567101E-03
  -15.24000      5.4283408E-03
  -15.23000      5.2595157E-03
  -15.22000      5.0537609E-03
  -15.21000      4.8146648E-03
  -15.20000      4.5473692E-03
  -15.19000      4.2568357E-03
  -15.18000      3.9482564E-03
  -15.17000      3.6280106E-03
  -15.16000      3.3012710E-03
  -15.15000      2.9730056E-03
  -15.14000      2.6497846E-03
  -15.13000      2.3345980E-03
  -15.12000      2.0337589E-03
  -15.11000      1.7493539E-03
  -15.10000      1.4842622E-03
  -15.09000      1.2415202E-03
  -15.08000      1.0215836E-03
  -15.07000      8.2619116E-04
  -15.06000      6.5482483E-04
  -15.05000      5.0706661E-04
  -15.04000      3.8218719E-04
  -15.03000      2.7877634E-04
  -15.02000      1.9517112E-04
  -15.01000      1.2975634E-04
  -15.00000      8.0279446E-05
  -14.99000      4.5032353E-05
  -14.98000      2.1794445E-05
  -14.97000      8.6677956E-06
  -14.96000      3.7266984E-06
  -14.95000      5.2023811E-06
  -14.94000      1.1458035E-05
  -14.93000      2.1009226E-05
  -14.92000      3.2559503E-05
  -14.91000      4.4955432E-05
  -14.90000      5.7250534E-05
  -14.89000      6.8657471E-05
  -14.88000      7.8546655E-05
  -14.87000      8.6510598E-05
  -14.86000      9.2244540E-05
  -14.85000      9.5639698E-05
  -14.84000      9.6703596E-05
  -14.83000      9.5587973E-05
  -14.82000      9.2529182E-05
  -14.81000      8.7860979E-05
  -14.80000      8.1953636E-05
  -14.79000      7.5204262E-05
  -14.78000      6.8005720E-05
  -14.77000      6.0693081E-05
  -14.76000      5.3550804E-05
  -14.75000      4.6786656E-05
  -14.74000      4.0496616E-05
  -14.73000      3.4711222E-05
  -14.72000      2.9378649E-05
  -14.71000      2.4407660E-05
  -14.70000      1.9756702E-05
  -14.69000      1.5419573E-05
  -14.68000      1.1611603E-05
  -14.67000      8.7634753E-06
  -14.66000      7.7000013E-06
  -14.65000      9.6925805E-06
  -14.64000      1.6561295E-05
  -14.63000      3.0761159E-05
  -14.62000      5.5434051E-05
  -14.61000      9.4656127E-05
  -14.60000      1.5292503E-04
  -14.59000      2.3561776E-04
  -14.58000      3.4901872E-04
  -14.57000      4.9884006E-04
  -14.56000      6.9291220E-04
  -14.55000      9.3749253E-04
  -14.54000      1.2397465E-03
  -14.53000      1.6064569E-03
  -14.52000      2.0430752E-03
  -14.51000      2.5538921E-03
  -14.50000      3.1443269E-03
  -14.49000      3.8131622E-03
  -14.48000      4.5646448E-03
  -14.47000      5.3923517E-03
  -14.46000      6.2939473E-03
  -14.45000      7.2633810E-03
  -14.44000      8.2884980E-03
  -14.43000      9.3628308E-03
  -14.42000      1.0468007E-02
  -14.41000      1.1591135E-02
  -14.40000      1.2715220E-02
  -14.39000      1.3821146E-02
  -14.38000      1.4890397E-02
  -14.37000      1.5904501E-02
  -14.36000      1.6839985E-02
  -14.35000      1.7682912E-02
  -14.34000      1.8410694E-02
  -14.33000      1.9008324E-02
  -14.32000      1.9461218E-02
  -14.31000      1.9755919E-02
  -14.30000      1.9884329E-02
  -14.29000      1.9839648E-02
  -14.28000      1.9618379E-02
  -14.27000      1.9222254E-02
  -14.26000      1.8656431E-02
  -14.25000      1.7928757E-02
  -14.24000      1.7051924E-02
  -14.23000      1.6041897E-02
  -14.22000      1.4915789E-02
  -14.21000      1.3696723E-02
  -14.20000      1.2407678E-02
  -14.19000      1.1071372E-02
  -14.18000      9.7201169E-03
  -14.17000      8.3727855E-03
  -14.16000      7.0614200E-03
  -14.15000      5.8072307E-03
  -14.14000      4.6335571E-03
  -14.13000      3.5645883E-03
  -14.12000      2.6135393E-03
  -14.11000      1.7986390E-03
  -14.10000      1.1303006E-03
  -14.09000      6.1554875E-04
  -14.08000      2.5973783E-04
  -14.07000      6.0900333E-05
  -14.06000      1.5060157E-05
  -14.05000      1.1349100E-04
  -14.04000      3.4419994E-04
  -14.03000      6.9101009E-04
  -14.02000      1.1345828E-03
  -14.01000      1.6556502E-03
  -14.00000      2.2281564E-03
  -13.99000      2.8310234E-03
  -13.98000      3.4370481E-03
  -13.97000      4.0236497E-03
  -13.96000      4.5680730E-03
  -13.95000      5.0484338E-03
  -13.94000      5.4459935E-03
  -13.93000      5.7457681E-03
  -13.92000      5.9342738E-03
  -13.91000      6.0044718E-03
  -13.90000      5.9511950E-03
  -13.89000      5.7759113E-03
  -13.88000      5.4823812E-03
  -13.87000      5.0822492E-03
  -13.86000      4.5870193E-03
  -13.85000      4.0177093E-03
  -13.84000      3.3954389E-03
  -13.83000      2.7462344E-03
  -13.82000      2.0992497E-03
  -13.81000      1.4862268E-03
  -13.80000      9.3711936E-04
  -13.79000      4.8842106E-04
  -13.78000      1.7188968E-04
  -13.77000      2.2112074E-05
  -13.76000      6.8729103E-05
  -13.75000      3.4113982E-04
  -13.74000      8.6375501E-04
  -13.73000      1.6585650E-03
  -13.72000      2.7427971E-03
  -13.71000      4.1255904E-03
  -13.70000      5.8162436E-03
  -13.69000      7.8119887E-03
  -13.68000      1.0105181E-02
  -13.67000      1.2690078E-02
  -13.66000      1.5531301E-02
  -13.65000      1.8618759E-02
  -13.64000      2.1905554E-02
  -13.63000      2.5358723E-02
  -13.62000      2.8936578E-02
  -13.61000      3.2578502E-02
  -13.60000      3.6241643E-02
  -13.59000      3.9866872E-02
  -13.58000      4.3392431E-02
  -13.57000      4.6770178E-02
  -13.56000      4.9932282E-02
  -13.55000      5.2828625E-02
  -13.54000      5.5417087E-02
  -13.53000      5.7637002E-02
  -13.52000      5.9463102E-02
  -13.51000      6.0851280E-02
  -13.50000      6.1784137E-02
  -13.49000      6.2246773E-02
  -13.48000      6.2230952E-02
  -13.47000      6.1736874E-02
  -13.46000      6.0777850E-02
  -13.45000      5.9370611E-02
  -13.44000      5.7544447E-02
  -13.43000      5.5333734E-02
  -13.42000      5.2778639E-02
  -13.41000      4.9921773E-02
  -13.40000      4.6823148E-02
  -13.39000      4.3522913E-02
  -13.38000      4.0092550E-02
  -13.37000      3.6581960E-02
  -13.36000      3.3044796E-02
  -13.35000      2.9546496E-02
  -13.34000      2.6120074E-02
  -13.33000      2.2825776E-02
  -13.32000      1.9695032E-02
  -13.31000      1.6763540E-02
  -13.30000      1.4058709E-02
  -13.29000      1.1598013E-02
  -13.28000      9.3932608E-03
  -13.27000      7.4550114E-03
  -13.26000      5.7746568E-03
  -13.25000      4.3505761E-03
  -13.24000      3.1692400E-03
  -13.23000      2.2130606E-03
  -13.22000      1.4664658E-03
  -13.21000      9.0234890E-04
  -13.20000      5.0066027E-04
  -13.19000      2.3528202E-04
  -13.18000      8.2805709E-05
  -13.17000      1.9726365E-05
  -13.16000      2.4194806E-05
  -13.15000      7.6529897E-05
  -13.14000      1.5900095E-04
  -13.13000      2.5685912E-04
  -13.12000      3.5769716E-04
  -13.11000      4.5183502E-04
  -13.10000      5.3255167E-04
  -13.09000      5.9469847E-04
  -13.08000      6.3624349E-04
  -13.07000      6.5624766E-04
  -13.06000      6.5573287E-04
  -13.05000      6.3655397E-04
  -13.04000      6.0165947E-04
  -13.03000      5.5424566E-04
  -13.02000      4.9793336E-04
  -13.01000      4.3622300E-04
  -13.00000      3.7193886E-04
  -12.99000      3.0845116E-04
  -12.98000      2.4798000E-04
  -12.97000      1.9241239E-04
  -12.96000      1.4338277E-04
  -12.95000      1.0144202E-04
  -12.94000      6.7194480E-05
  -12.93000      4.0561044E-05
  -12.92000      2.1247461E-05
  -12.91000      8.7400504E-06
  -12.90000      2.3274865E-06
  -12.89000      1.2644413E-06
  -12.88000      4.7748531E-06
  -12.87000      1.2196954E-05
  -12.86000      2.2918643E-05
  -12.85000      3.6507274E-05
  -12.84000      5.2718326E-05
  -12.83000      7.1392649E-05
  -12.82000      9.2692149E-05
  -12.81000      1.1675335E-04
  -12.80000      1.4397380E-04
  -12.79000      1.7481472E-04
  -12.78000      2.0980131E-04
  -12.77000      2.4948863E-04
  -12.76000      2.9450125E-04
  -12.75000      3.4515711E-04
  -12.74000      4.0213461E-04
  -12.73000      4.6553716E-04
  -12.72000      5.3556706E-04
  -12.71000      6.1229087E-04
  -12.70000      6.9506973E-04
  -12.69000      7.8383740E-04
  -12.68000      8.7764050E-04
  -12.67000      9.7556179E-04
  -12.66000      1.0764329E-03
  -12.65000      1.1787727E-03
  -12.64000      1.2809633E-03
  -12.63000      1.3814750E-03
  -12.62000      1.4781418E-03
  -12.61000      1.5693447E-03
  -12.60000      1.6530021E-03
  -12.59000      1.7271845E-03
  -12.58000      1.7903668E-03
  -12.57000      1.8405202E-03
  -12.56000      1.8766483E-03
  -12.55000      1.8974786E-03
  -12.54000      1.9022577E-03
  -12.53000      1.8906213E-03
  -12.52000      1.8624783E-03
  -12.51000      1.8181303E-03
  -12.50000      1.7584509E-03
  -12.49000      1.6845048E-03
  -12.48000      1.5976676E-03
  -12.47000      1.4998871E-03
  -12.46000      1.3931335E-03
  -12.45000      1.2793125E-03
  -12.44000      1.1612742E-03
  -12.43000      1.0407910E-03
  -12.42000      9.2068111E-04
  -12.41000      8.0294017E-04
  -12.40000      6.8928592E-04
  -12.39000      5.8200723E-04
  -12.38000      4.8205623E-04
  -12.37000      3.9102172E-04
  -12.36000      3.0953280E-04
  -12.35000      2.3809350E-04
  -12.34000      1.7698505E-04
  -12.33000      1.2612074E-04
  -12.32000      8.5091713E-05
  -12.31000      5.3456733E-05
  -12.30000      3.0312596E-05
  -12.29000      1.4907824E-05
  -12.28000      6.1819414E-06
  -12.27000      3.1334737E-06
  -12.26000      4.6861787E-06
  -12.25000      9.8369783E-06
  -12.24000      1.7605353E-05
  -12.23000      2.7096927E-05
  -12.22000      3.7532762E-05
  -12.21000      4.8219994E-05
  -12.20000      5.8578051E-05
  -12.19000      6.8208254E-05
  -12.18000      7.6709242E-05
  -12.17000      8.3875901E-05
  -12.16000      8.9526729E-05
  -12.15000      9.3597140E-05
  -12.14000      9.6068725E-05
  -12.13000      9.6992662E-05
  -12.12000      9.6434276E-05
  -12.11000      9.4493691E-05
  -12.10000      9.1295129E-05
  -12.09000      8.6961831E-05
  -12.08000      8.1638631E-05
  -12.07000      7.5463133E-05
  -12.06000      6.8564805E-05
  -12.05000      6.1130959E-05
  -12.04000      5.3281237E-05
  -12.03000      4.5228324E-05
  -12.02000      3.7142396E-05
  -12.01000      2.9245375E-05
  -12.00000      2.1810811E-05
  -11.99000      1.5114524E-05
  -11.98000      9.5056848E-06
  -11.97000      5.3806011E-06
  -11.96000      3.1792911E-06
  -11.95000      3.4252728E-06
  -11.94000      6.6567036E-06
  -11.93000      1.3520415E-05
  -11.92000      2.4622042E-05
  -11.91000      4.0705410E-05
  -11.90000      6.2396684E-05
  -11.89000      9.0382673E-05
  -11.88000      1.2536888E-04
  -11.87000      1.6780998E-04
  -11.86000      2.1832212E-04
  -11.85000      2.7711867E-04
  -11.84000      3.4440201E-04
  -11.83000      4.2023568E-04
  -11.82000      5.0428190E-04
  -11.81000      5.9599575E-04
  -11.80000      6.9493591E-04
  -11.79000      7.9959456E-04
  -11.78000      9.0926659E-04
  -11.77000      1.0220363E-03
  -11.76000      1.1361638E-03
  -11.75000      1.2500655E-03
  -11.74000      1.3612830E-03
  -11.73000      1.4682271E-03
  -11.72000      1.5685009E-03
  -11.71000      1.6600618E-03
  -11.70000      1.7411618E-03
  -11.69000      1.8100286E-03
  -11.68000      1.8650363E-03
  -11.67000      1.9051412E-03
  -11.66000      1.9291512E-03
  -11.65000      1.9366888E-03
  -11.64000      1.9274325E-03
  -11.63000      1.9015796E-03
  -11.62000      1.8595755E-03
  -11.61000      1.8026172E-03
  -11.60000      1.7315454E-03
  -11.59000      1.6481610E-03
  -11.58000      1.5541072E-03
  -11.57000      1.4513244E-03
  -11.56000      1.3420170E-03
  -11.55000      1.2281678E-03
  -11.54000      1.1117841E-03
  -11.53000      9.9521992E-04
  -11.52000      8.8006305E-04
  -11.51000      7.6830073E-04
  -11.50000      6.6151557E-04
  -11.49000      5.6065310E-04
  -11.48000      4.6745813E-04
  -11.47000      3.8215393E-04
  -11.46000      3.0575931E-04
  -11.45000      2.3841730E-04
  -11.44000      1.8021485E-04
  -11.43000      1.3124275E-04
  -11.42000      9.1092865E-05
  -11.41000      5.9416016E-05
  -11.40000      3.5664441E-05
  -11.39000      1.9156809E-05
  -11.38000      9.1995789E-06
  -11.37000      4.9195155E-06
  -11.36000      5.5234282E-06
  -11.35000      1.0104215E-05
  -11.34000      1.7788401E-05
  -11.33000      2.7656613E-05
  -11.32000      3.8925773E-05
  -11.31000      5.0792562E-05
  -11.30000      6.2522056E-05
  -11.29000      7.3438583E-05
  -11.28000      8.3034720E-05
  -11.27000      9.0813170E-05
  -11.26000      9.6489661E-05
  -11.25000      9.9826379E-05
  -11.24000      1.0075345E-04
  -11.23000      9.9306635E-05
  -11.22000      9.5656498E-05
  -11.21000      9.0034751E-05
  -11.20000      8.2798797E-05
  -11.19000      7.4339252E-05
  -11.18000      6.5092274E-05
  -11.17000      5.5494205E-05
  -11.16000      4.5993769E-05
  -11.15000      3.6943857E-05
  -11.14000      2.8722858E-05
  -11.13000      2.1526917E-05
  -11.12000      1.5545622E-05
  -11.11000      1.0855590E-05
  -11.10000      7.4570694E-06
  -11.09000      5.3316071E-06
  -11.08000      4.4246008E-06
  -11.07000      4.7409949E-06
  -11.06000      6.3656098E-06
  -11.05000      9.5432024E-06
  -11.04000      1.4726197E-05
  -11.03000      2.2621731E-05
  -11.02000      3.4315242E-05
  -11.01000      5.1155534E-05
  -11.00000      7.5005584E-05
  -10.99000      1.0809816E-04
  -10.98000      1.5293995E-04
  -10.97000      2.1279154E-04
  -10.96000      2.9057483E-04
  -10.95000      3.9012221E-04
  -10.94000      5.1489344E-04
  -10.93000      6.6839042E-04
  -10.92000      8.5459644E-04
  -10.91000      1.0759570E-03
  -10.90000      1.3357947E-03
  -10.89000      1.6361048E-03
  -10.88000      1.9777694E-03
  -10.87000      2.3619691E-03
  -10.86000      2.7872541E-03
  -10.85000      3.2515158E-03
  -10.84000      3.7537499E-03
  -10.83000      4.2869006E-03
  -10.82000      4.8479065E-03
  -10.81000      5.4284614E-03
  -10.80000      6.0204859E-03
  -10.79000      6.6173472E-03
  -10.78000      7.2067371E-03
  -10.77000      7.7803214E-03
  -10.76000      8.3260173E-03
  -10.75000      8.8332361E-03
  -10.74000      9.2914589E-03
  -10.73000      9.6898843E-03
  -10.72000      1.0017915E-02
  -10.71000      1.0267486E-02
  -10.70000      1.0429434E-02
  -10.69000      1.0498747E-02
  -10.68000      1.0470278E-02
  -10.67000      1.0342110E-02
  -10.66000      1.0113327E-02
  -10.65000      9.7874971E-03
  -10.64000      9.3671130E-03
  -10.63000      8.8608805E-03
  -10.62000      8.2773352E-03
  -10.61000      7.6274406E-03
  -10.60000      6.9245449E-03
  -10.59000      6.1841090E-03
  -10.58000      5.4183244E-03
  -10.57000      4.6483045E-03
  -10.56000      3.8880669E-03
  -10.55000      3.1564697E-03
  -10.54000      2.4713886E-03
  -10.53000      1.8471899E-03
  -10.52000      1.2974351E-03
  -10.51000      8.3521841E-04
  -10.50000      4.7002477E-04
  -10.49000      2.1087036E-04
  -10.48000      6.0562612E-05
  -10.47000      2.1425223E-05
  -10.46000      9.0316527E-05
  -10.45000      2.6255983E-04
  -10.44000      5.2781048E-04
  -10.43000      8.7526673E-04
  -10.42000      1.2888476E-03
  -10.41000      1.7518229E-03
  -10.40000      2.2461268E-03
  -10.39000      2.7503266E-03
  -10.38000      3.2451577E-03
  -10.37000      3.7107619E-03
  -10.36000      4.1272719E-03
  -10.35000      4.4788853E-03
  -10.34000      4.7494420E-03
  -10.33000      4.9275877E-03
  -10.32000      5.0052512E-03
  -10.31000      4.9773939E-03
  -10.30000      4.8436080E-03
  -10.29000      4.6082055E-03
  -10.28000      4.2793192E-03
  -10.27000      3.8688073E-03
  -10.26000      3.3940235E-03
  -10.25000      2.8730796E-03
  -10.24000      2.3298392E-03
  -10.23000      1.7888837E-03
  -10.22000      1.2759175E-03
  -10.21000      8.1910618E-04
  -10.20000      4.4551349E-04
  -10.19000      1.8123694E-04
  -10.18000      5.2869036E-05
  -10.17000      8.2635481E-05
  -10.16000      2.9272868E-04
  -10.15000      6.9939368E-04
  -10.14000      1.3194374E-03
  -10.13000      2.1606470E-03
  -10.12000      3.2339531E-03
  -10.11000      4.5413272E-03
  -10.10000      6.0814479E-03
  -10.09000      7.8538749E-03
  -10.08000      9.8518487E-03
  -10.07000      1.2061877E-02
  -10.06000      1.4478047E-02
  -10.05000      1.7071292E-02
  -10.04000      1.9832818E-02
  -10.03000      2.2740224E-02
  -10.02000      2.5759334E-02
  -10.01000      2.8877079E-02
  -10.00000      3.2037273E-02
  -9.990000      3.5243280E-02
  -9.980000      3.8441319E-02
  -9.970000      4.1599419E-02
  -9.960000      4.4683751E-02
  -9.950000      4.7655348E-02
  -9.940000      5.0475780E-02
  -9.930000      5.3110488E-02
  -9.920000      5.5519246E-02
  -9.910000      5.7666145E-02
  -9.900000      5.9516322E-02
  -9.890000      6.1034840E-02
  -9.880000      6.2191300E-02
  -9.870000      6.2960394E-02
  -9.860000      6.3318960E-02
  -9.850000      6.3252300E-02
  -9.840000      6.2747329E-02
  -9.830000      6.1801236E-02
  -9.820000      6.0419124E-02
  -9.810000      5.8614731E-02
  -9.800000      5.6408528E-02
  -9.790000      5.3829174E-02
  -9.780000      5.0915431E-02
  -9.770000      4.7710672E-02
  -9.760000      4.4266049E-02
  -9.750000      4.0639929E-02
  -9.740000      3.6891099E-02
  -9.730000      3.3082921E-02
  -9.720000      2.9276056E-02
  -9.710000      2.5533276E-02
  -9.700000      2.1912122E-02
  -9.690000      1.8468468E-02
  -9.680000      1.5247620E-02
  -9.670000      1.2291191E-02
  -9.660000      9.6324123E-03
  -9.650000      7.2959689E-03
  -9.640000      5.2950727E-03
  -9.630000      3.6368296E-03
  -9.620000      2.3168381E-03
  -9.610000      1.3238632E-03
  -9.600000      6.3765462E-04
  -9.590000      2.3165779E-04
  -9.580000      7.3225274E-05
  -9.570000      1.2557616E-04
  -9.560000      3.4885554E-04
  -9.550000      7.0204097E-04
  -9.540000      1.1440709E-03
  -9.530000      1.6356539E-03
  -9.520000      2.1402710E-03
  -9.510000      2.6257676E-03
  -9.500000      3.0644068E-03
  -9.490000      3.4343761E-03
  -9.480000      3.7196085E-03
  -9.470000      3.9098351E-03
  -9.460000      4.0007080E-03
  -9.450000      3.9930912E-03
  -9.440000      3.8927309E-03
  -9.430000      3.7091507E-03
  -9.420000      3.4550999E-03
  -9.410000      3.1454570E-03
  -9.400000      2.7965370E-03
  -9.390000      2.4247896E-03
  -9.380000      2.0463928E-03
  -9.370000      1.6759333E-03
  -9.360000      1.3265458E-03
  -9.350000      1.0086697E-03
  -9.340000      7.3036930E-04
  -9.330000      4.9688830E-04
  -9.320000      3.1070199E-04
  -9.310000      1.7160513E-04
  -9.300000      7.7376018E-05
  -9.290000      2.3764258E-05
  -9.280000      5.2409628E-06
  -9.270000      1.5392003E-05
  -9.260000      4.7441892E-05
  -9.250000      9.4746683E-05
  -9.240000      1.5119933E-04
  -9.230000      2.1159480E-04
  -9.220000      2.7185405E-04
  -9.210000      3.2916764E-04
  -9.200000      3.8207564E-04
  -9.190000      4.3038101E-04
  -9.180000      4.7499881E-04
  -9.170000      5.1777496E-04
  -9.160000      5.6122750E-04
  -9.150000      6.0822995E-04
  -9.140000      6.6168455E-04
  -9.130000      7.2426966E-04
  -9.120000      7.9815462E-04
  -9.110000      8.8475231E-04
  -9.100000      9.8466291E-04
  -9.090000      1.0974228E-03
  -9.080000      1.2217222E-03
  -9.070000      1.3551931E-03
  -9.060000      1.4948025E-03
  -9.050000      1.6368655E-03
  -9.040000      1.7773344E-03
  -9.030000      1.9119650E-03
  -9.020000      2.0367268E-03
  -9.010000      2.1476864E-03
  -9.000000      2.2417339E-03
  -8.990000      2.3163238E-03
  -8.980000      2.3696779E-03
  -8.970000      2.4009454E-03
  -8.960000      2.4101795E-03
  -8.950000      2.3981933E-03
  -8.940000      2.3666681E-03
  -8.930000      2.3177252E-03
  -8.920000      2.2540414E-03
  -8.910000      2.1784450E-03
  -8.900000      2.0938106E-03
  -8.890000      2.0028423E-03
  -8.880000      1.9079725E-03
  -8.870000      1.8111760E-03
  -8.860000      1.7138739E-03
  -8.850000      1.6169507E-03
  -8.840000      1.5207843E-03
  -8.830000      1.4251361E-03
  -8.820000      1.3295724E-03
  -8.810000      1.2333278E-03
  -8.800000      1.1356175E-03
  -8.790000      1.0357610E-03
  -8.780000      9.3335134E-04
  -8.770000      8.2835590E-04
  -8.760000      7.2136748E-04
  -8.750000      6.1345572E-04
  -8.740000      5.0643971E-04
  -8.730000      4.0261360E-04
  -8.720000      3.0484813E-04
  -8.710000      2.1628720E-04
  -8.700000      1.4033270E-04
  -8.690000      8.0321021E-05
  -8.680000      3.9328017E-05
  -8.670000      1.9881603E-05
  -8.660000      2.3831435E-05
  -8.650000      5.2124022E-05
  -8.640000      1.0461830E-04
  -8.630000      1.8006998E-04
  -8.620000      2.7605775E-04
  -8.610000      3.8908838E-04
  -8.600000      5.1464792E-04
  -8.590000      6.4745615E-04
  -8.580000      7.8166922E-04
  -8.570000      9.1115729E-04
  -8.560000      1.0298582E-03
  -8.550000      1.1319679E-03
  -8.540000      1.2123853E-03
  -8.530000      1.2669842E-03
  -8.520000      1.2927835E-03
  -8.510000      1.2881689E-03
  -8.500000      1.2530284E-03
  -8.490000      1.1887870E-03
  -8.480000      1.0983201E-03
  -8.470000      9.8599214E-04
  -8.460000      8.5721206E-04
  -8.450000      7.1842532E-04
  -8.440000      5.7654065E-04
  -8.430000      4.3879458E-04
  -8.420000      3.1212551E-04
  -8.410000      2.0306866E-04
  -8.400000      1.1717448E-04
  -8.390000      5.8900547E-05
  -8.380000      3.1196574E-05
  -8.370000      3.5511010E-05
  -8.360000      7.1661976E-05
  -8.350000      1.3783533E-04
  -8.340000      2.3074265E-04
  -8.330000      3.4574213E-04
  -8.320000      4.7723998E-04
  -8.310000      6.1875739E-04
  -8.300000      7.6355383E-04
  -8.290000      9.0476143E-04
  -8.280000      1.0359426E-03
  -8.270000      1.1513443E-03
  -8.260000      1.2462554E-03
  -8.250000      1.3172084E-03
  -8.240000      1.3622629E-03
  -8.230000      1.3810297E-03
  -8.220000      1.3747857E-03
  -8.210000      1.3462619E-03
  -8.200000      1.2996299E-03
  -8.190000      1.2401160E-03
  -8.180000      1.1738517E-03
  -8.170000      1.1074550E-03
  -8.160000      1.0476593E-03
  -8.150000      1.0009622E-03
  -8.140000      9.7327138E-04
  -8.130000      9.6955925E-04
  -8.120000      9.9360070E-04
  -8.110000      1.0477923E-03
  -8.100000      1.1329406E-03
  -8.090000      1.2483045E-03
  -8.080000      1.3914754E-03
  -8.070000      1.5585576E-03
  -8.060000      1.7442867E-03
  -8.050000      1.9423637E-03
  -8.040000      2.1455032E-03
  -8.030000      2.3461450E-03
  -8.020000      2.5362240E-03
  -8.010000      2.7080337E-03
  -8.000000      2.8543831E-03
  -7.990000      2.9689516E-03
  -7.980000      3.0464542E-03
  -7.970000      3.0829431E-03
  -7.960000      3.0759426E-03
  -7.950000      3.0246701E-03
  -7.940000      2.9297837E-03
  -7.930000      2.7937822E-03
  -7.920000      2.6203396E-03
  -7.910000      2.4146629E-03
  -7.900000      2.1828073E-03
  -7.890000      1.9318815E-03
  -7.880000      1.6696248E-03
  -7.870000      1.4041415E-03
  -7.860000      1.1433044E-03
  -7.850000      8.9511625E-04
  -7.840000      6.6683645E-04
  -7.830000      4.6515270E-04
  -7.820000      2.9576002E-04
  -7.810000      1.6318206E-04
  -7.800000      7.0601302E-05
  -7.790000      1.9894604E-05
  -7.780000      1.1346106E-05
  -7.770000      4.3820957E-05
  -7.760000      1.1476626E-04
  -7.750000      2.2025708E-04
  -7.740000      3.5521420E-04
  -7.730000      5.1355123E-04
  -7.720000      6.8838999E-04
  -7.710000      8.7232410E-04
  -7.700000      1.0578638E-03
  -7.690000      1.2372868E-03
  -7.680000      1.4034430E-03
  -7.670000      1.5495410E-03
  -7.660000      1.6697102E-03
  -7.650000      1.7591369E-03
  -7.640000      1.8142876E-03
  -7.630000      1.8329194E-03
  -7.620000      1.8143838E-03
  -7.610000      1.7594520E-03
  -7.600000      1.6704586E-03
  -7.590000      1.5511363E-03
  -7.580000      1.4065616E-03
  -7.570000      1.2427212E-03
  -7.560000      1.0665422E-03
  -7.550000      8.8524044E-04
  -7.540000      7.0624583E-04
  -7.530000      5.3683936E-04
  -7.520000      3.8370365E-04
  -7.510000      2.5247724E-04
  -7.500000      1.4776926E-04
  -7.490000      7.2682378E-05
  -7.480000      2.8809591E-05
  -7.470000      1.6019903E-05
  -7.460000      3.2565404E-05
  -7.450000      7.5141768E-05
  -7.440000      1.3902401E-04
  -7.430000      2.1838331E-04
  -7.420000      3.0653758E-04
  -7.410000      3.9643300E-04
  -7.400000      4.8091655E-04
  -7.390000      5.5325829E-04
  -7.380000      6.0759857E-04
  -7.370000      6.3928933E-04
  -7.360000      6.4529927E-04
  -7.350000      6.2448357E-04
  -7.340000      5.7779870E-04
  -7.330000      5.0838030E-04
  -7.320000      4.2150100E-04
  -7.310000      3.2447343E-04
  -7.300000      2.2636677E-04
  -7.290000      1.3764252E-04
  -7.280000      6.9672191E-05
  -7.270000      3.4276771E-05
  -7.260000      4.3062973E-05
  -7.250000      1.0689677E-04
  -7.240000      2.3535283E-04
  -7.230000      4.3596956E-04
  -7.220000      7.1417372E-04
  -7.210000      1.0723654E-03
  -7.200000      1.5099547E-03
  -7.190000      2.0230722E-03
  -7.180000      2.6043970E-03
  -7.170000      3.2432203E-03
  -7.160000      3.9262059E-03
  -7.150000      4.6368353E-03
  -7.140000      5.3568832E-03
  -7.130000      6.0659046E-03
  -7.120000      6.7435838E-03
  -7.110000      7.3687877E-03
  -7.100000      7.9216650E-03
  -7.090000      8.3835945E-03
  -7.080000      8.7384311E-03
  -7.070000      8.9730965E-03
  -7.060000      9.0781255E-03
  -7.050000      9.0480717E-03
  -7.040000      8.8815782E-03
  -7.030000      8.5819038E-03
  -7.020000      8.1564542E-03
  -7.010000      7.6169292E-03
  -7.000000      6.9792392E-03
  -6.990000      6.2626018E-03
  -6.980000      5.4888763E-03
  -6.970000      4.6824580E-03
  -6.960000      3.8691631E-03
  -6.950000      3.0753589E-03
  -6.940000      2.3275749E-03
  -6.930000      1.6508542E-03
  -6.920000      1.0685057E-03
  -6.910000      6.0101284E-04
  -6.900000      2.6553727E-04
  -6.890000      7.4617194E-05
  -6.880000      3.6430840E-05
  -6.870000      1.5400207E-04
  -6.860000      4.2494570E-04
  -6.850000      8.4186747E-04
  -6.840000      1.3917474E-03
  -6.830000      2.0572070E-03
  -6.820000      2.8159660E-03
  -6.810000      3.6427130E-03
  -6.800000      4.5083901E-03
  -6.790000      5.3825015E-03
  -6.780000      6.2325965E-03
  -6.770000      7.0267711E-03
  -6.760000      7.7337781E-03
  -6.750000      8.3240569E-03
  -6.740000      8.7715741E-03
  -6.730000      9.0546906E-03
  -6.720000      9.1565019E-03
  -6.710000      9.0670446E-03
  -6.700000      8.7831896E-03
  -6.690000      8.3098020E-03
  -6.680000      7.6603456E-03
  -6.670000      6.8565565E-03
  -6.660000      5.9294053E-03
  -6.650000      4.9181003E-03
  -6.640000      3.8696313E-03
  -6.630000      2.8385040E-03
  -6.620000      1.8845423E-03
  -6.610000      1.0728261E-03
  -6.600000      4.7102245E-04
  -6.590000      1.4882632E-04
  -6.580000      1.7503093E-04
  -6.570000      6.1657693E-04
  -6.560000      1.5356825E-03
  -6.550000      2.9879601E-03
  -6.540000      5.0221076E-03
  -6.530000      7.6743388E-03
  -6.520000      1.0970891E-02
  -6.510000      1.4921430E-02
  -6.500000      1.9523602E-02
  -6.490000      2.4755262E-02
  -6.480000      3.0580945E-02
  -6.470000      3.6945060E-02
  -6.460000      4.3779049E-02
  -6.450000      5.0996631E-02
  -6.440000      5.8499750E-02
  -6.430000      6.6177219E-02
  -6.420000      7.3907956E-02
  -6.410000      8.1567988E-02
  -6.400000      8.9030683E-02
  -6.390000      9.6168093E-02
  -6.380000      0.1028552    
  -6.370000      0.1089704    
  -6.360000      0.1144058    
  -6.350000      0.1190642    
  -6.340000      0.1228613    
  -6.330000      0.1257269    
  -6.320000      0.1276101    
  -6.310000      0.1284772    
  -6.300000      0.1283188    
  -6.290000      0.1271424    
  -6.280000      0.1249725    
  -6.270000      0.1218588    
  -6.260000      0.1178676    
  -6.250000      0.1130763    
  -6.240000      0.1075862    
  -6.230000      0.1015034    
  -6.220000      9.4944693E-02
  -6.210000      8.8034131E-02
  -6.200000      8.0893241E-02
  -6.190000      7.3641464E-02
  -6.180000      6.6400811E-02
  -6.170000      5.9276268E-02
  -6.160000      5.2369650E-02
  -6.150000      4.5762163E-02
  -6.140000      3.9528608E-02
  -6.130000      3.3725306E-02
  -6.120000      2.8396634E-02
  -6.110000      2.3569284E-02
  -6.100000      1.9258915E-02
  -6.090000      1.5464596E-02
  -6.080000      1.2178162E-02
  -6.070000      9.3802894E-03
  -6.060000      7.0427293E-03
  -6.050000      5.1303199E-03
  -6.040000      3.6046347E-03
  -6.030000      2.4228718E-03
  -6.020000      1.5416214E-03
  -6.010000      9.1687893E-04
  -6.000000      5.0623540E-04
  -5.990000      2.6943127E-04
  -5.980000      1.6931402E-04
  -5.970000      1.7265031E-04
  -5.960000      2.5021922E-04
  -5.950000      3.7707269E-04
  -5.940000      5.3248380E-04
  -5.930000      6.9959555E-04
  -5.920000      8.6535327E-04
  -5.910000      1.0196918E-03
  -5.900000      1.1555082E-03
  -5.890000      1.2678077E-03
  -5.880000      1.3535894E-03
  -5.870000      1.4112360E-03
  -5.860000      1.4403760E-03
  -5.850000      1.4415026E-03
  -5.840000      1.4158409E-03
  -5.830000      1.3653163E-03
  -5.820000      1.2923465E-03
  -5.810000      1.1998473E-03
  -5.800000      1.0911939E-03
  -5.790000      9.7018341E-04
  -5.780000      8.4106531E-04
  -5.770000      7.0837565E-04
  -5.760000      5.7683320E-04
  -5.750000      4.5136511E-04
  -5.740000      3.3674555E-04
  -5.730000      2.3768003E-04
  -5.720000      1.5847340E-04
  -5.710000      1.0294772E-04
  -5.700000      7.4209107E-05
  -5.690000      7.4646698E-05
  -5.680000      1.0574995E-04
  -5.670000      1.6812432E-04
  -5.660000      2.6141517E-04
  -5.650000      3.8446911E-04
  -5.640000      5.3522579E-04
  -5.630000      7.1110268E-04
  -5.620000      9.0875541E-04
  -5.610000      1.1247661E-03
  -5.600000      1.3554258E-03
  -5.590000      1.5969473E-03
  -5.580000      1.8456582E-03
  -5.570000      2.0984584E-03
  -5.560000      2.3522410E-03
  -5.550000      2.6045314E-03
  -5.540000      2.8531174E-03
  -5.530000      3.0962857E-03
  -5.520000      3.3322414E-03
  -5.510000      3.5597570E-03
  -5.500000      3.7771291E-03
  -5.490000      3.9827297E-03
  -5.480000      4.1745896E-03
  -5.470000      4.3504424E-03
  -5.460000      4.5075668E-03
  -5.450000      4.6426873E-03
  -5.440000      4.7522937E-03
  -5.430000      4.8327046E-03
  -5.420000      4.8801503E-03
  -5.410000      4.8912154E-03
  -5.400000      4.8627653E-03
  -5.390000      4.7924961E-03
  -5.380000      4.6791029E-03
  -5.370000      4.5223827E-03
  -5.360000      4.3237540E-03
  -5.350000      4.0860428E-03
  -5.340000      3.8134255E-03
  -5.330000      3.5115669E-03
  -5.320000      3.1871379E-03
  -5.310000      2.8479684E-03
  -5.300000      2.5022398E-03
  -5.290000      2.1585675E-03
  -5.280000      1.8249541E-03
  -5.270000      1.5091775E-03
  -5.260000      1.2177291E-03
  -5.250000      9.5604890E-04
  -5.240000      7.2802359E-04
  -5.230000      5.3587981E-04
  -5.220000      3.8006858E-04
  -5.210000      2.5952861E-04
  -5.200000      1.7159198E-04
  -5.190000      1.1243842E-04
  -5.180000      7.7230594E-05
  -5.170000      6.0620157E-05
  -5.160000      5.7048685E-05
  -5.150000      6.1225139E-05
  -5.140000      6.8450317E-05
  -5.130000      7.4963296E-05
  -5.120000      7.8177152E-05
  -5.110000      7.6808254E-05
  -5.100000      7.0924027E-05
  -5.090000      6.1835985E-05
  -5.080000      5.1927633E-05
  -5.070000      4.4375047E-05
  -5.060000      4.2785545E-05
  -5.050000      5.0822473E-05
  -5.040000      7.1794668E-05
  -5.030000      1.0830604E-04
  -5.020000      1.6187159E-04
  -5.010000      2.3274160E-04
  -5.000000      3.1964638E-04
  -4.990000      4.1990983E-04
  -4.980000      5.2933552E-04
  -4.970000      6.4258312E-04
  -4.960000      7.5335579E-04
  -4.950000      8.5499295E-04
  -4.940000      9.4072247E-04
  -4.930000      1.0044135E-03
  -4.920000      1.0408924E-03
  -4.910000      1.0465184E-03
  -4.900000      1.0195631E-03
  -4.890000      9.6046826E-04
  -4.880000      8.7194156E-04
  -4.870000      7.5891434E-04
  -4.860000      6.2840129E-04
  -4.850000      4.8900925E-04
  -4.840000      3.5066254E-04
  -4.830000      2.2385651E-04
  -4.820000      1.1908898E-04
  -4.810000      4.6189685E-05
  -4.800000      1.3669111E-05
  -4.790000      2.8068360E-05
  -4.780000      9.3578470E-05
  -4.770000      2.1165500E-04
  -4.760000      3.8064359E-04
  -4.750000      5.9594208E-04
  -4.740000      8.5015112E-04
  -4.730000      1.1333405E-03
  -4.720000      1.4336618E-03
  -4.710000      1.7380795E-03
  -4.700000      2.0331745E-03
  -4.690000      2.3059370E-03
  -4.680000      2.5448385E-03
  -4.670000      2.7401936E-03
  -4.660000      2.8855335E-03
  -4.650000      2.9774723E-03
  -4.640000      3.0163650E-03
  -4.630000      3.0062092E-03
  -4.620000      2.9544914E-03
  -4.610000      2.8720188E-03
  -4.600000      2.7722227E-03
  -4.590000      2.6703998E-03
  -4.580000      2.5829594E-03
  -4.570000      2.5264616E-03
  -4.560000      2.5166706E-03
  -4.550000      2.5676065E-03
  -4.540000      2.6907183E-03
  -4.530000      2.8940935E-03
  -4.520000      3.1818384E-03
  -4.510000      3.5536578E-03
  -4.500000      4.0048622E-03
  -4.490000      4.5263688E-03
  -4.480000      5.1048081E-03
  -4.470000      5.7236804E-03
  -4.460000      6.3634277E-03
  -4.450000      7.0027588E-03
  -4.440000      7.6197181E-03
  -4.430000      8.1919506E-03
  -4.420000      8.6986953E-03
  -4.410000      9.1204382E-03
  -4.400000      9.4407760E-03
  -4.390000      9.6464017E-03
  -4.380000      9.7273588E-03
  -4.370000      9.6781943E-03
  -4.360000      9.4974460E-03
  -4.350000      9.1876965E-03
  -4.340000      8.7561104E-03
  -4.330000      8.2129473E-03
  -4.320000      7.5730579E-03
  -4.310000      6.8537067E-03
  -4.300000      6.0756155E-03
  -4.290000      5.2606417E-03
  -4.280000      4.4325758E-03
  -4.270000      3.6157770E-03
  -4.260000      2.8347475E-03
  -4.250000      2.1124764E-03
  -4.240000      1.4710303E-03
  -4.230000      9.2961296E-04
  -4.220000      5.0506642E-04
  -4.210000      2.1038915E-04
  -4.200000      5.5206445E-05
  -4.190000      4.4588796E-05
  -4.180000      1.7952344E-04
  -4.170000      4.5620068E-04
  -4.160000      8.6634484E-04
  -4.150000      1.3971332E-03
  -4.140000      2.0311854E-03
  -4.130000      2.7467217E-03
  -4.120000      3.5188757E-03
  -4.110000      4.3194131E-03
  -4.100000      5.1176143E-03
  -4.090000      5.8821067E-03
  -4.080000      6.5813065E-03
  -4.070000      7.1850899E-03
  -4.060000      7.6663867E-03
  -4.050000      8.0021294E-03
  -4.040000      8.1751365E-03
  -4.030000      8.1746159E-03
  -4.020000      7.9971207E-03
  -4.010000      7.6476624E-03
  -4.000000      7.1387296E-03
  -3.990000      6.4907507E-03
  -3.980000      5.7308055E-03
  -3.970000      4.8925350E-03
  -3.960000      4.0132045E-03
  -3.950000      3.1343743E-03
  -3.940000      2.2978703E-03
  -3.930000      1.5454086E-03
  -3.920000      9.1543078E-04
  -3.910000      4.4225669E-04
  -3.900000      1.5267960E-04
  -3.890000      6.5514650E-05
  -3.880000      1.8931566E-04
  -3.870000      5.2193855E-04
  -3.860000      1.0499135E-03
  -3.850000      1.7488119E-03
  -3.840000      2.5839424E-03
  -3.830000      3.5126836E-03
  -3.820000      4.4860938E-03
  -3.810000      5.4512648E-03
  -3.800000      6.3556740E-03
  -3.790000      7.1482873E-03
  -3.780000      7.7841296E-03
  -3.770000      8.2262745E-03
  -3.760000      8.4485458E-03
  -3.750000      8.4372200E-03
  -3.740000      8.1927218E-03
  -3.730000      7.7301129E-03
  -3.720000      7.0800502E-03
  -3.710000      6.2868595E-03
  -3.700000      5.4091387E-03
  -3.690000      4.5158486E-03
  -3.680000      3.6853368E-03
  -3.670000      3.0006326E-03
  -3.660000      2.5466941E-03
  -3.650000      2.4055149E-03
  -3.640000      2.6518770E-03
  -3.630000      3.3495727E-03
  -3.620000      4.5463303E-03
  -3.610000      6.2731151E-03
  -3.600000      8.5386531E-03
  -3.590000      1.1331324E-02
  -3.580000      1.4615680E-02
  -3.570000      1.8336089E-02
  -3.560000      2.2414174E-02
  -3.550000      2.6755841E-02
  -3.540000      3.1249275E-02
  -3.530000      3.5771322E-02
  -3.520000      4.0189799E-02
  -3.510000      4.4365242E-02
  -3.500000      4.8159890E-02
  -3.490000      5.1440425E-02
  -3.480000      5.4083217E-02
  -3.470000      5.5979419E-02
  -3.460000      5.7040207E-02
  -3.450000      5.7201199E-02
  -3.440000      5.6428041E-02
  -3.430000      5.4722790E-02
  -3.420000      5.2117195E-02
  -3.410000      4.8682511E-02
  -3.400000      4.4519786E-02
  -3.390000      3.9763410E-02
  -3.380000      3.4571894E-02
  -3.370000      2.9127721E-02
  -3.360000      2.3624260E-02
  -3.350000      1.8268693E-02
  -3.340000      1.3263525E-02
  -3.330000      8.8135591E-03
  -3.320000      5.1074917E-03
  -3.310000      2.3205052E-03
  -3.300000      6.0369819E-04
  -3.290000      7.8964695E-05
  -3.280000      8.3047664E-04
  -3.270000      2.9018091E-03
  -3.260000      6.2905168E-03
  -3.250000      1.0941500E-02
  -3.240000      1.6749749E-02
  -3.230000      2.3557203E-02
  -3.220000      3.1158062E-02
  -3.210000      3.9302271E-02
  -3.200000      4.7706790E-02
  -3.190000      5.6064885E-02
  -3.180000      6.4061269E-02
  -3.170000      7.1377851E-02
  -3.160000      7.7703029E-02
  -3.150000      8.2761355E-02
  -3.140000      8.6308219E-02
  -3.130000      8.8144712E-02
  -3.120000      8.8130586E-02
  -3.110000      8.6184680E-02
  -3.100000      8.2306616E-02
  -3.090000      7.6575123E-02
  -3.080000      6.9162883E-02
  -3.070000      6.0332473E-02
  -3.060000      5.0452504E-02
  -3.050000      3.9979804E-02
  -3.040000      2.9473545E-02
  -3.030000      1.9566065E-02
  -3.020000      1.0966415E-02
  -3.010000      4.4228015E-03
  -3.000000      7.1916432E-04
  -2.990000      6.3627743E-04
  -2.980000      4.9424875E-03
  -2.970000      1.4370626E-02
  -2.960000      2.9590026E-02
  -2.950000      5.1211722E-02
  -2.940000      7.9747073E-02
  -2.930000      0.1156381    
  -2.920000      0.1591807    
  -2.910000      0.2105793    
  -2.900000      0.2698802    
  -2.890000      0.3369699    
  -2.880000      0.4115719    
  -2.870000      0.4931751    
  -2.860000      0.5811101    
  -2.850000      0.6744483    
  -2.840000      0.7721094    
  -2.830000      0.8728705    
  -2.820000      0.9752946    
  -2.810000       1.077858    
  -2.800000       1.179052    
  -2.790000       1.277386    
  -2.780000       1.371440    
  -2.770000       1.459839    
  -2.760000       1.541427    
  -2.750000       1.615055    
  -2.740000       1.679781    
  -2.730000       1.734759    
  -2.720000       1.779204    
  -2.710000       1.812426    
  -2.700000       1.833807    
  -2.690000       1.842748    
  -2.680000       1.838821    
  -2.670000       1.821730    
  -2.660000       1.791390    
  -2.650000       1.747949    
  -2.640000       1.691718    
  -2.630000       1.623494    
  -2.620000       1.544400    
  -2.610000       1.455890    
  -2.600000       1.359683    
  -2.590000       1.257719    
  -2.580000       1.151926    
  -2.570000       1.044260    
  -2.560000      0.9365231    
  -2.550000      0.8304096    
  -2.540000      0.7274014    
  -2.530000      0.6287277    
  -2.520000      0.5355176    
  -2.510000      0.4485986    
  -2.500000      0.3686784    
  -2.490000      0.2963666    
  -2.480000      0.2320763    
  -2.470000      0.1760393    
  -2.460000      0.1283524    
  -2.450000      8.8942371E-02
  -2.440000      5.7553969E-02
  -2.430000      3.3743411E-02
  -2.420000      1.6912578E-02
  -2.410000      6.3169538E-03
  -2.400000      1.1133839E-03
  -2.390000      3.9296254E-04
  -2.380000      3.2315070E-03
  -2.370000      8.7250350E-03
  -2.360000      1.6018914E-02
  -2.350000      2.4341721E-02
  -2.340000      3.3004925E-02
  -2.330000      4.1417133E-02
  -2.320000      4.9086519E-02
  -2.310000      5.5627376E-02
  -2.300000      6.0739160E-02
  -2.290000      6.4228117E-02
  -2.280000      6.5988779E-02
  -2.270000      6.6017039E-02
  -2.260000      6.4405851E-02
  -2.250000      6.1337613E-02
  -2.240000      5.7057980E-02
  -2.230000      5.1851343E-02
  -2.220000      4.6022329E-02
  -2.210000      3.9851207E-02
  -2.200000      3.3575930E-02
  -2.190000      2.7475521E-02
  -2.180000      2.1782197E-02
  -2.170000      1.6637512E-02
  -2.160000      1.2135993E-02
  -2.150000      8.3438680E-03
  -2.140000      5.2942145E-03
  -2.130000      2.9901802E-03
  -2.120000      1.3981229E-03
  -2.110000      4.5776757E-04
  -2.100000      8.5259104E-05
  -2.090000      1.7758957E-04
  -2.080000      6.2647491E-04
  -2.070000      1.3200013E-03
  -2.060000      2.1363185E-03
  -2.050000      2.9442485E-03
  -2.040000      3.6581398E-03
  -2.030000      4.2881775E-03
  -2.020000      4.8816232E-03
  -2.010000      5.4260222E-03
  -2.000000      5.8744512E-03
  -1.990000      6.0802838E-03
  -1.980000      5.8340668E-03
  -1.970000      5.2403128E-03
  -1.960000      4.7209910E-03
  -1.950000      4.4333208E-03
  -1.940000      4.1717999E-03
  -1.930000      3.7949432E-03
  -1.920000      3.3137416E-03
  -1.910000      2.9254358E-03
  -1.900000      2.7287372E-03
  -1.890000      2.7599714E-03
  -1.880000      3.0717305E-03
  -1.870000      3.6074340E-03
  -1.860000      4.1014571E-03
  -1.850000      4.1622282E-03
  -1.840000      4.8068068E-03
  -1.830000      6.4931018E-03
  -1.820000      6.8438398E-03
  -1.810000      9.4103813E-03
  -1.800000      1.5776414E-02
  -1.790000      1.7734597E-02
  -1.780000      1.5339981E-02
  -1.770000      1.0594423E-02
  -1.760000      6.8113119E-03
  -1.750000      6.3270559E-03
  -1.740000      8.9795664E-03
  -1.730000      1.3036733E-02
  -1.720000      1.4735207E-02
  -1.710000      1.7617112E-02
  -1.700000      2.1836899E-02
  -1.690000      2.1107087E-02
  -1.680000      1.2734244E-02
  -1.670000      6.8163420E-03
  -1.660000      5.6905719E-03
  -1.650000      5.5056801E-03
  -1.640000      5.2397400E-03
  -1.630000      3.8384290E-03
  -1.620000      3.1365498E-03
  -1.610000      3.7144560E-03
  -1.600000      5.5654431E-03
  -1.590000      6.9508958E-03
  -1.580000      9.1933031E-03
  -1.570000      1.6342912E-02
  -1.560000      1.7395290E-02
  -1.550000      7.4486542E-03
  -1.540000      2.6892617E-03
  -1.530000      1.5700001E-03
  -1.520000      9.0024865E-04
  -1.510000      5.9217645E-04
  -1.500000      9.4228116E-04
  -1.490000      1.2330257E-03
  -1.480000      1.2518177E-03
  -1.470000      9.7262533E-04
  -1.460000      7.4488856E-04
  -1.450000      7.0453068E-04
  -1.440000      9.1485004E-04
  -1.430000      1.1312758E-03
  -1.420000      8.3916675E-04
  -1.410000      6.8890466E-04
  -1.400000      8.7711768E-04
  -1.390000      1.4441243E-03
  -1.380000      1.6382621E-03
  -1.370000      1.1627132E-03
  -1.360000      1.3374713E-03
  -1.350000      2.7716709E-03
  -1.340000      7.3725190E-03
  -1.330000      1.1203388E-02
  -1.320000      7.4954876E-03
  -1.310000      4.1056350E-03
  -1.300000      3.2485847E-03
  -1.290000      2.5903960E-03
  -1.280000      1.2681212E-03
  -1.270000      4.6592354E-04
  -1.260000      3.0154313E-04
  -1.250000      2.5378822E-04
  -1.240000      2.1262934E-04
  -1.230000      1.6731877E-04
  -1.220000      1.3768430E-04
  -1.210000      1.2557163E-04
  -1.200000      1.1938436E-04
  -1.190000      1.1850336E-04
  -1.180000      1.2359276E-04
  -1.170000      1.3580355E-04
  -1.160000      1.5521317E-04
  -1.150000      1.4612003E-04
  -1.140000      1.5632118E-04
  -1.130000      5.0670918E-05
  -1.120000     -5.4758438E-04
  -1.110000     -4.8883870E-05
  -1.100000      2.6833562E-02
  -1.090000      0.1018284    
  -1.080000      8.1501141E-02
  -1.070000      6.1745975E-02
  -1.060000      2.7831068E-02
  -1.050000      2.9768066E-03
  -1.040000      2.5275358E-04
  -1.030000      5.8900903E-04
  -1.020000      3.2378298E-03
  -1.010000      4.6538264E-03
  -1.000000      4.7931587E-03
 -0.9900000      2.0596692E-03
 -0.9800000      6.2612206E-04
 -0.9700000      5.1151885E-04
 -0.9600000      1.0162673E-03
 -0.9500000      9.8018337E-04
 -0.9400000      2.2792516E-04
 -0.9300000      5.8371177E-05
 -0.9200000      9.3626746E-05
 -0.9100000      2.5691604E-04
 -0.9000000      2.8015522E-04
 -0.8900000      1.4435100E-04
 -0.8800000      7.4519910E-04
 -0.8700000      1.1602504E-03
 -0.8600000      2.4736873E-04
 -0.8500000      9.7929311E-05
 -0.8400000      9.9386540E-05
 -0.8300000      1.0211768E-04
 -0.8200000      1.1006437E-04
 -0.8100000      1.1860599E-04
 -0.8000000      1.3891487E-04
 -0.7900000      1.8442213E-04
 -0.7800000      2.9900883E-04
 -0.7700000      3.4261835E-04
 -0.7600000      2.7403922E-04
 -0.7500000      1.8139581E-04
 -0.7400000      1.5318957E-04
 -0.7300000      2.2732416E-04
 -0.7200000      3.3491643E-04
 -0.7100000      1.0147694E-04
 -0.7000000      4.3999968E-05
 -0.6900000      3.0859559E-05
 -0.6800000      3.1017182E-05
 -0.6700000      4.6626879E-05
 -0.6600000      2.3201716E-05
 -0.6500000      1.8824512E-05
 -0.6400000      2.8371240E-05
 -0.6300000      1.6789760E-05
 -0.6200000      1.2117212E-05
 -0.6100000      2.4310420E-05
 -0.6000000      1.1059218E-05
 -0.5900000      2.6420270E-05
 -0.5800000      6.0393615E-04
 -0.5700000      8.5118884E-04
 -0.5600000      1.2595004E-04
 -0.5500000      3.8720627E-05
 -0.5400000      3.0399585E-04
 -0.5300000      9.0204610E-04
 -0.5200000      3.1597697E-04
 -0.5100000      7.6492695E-05
 -0.5000000      3.5398663E-04
 -0.4900000      2.3933076E-03
 -0.4800000      2.0244361E-03
 -0.4700000      3.4477297E-04
 -0.4600000      1.3054926E-04
 -0.4500000      1.5482871E-04
 -0.4400000      3.9422832E-04
 -0.4300000      9.9411386E-04
 -0.4200000      1.2511816E-03
 -0.4100000      5.5141497E-04
 -0.4000000      1.2456451E-04
 -0.3900000      7.4624884E-05
 -0.3800000      6.2463143E-05
 -0.3700000      4.2835141E-05
 -0.3600000      6.5260836E-05
 -0.3500000      7.8718056E-04
 -0.3400000      2.3758032E-03
 -0.3300000      6.9575966E-04
 -0.3200000     -1.6136601E-05
 -0.3100000     -2.5575282E-05
 -0.3000000     -2.5619283E-06
 -0.2900000      8.5637075E-06
 -0.2800000      1.7387711E-05
 -0.2700000      2.9520928E-05
 -0.2600000      4.3094635E-05
 -0.2500000      5.8887792E-05
 -0.2400000      7.6794182E-05
 -0.2300000      9.6880620E-05
 -0.2200000      1.1782149E-04
 -0.2100000      1.3839215E-04
 -0.2000000      1.5876217E-04
 -0.1900000      1.7521431E-04
 -0.1800000      1.8547363E-04
 -0.1700000      1.9128244E-04
 -0.1600000      1.9160281E-04
 -0.1500000      1.8711232E-04
 -0.1400000      1.8053353E-04
 -0.1300000      1.7175770E-04
 -0.1200000      1.6147202E-04
 -0.1100000      1.5117462E-04
 -0.1000000      1.4107897E-04
 -9.0000004E-02  1.3150711E-04
 -7.9999998E-02  1.2267070E-04
 -7.0000000E-02  1.1359961E-04
 -5.9999999E-02  1.0607656E-04
 -5.0000001E-02  9.6347343E-05
 -3.9999999E-02  7.8944278E-05
 -2.9999999E-02  1.1239184E-04
 -2.0000000E-02  8.9870469E-04
 -9.9999998E-03  1.8436199E-03
  0.0000000E+00  4.5821807E-04
  9.9999998E-03  6.4735337E-05
  2.0000000E-02  6.4478292E-05
  2.9999999E-02  8.0238096E-05
  3.9999999E-02  8.7900611E-05
  5.0000001E-02  9.7123731E-05
  5.9999999E-02  1.3427105E-04
  7.0000000E-02  3.1589970E-04
  7.9999998E-02  3.7761647E-04
  9.0000004E-02  2.7090771E-04
  0.1000000      1.6570798E-04
  0.1100000      1.4950190E-04
  0.1200000      1.4949178E-04
  0.1300000      2.4175576E-04
  0.1400000      1.0582749E-03
  0.1500000      1.5553370E-03
  0.1600000      3.5632993E-04
  0.1700000      1.3547701E-04
  0.1800000      1.6911523E-04
  0.1900000      7.6949317E-04
  0.2000000      1.1790661E-03
  0.2100000      2.7423486E-04
  0.2200000      3.7634443E-05
  0.2300000      1.1460935E-04
  0.2400000      2.2561948E-03
  0.2500000      3.7846065E-03
  0.2600000      4.3032525E-04
  0.2700000     -5.0217703E-05
  0.2800000     -2.5747735E-05
  0.2900000     -2.1935921E-06
  0.3000000     -2.1828000E-06
  0.3100000      1.0012772E-05
  0.3200000      7.6081335E-05
  0.3300000      9.9118712E-05
  0.3400000      7.4132695E-05
  0.3500000      3.4054092E-04
  0.3600000      2.0555144E-03
  0.3700000      1.2468745E-03
  0.3800000      2.9681079E-04
  0.3900000      6.1569677E-04
  0.4000000      1.5402485E-03
  0.4100000      9.1895717E-04
  0.4200000      5.4870974E-03
  0.4300000      8.8642854E-03
  0.4400000      1.4951595E-03
  0.4500000      1.1356060E-03
  0.4600000      1.1462696E-03
  0.4700000      7.4246386E-04
  0.4800000      9.3795260E-04
  0.4900000      7.7220931E-04
  0.5000000      6.3997146E-04
  0.5100000      6.1096239E-04
  0.5200000      4.3759949E-04
  0.5300000      4.2635997E-04
  0.5400000      3.1537807E-04
  0.5500000      2.9582644E-04
  0.5600000      6.8748154E-04
  0.5700000      2.1486897E-04
  0.5800000      1.3326778E-04
  0.5900000      1.8106999E-04
  0.6000000      5.6687215E-05
  0.6100000      1.5926320E-04
  0.6200000      4.1378061E-03
  0.6300000      8.5744718E-03
  0.6400000      1.8479332E-03
  0.6500000      4.2529113E-04
  0.6600000      9.1950275E-04
  0.6700000      1.9024919E-03
  0.6800000      1.5105100E-03
  0.6900000      1.3431725E-03
  0.7000000      1.2446397E-03
  0.7100000      1.3957774E-03
  0.7200000      1.7716876E-03
  0.7300000      4.5636743E-03
  0.7400000      1.2936003E-02
  0.7500000      1.7835410E-02
  0.7600000      1.8290654E-02
  0.7700000      1.0760676E-02
  0.7800000      9.2197377E-03
  0.7900000      9.2073586E-03
  0.8000000      1.0037665E-02
  0.8100000      1.0654973E-02
  0.8200000      1.1436339E-02
  0.8300000      1.4743649E-02
  0.8400000      2.2108739E-02
  0.8500000      3.1867396E-02
  0.8600000      5.1495533E-02
  0.8700000      1.8243160E-02
  0.8800000      7.0688371E-03
  0.8900000      6.5237139E-03
  0.9000000      8.9098150E-03
  0.9100000      1.1827063E-02
  0.9200000      1.4267481E-02
  0.9300000      1.2071587E-02
  0.9400000      1.2851478E-02
  0.9500000      1.6483473E-02
  0.9600000      2.1215087E-02
  0.9700000      4.6761040E-02
  0.9800000      3.3095676E-02
  0.9900000      1.1363818E-02
   1.000000      7.1304766E-03
   1.010000      6.3799210E-03
   1.020000      4.8381281E-03
   1.030000      4.8030503E-03
   1.040000      5.3150514E-03
   1.050000      5.2094343E-03
   1.060000      3.9293580E-03
   1.070000      4.2678621E-03
   1.080000      4.1267504E-03
   1.090000      5.4809246E-03
   1.100000      2.3008042E-03
   1.110000      2.7143499E-03
   1.120000      2.0512582E-03
   1.130000      1.0823759E-02
   1.140000      1.5269829E-02
   1.150000      3.9551617E-03
   1.160000      1.0709615E-02
   1.170000      3.2512866E-02
   1.180000      1.4885427E-02
   1.190000      2.9828590E-03
   1.200000      1.4645478E-03
   1.210000      1.1684486E-03
   1.220000      1.0355605E-03
   1.230000      1.4139445E-03
   1.240000      7.1538133E-03
   1.250000      1.6665898E-02
   1.260000      9.5966086E-03
   1.270000      5.7378374E-03
   1.280000      8.1689088E-03
   1.290000      3.2666162E-02
   1.300000      0.1021117    
   1.310000      9.1608338E-02
   1.320000      4.1795410E-02
   1.330000      1.9847680E-02
   1.340000      7.7420347E-03
   1.350000      4.4438662E-03
   1.360000      4.1527073E-03
   1.370000      3.8894163E-03
   1.380000      4.5999712E-03
   1.390000      8.8280430E-03
   1.400000      2.7988637E-02
   1.410000      5.8175962E-02
   1.420000      5.8330338E-02
   1.430000      2.8557129E-02
   1.440000      1.1775448E-02
   1.450000      7.3169260E-03
   1.460000      4.0786522E-03
   1.470000      2.8699322E-03
   1.480000      2.6493669E-03
   1.490000      2.6837240E-03
   1.500000      2.2827887E-03
   1.510000      2.8984232E-03
   1.520000      4.6178317E-03
   1.530000      6.1881449E-03
   1.540000      5.0164876E-03
   1.550000      3.6167002E-03
   1.560000      3.5507367E-03
   1.570000      3.0925607E-03
   1.580000      3.0117077E-03
   1.590000      3.5266008E-03
   1.600000      5.1409393E-03
   1.610000      8.8556977E-03
   1.620000      1.3017475E-02
   1.630000      2.0477060E-02
   1.640000      2.9724209E-02
   1.650000      2.8007133E-02
   1.660000      2.4525456E-02
   1.670000      3.2927614E-02
   1.680000      4.7228068E-02
   1.690000      5.0049596E-02
   1.700000      3.1691190E-02
   1.710000      1.2843807E-02
   1.720000      6.3800951E-03
   1.730000      5.1728329E-03
   1.740000      4.6431939E-03
   1.750000      6.6217561E-03
   1.760000      1.1710948E-02
   1.770000      1.5850386E-02
   1.780000      1.5401045E-02
   1.790000      1.1234373E-02
   1.800000      8.3858278E-03
   1.810000      1.0419872E-02
   1.820000      1.4451489E-02
   1.830000      1.7930916E-02
   1.840000      2.2825621E-02
   1.850000      2.5569955E-02
   1.860000      2.3396585E-02
   1.870000      1.9077219E-02
   1.880000      1.7881669E-02
   1.890000      2.0046115E-02
   1.900000      2.2673698E-02
   1.910000      2.4776476E-02
   1.920000      2.5486734E-02
   1.930000      2.3046056E-02
   1.940000      1.9077552E-02
   1.950000      1.6013321E-02
   1.960000      1.3945621E-02
   1.970000      1.2214163E-02
   1.980000      1.0929535E-02
   1.990000      1.0050491E-02
   2.000000      8.8266367E-03
   2.010000      6.9589461E-03
   2.020000      5.0159204E-03
   2.030000      3.5930627E-03
   2.040000      2.6161210E-03
   2.050000      1.8655774E-03
   2.060000      1.2504361E-03
   2.070000      7.6913863E-04
   2.080000      4.3572614E-04
   2.090000      2.5263810E-04
   2.100000      2.1357683E-04
   2.110000      3.1102073E-04
   2.120000      5.4003467E-04
   2.130000      8.9876883E-04
   2.140000      1.3872719E-03
   2.150000      2.0054975E-03
   2.160000      2.7478195E-03
   2.170000      3.6008738E-03
   2.180000      4.5515825E-03
   2.190000      5.5855643E-03
   2.200000      6.6801026E-03
   2.210000      7.7991337E-03
   2.220000      8.8925818E-03
   2.230000      9.9025443E-03
   2.240000      1.0775745E-02
   2.250000      1.1463969E-02
   2.260000      1.1924694E-02
   2.270000      1.2121099E-02
   2.280000      1.2029148E-02
   2.290000      1.1642065E-02
   2.300000      1.0970566E-02
   2.310000      1.0042199E-02
   2.320000      8.8977702E-03
   2.330000      7.5929230E-03
   2.340000      6.1918525E-03
   2.350000      4.7682142E-03
   2.360000      3.4013055E-03
   2.370000      2.1729378E-03
   2.380000      1.1628106E-03
   2.390000      4.4656344E-04
   2.400000      8.8634202E-05
   2.410000      1.3795399E-04
   2.420000      6.2290940E-04
   2.430000      1.5476184E-03
   2.440000      2.8900560E-03
   2.450000      4.6024593E-03
   2.460000      6.6148262E-03
   2.470000      8.8382959E-03
   2.480000      1.1171824E-02
   2.490000      1.3508175E-02
   2.500000      1.5740855E-02
   2.510000      1.7766802E-02
   2.520000      1.9491768E-02
   2.530000      2.0835321E-02
   2.540000      2.1735022E-02
   2.550000      2.2145115E-02
   2.560000      2.2042543E-02
   2.570000      2.1428999E-02
   2.580000      2.0330541E-02
   2.590000      1.8799545E-02
   2.600000      1.6912648E-02
   2.610000      1.4765353E-02
   2.620000      1.2470165E-02
   2.630000      1.0146311E-02
   2.640000      7.9147518E-03
   2.650000      5.8870781E-03
   2.660000      4.1630189E-03
   2.670000      2.8202094E-03
   2.680000      1.9161012E-03
   2.690000      1.4826007E-03
   2.700000      1.5275026E-03
   2.710000      2.0352423E-03
   2.720000      2.9676657E-03
   2.730000      4.2681573E-03
   2.740000      5.8624963E-03
   2.750000      7.6648514E-03
   2.760000      9.5791519E-03
   2.770000      1.1506638E-02
   2.780000      1.3347660E-02
   2.790000      1.5008838E-02
   2.800000      1.6407060E-02
   2.810000      1.7473945E-02
   2.820000      1.8158955E-02
   2.830000      1.8433280E-02
   2.840000      1.8288357E-02
   2.850000      1.7737286E-02
   2.860000      1.6811293E-02
   2.870000      1.5557974E-02
   2.880000      1.4038129E-02
   2.890000      1.2321386E-02
   2.900000      1.0483788E-02
   2.910000      8.6033409E-03
   2.920000      6.7573744E-03
   2.930000      5.0206832E-03
   2.940000      3.4617549E-03
   2.950000      2.1427320E-03
   2.960000      1.1151487E-03
   2.970000      4.2046173E-04
   2.980000      8.6914290E-05
   2.990000      1.2965735E-04
   3.000000      5.4937130E-04
   3.010000      1.3320518E-03
   3.020000      2.4509474E-03
   3.030000      3.8652995E-03
   3.040000      5.5246316E-03
   3.050000      7.3680072E-03
   3.060000      9.3293814E-03
   3.070000      1.1337076E-02
   3.080000      1.3319438E-02
   3.090000      1.5203220E-02
   3.100000      1.6919792E-02
   3.110000      1.8403532E-02
   3.120000      1.9596463E-02
   3.130000      2.0448305E-02
   3.140000      2.0920228E-02
   3.150000      2.0984842E-02
   3.160000      2.0629156E-02
   3.170000      1.9856188E-02
   3.180000      1.8685110E-02
   3.190000      1.7155219E-02
   3.200000      1.5322330E-02
   3.210000      1.3258127E-02
   3.220000      1.1049422E-02
   3.230000      8.7945377E-03
   3.240000      6.5994449E-03
   3.250000      4.5727086E-03
   3.260000      2.8213458E-03
   3.270000      1.4452810E-03
   3.280000      5.3465506E-04
   3.290000      1.6387695E-04
   3.300000      3.8964668E-04
   3.310000      1.2485661E-03
   3.320000      2.7536775E-03
   3.330000      4.8943716E-03
   3.340000      7.6353769E-03
   3.350000      1.0919046E-02
   3.360000      1.4661780E-02
   3.370000      1.8763434E-02
   3.380000      2.3101497E-02
   3.390000      2.7544530E-02
   3.400000      3.1949237E-02
   3.410000      3.6174003E-02
   3.420000      4.0079165E-02
   3.430000      4.3538522E-02
   3.440000      4.6439327E-02
   3.450000      4.8694950E-02
   3.460000      5.0240319E-02
   3.470000      5.1040024E-02
   3.480000      5.1088165E-02
   3.490000      5.0405160E-02
   3.500000      4.9038216E-02
   3.510000      4.7055755E-02
   3.520000      4.4544663E-02
   3.530000      4.1608948E-02
   3.540000      3.8362365E-02
   3.550000      3.4923360E-02
   3.560000      3.1411231E-02
   3.570000      2.7942711E-02
   3.580000      2.4624705E-02
   3.590000      2.1554701E-02
   3.600000      1.8812666E-02
   3.610000      1.6461670E-02
   3.620000      1.4542389E-02
   3.630000      1.3075572E-02
   3.640000      1.2058067E-02
   3.650000      1.1467882E-02
   3.660000      1.1263139E-02
   3.670000      1.1385968E-02
   3.680000      1.1766694E-02
   3.690000      1.2326802E-02
   3.700000      1.2984019E-02
   3.710000      1.3656135E-02
   3.720000      1.4265169E-02
   3.730000      1.4739873E-02
   3.740000      1.5020636E-02
   3.750000      1.5059899E-02
   3.760000      1.4825711E-02
   3.770000      1.4302349E-02
   3.780000      1.3491399E-02
   3.790000      1.2411383E-02
   3.800000      1.1097505E-02
   3.810000      9.6001653E-03
   3.820000      7.9839062E-03
   3.830000      6.3223699E-03
   3.840000      4.6984782E-03
   3.850000      3.1982434E-03
   3.860000      1.9073513E-03
   3.870000      9.0843497E-04
   3.880000      2.7589206E-04
   3.890000      7.2831310E-05
   3.900000      3.4772922E-04
   3.910000      1.1325743E-03
   3.920000      2.4394419E-03
   3.930000      4.2616725E-03
   3.940000      6.5692929E-03
   3.950000      9.3132379E-03
   3.960000      1.2422233E-02
   3.970000      1.5807483E-02
   3.980000      1.9359380E-02
   3.990000      2.2958858E-02
   4.000000      2.6470974E-02
   4.010000      2.9758278E-02
   4.020000      3.2679930E-02
   4.030000      3.5102144E-02
   4.040000      3.6899734E-02
   4.050000      3.7969686E-02
   4.060000      3.8232323E-02
   4.070000      3.7639216E-02
   4.080000      3.6177766E-02
   4.090000      3.3874955E-02
   4.100000      3.0801378E-02
   4.110000      2.7071267E-02
   4.120000      2.2840479E-02
   4.130000      1.8310100E-02
   4.140000      1.3717324E-02
   4.150000      9.3329726E-03
   4.160000      5.4605887E-03
   4.170000      2.4248799E-03
   4.180000      5.6540128E-04
   4.190000      2.2697804E-04
   4.200000      1.7545549E-03
   4.210000      5.4736836E-03
   4.220000      1.1691282E-02
   4.230000      2.0668263E-02
   4.240000      3.2627296E-02
   4.250000      4.7723707E-02
   4.260000      6.6054724E-02
   4.270000      8.7635659E-02
   4.280000      0.1124159    
   4.290000      0.1402533    
   4.300000      0.1709332    
   4.310000      0.2041657    
   4.320000      0.2396112    
   4.330000      0.2768354    
   4.340000      0.3153890    
   4.350000      0.3547356    
   4.360000      0.3943553    
   4.370000      0.4336557    
   4.380000      0.4720638    
   4.390000      0.5089704    
   4.400000      0.5437939    
   4.410000      0.5759663    
   4.420000      0.6049453    
   4.430000      0.6302218    
   4.440000      0.6513525    
   4.450000      0.6679533    
   4.460000      0.6797075    
   4.470000      0.6864100    
   4.480000      0.6879449    
   4.490000      0.6842909    
   4.500000      0.6755357    
   4.510000      0.6618555    
   4.520000      0.6435238    
   4.530000      0.6209024    
   4.540000      0.5944331    
   4.550000      0.5645970    
   4.560000      0.5319360    
   4.570000      0.4969973    
   4.580000      0.4603719    
   4.590000      0.4226235    
   4.600000      0.3843543    
   4.610000      0.3460845    
   4.620000      0.3083670    
   4.630000      0.2716555    
   4.640000      0.2363949    
   4.650000      0.2029879    
   4.660000      0.1717737    
   4.670000      0.1429996    
   4.680000      0.1168852    
   4.690000      9.3552031E-02
   4.700000      7.3084675E-02
   4.710000      5.5474780E-02
   4.720000      4.0664330E-02
   4.730000      2.8532084E-02
   4.740000      1.8910117E-02
   4.750000      1.1587049E-02
   4.760000      6.3218144E-03
   4.770000      2.8490098E-03
   4.780000      8.9456467E-04
   4.790000      1.8202871E-04
   4.800000      4.4067859E-04
   4.810000      1.4140795E-03
   4.820000      2.8674507E-03
   4.830000      4.5905239E-03
   4.840000      6.4014262E-03
   4.850000      8.1494674E-03
   4.860000      9.7156446E-03
   4.870000      1.1011836E-02
   4.880000      1.1981333E-02
   4.890000      1.2594250E-02
   4.900000      1.2845668E-02
   4.910000      1.2751965E-02
   4.920000      1.2345892E-02
   4.930000      1.1673165E-02
   4.940000      1.0787497E-02
   4.950000      9.7470637E-03
   4.960000      8.6089838E-03
   4.970000      7.4288701E-03
   4.980000      6.2553245E-03
   4.990000      5.1307939E-03
   5.000000      4.0886211E-03
   5.010000      3.1540568E-03
   5.020000      2.3425557E-03
   5.030000      1.6626162E-03
   5.040000      1.1151748E-03
   5.050000      6.9610291E-04
   5.060000      3.9677756E-04
   5.070000      2.0607625E-04
   5.080000      1.1156555E-04
   5.090000      1.0073974E-04
   5.100000      1.6197051E-04
   5.110000      2.8535665E-04
   5.120000      4.6305166E-04
   5.130000      6.8940053E-04
   5.140000      9.6074928E-04
   5.150000      1.2754228E-03
   5.160000      1.6327400E-03
   5.170000      2.0326944E-03
   5.180000      2.4750710E-03
   5.190000      2.9590782E-03
   5.200000      3.4822251E-03
   5.210000      4.0405868E-03
   5.220000      4.6276744E-03
   5.230000      5.2353013E-03
   5.240000      5.8525894E-03
   5.250000      6.4673163E-03
   5.260000      7.0652687E-03
   5.270000      7.6317368E-03
   5.280000      8.1511596E-03
   5.290000      8.6090472E-03
   5.300000      8.9917267E-03
   5.310000      9.2875212E-03
   5.320000      9.4872117E-03
   5.330000      9.5843822E-03
   5.340000      9.5757963E-03
   5.350000      9.4621042E-03
   5.360000      9.2471940E-03
   5.370000      8.9380750E-03
   5.380000      8.5446117E-03
   5.390000      8.0786031E-03
   5.400000      7.5539360E-03
   5.410000      6.9855861E-03
   5.420000      6.3883429E-03
   5.430000      5.7774116E-03
   5.440000      5.1661879E-03
   5.450000      4.5673833E-03
   5.460000      3.9918548E-03
   5.470000      3.4484717E-03
   5.480000      2.9442941E-03
   5.490000      2.4841595E-03
   5.500000      2.0708810E-03
   5.510000      1.7055814E-03
   5.520000      1.3876561E-03
   5.530000      1.1153868E-03
   5.540000      8.8572269E-04
   5.550000      6.9516670E-04
   5.560000      5.3945923E-04
   5.570000      4.1430673E-04
   5.580000      3.1527941E-04
   5.590000      2.3823878E-04
   5.600000      1.7925102E-04
   5.610000      1.3485106E-04
   5.620000      1.0201870E-04
   5.630000      7.8170771E-05
   5.640000      6.1163868E-05
   5.650000      4.9288308E-05
   5.660000      4.1169766E-05
   5.670000      3.5745863E-05
   5.680000      3.2195028E-05
   5.690000      2.9899551E-05
   5.700000      2.8395925E-05
   5.710000      2.7347929E-05
   5.720000      2.6519985E-05
   5.730000      2.5763835E-05
   5.740000      2.5005264E-05
   5.750000      2.4232309E-05
   5.760000      2.3490267E-05
   5.770000      2.2864866E-05
   5.780000      2.2473110E-05
   5.790000      2.2440272E-05
   5.800000      2.2885481E-05
   5.810000      2.3902521E-05
   5.820000      2.5539141E-05
   5.830000      2.7792752E-05
   5.840000      3.0598563E-05
   5.850000      3.3838885E-05
   5.860000      3.7354323E-05
   5.870000      4.0971161E-05
   5.880000      4.4530625E-05
   5.890000      4.7932590E-05
   5.900000      5.1174869E-05
   5.910000      5.4393131E-05
   5.920000      5.7903599E-05
   5.930000      6.2228159E-05
   5.940000      6.8102425E-05
   5.950000      7.6486736E-05
   5.960000      8.8526904E-05
   5.970000      1.0552423E-04
   5.980000      1.2886299E-04
   5.990000      1.5995532E-04
   6.000000      2.0011481E-04
   6.010000      2.5050651E-04
   6.020000      3.1201661E-04
   6.030000      3.8517537E-04
   6.040000      4.7010061E-04
   6.050000      5.6642463E-04
   6.060000      6.7333761E-04
   6.070000      7.8946841E-04
   6.080000      9.1308454E-04
   6.090000      1.0420422E-03
   6.100000      1.1738632E-03
   6.110000      1.3058711E-03
   6.120000      1.4354204E-03
   6.130000      1.5598745E-03
   6.140000      1.6767749E-03
   6.150000      1.7839355E-03
   6.160000      1.8796164E-03
   6.170000      1.9625055E-03
   6.180000      2.0319808E-03
   6.190000      2.0878150E-03
   6.200000      2.1304025E-03
   6.210000      2.1605683E-03
   6.220000      2.1795980E-03
   6.230000      2.1891939E-03
   6.240000      2.1911096E-03
   6.250000      2.1872162E-03
   6.260000      2.1793321E-03
   6.270000      2.1690186E-03
   6.280000      2.1575887E-03
   6.290000      2.1459749E-03
   6.300000      2.1345622E-03
   6.310000      2.1233838E-03
   6.320000      2.1119311E-03
   6.330000      2.0992106E-03
   6.340000      2.0839274E-03
   6.350000      2.0645172E-03
   6.360000      2.0392374E-03
   6.370000      2.0062961E-03
   6.380000      1.9639442E-03
   6.390000      1.9106398E-03
   6.400000      1.8451756E-03
   6.410000      1.7667911E-03
   6.420000      1.6751675E-03
   6.430000      1.5705080E-03
   6.440000      1.4536257E-03
   6.450000      1.3259186E-03
   6.460000      1.1893843E-03
   6.470000      1.0464936E-03
   6.480000      9.0020214E-04
   6.490000      7.5378426E-04
   6.500000      6.1087660E-04
   6.510000      4.7520592E-04
   6.520000      3.5067971E-04
   6.530000      2.4105239E-04
   6.540000      1.5004299E-04
   6.550000      8.1010265E-05
   6.560000      3.7012389E-05
   6.570000      2.0548099E-05
   6.580000      3.3557517E-05
   6.590000      7.7241712E-05
   6.600000      1.5196412E-04
   6.610000      2.5721462E-04
   6.620000      3.9138753E-04
   6.630000      5.5193267E-04
   6.640000      7.3509960E-04
   6.650000      9.3619659E-04
   6.660000      1.1494306E-03
   6.670000      1.3682055E-03
   6.680000      1.5852086E-03
   6.690000      1.7926011E-03
   6.700000      1.9825026E-03
   6.710000      2.1469798E-03
   6.720000      2.2786742E-03
   6.730000      2.3709717E-03
   6.740000      2.4184524E-03
   6.750000      2.4172505E-03
   6.760000      2.3653270E-03
   6.770000      2.2626393E-03
   6.780000      2.1115551E-03
   6.790000      1.9167829E-03
   6.800000      1.6853792E-03
   6.810000      1.4269698E-03
   6.820000      1.1530858E-03
   6.830000      8.7736943E-04
   6.840000      6.1458774E-04
   6.850000      3.8071151E-04
   6.860000      1.9175140E-04
   6.870000      6.3606014E-05
   6.880000      1.0872507E-05
   6.890000      4.6546571E-05
   6.900000      1.8119425E-04
   6.910000      4.2230519E-04
   6.920000      7.7425403E-04
   6.930000      1.2373084E-03
   6.940000      1.8079816E-03
   6.950000      2.4788340E-03
   6.960000      3.2388037E-03
   6.970000      4.0729595E-03
   6.980000      4.9636140E-03
   6.990000      5.8906423E-03
   7.000000      6.8319710E-03
   7.010000      7.7645876E-03
   7.020000      8.6650820E-03
   7.030000      9.5105460E-03
   7.040000      1.0279285E-02
   7.050000      1.0952282E-02
   7.060000      1.1512841E-02
   7.070000      1.1947540E-02
   7.080000      1.2246633E-02
   7.090000      1.2405005E-02
   7.100000      1.2421177E-02
   7.110000      1.2298349E-02
   7.120000      1.2043576E-02
   7.130000      1.1667364E-02
   7.140000      1.1183947E-02
   7.150000      1.0609074E-02
   7.160000      9.9610956E-03
   7.170000      9.2593608E-03
   7.180000      8.5235462E-03
   7.190000      7.7726338E-03
   7.200000      7.0249056E-03
   7.210000      6.2969113E-03
   7.220000      5.6031705E-03
   7.230000      4.9557597E-03
   7.240000      4.3640253E-03
   7.250000      3.8340956E-03
   7.260000      3.3698119E-03
   7.270000      2.9717714E-03
   7.280000      2.6382583E-03
   7.290000      2.3648620E-03
   7.300000      2.1454741E-03
   7.310000      1.9721531E-03
   7.320000      1.8359532E-03
   7.330000      1.7272433E-03
   7.340000      1.6363803E-03
   7.350000      1.5541745E-03
   7.360000      1.4722771E-03
   7.370000      1.3837798E-03
   7.380000      1.2834078E-03
   7.390000      1.1679812E-03
   7.400000      1.0366030E-03
   7.410000      8.9063821E-04
   7.420000      7.3382229E-04
   7.430000      5.7215430E-04
   7.440000      4.1348435E-04
   7.450000      2.6743789E-04
   7.460000      1.4477065E-04
   7.470000      5.7007986E-05
   7.480000      1.5662850E-05
   7.490000      3.1727854E-05
   7.500000      1.1493943E-04
   7.510000      2.7303427E-04
   7.520000      5.1122409E-04
   7.530000      8.3136623E-04
   7.540000      1.2320246E-03
   7.550000      1.7074801E-03
   7.560000      2.2477538E-03
   7.570000      2.8390002E-03
   7.580000      3.4637772E-03
   7.590000      4.1006827E-03
   7.600000      4.7262958E-03
   7.610000      5.3146901E-03
   7.620000      5.8396198E-03
   7.630000      6.2750676E-03
   7.640000      6.5970039E-03
   7.650000      6.7841881E-03
   7.660000      6.8200710E-03
   7.670000      6.6936384E-03
   7.680000      6.4008860E-03
   7.690000      5.9462609E-03
   7.700000      5.3434172E-03
   7.710000      4.6151252E-03
   7.720000      3.7953572E-03
   7.730000      2.9272630E-03
   7.740000      2.0647170E-03
   7.750000      1.2708850E-03
   7.760000      6.1724358E-04
   7.770000      1.8206429E-04
   7.780000      4.9027640E-05
   7.790000      3.0491149E-04
   7.800000      1.0374543E-03
   7.810000      2.3340490E-03
   7.820000      4.2769415E-03
   7.830000      6.9435895E-03
   7.840000      1.0403187E-02
   7.850000      1.4713479E-02
   7.860000      1.9920046E-02
   7.870000      2.6055988E-02
   7.880000      3.3133354E-02
   7.890000      4.1155633E-02
   7.900000      5.0099406E-02
   7.910000      5.9924815E-02
   7.920000      7.0568353E-02
   7.930000      8.1954703E-02
   7.940000      9.3979485E-02
   7.950000      0.1065266    
   7.960000      0.1194557    
   7.970000      0.1326129    
   7.980000      0.1458316    
   7.990000      0.1589327    
   8.000000      0.1717375    
   8.010000      0.1840497    
   8.020000      0.1956875    
   8.030000      0.2064637    
   8.040000      0.2161973    
   8.050000      0.2247272    
   8.060000      0.2319071    
   8.070000      0.2376016    
   8.080000      0.2417007    
   8.090000      0.2441115    
   8.100000      0.2447803    
   8.110000      0.2436745    
   8.120000      0.2407865    
   8.130000      0.2361471    
   8.140000      0.2298086    
   8.150000      0.2218602    
   8.160000      0.2124228    
   8.170000      0.2016404    
   8.180000      0.1896894    
   8.190000      0.1767614    
   8.200000      0.1630675    
   8.210000      0.1488381    
   8.220000      0.1342969    
   8.230000      0.1196894    
   8.240000      0.1052472    
   8.250000      9.1190144E-02
   8.260000      7.7719316E-02
   8.270000      6.5023668E-02
   8.280000      5.3262342E-02
   8.290000      4.2565450E-02
   8.300000      3.3031851E-02
   8.310000      2.4726927E-02
   8.320000      1.7686917E-02
   8.330000      1.1910739E-02
   8.340000      7.3714405E-03
   8.350000      4.0089847E-03
   8.360000      1.7413591E-03
   8.370000      4.6433188E-04
   8.380000      5.6818859E-05
   8.390000      3.8514429E-04
   8.400000      1.3076641E-03
   8.410000      2.6806914E-03
   8.420000      4.3610665E-03
   8.430000      6.2130815E-03
   8.440000      8.1099709E-03
   8.450000      9.9402685E-03
   8.460000      1.1607370E-02
   8.470000      1.3034297E-02
   8.480000      1.4161928E-02
   8.490000      1.4952423E-02
   8.500000      1.5385457E-02
   8.510000      1.5459715E-02
   8.520000      1.5189609E-02
   8.530000      1.4603277E-02
   8.540000      1.3740247E-02
   8.550000      1.2648215E-02
   8.560000      1.1380554E-02
   8.570000      9.9939285E-03
   8.580000      8.5459957E-03
   8.590000      7.0915977E-03
   8.600000      5.6824763E-03
   8.610000      4.3647122E-03
   8.620000      3.1778200E-03
   8.630000      2.1540844E-03
   8.640000      1.3177011E-03
   8.650000      6.8516459E-04
   8.660000      2.6502809E-04
   8.670000      5.9173246E-05
   8.680000      6.2669416E-05
   8.690000      2.6543008E-04
   8.700000      6.5316894E-04
   8.710000      1.2080127E-03
   8.720000      1.9098563E-03
   8.730000      2.7368024E-03
   8.740000      3.6670722E-03
   8.750000      4.6780664E-03
   8.760000      5.7484652E-03
   8.770000      6.8567158E-03
   8.780000      7.9832925E-03
   8.790000      9.1087073E-03
   8.800000      1.0215566E-02
   8.810000      1.1286929E-02
   8.820000      1.2306822E-02
   8.830000      1.3260478E-02
   8.840000      1.4134380E-02
   8.850000      1.4914820E-02
   8.860000      1.5591240E-02
   8.870000      1.6152792E-02
   8.880000      1.6590776E-02
   8.890000      1.6898287E-02
   8.900000      1.7069979E-02
   8.910000      1.7103201E-02
   8.920000      1.6997691E-02
   8.930000      1.6755745E-02
   8.940000      1.6382335E-02
   8.950000      1.5884312E-02
   8.960000      1.5272211E-02
   8.970000      1.4557357E-02
   8.980000      1.3754472E-02
   8.990000      1.2878736E-02
   9.000000      1.1946830E-02
   9.010000      1.0976591E-02
   9.020000      9.9858958E-03
   9.030000      8.9910943E-03
   9.040000      8.0097532E-03
   9.050000      7.0567308E-03
   9.060000      6.1459951E-03
   9.070000      5.2891085E-03
   9.080000      4.4956100E-03
   9.090000      3.7721931E-03
   9.100000      3.1237153E-03
   9.110000      2.5518152E-03
   9.120000      2.0564131E-03
   9.130000      1.6347596E-03
   9.140000      1.2826441E-03
   9.150000      9.9421421E-04
   9.160000      7.6262827E-04
   9.170000      5.8037014E-04
   9.180000      4.3968685E-04
   9.190000      3.3287384E-04
   9.200000      2.5280326E-04
   9.210000      1.9304664E-04
   9.220000      1.4808463E-04
   9.230000      1.1347484E-04
   9.240000      8.5936263E-05
   9.250000      6.3288928E-05
   9.260000      4.4405970E-05
   9.270000      2.9081972E-05
   9.280000      1.7857941E-05
   9.290000      1.1819252E-05
   9.300000      1.2365818E-05
   9.310000      2.0992798E-05
   9.320000      3.9080885E-05
   9.330000      6.7664601E-05
   9.340000      1.0733976E-04
   9.350000      1.5808006E-04
   9.360000      2.1918211E-04
   9.370000      2.8923064E-04
   9.380000      3.6619423E-04
   9.390000      4.4736947E-04
   9.400000      5.2965409E-04
   9.410000      6.0953957E-04
   9.420000      6.8342069E-04
   9.430000      7.4767409E-04
   9.440000      7.9895597E-04
   9.450000      8.3434855E-04
   9.460000      8.5156510E-04
   9.470000      8.4905612E-04
   9.480000      8.2622730E-04
   9.490000      7.8345160E-04
   9.500000      7.2218431E-04
   9.510000      6.4489665E-04
   9.520000      5.5504369E-04
   9.530000      4.5704239E-04
   9.540000      3.5594817E-04
   9.550000      2.5740467E-04
   9.560000      1.6734903E-04
   9.570000      9.1772759E-05
   9.580000      3.6419511E-05
   9.590000      6.5471500E-06
   9.600000      6.6423954E-06
   9.610000      4.0205414E-05
   9.620000      1.0953866E-04
   9.630000      2.1564362E-04
   9.640000      3.5800651E-04
   9.650000      5.3478981E-04
   9.660000      7.4249692E-04
   9.670000      9.7655650E-04
   9.680000      1.2309717E-03
   9.690000      1.4987392E-03
   9.700000      1.7720631E-03
   9.710000      2.0429404E-03
   9.720000      2.3028401E-03
   9.730000      2.5435905E-03
   9.740000      2.7574017E-03
   9.750000      2.9375211E-03
   9.760000      3.0780747E-03
   9.770000      3.1747604E-03
   9.780000      3.2245428E-03
   9.790000      3.2262318E-03
   9.800000      3.1803527E-03
   9.810000      3.0889583E-03
   9.820000      2.9557599E-03
   9.830000      2.7855781E-03
   9.840000      2.5845962E-03
   9.850000      2.3597432E-03
   9.860000      2.1184080E-03
   9.870000      1.8682211E-03
   9.880000      1.6167260E-03
   9.890000      1.3709781E-03
   9.900000      1.1373318E-03
   9.910000      9.2127448E-04
   9.920000      7.2712451E-04
   9.930000      5.5807875E-04
   9.940000      4.1594877E-04
   9.950000      3.0135768E-04
   9.960000      2.1363846E-04
   9.970000      1.5109048E-04
   9.980000      1.1110274E-04
   9.990000      9.0338406E-05
   10.00000      8.4948362E-05
   10.01000      9.0876769E-05
   10.02000      1.0412413E-04
   10.03000      1.2079163E-04
   10.04000      1.3751791E-04
   10.05000      1.5148890E-04
   10.06000      1.6056171E-04
   10.07000      1.6341772E-04
   10.08000      1.5947143E-04
   10.09000      1.4888057E-04
   10.10000      1.3250861E-04
   10.11000      1.1175298E-04
   10.12000      8.8393288E-05
   10.13000      6.4492939E-05
   10.14000      4.2311192E-05
   10.15000      2.3843819E-05
   10.16000      1.1092947E-05
   10.17000      5.5700134E-06
   10.18000      8.4254852E-06
   10.19000      2.0211473E-05
   10.20000      4.1031377E-05
   10.21000      7.0276059E-05
   10.22000      1.0696536E-04
   10.23000      1.4961505E-04
   10.24000      1.9629547E-04
   10.25000      2.4494960E-04
   10.26000      2.9334830E-04
   10.27000      3.3911038E-04
   10.28000      3.8023468E-04
   10.29000      4.1465781E-04
   10.30000      4.4082804E-04
   10.31000      4.5752682E-04
   10.32000      4.6390560E-04
   10.33000      4.5970472E-04
   10.34000      4.4511928E-04
   10.35000      4.2079616E-04
   10.36000      3.8776628E-04
   10.37000      3.4764298E-04
   10.38000      3.0208929E-04
   10.39000      2.5326549E-04
   10.40000      2.0337498E-04
   10.41000      1.5464933E-04
   10.42000      1.0957046E-04
   10.43000      7.0299699E-05
   10.44000      3.8949242E-05
   10.45000      1.7508301E-05
   10.46000      7.5195453E-06
   10.47000      1.0409793E-05
   10.48000      2.7033046E-05
   10.49000      5.8095553E-05
   10.50000      1.0357911E-04
   10.51000      1.6350813E-04
   10.52000      2.3696746E-04
   10.53000      3.2303037E-04
   10.54000      4.2011807E-04
   10.55000      5.2656012E-04
   10.56000      6.4049894E-04
   10.57000      7.5925357E-04
   10.58000      8.7998650E-04
   10.59000      1.0003436E-03
   10.60000      1.1166823E-03
   10.61000      1.2266983E-03
   10.62000      1.3272999E-03
   10.63000      1.4157696E-03
   10.64000      1.4896984E-03
   10.65000      1.5469946E-03
   10.66000      1.5857713E-03
   10.67000      1.6050555E-03
   10.68000      1.6040814E-03
   10.69000      1.5828363E-03
   10.70000      1.5418504E-03
   10.71000      1.4824391E-03
   10.72000      1.4059829E-03
   10.73000      1.3150593E-03
   10.74000      1.2119194E-03
   10.75000      1.0997284E-03
   10.76000      9.8157558E-04
   10.77000      8.6057244E-04
   10.78000      7.3981879E-04
   10.79000      6.2255748E-04
   10.80000      5.1116501E-04
   10.81000      4.0850398E-04
   10.82000      3.1611792E-04
   10.83000      2.3552527E-04
   10.84000      1.6781480E-04
   10.85000      1.1302404E-04
   10.86000      7.1238552E-05
   10.87000      4.1520099E-05
   10.88000      2.2793161E-05
   10.89000      1.3567517E-05
   10.90000      1.2054074E-05
   10.91000      1.6373804E-05
   10.92000      2.4541707E-05
   10.93000      3.4731253E-05
   10.94000      4.5195524E-05
   10.95000      5.4499418E-05
   10.96000      6.1515078E-05
   10.97000      6.5443193E-05
   10.98000      6.5913868E-05
   10.99000      6.2904204E-05
   11.00000      5.6773380E-05
   11.01000      4.8169015E-05
   11.02000      3.8036458E-05
   11.03000      2.7423213E-05
   11.04000      1.7577659E-05
   11.05000      9.6974245E-06
   11.06000      4.9342598E-06
   11.07000      4.3250884E-06
   11.08000      8.6635291E-06
   11.09000      1.8538120E-05
   11.10000      3.4151159E-05
   11.11000      5.5524917E-05
   11.12000      8.2224513E-05
   11.13000      1.1353439E-04
   11.14000      1.4858639E-04
   11.15000      1.8600341E-04
   11.16000      2.2461753E-04
   11.17000      2.6276850E-04
   11.18000      2.9895990E-04
   11.19000      3.3166708E-04
   11.20000      3.5942701E-04
   11.21000      3.8093570E-04
   11.22000      3.9512059E-04
   11.23000      4.0107730E-04
   11.24000      3.9832064E-04
   11.25000      3.8660906E-04
   11.26000      3.6618937E-04
   11.27000      3.3752120E-04
   11.28000      3.0183163E-04
   11.29000      2.6030475E-04
   11.30000      2.1499385E-04
   11.31000      1.6799993E-04
   11.32000      1.2196939E-04
   11.33000      7.9912505E-05
   11.34000      4.5047025E-05
   11.35000      2.0651136E-05
   11.36000      1.0462561E-05
   11.37000      1.8096893E-05
   11.38000      4.7199763E-05
   11.39000      1.0100933E-04
   11.40000      1.8297523E-04
   11.41000      2.9566290E-04
   11.42000      4.4155787E-04
   11.43000      6.2236335E-04
   11.44000      8.3883322E-04
   11.45000      1.0918056E-03
   11.46000      1.3798558E-03
   11.47000      1.7015444E-03
   11.48000      2.0549553E-03
   11.49000      2.4348348E-03
   11.50000      2.8388640E-03
   11.51000      3.2589084E-03
   11.52000      3.6902716E-03
   11.53000      4.1255597E-03
   11.54000      4.5566843E-03
   11.55000      4.9767699E-03
   11.56000      5.3768228E-03
   11.57000      5.7495250E-03
   11.58000      6.0877288E-03
   11.59000      6.3842200E-03
   11.60000      6.6330028E-03
   11.61000      6.8293018E-03
   11.62000      6.9685825E-03
   11.63000      7.0490805E-03
   11.64000      7.0688510E-03
   11.65000      7.0281331E-03
   11.66000      6.9281999E-03
   11.67000      6.7720194E-03
   11.68000      6.5625054E-03
   11.69000      6.3056685E-03
   11.70000      6.0063154E-03
   11.71000      5.6714634E-03
   11.72000      5.3079533E-03
   11.73000      4.9226126E-03
   11.74000      4.5227581E-03
   11.75000      4.1168532E-03
   11.76000      3.7102452E-03
   11.77000      3.3108953E-03
   11.78000      2.9236353E-03
   11.79000      2.5537405E-03
   11.80000      2.2066869E-03
   11.81000      1.8840142E-03
   11.82000      1.5896951E-03
   11.83000      1.3241376E-03
   11.84000      1.0881702E-03
   11.85000      8.8184857E-04
   11.86000      7.0396485E-04
   11.87000      5.5305538E-04
   11.88000      4.2745934E-04
   11.89000      3.2450724E-04
   11.90000      2.4205763E-04
   11.91000      1.7730989E-04
   11.92000      1.2763846E-04
   11.93000      9.0728194E-05
   11.94000      6.4014166E-05
   11.95000      4.5513007E-05
   11.96000      3.3221808E-05
   11.97000      2.5531561E-05
   11.98000      2.1082084E-05
   11.99000      1.8761364E-05
   12.00000      1.7720875E-05
   12.01000      1.7323257E-05
   12.02000      1.7136590E-05
   12.03000      1.6880829E-05
   12.04000      1.6410673E-05
   12.05000      1.5673446E-05
   12.06000      1.4684615E-05
   12.07000      1.3502136E-05
   12.08000      1.2207473E-05
   12.09000      1.0889515E-05
   12.10000      9.6346048E-06
   12.11000      8.5153815E-06
   12.12000      7.5932771E-06
   12.13000      6.9147268E-06
   12.14000      6.5144018E-06
   12.15000      6.4079040E-06
   12.16000      6.6069233E-06
   12.17000      7.1101490E-06
   12.18000      7.9082256E-06
   12.19000      8.9816667E-06
   12.20000      1.0305510E-05
   12.21000      1.1837854E-05
   12.22000      1.3533977E-05
   12.23000      1.5331258E-05
   12.24000      1.7158021E-05
   12.25000      1.8933040E-05
   12.26000      2.0573523E-05
   12.27000      2.1989446E-05
   12.28000      2.3108480E-05
   12.29000      2.3872788E-05
   12.30000      2.4257493E-05
   12.31000      2.4282035E-05
   12.32000      2.4022489E-05
   12.33000      2.3618144E-05
   12.34000      2.3295408E-05
   12.35000      2.3363831E-05
   12.36000      2.4214545E-05
   12.37000      2.6344951E-05
   12.38000      3.0316576E-05
   12.39000      3.6783054E-05
   12.40000      4.6425292E-05
   12.41000      5.9994112E-05
   12.42000      7.8182013E-05
   12.43000      1.0168359E-04
   12.44000      1.3118867E-04
   12.45000      1.6706887E-04
   12.46000      2.0986982E-04
   12.47000      2.5957770E-04
   12.48000      3.1627636E-04
   12.49000      3.7980021E-04
   12.50000      4.4946876E-04
   12.51000      5.2464270E-04
   12.52000      6.0435093E-04
   12.53000      6.8714790E-04
   12.54000      7.7193521E-04
   12.55000      8.5681817E-04
   12.56000      9.4009307E-04
   12.57000      1.0201056E-03
   12.58000      1.0946331E-03
   12.59000      1.1622633E-03
   12.60000      1.2208617E-03
   12.61000      1.2690548E-03
   12.62000      1.3055244E-03
   12.63000      1.3291282E-03
   12.64000      1.3391718E-03
   12.65000      1.3352897E-03
   12.66000      1.3173893E-03
   12.67000      1.2858940E-03
   12.68000      1.2415380E-03
   12.69000      1.1853823E-03
   12.70000      1.1187879E-03
   12.71000      1.0435741E-03
   12.72000      9.6115365E-04
   12.73000      8.7384542E-04
   12.74000      7.8355114E-04
   12.75000      6.9211831E-04
   12.76000      6.0183479E-04
   12.77000      5.1394023E-04
   12.78000      4.3044289E-04
   12.79000      3.5252658E-04
   12.80000      2.8133907E-04
   12.81000      2.1774438E-04
   12.82000      1.6230656E-04
   12.83000      1.1529466E-04
   12.84000      7.6967081E-05
   12.85000      4.7008019E-05
   12.86000      2.5216446E-05
   12.87000      1.1031671E-05
   12.88000      3.8609819E-06
   12.89000      2.9769221E-06
   12.90000      7.5906642E-06
   12.91000      1.6852728E-05
   12.92000      2.9921657E-05
   12.93000      4.5951110E-05
   12.94000      6.4074156E-05
   12.95000      8.3473169E-05
   12.96000      1.0338335E-04
   12.97000      1.2295244E-04
   12.98000      1.4156301E-04
   12.99000      1.5841499E-04
   13.00000      1.7286996E-04
   13.01000      1.8435234E-04
   13.02000      1.9227366E-04
   13.03000      1.9625113E-04
   13.04000      1.9597751E-04
   13.05000      1.9126560E-04
   13.06000      1.8210357E-04
   13.07000      1.6871691E-04
   13.08000      1.5153197E-04
   13.09000      1.3118003E-04
   13.10000      1.0866424E-04
   13.11000      8.4995932E-05
   13.12000      6.1687795E-05
   13.13000      4.0184666E-05
   13.14000      2.2178992E-05
   13.15000      9.3976205E-06
   13.16000      3.5322794E-06
   13.17000      6.1948463E-06
   13.18000      1.8810550E-05
   13.19000      4.2526921E-05
   13.20000      7.8168152E-05
   13.21000      1.2605835E-04
   13.22000      1.8625909E-04
   13.23000      2.5782219E-04
   13.24000      3.4009537E-04
   13.25000      4.3099394E-04
   13.26000      5.2857643E-04
   13.27000      6.3030963E-04
   13.28000      7.3307095E-04
   13.29000      8.3415670E-04
   13.30000      9.3010830E-04
   13.31000      1.0178504E-03
   13.32000      1.0945247E-03
   13.33000      1.1574689E-03
   13.34000      1.2045571E-03
   13.35000      1.2342820E-03
   13.36000      1.2456084E-03
   13.37000      1.2384525E-03
   13.38000      1.2132993E-03
   13.39000      1.1714329E-03
   13.40000      1.1146062E-03
   13.41000      1.0456421E-03
   13.42000      9.6705498E-04
   13.43000      8.8243920E-04
   13.44000      7.9501327E-04
   13.45000      7.0810271E-04
   13.46000      6.2511530E-04
   13.47000      5.4883439E-04
   13.48000      4.8166234E-04
   13.49000      4.2571902E-04
   13.50000      3.8205396E-04
   13.51000      3.5144901E-04
   13.52000      3.3364128E-04
   13.53000      3.2789336E-04
   13.54000      3.3275154E-04
   13.55000      3.4628389E-04
   13.56000      3.6610308E-04
   13.57000      3.8955349E-04
   13.58000      4.1394660E-04
   13.59000      4.3648513E-04
   13.60000      4.5471045E-04
   13.61000      4.6644581E-04
   13.62000      4.6997389E-04
   13.63000      4.6413398E-04
   13.64000      4.4836398E-04
   13.65000      4.2280316E-04
   13.66000      3.8807443E-04
   13.67000      3.4570985E-04
   13.68000      2.9730448E-04
   13.69000      2.4542882E-04
   13.70000      1.9258400E-04
   13.71000      1.4155444E-04
   13.72000      9.5312345E-05
   13.73000      5.6461889E-05
   13.74000      2.7625880E-05
   13.75000      1.0918794E-05
   13.76000      7.9754482E-06
   13.77000      1.9965131E-05
   13.78000      4.7285939E-05
   13.79000      8.9873640E-05
   13.80000      1.4662284E-04
   13.81000      2.1624734E-04
   13.82000      2.9624903E-04
   13.83000      3.8435921E-04
   13.84000      4.7745113E-04
   13.85000      5.7214272E-04
   13.86000      6.6486560E-04
   13.87000      7.5230445E-04
   13.88000      8.3052210E-04
   13.89000      8.9680671E-04
   13.90000      9.4792398E-04
   13.91000      9.8173041E-04
   13.92000      9.9633401E-04
   13.93000      9.9074130E-04
   13.94000      9.6454268E-04
   13.95000      9.1834553E-04
   13.96000      8.5342722E-04
   13.97000      7.7197549E-04
   13.98000      6.7712535E-04
   13.99000      5.7268061E-04
   14.00000      4.6286182E-04
   14.01000      3.5330228E-04
   14.02000      2.4900245E-04
   14.03000      1.5641825E-04
   14.04000      8.1202779E-05
   14.05000      2.9352721E-05
   14.06000      6.6405519E-06
   14.07000      1.8159248E-05
   14.08000      6.8432986E-05
   14.09000      1.6096773E-04
   14.10000      2.9875571E-04
   14.11000      4.8280825E-04
   14.12000      7.1341539E-04
   14.13000      9.8963024E-04
   14.14000      1.3079210E-03
   14.15000      1.6656332E-03
   14.16000      2.0563384E-03
   14.17000      2.4732233E-03
   14.18000      2.9095861E-03
   14.19000      3.3545785E-03
   14.20000      3.8011936E-03
   14.21000      4.2373450E-03
   14.22000      4.6539013E-03
   14.23000      5.0412258E-03
   14.24000      5.3894622E-03
   14.25000      5.6909244E-03
   14.26000      5.9381374E-03
   14.27000      6.1251912E-03
   14.28000      6.2481067E-03
   14.29000      6.3040652E-03
   14.30000      6.2921611E-03
   14.31000      6.2135323E-03
   14.32000      6.0712192E-03
   14.33000      5.8688503E-03
   14.34000      5.6127124E-03
   14.35000      5.3097629E-03
   14.36000      4.9672574E-03
   14.37000      4.5954883E-03
   14.38000      4.2014085E-03
   14.39000      3.7955854E-03
   14.40000      3.3863904E-03
   14.41000      2.9821121E-03
   14.42000      2.5906900E-03
   14.43000      2.2187678E-03
   14.44000      1.8713388E-03
   14.45000      1.5542868E-03
   14.46000      1.2692203E-03
   14.47000      1.0189676E-03
   14.48000      8.0373226E-04
   14.49000      6.2246027E-04
   14.50000      4.7443341E-04
   14.51000      3.5610120E-04
   14.52000      2.6489180E-04
   14.53000      1.9667103E-04
   14.54000      1.4761930E-04
   14.55000      1.1377383E-04
   14.56000      9.1253554E-05
   14.57000      7.6566699E-05
   14.58000      6.6712440E-05
   14.59000      5.9174647E-05
   14.60000      5.2210420E-05
   14.61000      4.4690514E-05
   14.62000      3.6169877E-05
   14.63000      2.6946860E-05
   14.64000      1.7763878E-05
   14.65000      9.9101962E-06
   14.66000      5.0706199E-06
   14.67000      5.0986714E-06
   14.68000      1.1992990E-05
   14.69000      2.7581860E-05
   14.70000      5.3623204E-05
   14.71000      9.1229769E-05
   14.72000      1.4144783E-04
   14.73000      2.0419501E-04
   14.74000      2.7909857E-04
   14.75000      3.6498389E-04
   14.76000      4.5973138E-04
   14.77000      5.6091562E-04
   14.78000      6.6505553E-04
   14.79000      7.6822290E-04
   14.80000      8.6629327E-04
   14.81000      9.5456518E-04
   14.82000      1.0283539E-03
   14.83000      1.0833291E-03
   14.84000      1.1152327E-03
   14.85000      1.1209449E-03
   14.86000      1.0980262E-03
   14.87000      1.0455174E-03
   14.88000      9.6384285E-04
   14.89000      8.5572078E-04
   14.90000      7.2514522E-04
   14.91000      5.7903613E-04
   14.92000      4.2633142E-04
   14.93000      2.7823387E-04
   14.94000      1.4854480E-04
   14.95000      5.3046340E-05
   14.96000      9.6571093E-06
   14.97000      3.8127750E-05
   14.98000      1.5933928E-04
   14.99000      3.9567749E-04
   15.00000      7.6854619E-04
   15.01000      1.3024022E-03
   15.02000      2.0150898E-03
   15.03000      2.9298025E-03
   15.04000      4.0621371E-03
   15.05000      5.4274951E-03
   15.06000      7.0382776E-03
   15.07000      8.8998899E-03
   15.08000      1.1014276E-02
   15.09000      1.3385322E-02
   15.10000      1.5994035E-02
   15.11000      1.8836508E-02
   15.12000      2.1882549E-02
   15.13000      2.5105122E-02
   15.14000      2.8488548E-02
   15.15000      3.1972699E-02
   15.16000      3.5534050E-02
   15.17000      3.9111961E-02
   15.18000      4.2663734E-02
   15.19000      4.6143353E-02
   15.20000      4.9490102E-02
   15.21000      5.2656267E-02
   15.22000      5.5592176E-02
   15.23000      5.8241591E-02
   15.24000      6.0565893E-02
   15.25000      6.2518358E-02
   15.26000      6.4058959E-02
   15.27000      6.5161772E-02
   15.28000      6.5796979E-02
   15.29000      6.5947875E-02
   15.30000      6.5606475E-02
   15.31000      6.4772762E-02
   15.32000      6.3453063E-02
   15.33000      6.1671216E-02
   15.34000      5.9445728E-02
   15.35000      5.6815978E-02
   15.36000      5.3825509E-02
   15.37000      5.0521608E-02
   15.38000      4.6960164E-02
   15.39000      4.3205366E-02
   15.40000      3.9306793E-02
   15.41000      3.5347365E-02
   15.42000      3.1372696E-02
   15.43000      2.7456870E-02
   15.44000      2.3661992E-02
   15.45000      2.0045051E-02
   15.46000      1.6636411E-02
   15.47000      1.3489726E-02
   15.48000      1.0633328E-02
   15.49000      8.1105260E-03
   15.50000      5.9232870E-03
   15.51000      4.0946174E-03
   15.52000      2.6191054E-03
   15.53000      1.4914628E-03
   15.54000      6.9959724E-04
   15.55000      2.1811550E-04
   15.56000      2.0856236E-05
   15.57000      7.2976502E-05
   15.58000      3.3761672E-04
   15.59000      7.7408046E-04
   15.60000      1.3396761E-03
   15.61000      1.9950918E-03
   15.62000      2.6955719E-03
   15.63000      3.4064455E-03
   15.64000      4.0890267E-03
   15.65000      4.7135898E-03
   15.66000      5.2552102E-03
   15.67000      5.6909123E-03
   15.68000      6.0076742E-03
   15.69000      6.1950013E-03
   15.70000      6.2500276E-03
   15.71000      6.1738505E-03
   15.72000      5.9738262E-03
   15.73000      5.6606182E-03
   15.74000      5.2486770E-03
   15.75000      4.7569466E-03
   15.76000      4.2033265E-03
   15.77000      3.6118985E-03
   15.78000      3.0041733E-03
   15.79000      2.4014949E-03
   15.80000      1.8286150E-03
   15.81000      1.3032492E-03
   15.82000      8.4731559E-04
   15.83000      4.7659833E-04
   15.84000      2.0609426E-04
   15.85000      4.8079841E-05
   15.86000      1.1917835E-05
   15.87000      1.0472155E-04
   15.88000      3.3044460E-04
   15.89000      6.9109123E-04
   15.90000      1.1864416E-03
   15.91000      1.8118737E-03
   15.92000      2.5642945E-03
   15.93000      3.4328615E-03
   15.94000      4.4117854E-03
   15.95000      5.4879179E-03
   15.96000      6.6462820E-03
   15.97000      7.8759324E-03
   15.98000      9.1547007E-03
   15.99000      1.0470112E-02
   16.00000      1.1800864E-02
   16.01000      1.3126737E-02
   16.02000      1.4428479E-02
   16.03000      1.5685916E-02
   16.04000      1.6876705E-02
   16.05000      1.7985275E-02
   16.06000      1.8986791E-02
   16.07000      1.9869024E-02
   16.08000      2.0614037E-02
   16.09000      2.1208715E-02
   16.10000      2.1643752E-02
   16.11000      2.1909455E-02
   16.12000      2.2002168E-02
   16.13000      2.1920890E-02
   16.14000      2.1667235E-02
   16.15000      2.1246007E-02
   16.16000      2.0666467E-02
   16.17000      1.9939419E-02
   16.18000      1.9076940E-02
   16.19000      1.8099604E-02
   16.20000      1.7022232E-02
   16.21000      1.5867520E-02
   16.22000      1.4657027E-02
   16.23000      1.3406571E-02
   16.24000      1.2149071E-02
   16.25000      1.0895659E-02
   16.26000      9.6649611E-03
   16.27000      8.4790150E-03
   16.28000      7.3479614E-03
   16.29000      6.2892628E-03
   16.30000      5.3111087E-03
   16.31000      4.4196765E-03
   16.32000      3.6224010E-03
   16.33000      2.9168136E-03
   16.34000      2.3059468E-03
   16.35000      1.7847483E-03
   16.36000      1.3488565E-03
   16.37000      9.9200464E-04
   16.38000      7.0640113E-04
   16.39000      4.8403427E-04
   16.40000      3.1661632E-04
   16.41000      1.9511608E-04
   16.42000      1.1163334E-04
   16.43000      5.8207479E-05
   16.44000      2.7837767E-05
   16.45000      1.4373092E-05
   16.46000      1.2480652E-05
   16.47000      1.7930624E-05
   16.48000      2.7375443E-05
   16.49000      3.8425809E-05
   16.50000      4.9422801E-05
   16.51000      5.9475224E-05
   16.52000      6.8171001E-05
   16.53000      7.5521486E-05
   16.54000      8.1805447E-05
   16.55000      8.7426059E-05
   16.56000      9.2807517E-05
   16.57000      9.8334654E-05
   16.58000      1.0421342E-04
   16.59000      1.1053761E-04
   16.60000      1.1716832E-04
   16.61000      1.2380941E-04
   16.62000      1.3003590E-04
   16.63000      1.3526464E-04
   16.64000      1.3891558E-04
   16.65000      1.4039344E-04
   16.66000      1.3918475E-04
   16.67000      1.3489791E-04
   16.68000      1.2734749E-04
   16.69000      1.1656046E-04
   16.70000      1.0279092E-04
   16.71000      8.6669927E-05
   16.72000      6.8975918E-05
   16.73000      5.0897961E-05
   16.74000      3.3769044E-05
   16.75000      1.9084609E-05
   16.76000      8.6445589E-06
   16.77000      4.1670451E-06
   16.78000      7.5434077E-06
   16.79000      2.0487039E-05
   16.80000      4.4766752E-05
   16.81000      8.1809609E-05
   16.82000      1.3292325E-04
   16.83000      1.9915166E-04
   16.84000      2.8099056E-04
   16.85000      3.7897856E-04
   16.86000      4.9290655E-04
   16.87000      6.2187924E-04
   16.88000      7.6542539E-04
   16.89000      9.2099130E-04
   16.90000      1.0873043E-03
   16.91000      1.2615100E-03
   16.92000      1.4412167E-03
   16.93000      1.6239776E-03
   16.94000      1.8062328E-03
   16.95000      1.9848961E-03
   16.96000      2.1567824E-03
   16.97000      2.3182305E-03
   16.98000      2.4665531E-03
   16.99000      2.5987346E-03
   17.00000      2.7117636E-03
