  -17.50000      9.1474754E-04
  -17.49000      9.1974565E-04
  -17.48000      9.2145224E-04
  -17.47000      9.2693331E-04
  -17.46000      9.3999953E-04
  -17.45000      9.5198676E-04
  -17.44000      9.4900059E-04
  -17.43000      9.4719412E-04
  -17.42000      9.5069531E-04
  -17.41000      9.7853865E-04
  -17.40000      9.7935763E-04
  -17.39000      9.8112156E-04
  -17.38000      9.9057320E-04
  -17.37000      9.8834955E-04
  -17.36000      9.8096533E-04
  -17.35000      9.6892926E-04
  -17.34000      9.5721480E-04
  -17.33000      9.4973244E-04
  -17.32000      9.3725475E-04
  -17.31000      9.2002575E-04
  -17.30000      9.0944418E-04
  -17.29000      8.9871435E-04
  -17.28000      8.8470802E-04
  -17.27000      8.9059479E-04
  -17.26000      8.9978951E-04
  -17.25000      8.9408149E-04
  -17.24000      8.6166820E-04
  -17.23000      8.6144777E-04
  -17.22000      8.9485559E-04
  -17.21000      9.7009761E-04
  -17.20000      1.0799241E-03
  -17.19000      1.2257448E-03
  -17.18000      1.4217189E-03
  -17.17000      1.6402588E-03
  -17.16000      1.8909299E-03
  -17.15000      2.1591510E-03
  -17.14000      2.4600204E-03
  -17.13000      2.7858629E-03
  -17.12000      3.1226825E-03
  -17.11000      3.4611418E-03
  -17.10000      3.8185399E-03
  -17.09000      4.1559539E-03
  -17.08000      4.4957139E-03
  -17.07000      4.8985197E-03
  -17.06000      5.2615278E-03
  -17.05000      5.4857787E-03
  -17.04000      5.6237928E-03
  -17.03000      5.7947086E-03
  -17.02000      5.9601096E-03
  -17.01000      6.0583926E-03
  -17.00000      6.0991738E-03
  -16.99000      6.0911216E-03
  -16.98000      6.0303109E-03
  -16.97000      5.9189512E-03
  -16.96000      5.7601901E-03
  -16.95000      5.5572568E-03
  -16.94000      5.3150509E-03
  -16.93000      5.0390619E-03
  -16.92000      4.7345688E-03
  -16.91000      4.4080624E-03
  -16.90000      4.0656291E-03
  -16.89000      3.7136804E-03
  -16.88000      3.3592207E-03
  -16.87000      3.0078385E-03
  -16.86000      2.6646382E-03
  -16.85000      2.3334860E-03
  -16.84000      2.0197986E-03
  -16.83000      1.7277496E-03
  -16.82000      1.4595573E-03
  -16.81000      1.2173988E-03
  -16.80000      1.0021363E-03
  -16.79000      8.1393303E-04
  -16.78000      6.5272761E-04
  -16.77000      5.1729567E-04
  -16.76000      4.0604506E-04
  -16.75000      3.1734965E-04
  -16.74000      2.4861333E-04
  -16.73000      1.9765184E-04
  -16.72000      1.6154355E-04
  -16.71000      1.3767531E-04
  -16.70000      1.2342635E-04
  -16.69000      1.1629231E-04
  -16.68000      1.1404887E-04
  -16.67000      1.1472612E-04
  -16.66000      1.1671389E-04
  -16.65000      1.1874706E-04
  -16.64000      1.1991298E-04
  -16.63000      1.1966230E-04
  -16.62000      1.1775285E-04
  -16.61000      1.1423069E-04
  -16.60000      1.0939223E-04
  -16.59000      1.0370617E-04
  -16.58000      9.7776203E-05
  -16.57000      9.2278678E-05
  -16.56000      8.7858862E-05
  -16.55000      8.5174026E-05
  -16.54000      8.4714098E-05
  -16.53000      8.6893400E-05
  -16.52000      9.1917136E-05
  -16.51000      9.9853853E-05
  -16.50000      1.1054452E-04
  -16.49000      1.2365737E-04
  -16.48000      1.3873739E-04
  -16.47000      1.5510614E-04
  -16.46000      1.7204996E-04
  -16.45000      1.8874677E-04
  -16.44000      2.0434408E-04
  -16.43000      2.1809799E-04
  -16.42000      2.2924130E-04
  -16.41000      2.3718481E-04
  -16.40000      2.4145588E-04
  -16.39000      2.4180501E-04
  -16.38000      2.3811973E-04
  -16.37000      2.3055688E-04
  -16.36000      2.1940313E-04
  -16.35000      2.0520312E-04
  -16.34000      1.8863899E-04
  -16.33000      1.7055022E-04
  -16.32000      1.5188573E-04
  -16.31000      1.3370714E-04
  -16.30000      1.1700327E-04
  -16.29000      1.0282251E-04
  -16.28000      9.2058552E-05
  -16.27000      8.5504398E-05
  -16.26000      8.3790721E-05
  -16.25000      8.7312510E-05
  -16.24000      9.6215466E-05
  -16.23000      1.1046149E-04
  -16.22000      1.2981646E-04
  -16.21000      1.5363905E-04
  -16.20000      1.8119773E-04
  -16.19000      2.1157147E-04
  -16.18000      2.4352656E-04
  -16.17000      2.7599925E-04
  -16.16000      3.0756666E-04
  -16.15000      3.3712652E-04
  -16.14000      3.6346586E-04
  -16.13000      3.8552779E-04
  -16.12000      4.0239480E-04
  -16.11000      4.1346921E-04
  -16.10000      4.1824923E-04
  -16.09000      4.1660789E-04
  -16.08000      4.0865110E-04
  -16.07000      3.9481279E-04
  -16.06000      3.7577166E-04
  -16.05000      3.5253508E-04
  -16.04000      3.2618415E-04
  -16.03000      2.9818679E-04
  -16.02000      2.6988395E-04
  -16.01000      2.4281672E-04
  -16.00000      2.1839525E-04
  -15.99000      1.9798995E-04
  -15.98000      1.8278278E-04
  -15.97000      1.7379763E-04
  -15.96000      1.7168953E-04
  -15.95000      1.7693629E-04
  -15.94000      1.8958666E-04
  -15.93000      2.0941619E-04
  -15.92000      2.3576422E-04
  -15.91000      2.6779799E-04
  -15.90000      3.0421384E-04
  -15.89000      3.4358760E-04
  -15.88000      3.8423925E-04
  -15.87000      4.2437288E-04
  -15.86000      4.6229642E-04
  -15.85000      4.9619848E-04
  -15.84000      5.2437902E-04
  -15.83000      5.4543972E-04
  -15.82000      5.5811781E-04
  -15.81000      5.6158600E-04
  -15.80000      5.5528613E-04
  -15.79000      5.3916994E-04
  -15.78000      5.1351497E-04
  -15.77000      4.7911104E-04
  -15.76000      4.3713552E-04
  -15.75000      3.8896076E-04
  -15.74000      3.3659095E-04
  -15.73000      2.8177732E-04
  -15.72000      2.2685521E-04
  -15.71000      1.7383124E-04
  -15.70000      1.2490073E-04
  -15.69000      8.2077924E-05
  -15.68000      4.7079178E-05
  -15.67000      2.1317852E-05
  -15.66000      5.9361287E-06
  -15.65000      1.4875367E-06
  -15.64000      8.1488042E-06
  -15.63000      2.5458765E-05
  -15.62000      5.2636347E-05
  -15.61000      8.8148212E-05
  -15.60000      1.3040913E-04
  -15.59000      1.7702609E-04
  -15.58000      2.2582889E-04
  -15.57000      2.7417694E-04
  -15.56000      3.1953317E-04
  -15.55000      3.5934840E-04
  -15.54000      3.9146986E-04
  -15.53000      4.1385173E-04
  -15.52000      4.2515004E-04
  -15.51000      4.2434779E-04
  -15.50000      4.1127982E-04
  -15.49000      3.8631732E-04
  -15.48000      3.5078160E-04
  -15.47000      3.0634558E-04
  -15.46000      2.5585113E-04
  -15.45000      2.0236487E-04
  -15.44000      1.4989312E-04
  -15.43000      1.0227696E-04
  -15.42000      6.4066597E-05
  -15.41000      4.0099392E-05
  -15.40000      3.4973353E-05
  -15.39000      5.3092583E-05
  -15.38000      9.8446675E-05
  -15.37000      1.7442177E-04
  -15.36000      2.8357204E-04
  -15.35000      4.2754869E-04
  -15.34000      6.0713338E-04
  -15.33000      8.2198746E-04
  -15.32000      1.0701816E-03
  -15.31000      1.3495269E-03
  -15.30000      1.6557904E-03
  -15.29000      1.9844333E-03
  -15.28000      2.3299744E-03
  -15.27000      2.6846577E-03
  -15.26000      3.0423768E-03
  -15.25000      3.3946824E-03
  -15.24000      3.7339514E-03
  -15.23000      4.0526772E-03
  -15.22000      4.3423274E-03
  -15.21000      4.5967004E-03
  -15.20000      4.8093013E-03
  -15.19000      4.9745725E-03
  -15.18000      5.0887256E-03
  -15.17000      5.1480131E-03
  -15.16000      5.1513915E-03
  -15.15000      5.0983778E-03
  -15.14000      4.9902713E-03
  -15.13000      4.8296666E-03
  -15.12000      4.6210182E-03
  -15.11000      4.3696109E-03
  -15.10000      4.0813200E-03
  -15.09000      3.7646089E-03
  -15.08000      3.4258049E-03
  -15.07000      3.0746593E-03
  -15.06000      2.7183762E-03
  -15.05000      2.3648853E-03
  -15.04000      2.0212745E-03
  -15.03000      1.6951242E-03
  -15.02000      1.3913339E-03
  -15.01000      1.1160534E-03
  -15.00000      8.7160885E-04
  -14.99000      6.6187733E-04
  -14.98000      4.8751329E-04
  -14.97000      3.4870420E-04
  -14.96000      2.4452183E-04
  -14.95000      1.7231706E-04
  -14.94000      1.2935804E-04
  -14.93000      1.1136630E-04
  -14.92000      1.1400776E-04
  -14.91000      1.3237809E-04
  -14.90000      1.6156439E-04
  -14.89000      1.9676611E-04
  -14.88000      2.3336304E-04
  -14.87000      2.6751668E-04
  -14.86000      2.9576520E-04
  -14.85000      3.1564973E-04
  -14.84000      3.2548959E-04
  -14.83000      3.2458690E-04
  -14.82000      3.1312616E-04
  -14.81000      2.9217624E-04
  -14.80000      2.6348673E-04
  -14.79000      2.2944988E-04
  -14.78000      1.9290023E-04
  -14.77000      1.5681668E-04
  -14.76000      1.2429197E-04
  -14.75000      9.8281300E-05
  -14.74000      8.1251645E-05
  -14.73000      7.5235650E-05
  -14.72000      8.1413993E-05
  -14.71000      1.0028181E-04
  -14.70000      1.3120059E-04
  -14.69000      1.7278860E-04
  -14.68000      2.2261172E-04
  -14.67000      2.7750767E-04
  -14.66000      3.3384311E-04
  -14.65000      3.8716540E-04
  -14.64000      4.3342719E-04
  -14.63000      4.6829396E-04
  -14.62000      4.8817613E-04
  -14.61000      4.9029238E-04
  -14.60000      4.7276510E-04
  -14.59000      4.3548181E-04
  -14.58000      3.7987690E-04
  -14.57000      3.0987486E-04
  -14.56000      2.3095915E-04
  -14.55000      1.5170180E-04
  -14.54000      8.2348968E-05
  -14.53000      3.5793928E-05
  -14.52000      2.7108223E-05
  -14.51000      7.2907213E-05
  -14.50000      1.9203397E-04
  -14.49000      4.0316069E-04
  -14.48000      7.2749122E-04
  -14.47000      1.1836145E-03
  -14.46000      1.7904756E-03
  -14.45000      2.5665867E-03
  -14.44000      3.5238825E-03
  -14.43000      4.6789055E-03
  -14.42000      6.0342061E-03
  -14.41000      7.5974157E-03
  -14.40000      9.3653323E-03
  -14.39000      1.1335696E-02
  -14.38000      1.3494037E-02
  -14.37000      1.5830437E-02
  -14.36000      1.8312087E-02
  -14.35000      2.0925941E-02
  -14.34000      2.3629690E-02
  -14.33000      2.6391260E-02
  -14.32000      2.9168613E-02
  -14.31000      3.1911500E-02
  -14.30000      3.4581441E-02
  -14.29000      3.7124604E-02
  -14.28000      3.9493855E-02
  -14.27000      4.1643221E-02
  -14.26000      4.3527197E-02
  -14.25000      4.5104705E-02
  -14.24000      4.6345647E-02
  -14.23000      4.7214333E-02
  -14.22000      4.7691524E-02
  -14.21000      4.7759168E-02
  -14.20000      4.7412440E-02
  -14.19000      4.6651177E-02
  -14.18000      4.5486551E-02
  -14.17000      4.3935928E-02
  -14.16000      4.2028129E-02
  -14.15000      3.9799098E-02
  -14.14000      3.7285402E-02
  -14.13000      3.4542762E-02
  -14.12000      3.1609464E-02
  -14.11000      2.8551508E-02
  -14.10000      2.5417153E-02
  -14.09000      2.2266679E-02
  -14.08000      1.9160535E-02
  -14.07000      1.6152803E-02
  -14.06000      1.3291038E-02
  -14.05000      1.0633964E-02
  -14.04000      8.2156220E-03
  -14.03000      6.0812118E-03
  -14.02000      4.2544175E-03
  -14.01000      2.7530883E-03
  -14.00000      1.5934748E-03
  -13.99000      7.7178527E-04
  -13.98000      2.8576393E-04
  -13.97000      1.1625131E-04
  -13.96000      2.4148582E-04
  -13.95000      6.3143339E-04
  -13.94000      1.2486716E-03
  -13.93000      2.0545356E-03
  -13.92000      3.0009262E-03
  -13.91000      4.0455614E-03
  -13.90000      5.1362007E-03
  -13.89000      6.2269736E-03
  -13.88000      7.2741602E-03
  -13.87000      8.2322834E-03
  -13.86000      9.0688979E-03
  -13.85000      9.7481720E-03
  -13.84000      1.0247043E-02
  -13.83000      1.0546857E-02
  -13.82000      1.0637831E-02
  -13.81000      1.0516635E-02
  -13.80000      1.0188234E-02
  -13.79000      9.6667074E-03
  -13.78000      8.9703854E-03
  -13.77000      8.1280954E-03
  -13.76000      7.1730302E-03
  -13.75000      6.1427308E-03
  -13.74000      5.0755995E-03
  -13.73000      4.0156464E-03
  -13.72000      3.0038573E-03
  -13.71000      2.0864222E-03
  -13.70000      1.3002309E-03
  -13.69000      6.8621576E-04
  -13.68000      2.7610522E-04
  -13.67000      1.0017288E-04
  -13.66000      1.8134926E-04
  -13.65000      5.3584424E-04
  -13.64000      1.1732359E-03
  -13.63000      2.0942383E-03
  -13.62000      3.2960477E-03
  -13.61000      4.7613750E-03
  -13.60000      6.4732749E-03
  -13.59000      8.4052235E-03
  -13.58000      1.0523541E-02
  -13.57000      1.2796401E-02
  -13.56000      1.5177100E-02
  -13.55000      1.7624283E-02
  -13.54000      2.0099668E-02
  -13.53000      2.2546731E-02
  -13.52000      2.4931543E-02
  -13.51000      2.7199902E-02
  -13.50000      2.9317105E-02
  -13.49000      3.1248922E-02
  -13.48000      3.2956544E-02
  -13.47000      3.4419946E-02
  -13.46000      3.5610825E-02
  -13.45000      3.6519047E-02
  -13.44000      3.7132587E-02
  -13.43000      3.7446380E-02
  -13.42000      3.7460901E-02
  -13.41000      3.7184879E-02
  -13.40000      3.6628243E-02
  -13.39000      3.5806473E-02
  -13.38000      3.4742378E-02
  -13.37000      3.3460200E-02
  -13.36000      3.1985670E-02
  -13.35000      3.0354397E-02
  -13.34000      2.8589463E-02
  -13.33000      2.6731521E-02
  -13.32000      2.4805238E-02
  -13.31000      2.2845868E-02
  -13.30000      2.0878034E-02
  -13.29000      1.8931946E-02
  -13.28000      1.7028058E-02
  -13.27000      1.5193582E-02
  -13.26000      1.3439602E-02
  -13.25000      1.1786658E-02
  -13.24000      1.0243467E-02
  -13.23000      8.8184075E-03
  -13.22000      7.5207669E-03
  -13.21000      6.3461806E-03
  -13.20000      5.2991831E-03
  -13.19000      4.3738568E-03
  -13.18000      3.5669196E-03
  -13.17000      2.8713681E-03
  -13.16000      2.2789245E-03
  -13.15000      1.7809737E-03
  -13.14000      1.3692218E-03
  -13.13000      1.0332656E-03
  -13.12000      7.6428015E-04
  -13.11000      5.5263843E-04
  -13.10000      3.8941906E-04
  -13.09000      2.6689208E-04
  -13.08000      1.7699802E-04
  -13.07000      1.1335211E-04
  -13.06000      6.9877038E-05
  -13.05000      4.1654464E-05
  -13.04000      2.4581830E-05
  -13.03000      1.5291667E-05
  -13.02000      1.1211313E-05
  -13.01000      1.0371092E-05
  -13.00000      1.1364128E-05
  -12.99000      1.3215975E-05
  -12.98000      1.5304036E-05
  -12.97000      1.7270013E-05
  -12.96000      1.8919654E-05
  -12.95000      2.0197249E-05
  -12.94000      2.1093891E-05
  -12.93000      2.1623049E-05
  -12.92000      2.1794918E-05
  -12.91000      2.1599906E-05
  -12.90000      2.1009735E-05
  -12.89000      1.9983814E-05
  -12.88000      1.8491965E-05
  -12.87000      1.6518235E-05
  -12.86000      1.4107934E-05
  -12.85000      1.1365817E-05
  -12.84000      8.4807843E-06
  -12.83000      5.7577327E-06
  -12.82000      3.5843082E-06
  -12.81000      2.4803724E-06
  -12.80000      3.0449173E-06
  -12.79000      5.9666595E-06
  -12.78000      1.2008185E-05
  -12.77000      2.1937973E-05
  -12.76000      3.6589307E-05
  -12.75000      5.6639110E-05
  -12.74000      8.2860381E-05
  -12.73000      1.1574938E-04
  -12.72000      1.5572783E-04
  -12.71000      2.0307236E-04
  -12.70000      2.5760173E-04
  -12.69000      3.1928279E-04
  -12.68000      3.8750653E-04
  -12.67000      4.6161996E-04
  -12.66000      5.4061366E-04
  -12.65000      6.2342879E-04
  -12.64000      7.0858345E-04
  -12.63000      7.9492922E-04
  -12.62000      8.8060374E-04
  -12.61000      9.6424657E-04
  -12.60000      1.0440275E-03
  -12.59000      1.1184633E-03
  -12.58000      1.1861104E-03
  -12.57000      1.2453173E-03
  -12.56000      1.2951624E-03
  -12.55000      1.3344948E-03
  -12.54000      1.3625983E-03
  -12.53000      1.3790046E-03
  -12.52000      1.3833962E-03
  -12.51000      1.3758496E-03
  -12.50000      1.3567024E-03
  -12.49000      1.3264286E-03
  -12.48000      1.2857679E-03
  -12.47000      1.2358169E-03
  -12.46000      1.1776808E-03
  -12.45000      1.1125802E-03
  -12.44000      1.0420827E-03
  -12.43000      9.6749677E-04
  -12.42000      8.9044124E-04
  -12.41000      8.1231963E-04
  -12.40000      7.3429308E-04
  -12.39000      6.5790903E-04
  -12.38000      5.8388052E-04
  -12.37000      5.1353365E-04
  -12.36000      4.4734444E-04
  -12.35000      3.8603510E-04
  -12.34000      3.2994480E-04
  -12.33000      2.7944590E-04
  -12.32000      2.3452536E-04
  -12.31000      1.9530745E-04
  -12.30000      1.6145424E-04
  -12.29000      1.3287492E-04
  -12.28000      1.0916526E-04
  -12.27000      8.9929759E-05
  -12.26000      7.4766773E-05
  -12.25000      6.3136067E-05
  -12.24000      5.4645396E-05
  -12.23000      4.8791826E-05
  -12.22000      4.5163808E-05
  -12.21000      4.3347394E-05
  -12.20000      4.2973825E-05
  -12.19000      4.3716973E-05
  -12.18000      4.5276334E-05
  -12.17000      4.7410522E-05
  -12.16000      4.9896687E-05
  -12.15000      5.2538464E-05
  -12.14000      5.5173143E-05
  -12.13000      5.7665373E-05
  -12.12000      5.9883194E-05
  -12.11000      6.1717670E-05
  -12.10000      6.3055668E-05
  -12.09000      6.3812236E-05
  -12.08000      6.3902080E-05
  -12.07000      6.3255393E-05
  -12.06000      6.1816376E-05
  -12.05000      5.9560600E-05
  -12.04000      5.6474008E-05
  -12.03000      5.2592131E-05
  -12.02000      4.7972699E-05
  -12.01000      4.2708358E-05
  -12.00000      3.6951595E-05
  -11.99000      3.0878717E-05
  -11.98000      2.4704583E-05
  -11.97000      1.8701816E-05
  -11.96000      1.3143546E-05
  -11.95000      8.3711257E-06
  -11.94000      4.7097906E-06
  -11.93000      2.5110687E-06
  -11.92000      2.1290873E-06
  -11.91000      3.9055039E-06
  -11.90000      8.1587523E-06
  -11.89000      1.5165727E-05
  -11.88000      2.5202913E-05
  -11.87000      3.8431332E-05
  -11.86000      5.5052682E-05
  -11.85000      7.5104501E-05
  -11.84000      9.8670345E-05
  -11.83000      1.2572632E-04
  -11.82000      1.5622964E-04
  -11.81000      1.9001777E-04
  -11.80000      2.2707599E-04
  -11.79000      2.6704557E-04
  -11.78000      3.0991770E-04
  -11.77000      3.5536382E-04
  -11.76000      4.0314591E-04
  -11.75000      4.5321212E-04
  -11.74000      5.0517364E-04
  -11.73000      5.5915909E-04
  -11.72000      6.1478751E-04
  -11.71000      6.7204831E-04
  -11.70000      7.3092198E-04
  -11.69000      7.9138653E-04
  -11.68000      8.5327280E-04
  -11.67000      9.1667037E-04
  -11.66000      9.8119257E-04
  -11.65000      1.0469854E-03
  -11.64000      1.1137126E-03
  -11.63000      1.1809962E-03
  -11.62000      1.2486216E-03
  -11.61000      1.3158756E-03
  -11.60000      1.3824322E-03
  -11.59000      1.4475192E-03
  -11.58000      1.5103704E-03
  -11.57000      1.5702283E-03
  -11.56000      1.6261666E-03
  -11.55000      1.6771777E-03
  -11.54000      1.7225664E-03
  -11.53000      1.7609883E-03
  -11.52000      1.7917953E-03
  -11.51000      1.8140328E-03
  -11.50000      1.8268683E-03
  -11.49000      1.8297927E-03
  -11.48000      1.8221359E-03
  -11.47000      1.8036914E-03
  -11.46000      1.7743619E-03
  -11.45000      1.7342563E-03
  -11.44000      1.6835160E-03
  -11.43000      1.6228233E-03
  -11.42000      1.5528025E-03
  -11.41000      1.4744240E-03
  -11.40000      1.3887300E-03
  -11.39000      1.2969862E-03
  -11.38000      1.2007027E-03
  -11.37000      1.1013444E-03
  -11.36000      1.0003641E-03
  -11.35000      8.9968246E-04
  -11.34000      8.0054655E-04
  -11.33000      7.0504221E-04
  -11.32000      6.1373558E-04
  -11.31000      5.2797818E-04
  -11.30000      4.4876843E-04
  -11.29000      3.7695045E-04
  -11.28000      3.1281449E-04
  -11.27000      2.5683967E-04
  -11.26000      2.0881979E-04
  -11.25000      1.6872870E-04
  -11.24000      1.3608973E-04
  -11.23000      1.1028532E-04
  -11.22000      9.0639784E-05
  -11.21000      7.6247612E-05
  -11.20000      6.6286215E-05
  -11.19000      5.9833448E-05
  -11.18000      5.6028701E-05
  -11.17000      5.4069213E-05
  -11.16000      5.3246662E-05
  -11.15000      5.2981173E-05
  -11.14000      5.2821226E-05
  -11.13000      5.2464460E-05
  -11.12000      5.1758365E-05
  -11.11000      5.0675531E-05
  -11.10000      4.9318478E-05
  -11.09000      4.7883146E-05
  -11.08000      4.6615638E-05
  -11.07000      4.5819172E-05
  -11.06000      4.5770925E-05
  -11.05000      4.6735397E-05
  -11.04000      4.8924187E-05
  -11.03000      5.2467927E-05
  -11.02000      5.7463476E-05
  -11.01000      6.3886502E-05
  -11.00000      7.1731971E-05
  -10.99000      8.0943508E-05
  -10.98000      9.1524831E-05
  -10.97000      1.0361710E-04
  -10.96000      1.1746499E-04
  -10.95000      1.3368731E-04
  -10.94000      1.5320136E-04
  -10.93000      1.7737671E-04
  -10.92000      2.0825076E-04
  -10.91000      2.4825099E-04
  -10.90000      3.0083925E-04
  -10.89000      3.6990896E-04
  -10.88000      4.6039547E-04
  -10.87000      5.7791889E-04
  -10.86000      7.2876085E-04
  -10.85000      9.1969973E-04
  -10.84000      1.1590435E-03
  -10.83000      1.4536952E-03
  -10.82000      1.8127782E-03
  -10.81000      2.2435014E-03
  -10.80000      2.7530752E-03
  -10.79000      3.3508956E-03
  -10.78000      4.0400289E-03
  -10.77000      4.8291036E-03
  -10.76000      5.7181763E-03
  -10.75000      6.7117782E-03
  -10.74000      7.8081042E-03
  -10.73000      9.0062534E-03
  -10.72000      1.0297501E-02
  -10.71000      1.1677722E-02
  -10.70000      1.3129897E-02
  -10.69000      1.4645102E-02
  -10.68000      1.6203081E-02
  -10.67000      1.7781865E-02
  -10.66000      1.9364437E-02
  -10.65000      2.0919727E-02
  -10.64000      2.2429589E-02
  -10.63000      2.3863640E-02
  -10.62000      2.5196603E-02
  -10.61000      2.6401378E-02
  -10.60000      2.7456699E-02
  -10.59000      2.8333457E-02
  -10.58000      2.9014932E-02
  -10.57000      2.9478328E-02
  -10.56000      2.9710963E-02
  -10.55000      2.9700013E-02
  -10.54000      2.9438822E-02
  -10.53000      2.8926672E-02
  -10.52000      2.8165095E-02
  -10.51000      2.7164202E-02
  -10.50000      2.5934193E-02
  -10.49000      2.4498485E-02
  -10.48000      2.2876583E-02
  -10.47000      2.1101667E-02
  -10.46000      1.9203695E-02
  -10.45000      1.7216584E-02
  -10.44000      1.5188288E-02
  -10.43000      1.3151334E-02
  -10.42000      1.1153950E-02
  -10.41000      9.2325471E-03
  -10.40000      7.4256347E-03
  -10.39000      5.7713846E-03
  -10.38000      4.3004886E-03
  -10.37000      3.0380439E-03
  -10.36000      2.0085187E-03
  -10.35000      1.2232362E-03
  -10.34000      6.9516228E-04
  -10.33000      4.2366580E-04
  -10.32000      4.0491237E-04
  -10.31000      6.2635436E-04
  -10.30000      1.0699966E-03
  -10.29000      1.7097577E-03
  -10.28000      2.5140813E-03
  -10.27000      3.4495664E-03
  -10.26000      4.4739367E-03
  -10.25000      5.5486066E-03
  -10.24000      6.6278260E-03
  -10.23000      7.6701478E-03
  -10.22000      8.6348020E-03
  -10.21000      9.4835581E-03
  -10.20000      1.0180947E-02
  -10.19000      1.0700491E-02
  -10.18000      1.1017445E-02
  -10.17000      1.1118616E-02
  -10.16000      1.0996649E-02
  -10.15000      1.0654103E-02
  -10.14000      1.0100676E-02
  -10.13000      9.3586063E-03
  -10.12000      8.4513929E-03
  -10.11000      7.4183415E-03
  -10.10000      6.2999441E-03
  -10.09000      5.1443256E-03
  -10.08000      4.0023085E-03
  -10.07000      2.9325085E-03
  -10.06000      1.9904349E-03
  -10.05000      1.2392958E-03
  -10.04000      7.3203462E-04
  -10.03000      5.2565482E-04
  -10.02000      6.6811719E-04
  -10.01000      1.2032811E-03
  -10.00000      2.1599892E-03
  -9.990000      3.5732207E-03
  -9.980000      5.4526832E-03
  -9.970000      7.8049358E-03
  -9.960000      1.0622963E-02
  -9.950000      1.3888778E-02
  -9.940000      1.7572882E-02
  -9.930000      2.1638149E-02
  -9.920000      2.6032712E-02
  -9.910000      3.0700499E-02
  -9.900000      3.5573997E-02
  -9.890000      4.0581092E-02
  -9.880000      4.5644972E-02
  -9.870000      5.0683640E-02
  -9.860000      5.5617526E-02
  -9.850000      6.0361173E-02
  -9.840000      6.4835489E-02
  -9.830000      6.8966478E-02
  -9.820000      7.2679467E-02
  -9.810000      7.5913444E-02
  -9.800000      7.8613453E-02
  -9.790000      8.0733947E-02
  -9.780000      8.2242183E-02
  -9.770000      8.3118580E-02
  -9.760000      8.3350331E-02
  -9.750000      8.2943752E-02
  -9.740000      8.1915274E-02
  -9.730000      8.0289245E-02
  -9.720000      7.8104489E-02
  -9.710000      7.5406611E-02
  -9.700000      7.2251968E-02
  -9.690000      6.8700127E-02
  -9.680000      6.4813070E-02
  -9.670000      6.0661402E-02
  -9.660000      5.6312464E-02
  -9.650000      5.1839475E-02
  -9.640000      4.7303542E-02
  -9.630000      4.2773351E-02
  -9.620000      3.8308389E-02
  -9.610000      3.3965785E-02
  -9.600000      2.9794207E-02
  -9.590000      2.5837623E-02
  -9.580000      2.2132456E-02
  -9.570000      1.8707180E-02
  -9.560000      1.5582483E-02
  -9.550000      1.2772199E-02
  -9.540000      1.0281499E-02
  -9.530000      8.1087491E-03
  -9.520000      6.2464899E-03
  -9.510000      4.6803369E-03
  -9.500000      3.3926324E-03
  -9.490000      2.3602678E-03
  -9.480000      1.5576389E-03
  -9.470000      9.5795252E-04
  -9.460000      5.3290831E-04
  -9.450000      2.5443436E-04
  -9.440000      9.4840339E-05
  -9.430000      2.8285202E-05
  -9.420000      3.0722738E-05
  -9.410000      8.0731108E-05
  -9.400000      1.5962664E-04
  -9.390000      2.5175387E-04
  -9.380000      3.4446482E-04
  -9.370000      4.2819633E-04
  -9.360000      4.9620803E-04
  -9.350000      5.4446125E-04
  -9.340000      5.7124539E-04
  -9.330000      5.7685305E-04
  -9.320000      5.6314288E-04
  -9.310000      5.3317228E-04
  -9.300000      4.9076945E-04
  -9.290000      4.4008467E-04
  -9.280000      3.8536460E-04
  -9.270000      3.3047612E-04
  -9.260000      2.7881889E-04
  -9.250000      2.3302076E-04
  -9.240000      1.9490537E-04
  -9.230000      1.6541709E-04
  -9.220000      1.4464559E-04
  -9.210000      1.3190649E-04
  -9.200000      1.2587500E-04
  -9.190000      1.2474052E-04
  -9.180000      1.2642221E-04
  -9.170000      1.2875382E-04
  -9.160000      1.2971676E-04
  -9.150000      1.2763233E-04
  -9.140000      1.2134961E-04
  -9.130000      1.1039309E-04
  -9.120000      9.5072879E-05
  -9.110000      7.6553872E-05
  -9.100000      5.6861019E-05
  -9.090000      3.8847196E-05
  -9.080000      2.6081083E-05
  -9.070000      2.2735241E-05
  -9.060000      3.3387245E-05
  -9.050000      6.2813859E-05
  -9.040000      1.1575310E-04
  -9.030000      1.9667546E-04
  -9.020000      3.0954380E-04
  -9.010000      4.5752188E-04
  -9.000000      6.4298441E-04
  -8.990000      8.6697610E-04
  -8.980000      1.1292967E-03
  -8.970000      1.4284222E-03
  -8.960000      1.7614899E-03
  -8.950000      2.1241014E-03
  -8.940000      2.5105851E-03
  -8.930000      2.9139065E-03
  -8.920000      3.3263415E-03
  -8.910000      3.7390226E-03
  -8.900000      4.1428884E-03
  -8.890000      4.5285071E-03
  -8.880000      4.8864102E-03
  -8.870000      5.2079861E-03
  -8.860000      5.4852851E-03
  -8.850000      5.7113133E-03
  -8.840000      5.8802022E-03
  -8.830000      5.9880181E-03
  -8.820000      6.0322378E-03
  -8.810000      6.0121915E-03
  -8.800000      5.9285895E-03
  -8.790000      5.7845269E-03
  -8.780000      5.5839373E-03
  -8.770000      5.3325584E-03
  -8.760000      5.0377492E-03
  -8.750000      4.7069704E-03
  -8.740000      4.3494198E-03
  -8.730000      3.9740065E-03
  -8.720000      3.5904071E-03
  -8.710000      3.2076214E-03
  -8.700000      2.8344530E-03
  -8.690000      2.4790885E-03
  -8.680000      2.1485973E-03
  -8.670000      1.8487114E-03
  -8.660000      1.5839831E-03
  -8.650000      1.3573548E-03
  -8.640000      1.1704253E-03
  -8.630000      1.0230542E-03
  -8.620000      9.1378350E-04
  -8.610000      8.3977083E-04
  -8.600000      7.9719344E-04
  -8.590000      7.8113837E-04
  -8.580000      7.8616501E-04
  -8.570000      8.0639537E-04
  -8.560000      8.3585689E-04
  -8.550000      8.6872885E-04
  -8.540000      8.9954503E-04
  -8.530000      9.2357257E-04
  -8.520000      9.3677442E-04
  -8.510000      9.3610550E-04
  -8.500000      9.1960165E-04
  -8.490000      8.8637008E-04
  -8.480000      8.3668280E-04
  -8.470000      7.7182334E-04
  -8.460000      6.9401052E-04
  -8.450000      6.0633919E-04
  -8.440000      5.1245157E-04
  -8.430000      4.1643679E-04
  -8.420000      3.2250289E-04
  -8.410000      2.3483831E-04
  -8.400000      1.5725821E-04
  -8.390000      9.3137685E-05
  -8.380000      4.5052733E-05
  -8.370000      1.4781237E-05
  -8.360000      3.1690604E-06
  -8.350000      1.0005263E-05
  -8.340000      3.4102257E-05
  -8.330000      7.3325005E-05
  -8.320000      1.2472694E-04
  -8.310000      1.8461885E-04
  -8.300000      2.4885955E-04
  -8.290000      3.1302089E-04
  -8.280000      3.7265749E-04
  -8.270000      4.2359435E-04
  -8.260000      4.6214662E-04
  -8.250000      4.8545760E-04
  -8.240000      4.9165246E-04
  -8.230000      4.8007263E-04
  -8.220000      4.5144715E-04
  -8.210000      4.0791868E-04
  -8.200000      3.5317970E-04
  -8.190000      2.9226296E-04
  -8.180000      2.3157298E-04
  -8.170000      1.7862710E-04
  -8.160000      1.4183795E-04
  -8.150000      1.3024420E-04
  -8.140000      1.5308699E-04
  -8.130000      2.1959540E-04
  -8.120000      3.3838223E-04
  -8.110000      5.1732437E-04
  -8.100000      7.6290075E-04
  -8.090000      1.0801348E-03
  -8.080000      1.4720215E-03
  -8.070000      1.9393992E-03
  -8.060000      2.4806755E-03
  -8.050000      3.0917551E-03
  -8.040000      3.7659081E-03
  -8.030000      4.4944696E-03
  -8.020000      5.2655768E-03
  -8.010000      6.0657435E-03
  -8.000000      6.8797241E-03
  -7.990000      7.6911985E-03
  -7.980000      8.4824339E-03
  -7.970000      9.2362054E-03
  -7.960000      9.9346861E-03
  -7.950000      1.0561794E-02
  -7.940000      1.1101925E-02
  -7.930000      1.1541905E-02
  -7.920000      1.1870440E-02
  -7.910000      1.2078772E-02
  -7.900000      1.2161903E-02
  -7.890000      1.2115864E-02
  -7.880000      1.1942104E-02
  -7.870000      1.1643919E-02
  -7.860000      1.1227617E-02
  -7.850000      1.0703223E-02
  -7.840000      1.0081958E-02
  -7.830000      9.3790712E-03
  -7.820000      8.6105494E-03
  -7.810000      7.7943560E-03
  -7.800000      6.9487267E-03
  -7.790000      6.0928818E-03
  -7.780000      5.2452716E-03
  -7.770000      4.4238209E-03
  -7.760000      3.6444780E-03
  -7.750000      2.9219142E-03
  -7.740000      2.2680419E-03
  -7.730000      1.6922273E-03
  -7.720000      1.2010823E-03
  -7.710000      7.9826306E-04
  -7.700000      4.8408934E-04
  -7.690000      2.5666159E-04
  -7.680000      1.1103642E-04
  -7.670000      4.0230694E-05
  -7.660000      3.5280344E-05
  -7.650000      8.5694701E-05
  -7.640000      1.7997340E-04
  -7.630000      3.0605521E-04
  -7.620000      4.5184762E-04
  -7.610000      6.0564809E-04
  -7.600000      7.5657084E-04
  -7.590000      8.9508278E-04
  -7.580000      1.0130631E-03
  -7.570000      1.1043818E-03
  -7.560000      1.1647670E-03
  -7.550000      1.1921030E-03
  -7.540000      1.1862235E-03
  -7.530000      1.1489318E-03
  -7.520000      1.0836737E-03
  -7.510000      9.9524681E-04
  -7.500000      8.8959042E-04
  -7.490000      7.7321462E-04
  -7.480000      6.5298029E-04
  -7.470000      5.3544441E-04
  -7.460000      4.2676716E-04
  -7.450000      3.3209618E-04
  -7.440000      2.5549775E-04
  -7.430000      1.9959160E-04
  -7.420000      1.6553994E-04
  -7.410000      1.5287229E-04
  -7.400000      1.5966041E-04
  -7.390000      1.8258669E-04
  -7.380000      2.1724361E-04
  -7.370000      2.5842618E-04
  -7.360000      3.0052706E-04
  -7.350000      3.3804201E-04
  -7.340000      3.6598244E-04
  -7.330000      3.8045843E-04
  -7.320000      3.7905545E-04
  -7.310000      3.6143477E-04
  -7.300000      3.2957242E-04
  -7.290000      2.8810831E-04
  -7.280000      2.4451630E-04
  -7.270000      2.0918067E-04
  -7.260000      1.9527553E-04
  -7.250000      2.1859790E-04
  -7.240000      2.9726131E-04
  -7.230000      4.5108685E-04
  -7.220000      7.0129358E-04
  -7.210000      1.0694385E-03
  -7.200000      1.5768919E-03
  -7.190000      2.2439996E-03
  -7.180000      3.0888072E-03
  -7.170000      4.1263099E-03
  -7.160000      5.3681545E-03
  -7.150000      6.8204785E-03
  -7.140000      8.4853051E-03
  -7.130000      1.0356498E-02
  -7.120000      1.2423831E-02
  -7.110000      1.4669130E-02
  -7.100000      1.7068500E-02
  -7.090000      1.9590514E-02
  -7.080000      2.2199685E-02
  -7.070000      2.4853775E-02
  -7.060000      2.7510146E-02
  -7.050000      3.0118594E-02
  -7.040000      3.2628596E-02
  -7.030000      3.4989521E-02
  -7.020000      3.7152339E-02
  -7.010000      3.9067581E-02
  -7.000000      4.0690254E-02
  -6.990000      4.1981198E-02
  -6.980000      4.2903639E-02
  -6.970000      4.3431185E-02
  -6.960000      4.3543883E-02
  -6.950000      4.3230157E-02
  -6.940000      4.2489264E-02
  -6.930000      4.1328181E-02
  -6.920000      3.9768603E-02
  -6.910000      3.7836872E-02
  -6.900000      3.5572626E-02
  -6.890000      3.3020742E-02
  -6.880000      3.0236326E-02
  -6.870000      2.7278649E-02
  -6.860000      2.4211809E-02
  -6.850000      2.1102643E-02
  -6.840000      1.8017482E-02
  -6.830000      1.5022017E-02
  -6.820000      1.2178670E-02
  -6.810000      9.5430743E-03
  -6.800000      7.1673770E-03
  -6.790000      5.0926073E-03
  -6.780000      3.3535627E-03
  -6.770000      1.9730565E-03
  -6.760000      9.6486887E-04
  -6.750000      3.3217503E-04
  -6.740000      6.7037370E-05
  -6.730000      1.5117583E-04
  -6.720000      5.5710558E-04
  -6.710000      1.2485677E-03
  -6.700000      2.1812697E-03
  -6.690000      3.3051067E-03
  -6.680000      4.5651202E-03
  -6.670000      5.9039481E-03
  -6.660000      7.2632856E-03
  -6.650000      8.5859383E-03
  -6.640000      9.8183732E-03
  -6.630000      1.0911083E-02
  -6.620000      1.1821393E-02
  -6.610000      1.2514488E-02
  -6.600000      1.2964191E-02
  -6.590000      1.3154136E-02
  -6.580000      1.3077542E-02
  -6.570000      1.2737887E-02
  -6.560000      1.2148123E-02
  -6.550000      1.1331930E-02
  -6.540000      1.0319727E-02
  -6.530000      9.1512501E-03
  -6.520000      7.8720311E-03
  -6.510000      6.5333950E-03
  -6.500000      5.1896698E-03
  -6.490000      3.8977505E-03
  -6.480000      2.7142549E-03
  -6.470000      1.6948618E-03
  -6.460000      8.9139485E-04
  -6.450000      3.5118256E-04
  -6.440000      1.1465832E-04
  -6.430000      2.1505491E-04
  -6.420000      6.7642966E-04
  -6.410000      1.5140149E-03
  -6.400000      2.7328415E-03
  -6.390000      4.3282984E-03
  -6.380000      6.2874323E-03
  -6.370000      8.5856644E-03
  -6.360000      1.1192660E-02
  -6.350000      1.4068967E-02
  -6.340000      1.7169336E-02
  -6.330000      2.0443330E-02
  -6.320000      2.3835510E-02
  -6.310000      2.7289098E-02
  -6.300000      3.0744024E-02
  -6.290000      3.4143724E-02
  -6.280000      3.7426114E-02
  -6.270000      4.0539518E-02
  -6.260000      4.3431133E-02
  -6.250000      4.6056155E-02
  -6.240000      4.8375674E-02
  -6.230000      5.0354477E-02
  -6.220000      5.1970337E-02
  -6.210000      5.3205580E-02
  -6.200000      5.4051161E-02
  -6.190000      5.4506589E-02
  -6.180000      5.4577734E-02
  -6.170000      5.4280359E-02
  -6.160000      5.3632647E-02
  -6.150000      5.2657489E-02
  -6.140000      5.1384408E-02
  -6.130000      4.9846068E-02
  -6.120000      4.8074182E-02
  -6.110000      4.6104189E-02
  -6.100000      4.3970719E-02
  -6.090000      4.1706558E-02
  -6.080000      3.9345831E-02
  -6.070000      3.6920629E-02
  -6.060000      3.4461536E-02
  -6.050000      3.1994436E-02
  -6.040000      2.9545700E-02
  -6.030000      2.7137896E-02
  -6.020000      2.4789764E-02
  -6.010000      2.2520406E-02
  -6.000000      2.0342376E-02
  -5.990000      1.8267713E-02
  -5.980000      1.6304977E-02
  -5.970000      1.4461038E-02
  -5.960000      1.2739235E-02
  -5.950000      1.1141818E-02
  -5.940000      9.6692313E-03
  -5.930000      8.3208028E-03
  -5.920000      7.0933262E-03
  -5.910000      5.9841988E-03
  -5.900000      4.9890555E-03
  -5.890000      4.1036401E-03
  -5.880000      3.3231790E-03
  -5.870000      2.6428879E-03
  -5.860000      2.0571859E-03
  -5.850000      1.5610254E-03
  -5.840000      1.1484788E-03
  -5.830000      8.1405730E-04
  -5.820000      5.5162085E-04
  -5.810000      3.5512820E-04
  -5.800000      2.1792180E-04
  -5.790000      1.3337708E-04
  -5.780000      9.4517505E-05
  -5.770000      9.4272502E-05
  -5.760000      1.2553114E-04
  -5.750000      1.8114700E-04
  -5.740000      2.5422531E-04
  -5.730000      3.3807344E-04
  -5.720000      4.2647685E-04
  -5.710000      5.1371247E-04
  -5.700000      5.9479330E-04
  -5.690000      6.6542922E-04
  -5.680000      7.2219229E-04
  -5.670000      7.6254067E-04
  -5.660000      7.8492175E-04
  -5.650000      7.8866794E-04
  -5.640000      7.7408936E-04
  -5.630000      7.4231601E-04
  -5.620000      6.9536036E-04
  -5.610000      6.3580944E-04
  -5.600000      5.6687219E-04
  -5.590000      4.9220305E-04
  -5.580000      4.1560258E-04
  -5.570000      3.4091261E-04
  -5.560000      2.7188740E-04
  -5.550000      2.1192383E-04
  -5.540000      1.6398873E-04
  -5.530000      1.3041560E-04
  -5.520000      1.1286623E-04
  -5.510000      1.1220736E-04
  -5.500000      1.2855155E-04
  -5.490000      1.6120146E-04
  -5.480000      2.0874577E-04
  -5.470000      2.6910985E-04
  -5.460000      3.3965652E-04
  -5.450000      4.1730062E-04
  -5.440000      4.9869652E-04
  -5.430000      5.8036082E-04
  -5.420000      6.5880001E-04
  -5.410000      7.3078333E-04
  -5.400000      7.9332851E-04
  -5.390000      8.4395631E-04
  -5.380000      8.8081916E-04
  -5.370000      9.0266956E-04
  -5.360000      9.0910186E-04
  -5.350000      9.0042420E-04
  -5.340000      8.7766978E-04
  -5.330000      8.4260455E-04
  -5.320000      7.9751370E-04
  -5.310000      7.4529543E-04
  -5.300000      6.8903854E-04
  -5.290000      6.3212076E-04
  -5.280000      5.7787896E-04
  -5.270000      5.2955409E-04
  -5.260000      4.9007038E-04
  -5.250000      4.6196589E-04
  -5.240000      4.4728062E-04
  -5.230000      4.4739709E-04
  -5.220000      4.6307166E-04
  -5.210000      4.9433141E-04
  -5.200000      5.4053118E-04
  -5.190000      6.0035050E-04
  -5.180000      6.7185611E-04
  -5.170000      7.5258140E-04
  -5.160000      8.3969551E-04
  -5.150000      9.3009329E-04
  -5.140000      1.0204837E-03
  -5.130000      1.1076466E-03
  -5.120000      1.1886108E-03
  -5.110000      1.2605506E-03
  -5.100000      1.3211730E-03
  -5.090000      1.3686576E-03
  -5.080000      1.4018043E-03
  -5.070000      1.4199588E-03
  -5.060000      1.4230357E-03
  -5.050000      1.4116084E-03
  -5.040000      1.3866394E-03
  -5.030000      1.3496631E-03
  -5.020000      1.3024115E-03
  -5.010000      1.2469289E-03
  -5.000000      1.1854020E-03
  -4.990000      1.1200007E-03
  -4.980000      1.0528533E-03
  -4.970000      9.8583230E-04
  -4.960000      9.2071109E-04
  -4.950000      8.5874653E-04
  -4.940000      8.0097694E-04
  -4.930000      7.4796757E-04
  -4.920000      6.9994165E-04
  -4.910000      6.5675110E-04
  -4.900000      6.1795191E-04
  -4.890000      5.8286032E-04
  -4.880000      5.5062334E-04
  -4.870000      5.2034127E-04
  -4.860000      4.9114338E-04
  -4.850000      4.6223521E-04
  -4.840000      4.3306986E-04
  -4.830000      4.0329251E-04
  -4.820000      3.7283287E-04
  -4.810000      3.4193532E-04
  -4.800000      3.1112088E-04
  -4.790000      2.8111893E-04
  -4.780000      2.5288106E-04
  -4.770000      2.2743811E-04
  -4.760000      2.0585448E-04
  -4.750000      1.8907757E-04
  -4.740000      1.7785616E-04
  -4.730000      1.7262099E-04
  -4.720000      1.7341952E-04
  -4.710000      1.7982435E-04
  -4.700000      1.9093267E-04
  -4.690000      2.0534913E-04
  -4.680000      2.2129406E-04
  -4.670000      2.3662263E-04
  -4.660000      2.4907271E-04
  -4.650000      2.5639441E-04
  -4.640000      2.5659514E-04
  -4.630000      2.4821432E-04
  -4.620000      2.3055532E-04
  -4.610000      2.0405055E-04
  -4.600000      1.7042283E-04
  -4.590000      1.3303696E-04
  -4.580000      9.7055861E-05
  -4.570000      6.9656562E-05
  -4.560000      6.0080180E-05
  -4.550000      7.9658450E-05
  -4.540000      1.4172797E-04
  -4.530000      2.6142050E-04
  -4.520000      4.5529465E-04
  -4.510000      7.4097642E-04
  -4.500000      1.1364764E-03
  -4.490000      1.6599976E-03
  -4.480000      2.3282052E-03
  -4.470000      3.1569339E-03
  -4.460000      4.1591846E-03
  -4.450000      5.3453506E-03
  -4.440000      6.7227227E-03
  -4.430000      8.2929274E-03
  -4.420000      1.0054582E-02
  -4.410000      1.1999929E-02
  -4.400000      1.4116890E-02
  -4.390000      1.6387478E-02
  -4.380000      1.8787405E-02
  -4.370000      2.1288663E-02
  -4.360000      2.3855651E-02
  -4.350000      2.6449628E-02
  -4.340000      2.9026318E-02
  -4.330000      3.1540528E-02
  -4.320000      3.3939764E-02
  -4.310000      3.6176760E-02
  -4.300000      3.8200296E-02
  -4.290000      3.9964635E-02
  -4.280000      4.1425411E-02
  -4.270000      4.2544268E-02
  -4.260000      4.3293085E-02
  -4.250000      4.3646432E-02
  -4.240000      4.3593392E-02
  -4.230000      4.3129083E-02
  -4.220000      4.2260099E-02
  -4.210000      4.1002687E-02
  -4.200000      3.9378505E-02
  -4.190000      3.7422132E-02
  -4.180000      3.5172351E-02
  -4.170000      3.2676276E-02
  -4.160000      2.9984066E-02
  -4.150000      2.7147714E-02
  -4.140000      2.4226548E-02
  -4.130000      2.1279316E-02
  -4.120000      1.8361604E-02
  -4.110000      1.5528874E-02
  -4.100000      1.2834826E-02
  -4.090000      1.0325871E-02
  -4.080000      8.0442717E-03
  -4.070000      6.0232668E-03
  -4.060000      4.2876480E-03
  -4.050000      2.8535794E-03
  -4.040000      1.7258574E-03
  -4.030000      9.0084522E-04
  -4.020000      3.6484527E-04
  -4.010000      9.6238604E-05
  -4.000000      6.5767206E-05
  -3.990000      2.3870741E-04
  -3.980000      5.7614379E-04
  -3.970000      1.0366207E-03
  -3.960000      1.5783733E-03
  -3.950000      2.1599696E-03
  -3.940000      2.7426383E-03
  -3.930000      3.2911282E-03
  -3.920000      3.7751836E-03
  -3.910000      4.1701216E-03
  -3.900000      4.4578947E-03
  -3.890000      4.6272804E-03
  -3.880000      4.6740570E-03
  -3.870000      4.6008066E-03
  -3.860000      4.4166008E-03
  -3.850000      4.1357148E-03
  -3.840000      3.7769626E-03
  -3.830000      3.3619101E-03
  -3.820000      2.9138993E-03
  -3.810000      2.4558108E-03
  -3.800000      2.0089282E-03
  -3.790000      1.5923369E-03
  -3.780000      1.2206306E-03
  -3.770000      9.0395642E-04
  -3.760000      6.4740214E-04
  -3.750000      4.5119235E-04
  -3.740000      3.1074369E-04
  -3.730000      2.1773312E-04
  -3.720000      1.6103750E-04
  -3.710000      1.2829658E-04
  -3.700000      1.0763491E-04
  -3.690000      8.9688307E-05
  -3.680000      6.9721056E-05
  -3.670000      4.9935250E-05
  -3.660000      4.1472395E-05
  -3.650000      6.6544890E-05
  -3.640000      1.5986292E-04
  -3.630000      3.7005465E-04
  -3.620000      7.5976318E-04
  -3.610000      1.4062928E-03
  -3.600000      2.4003556E-03
  -3.590000      3.8451815E-03
  -3.580000      5.8543896E-03
  -3.570000      8.5494369E-03
  -3.560000      1.2055720E-02
  -3.550000      1.6501477E-02
  -3.540000      2.2010092E-02
  -3.530000      2.8697493E-02
  -3.520000      3.6667027E-02
  -3.510000      4.5999594E-02
  -3.500000      5.6754440E-02
  -3.490000      6.8953298E-02
  -3.480000      8.2585663E-02
  -3.470000      9.7603969E-02
  -3.460000      0.1138979    
  -3.450000      0.1313205    
  -3.440000      0.1496792    
  -3.430000      0.1687274    
  -3.420000      0.1881885    
  -3.410000      0.2077415    
  -3.400000      0.2270596    
  -3.390000      0.2457777    
  -3.380000      0.2635463    
  -3.370000      0.2800044    
  -3.360000      0.2948045    
  -3.350000      0.3076219    
  -3.340000      0.3181436    
  -3.330000      0.3261013    
  -3.320000      0.3312591    
  -3.310000      0.3334117    
  -3.300000      0.3324121    
  -3.290000      0.3281574    
  -3.280000      0.3206478    
  -3.270000      0.3099124    
  -3.260000      0.2960891    
  -3.250000      0.2794013    
  -3.240000      0.2601456    
  -3.230000      0.2387203    
  -3.220000      0.2155799    
  -3.210000      0.1912556    
  -3.200000      0.1663148    
  -3.190000      0.1413528    
  -3.180000      0.1169565    
  -3.170000      9.3704976E-02
  -3.160000      7.2158471E-02
  -3.150000      5.2795384E-02
  -3.140000      3.6043115E-02
  -3.130000      2.2260085E-02
  -3.120000      1.1717140E-02
  -3.110000      4.6097049E-03
  -3.100000      1.0257178E-03
  -3.090000      9.6600351E-04
  -3.080000      4.3301606E-03
  -3.070000      1.0920182E-02
  -3.060000      2.0433510E-02
  -3.050000      3.2477796E-02
  -3.040000      4.6568953E-02
  -3.030000      6.2157247E-02
  -3.020000      7.8630432E-02
  -3.010000      9.5348127E-02
  -3.000000      0.1116597    
  -2.990000      0.1269404    
  -2.980000      0.1405903    
  -2.970000      0.1520897    
  -2.960000      0.1609832    
  -2.950000      0.1669197    
  -2.940000      0.1696433    
  -2.930000      0.1690183    
  -2.920000      0.1650039    
  -2.910000      0.1576992    
  -2.900000      0.1473077    
  -2.890000      0.1341632    
  -2.880000      0.1187179    
  -2.870000      0.1015520    
  -2.860000      8.3356172E-02
  -2.850000      6.4924836E-02
  -2.840000      4.7142785E-02
  -2.830000      3.0940926E-02
  -2.820000      1.7306238E-02
  -2.810000      7.2109946E-03
  -2.800000      1.5902593E-03
  -2.790000      1.3159092E-03
  -2.780000      7.1677417E-03
  -2.770000      1.9808482E-02
  -2.760000      3.9777499E-02
  -2.750000      6.7459233E-02
  -2.740000      0.1031294    
  -2.730000      0.1468683    
  -2.720000      0.1986476    
  -2.710000      0.2582141    
  -2.700000      0.3252034    
  -2.690000      0.3990249    
  -2.680000      0.4788618    
  -2.670000      0.5636819    
  -2.660000      0.6523404    
  -2.650000      0.7434238    
  -2.640000      0.8353587    
  -2.630000      0.9265327    
  -2.620000       1.015385    
  -2.610000       1.100273    
  -2.600000       1.179791    
  -2.590000       1.252611    
  -2.580000       1.317820    
  -2.570000       1.374519    
  -2.560000       1.422116    
  -2.550000       1.460119    
  -2.540000       1.488123    
  -2.530000       1.505961    
  -2.520000       1.513422    
  -2.510000       1.510401    
  -2.500000       1.496884    
  -2.490000       1.473012    
  -2.480000       1.438995    
  -2.470000       1.395238    
  -2.460000       1.342380    
  -2.450000       1.281216    
  -2.440000       1.212842    
  -2.430000       1.138475    
  -2.420000       1.059569    
  -2.410000      0.9775416    
  -2.400000      0.8939159    
  -2.390000      0.8101202    
  -2.380000      0.7274632    
  -2.370000      0.6471037    
  -2.360000      0.5699795    
  -2.350000      0.4968235    
  -2.340000      0.4282089    
  -2.330000      0.3645554    
  -2.320000      0.3061371    
  -2.310000      0.2530962    
  -2.300000      0.2055945    
  -2.290000      0.1636416    
  -2.280000      0.1272146    
  -2.270000      9.6178003E-02
  -2.260000      7.0265368E-02
  -2.250000      4.9146730E-02
  -2.240000      3.2529004E-02
  -2.230000      2.0009272E-02
  -2.220000      1.1090497E-02
  -2.210000      5.2565522E-03
  -2.200000      1.9923558E-03
  -2.190000      7.9951680E-04
  -2.180000      1.2122156E-03
  -2.170000      2.7979070E-03
  -2.160000      5.1498869E-03
  -2.150000      7.9062507E-03
  -2.140000      1.0783992E-02
  -2.130000      1.3545223E-02
  -2.120000      1.6028238E-02
  -2.110000      1.8140826E-02
  -2.100000      1.9793354E-02
  -2.090000      2.0873150E-02
  -2.080000      2.1220110E-02
  -2.070000      2.0705726E-02
  -2.060000      1.9408582E-02
  -2.050000      1.7851448E-02
  -2.040000      1.6796814E-02
  -2.030000      1.5866412E-02
  -2.020000      1.4242442E-02
  -2.010000      1.1949954E-02
  -2.000000      9.4892075E-03
  -1.990000      7.1234512E-03
  -1.980000      5.3250003E-03
  -1.970000      4.0146555E-03
  -1.960000      2.8850769E-03
  -1.950000      1.9498868E-03
  -1.940000      1.2129996E-03
  -1.930000      6.5209402E-04
  -1.920000      3.1734933E-04
  -1.910000      1.7268969E-04
  -1.900000      1.4806348E-04
  -1.890000      2.0423917E-04
  -1.880000      3.5569860E-04
  -1.870000      6.5202347E-04
  -1.860000      8.9470466E-04
  -1.850000      8.4648933E-04
  -1.840000      8.3363691E-04
  -1.830000      7.3935033E-04
  -1.820000      5.1487825E-04
  -1.810000      5.1918684E-04
  -1.800000      7.5580191E-04
  -1.790000      9.7177271E-04
  -1.780000      9.3046238E-04
  -1.770000      7.4976368E-04
  -1.760000      8.4307330E-04
  -1.750000      1.1984836E-03
  -1.740000      1.8835673E-03
  -1.730000      3.7664382E-03
  -1.720000      6.4954371E-03
  -1.710000      1.1761263E-02
  -1.700000      1.7459454E-02
  -1.690000      1.5786691E-02
  -1.680000      8.5689239E-03
  -1.670000      6.3112928E-03
  -1.660000      8.7926211E-03
  -1.650000      1.3620125E-02
  -1.640000      1.3678324E-02
  -1.630000      1.2974636E-02
  -1.620000      1.5203563E-02
  -1.610000      2.0055898E-02
  -1.600000      1.7995397E-02
  -1.590000      2.9624462E-02
  -1.580000      8.1679218E-02
  -1.570000      0.2440123    
  -1.560000      0.3455372    
  -1.550000      0.1885949    
  -1.540000      9.2383608E-02
  -1.530000      5.5266429E-02
  -1.520000      2.6906587E-02
  -1.510000      1.8210338E-02
  -1.500000      1.3593996E-02
  -1.490000      1.5247926E-02
  -1.480000      1.8528474E-02
  -1.470000      1.9247640E-02
  -1.460000      1.6652508E-02
  -1.450000      1.2121275E-02
  -1.440000      6.7104278E-03
  -1.430000      4.4750920E-03
  -1.420000      3.1800368E-03
  -1.410000      1.5638398E-03
  -1.400000      1.2248271E-03
  -1.390000      1.6953826E-03
  -1.380000      1.8503277E-03
  -1.370000      8.8136713E-04
  -1.360000      5.3470733E-04
  -1.350000      6.1980833E-04
  -1.340000      7.9969340E-04
  -1.330000      5.3972477E-04
  -1.320000      3.3796590E-04
  -1.310000      3.3320716E-04
  -1.300000      3.4559306E-04
  -1.290000      3.8204613E-04
  -1.280000      2.3350662E-04
  -1.270000      5.1428662E-05
  -1.260000      1.1132513E-05
  -1.250000      1.4805279E-05
  -1.240000      2.4900117E-05
  -1.230000      3.4464814E-05
  -1.220000      4.2235944E-05
  -1.210000      4.7418787E-05
  -1.200000      5.3292482E-05
  -1.190000      6.1922226E-05
  -1.180000      7.2764997E-05
  -1.170000      8.5396918E-05
  -1.160000      9.9220561E-05
  -1.150000      1.0342037E-04
  -1.140000      1.1476075E-04
  -1.130000      8.9493871E-05
  -1.120000     -1.0968183E-04
  -1.110000      7.0639995E-05
  -1.100000      9.2535391E-03
  -1.090000      3.6344539E-02
  -1.080000      2.9899640E-02
  -1.070000      1.6868209E-02
  -1.060000      5.7411995E-03
  -1.050000      2.3997019E-04
  -1.040000      9.5923220E-05
  -1.030000      1.4937627E-04
  -1.020000      2.2489410E-04
  -1.010000      3.0413226E-04
  -1.000000      3.1750792E-04
 -0.9900000      1.2638107E-04
 -0.9800000      1.1064369E-04
 -0.9700000      3.1833167E-04
 -0.9600000      1.5149654E-03
 -0.9500000      2.1846604E-03
 -0.9400000      6.1232742E-04
 -0.9300000      7.2265000E-05
 -0.9200000      3.3283624E-05
 -0.9100000      7.3135903E-05
 -0.9000000      7.2737639E-05
 -0.8900000      3.4364715E-05
 -0.8800000      2.1015124E-04
 -0.8700000      3.3710914E-04
 -0.8600000      7.8858655E-05
 -0.8500000      6.4750151E-05
 -0.8400000      8.4823121E-05
 -0.8300000      1.5769957E-04
 -0.8200000      1.9577783E-04
 -0.8100000      1.1178994E-04
 -0.8000000      1.2301032E-04
 -0.7900000      1.4074722E-04
 -0.7800000      1.7387752E-04
 -0.7700000      2.0439774E-04
 -0.7600000      2.6004453E-04
 -0.7500000      4.1291615E-04
 -0.7400000      7.0139219E-04
 -0.7300000      9.5279858E-04
 -0.7200000      1.0626947E-03
 -0.7100000      4.7257912E-04
 -0.7000000      3.8154481E-04
 -0.6900000      3.3794856E-04
 -0.6800000      4.0260341E-04
 -0.6700000      6.1767158E-04
 -0.6600000      4.3453684E-04
 -0.6500000      3.9780207E-04
 -0.6400000      4.6047190E-04
 -0.6300000      4.1309957E-04
 -0.6200000      4.2661803E-04
 -0.6100000      5.6496321E-04
 -0.6000000      3.6840371E-04
 -0.5900000      5.1016151E-04
 -0.5800000      7.5753834E-03
 -0.5700000      1.0517738E-02
 -0.5600000      1.4268772E-03
 -0.5500000      5.6121382E-05
 -0.5400000      4.4771616E-04
 -0.5300000      1.1871922E-03
 -0.5200000      4.4048368E-04
 -0.5100000      1.2299592E-04
 -0.5000000      1.4126123E-04
 -0.4900000      4.2498184E-04
 -0.4800000      3.4628541E-04
 -0.4700000      7.9419209E-05
 -0.4600000      3.8290713E-05
 -0.4500000      2.8521083E-05
 -0.4400000      2.5603345E-05
 -0.4300000      3.2078726E-05
 -0.4200000      3.3689797E-05
 -0.4100000      1.4901326E-05
 -0.4000000      3.5982018E-06
 -0.3900000      2.2473287E-06
 -0.3800000      2.9734811E-06
 -0.3700000      4.5681954E-06
 -0.3600000      7.1796421E-06
 -0.3500000      1.6263224E-05
 -0.3400000      3.3125583E-05
 -0.3300000      2.1887186E-05
 -0.3200000      1.8578561E-05
 -0.3100000      2.0897336E-05
 -0.3000000      2.3013523E-05
 -0.2900000      2.4452109E-05
 -0.2800000      2.5244086E-05
 -0.2700000      2.5432668E-05
 -0.2600000      2.5055266E-05
 -0.2500000      2.4155595E-05
 -0.2400000      2.2840972E-05
 -0.2300000      2.1274000E-05
 -0.2200000      1.9550878E-05
 -0.2100000      1.7790759E-05
 -0.2000000      1.6215981E-05
 -0.1900000      1.4759383E-05
 -0.1800000      1.3357369E-05
 -0.1700000      1.2156876E-05
 -0.1600000      1.1034404E-05
 -0.1500000      9.9377385E-06
 -0.1400000      9.0695676E-06
 -0.1300000      8.3215918E-06
 -0.1200000      7.6551314E-06
 -0.1100000      7.2431985E-06
 -0.1000000      7.0796527E-06
 -9.0000004E-02  7.1771874E-06
 -7.9999998E-02  7.5743010E-06
 -7.0000000E-02  8.0925702E-06
 -5.9999999E-02  8.9728364E-06
 -5.0000001E-02  9.7085858E-06
 -3.9999999E-02  9.6433387E-06
 -2.9999999E-02  1.7327864E-05
 -2.0000000E-02  1.2962332E-04
 -9.9999998E-03  2.6232254E-04
  0.0000000E+00  7.0185190E-05
  9.9999998E-03  2.0076855E-05
  2.0000000E-02  2.6088737E-05
  2.9999999E-02  3.5441699E-05
  3.9999999E-02  4.4939603E-05
  5.0000001E-02  5.8081892E-05
  5.9999999E-02  9.8890472E-05
  7.0000000E-02  2.8781607E-04
  7.9999998E-02  3.8518145E-04
  9.0000004E-02  3.0654398E-04
  0.1000000      2.0658433E-04
  0.1100000      2.0655904E-04
  0.1200000      2.2709899E-04
  0.1300000      4.3742909E-04
  0.1400000      2.2133333E-03
  0.1500000      3.3484723E-03
  0.1600000      8.7379414E-04
  0.1700000      4.5009941E-04
  0.1800000      6.2612246E-04
  0.1900000      2.6908591E-03
  0.2000000      4.1845581E-03
  0.2100000      1.2678092E-03
  0.2200000      3.1803767E-04
  0.2300000      1.1634062E-03
  0.2400000      1.9951485E-02
  0.2500000      3.3494107E-02
  0.2600000      4.5224084E-03
  0.2700000      4.7103490E-04
  0.2800000      1.2608545E-03
  0.2900000      1.6954646E-03
  0.3000000      1.2200398E-03
  0.3100000      1.0152895E-03
  0.3200000      1.2225587E-03
  0.3300000      1.2055187E-03
  0.3400000      9.7012840E-04
  0.3500000      9.2654501E-04
  0.3600000      1.4784738E-03
  0.3700000      1.1099176E-03
  0.3800000      6.7648001E-04
  0.3900000      6.2058913E-04
  0.4000000      6.3328631E-04
  0.4100000      5.0881645E-04
  0.4200000      7.6882174E-04
  0.4300000      9.4795279E-04
  0.4400000      3.4671850E-04
  0.4500000      2.5908483E-04
  0.4600000      2.0538358E-04
  0.4700000      1.3160422E-04
  0.4800000      9.9905912E-05
  0.4900000      6.2362953E-05
  0.5000000      3.8239014E-05
  0.5100000      3.0232704E-05
  0.5200000      3.0787680E-05
  0.5300000      8.0549180E-05
  0.5400000      8.6980472E-05
  0.5500000      7.0849183E-04
  0.5600000      2.5207417E-03
  0.5700000      8.3914009E-04
  0.5800000      6.2518608E-04
  0.5900000      8.7912643E-04
  0.6000000      4.2937178E-04
  0.6100000      4.1894807E-04
  0.6200000      3.7084243E-03
  0.6300000      7.3877661E-03
  0.6400000      1.6141101E-03
  0.6500000      3.2808588E-04
  0.6600000      4.9219286E-04
  0.6700000      8.6258806E-04
  0.6800000      7.0700544E-04
  0.6900000      5.6280254E-04
  0.7000000      3.9493220E-04
  0.7100000      3.5850375E-04
  0.7200000      4.0561796E-04
  0.7300000      8.2176010E-04
  0.7400000      1.9659926E-03
  0.7500000      1.3625264E-03
  0.7600000      7.9741556E-04
  0.7700000      1.8648439E-04
  0.7800000      9.5734249E-05
  0.7900000      1.0118644E-04
  0.8000000      1.6913592E-04
  0.8100000      2.7834676E-04
  0.8200000      4.0516368E-04
  0.8300000      7.8137917E-04
  0.8400000      1.6695586E-03
  0.8500000      2.9759516E-03
  0.8600000      5.6666196E-03
  0.8700000      1.8385659E-03
  0.8800000      6.1118661E-04
  0.8900000      8.7124394E-04
  0.9000000      2.9632915E-03
  0.9100000      5.6213229E-03
  0.9200000      7.7302526E-03
  0.9300000      5.4785614E-03
  0.9400000      4.7755525E-03
  0.9500000      5.3566154E-03
  0.9600000      4.8496095E-03
  0.9700000      2.9081751E-03
  0.9800000      2.3877153E-03
  0.9900000      2.9645246E-03
   1.000000      4.7360803E-03
   1.010000      9.0723522E-03
   1.020000      1.3059334E-02
   1.030000      1.7971771E-02
   1.040000      1.7407663E-02
   1.050000      1.6114431E-02
   1.060000      6.2252372E-03
   1.070000      8.7515172E-03
   1.080000      3.3231463E-02
   1.090000      5.6960035E-02
   1.100000      1.8442024E-02
   1.110000      1.6443985E-02
   1.120000      1.8755974E-02
   1.130000      0.2590548    
   1.140000      0.3904683    
   1.150000      0.1202098    
   1.160000      0.3438543    
   1.170000      0.8059701    
   1.180000      0.2455092    
   1.190000      1.3287563E-02
   1.200000      8.8582831E-03
   1.210000      1.4085468E-02
   1.220000      1.2698139E-02
   1.230000      1.2306628E-02
   1.240000      1.4845356E-02
   1.250000      2.5778579E-02
   1.260000      2.0063359E-02
   1.270000      2.7995426E-02
   1.280000      2.9323364E-02
   1.290000      3.1260017E-02
   1.300000      4.2617723E-02
   1.310000      5.4226462E-02
   1.320000      7.9460755E-02
   1.330000      7.6352529E-02
   1.340000      3.4012083E-02
   1.350000      9.4358781E-03
   1.360000      6.7666797E-03
   1.370000      5.5297744E-03
   1.380000      7.9202969E-03
   1.390000      2.1539560E-02
   1.400000      4.2338267E-02
   1.410000      3.5442375E-02
   1.420000      1.6043935E-02
   1.430000      8.5751824E-03
   1.440000      5.2624946E-03
   1.450000      4.1207029E-03
   1.460000      4.1011954E-03
   1.470000      3.2322279E-03
   1.480000      2.4112754E-03
   1.490000      2.2587741E-03
   1.500000      2.1024265E-03
   1.510000      3.6075311E-03
   1.520000      6.4071892E-03
   1.530000      5.7794708E-03
   1.540000      2.7960506E-03
   1.550000      1.5914150E-03
   1.560000      8.7439857E-04
   1.570000      6.0373760E-04
   1.580000      6.7499152E-04
   1.590000      1.0579879E-03
   1.600000      1.8037088E-03
   1.610000      2.4508699E-03
   1.620000      2.2756320E-03
   1.630000      2.1973811E-03
   1.640000      2.7201960E-03
   1.650000      4.8772260E-03
   1.660000      7.8163054E-03
   1.670000      1.0825214E-02
   1.680000      1.3412908E-02
   1.690000      1.1516651E-02
   1.700000      5.5127037E-03
   1.710000      2.1811035E-03
   1.720000      1.3606047E-03
   1.730000      1.0024313E-03
   1.740000      7.9430616E-04
   1.750000      6.1501400E-04
   1.760000      5.6905171E-04
   1.770000      4.1740606E-04
   1.780000      4.0224163E-04
   1.790000      5.6183722E-04
   1.800000      6.4526655E-04
   1.810000      9.0623792E-04
   1.820000      2.0772801E-03
   1.830000      5.3981761E-03
   1.840000      1.0470647E-02
   1.850000      1.3462082E-02
   1.860000      1.2556169E-02
   1.870000      1.0938021E-02
   1.880000      1.2319601E-02
   1.890000      1.5646571E-02
   1.900000      1.9559177E-02
   1.910000      2.4034450E-02
   1.920000      3.0326040E-02
   1.930000      3.7720121E-02
   1.940000      3.9916229E-02
   1.950000      3.7348609E-02
   1.960000      3.5695776E-02
   1.970000      3.6373403E-02
   1.980000      3.8044903E-02
   1.990000      4.0038984E-02
   2.000000      4.3940812E-02
   2.010000      5.0363943E-02
   2.020000      5.3016685E-02
   2.030000      4.9467631E-02
   2.040000      4.5302227E-02
   2.050000      4.3887537E-02
   2.060000      4.4284616E-02
   2.070000      4.4657793E-02
   2.080000      4.3936066E-02
   2.090000      4.2211216E-02
   2.100000      4.0168196E-02
   2.110000      3.8035911E-02
   2.120000      3.5763390E-02
   2.130000      3.3426467E-02
   2.140000      3.1111982E-02
   2.150000      2.8828004E-02
   2.160000      2.6566666E-02
   2.170000      2.4355065E-02
   2.180000      2.2227999E-02
   2.190000      2.0182636E-02
   2.200000      1.8206777E-02
   2.210000      1.6332794E-02
   2.220000      1.4597891E-02
   2.230000      1.3010006E-02
   2.240000      1.1567047E-02
   2.250000      1.0265840E-02
   2.260000      9.0973601E-03
   2.270000      8.0623254E-03
   2.280000      7.1676788E-03
   2.290000      6.4092018E-03
   2.300000      5.7750968E-03
   2.310000      5.2535567E-03
   2.320000      4.8321723E-03
   2.330000      4.4968519E-03
   2.340000      4.2328597E-03
   2.350000      4.0261145E-03
   2.360000      3.8630555E-03
   2.370000      3.7311539E-03
   2.380000      3.6191440E-03
   2.390000      3.5176740E-03
   2.400000      3.4187136E-03
   2.410000      3.3165603E-03
   2.420000      3.2072044E-03
   2.430000      3.0888906E-03
   2.440000      2.9617497E-03
   2.450000      2.8275456E-03
   2.460000      2.6893776E-03
   2.470000      2.5512876E-03
   2.480000      2.4178140E-03
   2.490000      2.2931884E-03
   2.500000      2.1811367E-03
   2.510000      2.0845088E-03
   2.520000      2.0049040E-03
   2.530000      1.9425052E-03
   2.540000      1.8959640E-03
   2.550000      1.8626739E-03
   2.560000      1.8385678E-03
   2.570000      1.8186765E-03
   2.580000      1.7973278E-03
   2.590000      1.7685926E-03
   2.600000      1.7271379E-03
   2.610000      1.6683345E-03
   2.620000      1.5895522E-03
   2.630000      1.4904811E-03
   2.640000      1.3738171E-03
   2.650000      1.2454839E-03
   2.660000      1.1152334E-03
   2.670000      9.9669199E-04
   2.680000      9.0755004E-04
   2.690000      8.6949137E-04
   2.700000      9.0815086E-04
   2.710000      1.0528874E-03
   2.720000      1.3361357E-03
   2.730000      1.7931231E-03
   2.740000      2.4606413E-03
   2.750000      3.3762951E-03
   2.760000      4.5763925E-03
   2.770000      6.0953391E-03
   2.780000      7.9620471E-03
   2.790000      1.0200862E-02
   2.800000      1.2826837E-02
   2.810000      1.5845528E-02
   2.820000      1.9252822E-02
   2.830000      2.3035871E-02
   2.840000      2.7168736E-02
   2.850000      3.1614013E-02
   2.860000      3.6331650E-02
   2.870000      4.1268107E-02
   2.880000      4.6365555E-02
   2.890000      5.1559296E-02
   2.900000      5.6777254E-02
   2.910000      6.1943281E-02
   2.920000      6.6976063E-02
   2.930000      7.1790315E-02
   2.940000      7.6293886E-02
   2.950000      8.0400117E-02
   2.960000      8.4015220E-02
   2.970000      8.7051615E-02
   2.980000      8.9430302E-02
   2.990000      9.1081567E-02
   3.000000      9.1948539E-02
   3.010000      9.1995299E-02
   3.020000      9.1208734E-02
   3.030000      8.9589700E-02
   3.040000      8.7169670E-02
   3.050000      8.3995961E-02
   3.060000      8.0137238E-02
   3.070000      7.5678475E-02
   3.080000      7.0708506E-02
   3.090000      6.5335587E-02
   3.100000      5.9662323E-02
   3.110000      5.3803537E-02
   3.120000      4.7862552E-02
   3.130000      4.1944314E-02
   3.140000      3.6153756E-02
   3.150000      3.0583488E-02
   3.160000      2.5320999E-02
   3.170000      2.0444307E-02
   3.180000      1.6017875E-02
   3.190000      1.2099188E-02
   3.200000      8.7284772E-03
   3.210000      5.9294072E-03
   3.220000      3.7091884E-03
   3.230000      2.0604120E-03
   3.240000      9.5753802E-04
   3.250000      3.6121346E-04
   3.260000      2.1923770E-04
   3.270000      4.6955343E-04
   3.280000      1.0428431E-03
   3.290000      1.8658543E-03
   3.300000      2.8637808E-03
   3.310000      3.9642756E-03
   3.320000      5.0980872E-03
   3.330000      6.2019308E-03
   3.340000      7.2196228E-03
   3.350000      8.1050741E-03
   3.360000      8.8200979E-03
   3.370000      9.3385540E-03
   3.380000      9.6435305E-03
   3.390000      9.7298827E-03
   3.400000      9.6024070E-03
   3.410000      9.2752622E-03
   3.420000      8.7715387E-03
   3.430000      8.1204819E-03
   3.440000      7.3566604E-03
   3.450000      6.5170997E-03
   3.460000      5.6398339E-03
   3.470000      4.7609974E-03
   3.480000      3.9135530E-03
   3.490000      3.1263251E-03
   3.500000      2.4213444E-03
   3.510000      1.8143838E-03
   3.520000      1.3148711E-03
   3.530000      9.2515018E-04
   3.540000      6.4193440E-04
   3.550000      4.5659635E-04
   3.560000      3.5664396E-04
   3.570000      3.2710156E-04
   3.580000      3.5211779E-04
   3.590000      4.1672087E-04
   3.600000      5.0870789E-04
   3.610000      6.2031741E-04
   3.620000      7.4996706E-04
   3.630000      9.0355705E-04
   3.640000      1.0956423E-03
   3.650000      1.3500332E-03
   3.660000      1.7000787E-03
   3.670000      2.1877675E-03
   3.680000      2.8637357E-03
   3.690000      3.7846698E-03
   3.700000      5.0137290E-03
   3.710000      6.6147293E-03
   3.720000      8.6539956E-03
   3.730000      1.1193486E-02
   3.740000      1.4291150E-02
   3.750000      1.7994735E-02
   3.760000      2.2340752E-02
   3.770000      2.7351337E-02
   3.780000      3.3026796E-02
   3.790000      3.9349765E-02
   3.800000      4.6278488E-02
   3.810000      5.3750452E-02
   3.820000      6.1666697E-02
   3.830000      6.9917440E-02
   3.840000      7.8370288E-02
   3.850000      8.6867608E-02
   3.860000      9.5244743E-02
   3.870000      0.1033229    
   3.880000      0.1109254    
   3.890000      0.1178744    
   3.900000      0.1239988    
   3.910000      0.1291473    
   3.920000      0.1331739    
   3.930000      0.1359679    
   3.940000      0.1374265    
   3.950000      0.1374861    
   3.960000      0.1361104    
   3.970000      0.1332949    
   3.980000      0.1290658    
   3.990000      0.1234808    
   4.000000      0.1166524    
   4.010000      0.1087027    
   4.020000      9.9802777E-02
   4.030000      9.0148546E-02
   4.040000      7.9965398E-02
   4.050000      6.9492698E-02
   4.060000      5.8988735E-02
   4.070000      4.8706293E-02
   4.080000      3.8902450E-02
   4.090000      2.9815871E-02
   4.100000      2.1663316E-02
   4.110000      1.4635026E-02
   4.120000      8.8843862E-03
   4.130000      4.5259325E-03
   4.140000      1.6312361E-03
   4.150000      2.2620596E-04
   4.160000      2.9508761E-04
   4.170000      1.7776254E-03
   4.180000      4.5693037E-03
   4.190000      8.5271299E-03
   4.200000      1.3472598E-02
   4.210000      1.9194448E-02
   4.220000      2.5459016E-02
   4.230000      3.2010864E-02
   4.240000      3.8589515E-02
   4.250000      4.4927552E-02
   4.260000      5.0772596E-02
   4.270000      5.5880435E-02
   4.280000      6.0046792E-02
   4.290000      6.3091591E-02
   4.300000      6.4881943E-02
   4.310000      6.5334633E-02
   4.320000      6.4415663E-02
   4.330000      6.2147807E-02
   4.340000      5.8602545E-02
   4.350000      5.3911664E-02
   4.360000      4.8249327E-02
   4.370000      4.1839432E-02
   4.380000      3.4942642E-02
   4.390000      2.7858026E-02
   4.400000      2.0905402E-02
   4.410000      1.4427754E-02
   4.420000      8.7745935E-03
   4.430000      4.2961910E-03
   4.440000      1.3313083E-03
   4.450000      1.9857974E-04
   4.460000      1.1820673E-03
   4.470000      4.5250170E-03
   4.480000      1.0418198E-02
   4.490000      1.8993003E-02
   4.500000      3.0319730E-02
   4.510000      4.4395871E-02
   4.520000      6.1148159E-02
   4.530000      8.0442548E-02
   4.540000      0.1020719    
   4.550000      0.1257787    
   4.560000      0.1512395    
   4.570000      0.1781027    
   4.580000      0.2059581    
   4.590000      0.2343861    
   4.600000      0.2629193    
   4.610000      0.2910982    
   4.620000      0.3184407    
   4.630000      0.3445142    
   4.640000      0.3688265    
   4.650000      0.3909661    
   4.660000      0.4105318    
   4.670000      0.4271982    
   4.680000      0.4406663    
   4.690000      0.4506928    
   4.700000      0.4571570    
   4.710000      0.4599496    
   4.720000      0.4590787    
   4.730000      0.4546277    
   4.740000      0.4467101    
   4.750000      0.4355594    
   4.760000      0.4214287    
   4.770000      0.4046207    
   4.780000      0.3854721    
   4.790000      0.3643641    
   4.800000      0.3416688    
   4.810000      0.3177712    
   4.820000      0.2930696    
   4.830000      0.2679241    
   4.840000      0.2427083    
   4.850000      0.2177600    
   4.860000      0.1934011    
   4.870000      0.1699070    
   4.880000      0.1475340    
   4.890000      0.1265073    
   4.900000      0.1069915    
   4.910000      8.9136317E-02
   4.920000      7.3023975E-02
   4.930000      5.8714297E-02
   4.940000      4.6215221E-02
   4.950000      3.5507008E-02
   4.960000      2.6519859E-02
   4.970000      1.9167412E-02
   4.980000      1.3332763E-02
   4.990000      8.8795479E-03
   5.000000      5.6578745E-03
   5.010000      3.5094512E-03
   5.020000      2.2704941E-03
   5.030000      1.7804531E-03
   5.040000      1.8816865E-03
   5.050000      2.4265773E-03
   5.060000      3.2779051E-03
   5.070000      4.3127518E-03
   5.080000      5.4226476E-03
   5.090000      6.5161940E-03
   5.100000      7.5184596E-03
   5.110000      8.3715832E-03
   5.120000      9.0349996E-03
   5.130000      9.4823297E-03
   5.140000      9.7034778E-03
   5.150000      9.7001195E-03
   5.160000      9.4847931E-03
   5.170000      9.0802358E-03
   5.180000      8.5147647E-03
   5.190000      7.8217331E-03
   5.200000      7.0371022E-03
   5.210000      6.1970451E-03
   5.220000      5.3371047E-03
   5.230000      4.4897646E-03
   5.240000      3.6846013E-03
   5.250000      2.9458422E-03
   5.260000      2.2934836E-03
   5.270000      1.7418622E-03
   5.280000      1.3001995E-03
   5.290000      9.7216887E-04
   5.300000      7.5704651E-04
   5.310000      6.4953184E-04
   5.320000      6.4064754E-04
   5.330000      7.1843783E-04
   5.340000      8.6859707E-04
   5.350000      1.0754154E-03
   5.360000      1.3224267E-03
   5.370000      1.5932469E-03
   5.380000      1.8722033E-03
   5.390000      2.1448506E-03
   5.400000      2.3986867E-03
   5.410000      2.6230263E-03
   5.420000      2.8097916E-03
   5.430000      2.9530069E-03
   5.440000      3.0490719E-03
   5.450000      3.0967740E-03
   5.460000      3.0965786E-03
   5.470000      3.0509687E-03
   5.480000      2.9636233E-03
   5.490000      2.8395127E-03
   5.500000      2.6842384E-03
   5.510000      2.5040340E-03
   5.520000      2.3053470E-03
   5.530000      2.0945321E-03
   5.540000      1.8775145E-03
   5.550000      1.6600378E-03
   5.560000      1.4470352E-03
   5.570000      1.2427800E-03
   5.580000      1.0507286E-03
   5.590000      8.7360671E-04
   5.600000      7.1319711E-04
   5.610000      5.7076709E-04
   5.620000      4.4687794E-04
   5.630000      3.4153089E-04
   5.640000      2.5421314E-04
   5.650000      1.8424573E-04
   5.660000      1.3061344E-04
   5.670000      9.2270107E-05
   5.680000      6.8072179E-05
   5.690000      5.6923451E-05
   5.700000      5.7770616E-05
   5.710000      6.9649315E-05
   5.720000      9.1655253E-05
   5.730000      1.2298010E-04
   5.740000      1.6281834E-04
   5.750000      2.1039155E-04
   5.760000      2.6485135E-04
   5.770000      3.2534168E-04
   5.780000      3.9085420E-04
   5.790000      4.6029463E-04
   5.800000      5.3245790E-04
   5.810000      6.0593605E-04
   5.820000      6.7926623E-04
   5.830000      7.5089565E-04
   5.840000      8.1920798E-04
   5.850000      8.8260521E-04
   5.860000      9.3944505E-04
   5.870000      9.8835269E-04
   5.880000      1.0279152E-03
   5.890000      1.0570718E-03
   5.900000      1.0749181E-03
   5.910000      1.0808705E-03
   5.920000      1.0746815E-03
   5.930000      1.0564212E-03
   5.940000      1.0265217E-03
   5.950000      9.8574185E-04
   5.960000      9.3521783E-04
   5.970000      8.7631232E-04
   5.980000      8.1069698E-04
   5.990000      7.4017752E-04
   6.000000      6.6677161E-04
   6.010000      5.9244124E-04
   6.020000      5.1920494E-04
   6.030000      4.4897365E-04
   6.040000      3.8342740E-04
   6.050000      3.2411289E-04
   6.060000      2.7223187E-04
   6.070000      2.2874209E-04
   6.080000      1.9421930E-04
   6.090000      1.6893122E-04
   6.100000      1.5286116E-04
   6.110000      1.4568413E-04
   6.120000      1.4683862E-04
   6.130000      1.5553503E-04
   6.140000      1.7084730E-04
   6.150000      1.9175533E-04
   6.160000      2.1718016E-04
   6.170000      2.4605167E-04
   6.180000      2.7739402E-04
   6.190000      3.1030917E-04
   6.200000      3.4407366E-04
   6.210000      3.7811385E-04
   6.220000      4.1209650E-04
   6.230000      4.4587406E-04
   6.240000      4.7951270E-04
   6.250000      5.1326700E-04
   6.260000      5.4761610E-04
   6.270000      5.8314251E-04
   6.280000      6.2061532E-04
   6.290000      6.6083245E-04
   6.300000      7.0467725E-04
   6.310000      7.5307977E-04
   6.320000      8.0691685E-04
   6.330000      8.6707581E-04
   6.340000      9.3437452E-04
   6.350000      1.0095653E-03
   6.360000      1.0933002E-03
   6.370000      1.1861498E-03
   6.380000      1.2886493E-03
   6.390000      1.4011554E-03
   6.400000      1.5239655E-03
   6.410000      1.6573576E-03
   6.420000      1.8014606E-03
   6.430000      1.9564009E-03
   6.440000      2.1221829E-03
   6.450000      2.2987083E-03
   6.460000      2.4857556E-03
   6.470000      2.6832379E-03
   6.480000      2.8905142E-03
   6.490000      3.1071261E-03
   6.500000      3.3323588E-03
   6.510000      3.5650928E-03
   6.520000      3.8041039E-03
   6.530000      4.0478222E-03
   6.540000      4.2943279E-03
   6.550000      4.5412881E-03
   6.560000      4.7858986E-03
   6.570000      5.0253877E-03
   6.580000      5.2559739E-03
   6.590000      5.4740147E-03
   6.600000      5.6753079E-03
   6.610000      5.8557913E-03
   6.620000      6.0109431E-03
   6.630000      6.1366586E-03
   6.640000      6.2285233E-03
   6.650000      6.2830099E-03
   6.660000      6.2969546E-03
   6.670000      6.2674982E-03
   6.680000      6.1930772E-03
   6.690000      6.0726283E-03
   6.700000      5.9063858E-03
   6.710000      5.6954417E-03
   6.720000      5.4418365E-03
   6.730000      5.1493309E-03
   6.740000      4.8215417E-03
   6.750000      4.4641974E-03
   6.760000      4.0829536E-03
   6.770000      3.6843433E-03
   6.780000      3.2758228E-03
   6.790000      2.8647729E-03
   6.800000      2.4587023E-03
   6.810000      2.0652947E-03
   6.820000      1.6917192E-03
   6.830000      1.3448744E-03
   6.840000      1.0306906E-03
   6.850000      7.5452222E-04
   6.860000      5.2034500E-04
   6.870000      3.3117051E-04
   6.880000      1.8852833E-04
   6.890000      9.2695729E-05
   6.900000      4.2447075E-05
   6.910000      3.5321551E-05
   6.920000      6.7605943E-05
   6.930000      1.3445104E-04
   6.940000      2.3016086E-04
   6.950000      3.4833484E-04
   6.960000      4.8216578E-04
   6.970000      6.2459911E-04
   6.980000      7.6870742E-04
   6.990000      9.0787857E-04
   7.000000      1.0359972E-03
   7.010000      1.1477909E-03
   7.020000      1.2388033E-03
   7.030000      1.3056914E-03
   7.040000      1.3462898E-03
   7.050000      1.3595843E-03
   7.060000      1.3457880E-03
   7.070000      1.3062409E-03
   7.080000      1.2434119E-03
   7.090000      1.1605442E-03
   7.100000      1.0617503E-03
   7.110000      9.5153879E-04
   7.120000      8.3482510E-04
   7.130000      7.1649608E-04
   7.140000      6.0127303E-04
   7.150000      4.9338385E-04
   7.160000      3.9656443E-04
   7.170000      3.1366452E-04
   7.180000      2.4673302E-04
   7.190000      1.9683452E-04
   7.200000      1.6414189E-04
   7.210000      1.4793356E-04
   7.220000      1.4671887E-04
   7.230000      1.5840010E-04
   7.240000      1.8047004E-04
   7.250000      2.1026336E-04
   7.260000      2.4514872E-04
   7.270000      2.8287436E-04
   7.280000      3.2175297E-04
   7.290000      3.6098741E-04
   7.300000      4.0080858E-04
   7.310000      4.4266286E-04
   7.320000      4.8937439E-04
   7.330000      5.4509507E-04
   7.340000      6.1534467E-04
   7.350000      7.0678949E-04
   7.360000      8.2719221E-04
   7.370000      9.8490622E-04
   7.380000      1.1888064E-03
   7.390000      1.4477063E-03
   7.400000      1.7699294E-03
   7.410000      2.1629406E-03
   7.420000      2.6325881E-03
   7.430000      3.1830065E-03
   7.440000      3.8161967E-03
   7.450000      4.5311227E-03
   7.460000      5.3239055E-03
   7.470000      6.1871256E-03
   7.480000      7.1108146E-03
   7.490000      8.0805095E-03
   7.500000      9.0798596E-03
   7.510000      1.0088380E-02
   7.520000      1.1083999E-02
   7.530000      1.2042132E-02
   7.540000      1.2938031E-02
   7.550000      1.3746412E-02
   7.560000      1.4441370E-02
   7.570000      1.5000442E-02
   7.580000      1.5402628E-02
   7.590000      1.5630523E-02
   7.600000      1.5671061E-02
   7.610000      1.5516118E-02
   7.620000      1.5162593E-02
   7.630000      1.4613224E-02
   7.640000      1.3878028E-02
   7.650000      1.2970859E-02
   7.660000      1.1913461E-02
   7.670000      1.0731597E-02
   7.680000      9.4569512E-03
   7.690000      8.1245974E-03
   7.700000      6.7738886E-03
   7.710000      5.4449984E-03
   7.720000      4.1802195E-03
   7.730000      3.0203571E-03
   7.740000      2.0046441E-03
   7.750000      1.1694964E-03
   7.760000      5.4583821E-04
   7.770000      1.5864712E-04
   7.780000      2.5634718E-05
   7.790000      1.5604935E-04
   7.800000      5.5019627E-04
   7.810000      1.1995722E-03
   7.820000      2.0852457E-03
   7.830000      3.1801877E-03
   7.840000      4.4485908E-03
   7.850000      5.8471542E-03
   7.860000      7.3260795E-03
   7.870000      8.8318419E-03
   7.880000      1.0306855E-02
   7.890000      1.1694042E-02
   7.900000      1.2936211E-02
   7.910000      1.3978704E-02
   7.920000      1.4774445E-02
   7.930000      1.5282523E-02
   7.940000      1.5471820E-02
   7.950000      1.5323821E-02
   7.960000      1.4831986E-02
   7.970000      1.4005935E-02
   7.980000      1.2869461E-02
   7.990000      1.1463759E-02
   8.000000      9.8444056E-03
   8.010000      8.0837635E-03
   8.020000      6.2667942E-03
   8.030000      4.4912752E-03
   8.040000      2.8652011E-03
   8.050000      1.5048228E-03
   8.060000      5.2910560E-04
   8.070000      5.9840462E-05
   8.080000      2.1665136E-04
   8.090000      1.1142257E-03
   8.100000      2.8585102E-03
   8.110000      5.5426713E-03
   8.120000      9.2461593E-03
   8.130000      1.4027346E-02
   8.140000      1.9928632E-02
   8.150000      2.6964694E-02
   8.160000      3.5126511E-02
   8.170000      4.4377640E-02
   8.180000      5.4656211E-02
   8.190000      6.5872364E-02
   8.200000      7.7912070E-02
   8.210000      9.0633631E-02
   8.220000      0.1038859    
   8.230000      0.1174804    
   8.240000      0.1312283    
   8.250000      0.1449258    
   8.260000      0.1583672    
   8.270000      0.1713475    
   8.280000      0.1836519    
   8.290000      0.1950926    
   8.300000      0.2054793    
   8.310000      0.2146523    
   8.320000      0.2224552    
   8.330000      0.2287559    
   8.340000      0.2334634    
   8.350000      0.2364884    
   8.360000      0.2377890    
   8.370000      0.2373498    
   8.380000      0.2351658    
   8.390000      0.2312916    
   8.400000      0.2257905    
   8.410000      0.2187602    
   8.420000      0.2103248    
   8.430000      0.2006307    
   8.440000      0.1898488    
   8.450000      0.1781561    
   8.460000      0.1657525    
   8.470000      0.1528337    
   8.480000      0.1396066    
   8.490000      0.1262681    
   8.500000      0.1130196    
   8.510000      0.1000280    
   8.520000      8.7466791E-02
   8.530000      7.5485840E-02
   8.540000      6.4212337E-02
   8.550000      5.3750087E-02
   8.560000      4.4182550E-02
   8.570000      3.5570249E-02
   8.580000      2.7953703E-02
   8.590000      2.1346312E-02
   8.600000      1.5743157E-02
   8.610000      1.1118056E-02
   8.620000      7.4286982E-03
   8.630000      4.6142424E-03
   8.640000      2.6025893E-03
   8.650000      1.3098690E-03
   8.660000      6.4422132E-04
   8.670000      5.0937728E-04
   8.680000      8.0582546E-04
   8.690000      1.4352298E-03
   8.700000      2.3028727E-03
   8.710000      3.3191522E-03
   8.720000      4.4019870E-03
   8.730000      5.4784948E-03
   8.740000      6.4871255E-03
   8.750000      7.3763463E-03
   8.760000      8.1074657E-03
   8.770000      8.6519057E-03
   8.780000      8.9943856E-03
   8.790000      9.1284504E-03
   8.800000      9.0579381E-03
   8.810000      8.7959049E-03
   8.820000      8.3615091E-03
   8.830000      7.7806534E-03
   8.840000      7.0829238E-03
   8.850000      6.3011344E-03
   8.860000      5.4684291E-03
   8.870000      4.6190582E-03
   8.880000      3.7849988E-03
   8.890000      2.9956566E-03
   8.900000      2.2763088E-03
   8.910000      1.6483789E-03
   8.920000      1.1278900E-03
   8.930000      7.2555494E-04
   8.940000      4.4675797E-04
   8.950000      2.9173505E-04
   8.960000      2.5565713E-04
   8.970000      3.2958636E-04
   8.980000      5.0078426E-04
   8.990000      7.5376366E-04
   9.000000      1.0709466E-03
   9.010000      1.4333528E-03
   9.020000      1.8215005E-03
   9.030000      2.2166381E-03
   9.040000      2.6007928E-03
   9.050000      2.9576849E-03
   9.060000      3.2734580E-03
   9.070000      3.5368351E-03
   9.080000      3.7392247E-03
   9.090000      3.8757743E-03
   9.100000      3.9442326E-03
   9.110000      3.9456887E-03
   9.120000      3.8839057E-03
   9.130000      3.7652899E-03
   9.140000      3.5980381E-03
   9.150000      3.3920864E-03
   9.160000      3.1583388E-03
   9.170000      2.9081909E-03
   9.180000      2.6529110E-03
   9.190000      2.4031405E-03
   9.200000      2.1688663E-03
   9.210000      1.9584082E-03
   9.220000      1.7786239E-03
   9.230000      1.6342927E-03
   9.240000      1.5284739E-03
   9.250000      1.4621430E-03
   9.260000      1.4342667E-03
   9.270000      1.4420684E-03
   9.280000      1.4811644E-03
   9.290000      1.5457965E-03
   9.300000      1.6292470E-03
   9.310000      1.7240109E-03
   9.320000      1.8224504E-03
   9.330000      1.9168139E-03
   9.340000      1.9999284E-03
   9.350000      2.0653154E-03
   9.360000      2.1074514E-03
   9.370000      2.1221424E-03
   9.380000      2.1065876E-03
   9.390000      2.0594678E-03
   9.400000      1.9809417E-03
   9.410000      1.8727747E-03
   9.420000      1.7377824E-03
   9.430000      1.5803139E-03
   9.440000      1.4055017E-03
   9.450000      1.2192526E-03
   9.460000      1.0279567E-03
   9.470000      8.3816017E-04
   9.480000      6.5636652E-04
   9.490000      4.8865069E-04
   9.500000      3.4061942E-04
   9.510000      2.1689628E-04
   9.520000      1.2109001E-04
   9.530000      5.5748595E-05
   9.540000      2.2077027E-05
   9.550000      2.0071353E-05
   9.560000      4.8403850E-05
   9.570000      1.0462210E-04
   9.580000      1.8516414E-04
   9.590000      2.8564126E-04
   9.600000      4.0096181E-04
   9.610000      5.2561448E-04
   9.620000      6.5384427E-04
   9.630000      7.8000303E-04
   9.640000      8.9862791E-04
   9.650000      1.0048160E-03
   9.660000      1.0942147E-03
   9.670000      1.1634772E-03
   9.680000      1.2099796E-03
   9.690000      1.2322350E-03
   9.700000      1.2296899E-03
   9.710000      1.2028797E-03
   9.720000      1.1533560E-03
   9.730000      1.0834094E-03
   9.740000      9.9624181E-04
   9.750000      8.9550234E-04
   9.760000      7.8541547E-04
   9.770000      6.7030935E-04
   9.780000      5.5459054E-04
   9.790000      4.4250026E-04
   9.800000      3.3790726E-04
   9.810000      2.4416015E-04
   9.820000      1.6396228E-04
   9.830000      9.9236597E-05
   9.840000      5.1169158E-05
   9.850000      2.0075839E-05
   9.860000      5.4727657E-06
   9.870000      6.1014043E-06
   9.880000      2.0068723E-05
   9.890000      4.4924680E-05
   9.900000      7.7800389E-05
   9.910000      1.1557811E-04
   9.920000      1.5507267E-04
   9.930000      1.9314641E-04
   9.940000      2.2692801E-04
   9.950000      2.5395860E-04
   9.960000      2.7229168E-04
   9.970000      2.8063971E-04
   9.980000      2.7843879E-04
   9.990000      2.6586896E-04
   10.00000      2.4393588E-04
   10.01000      2.1450329E-04
   10.02000      1.7970419E-04
   10.03000      1.4275521E-04
   10.04000      1.0704323E-04
   10.05000      7.6396260E-05
   10.06000      5.4736000E-05
   10.07000      4.5871908E-05
   10.08000      5.3491000E-05
   10.09000      8.0814702E-05
   10.10000      1.3045718E-04
   10.11000      2.0446903E-04
   10.12000      3.0401925E-04
   10.13000      4.2969693E-04
   10.14000      5.8018818E-04
   10.15000      7.5466291E-04
   10.16000      9.4978570E-04
   10.17000      1.1624566E-03
   10.18000      1.3883408E-03
   10.19000      1.6215873E-03
   10.20000      1.8575857E-03
   10.21000      2.0895144E-03
   10.22000      2.3118362E-03
   10.23000      2.5183873E-03
   10.24000      2.7035517E-03
   10.25000      2.8621212E-03
   10.26000      2.9898121E-03
   10.27000      3.0825485E-03
   10.28000      3.1378721E-03
   10.29000      3.1538864E-03
   10.30000      3.1302872E-03
   10.31000      3.0672827E-03
   10.32000      2.9669744E-03
   10.33000      2.8316393E-03
   10.34000      2.6656105E-03
   10.35000      2.4731734E-03
   10.36000      2.2591252E-03
   10.37000      2.0300909E-03
   10.38000      1.7912246E-03
   10.39000      1.5493396E-03
   10.40000      1.3101642E-03
   10.41000      1.0793655E-03
   10.42000      8.6297671E-04
   10.43000      6.6541904E-04
   10.44000      4.9069285E-04
   10.45000      3.4230412E-04
   10.46000      2.2200604E-04
   10.47000      1.3149064E-04
   10.48000      7.0538263E-05
   10.49000      3.8374699E-05
   10.50000      3.3103923E-05
   10.51000      5.2258893E-05
   10.52000      9.2395567E-05
   10.53000      1.4983058E-04
   10.54000      2.2020836E-04
   10.55000      2.9938691E-04
   10.56000      3.8296610E-04
   10.57000      4.6654246E-04
   10.58000      5.4593541E-04
   10.59000      6.1781285E-04
   10.60000      6.7872263E-04
   10.61000      7.2654168E-04
   10.62000      7.5942202E-04
   10.63000      7.7641354E-04
   10.64000      7.7716820E-04
   10.65000      7.6214998E-04
   10.66000      7.3245791E-04
   10.67000      6.8964547E-04
   10.68000      6.3599955E-04
   10.69000      5.7389092E-04
   10.70000      5.0609309E-04
   10.71000      4.3562046E-04
   10.72000      3.6499146E-04
   10.73000      2.9710421E-04
   10.74000      2.3406791E-04
   10.75000      1.7800585E-04
   10.76000      1.3030141E-04
   10.77000      9.2006936E-05
   10.78000      6.3482097E-05
   10.79000      4.4806558E-05
   10.80000      3.5330821E-05
   10.81000      3.4141900E-05
   10.82000      3.9826515E-05
   10.83000      5.0777835E-05
   10.84000      6.5109452E-05
   10.85000      8.0954102E-05
   10.86000      9.6392279E-05
   10.87000      1.0976172E-04
   10.88000      1.1963228E-04
   10.89000      1.2493510E-04
   10.90000      1.2508899E-04
   10.91000      1.1997498E-04
   10.92000      1.1006936E-04
   10.93000      9.6290307E-05
   10.94000      8.0190643E-05
   10.95000      6.3712978E-05
   10.96000      4.9231854E-05
   10.97000      3.9453724E-05
   10.98000      3.7219557E-05
   10.99000      4.5513501E-05
   11.00000      6.7110464E-05
   11.01000      1.0474787E-04
   11.02000      1.6053290E-04
   11.03000      2.3658587E-04
   11.04000      3.3374195E-04
   11.05000      4.5279233E-04
   11.06000      5.9335522E-04
   11.07000      7.5454207E-04
   11.08000      9.3414786E-04
   11.09000      1.1299319E-03
   11.10000      1.3376233E-03
   11.11000      1.5539294E-03
   11.12000      1.7734083E-03
   11.13000      1.9909258E-03
   11.14000      2.2013765E-03
   11.15000      2.3985272E-03
   11.16000      2.5781363E-03
   11.17000      2.7341694E-03
   11.18000      2.8625692E-03
   11.19000      2.9592747E-03
   11.20000      3.0212519E-03
   11.21000      3.0461804E-03
   11.22000      3.0327602E-03
   11.23000      2.9807389E-03
   11.24000      2.8909617E-03
   11.25000      2.7655610E-03
   11.26000      2.6074578E-03
   11.27000      2.4203735E-03
   11.28000      2.2102559E-03
   11.29000      1.9815217E-03
   11.30000      1.7414931E-03
   11.31000      1.4957673E-03
   11.32000      1.2516447E-03
   11.33000      1.0156614E-03
   11.34000      7.9459988E-04
   11.35000      5.9284590E-04
   11.36000      4.1683417E-04
   11.37000      2.7041388E-04
   11.38000      1.5742773E-04
   11.39000      7.9679907E-05
   11.40000      3.8273658E-05
   11.41000      3.2829877E-05
   11.42000      6.1930346E-05
   11.43000      1.2304918E-04
   11.44000      2.1241582E-04
   11.45000      3.2587242E-04
   11.46000      4.5775945E-04
   11.47000      6.0248532E-04
   11.48000      7.5395562E-04
   11.49000      9.0540649E-04
   11.50000      1.0510342E-03
   11.51000      1.1841871E-03
   11.52000      1.2997010E-03
   11.53000      1.3927398E-03
   11.54000      1.4594102E-03
   11.55000      1.4968177E-03
   11.56000      1.5034592E-03
   11.57000      1.4787937E-03
   11.58000      1.4236933E-03
   11.59000      1.3401860E-03
   11.60000      1.2315306E-03
   11.61000      1.1018511E-03
   11.62000      9.5681095E-04
   11.63000      8.0178346E-04
   11.64000      6.4394716E-04
   11.65000      4.9003313E-04
   11.66000      3.4716859E-04
   11.67000      2.2262710E-04
   11.68000      1.2259063E-04
   11.69000      5.3578213E-05
   11.70000      2.0843252E-05
   11.71000      2.8816359E-05
   11.72000      8.1007056E-05
   11.73000      1.7959300E-04
   11.74000      3.2608293E-04
   11.75000      5.1932287E-04
   11.76000      7.5868459E-04
   11.77000      1.0404356E-03
   11.78000      1.3607447E-03
   11.79000      1.7148572E-03
   11.80000      2.0949019E-03
   11.81000      2.4956935E-03
   11.82000      2.9081388E-03
   11.83000      3.3252668E-03
   11.84000      3.7389230E-03
   11.85000      4.1412390E-03
   11.86000      4.5244987E-03
   11.87000      4.8823552E-03
   11.88000      5.2070543E-03
   11.89000      5.4938938E-03
   11.90000      5.7370425E-03
   11.91000      5.9332806E-03
   11.92000      6.0794572E-03
   11.93000      6.1736116E-03
   11.94000      6.2152725E-03
   11.95000      6.2049744E-03
   11.96000      6.1440794E-03
   11.97000      6.0347165E-03
   11.98000      5.8810068E-03
   11.99000      5.6863152E-03
   12.00000      5.4557752E-03
   12.01000      5.1945755E-03
   12.02000      4.9074763E-03
   12.03000      4.6014548E-03
   12.04000      4.2816368E-03
   12.05000      3.9536860E-03
   12.06000      3.6236325E-03
   12.07000      3.2955694E-03
   12.08000      2.9753230E-03
   12.09000      2.6664597E-03
   12.10000      2.3722979E-03
   12.11000      2.0961773E-03
   12.12000      1.8393219E-03
   12.13000      1.6045194E-03
   12.14000      1.3920655E-03
   12.15000      1.2029073E-03
   12.16000      1.0366584E-03
   12.17000      8.9279120E-04
   12.18000      7.7088462E-04
   12.19000      6.6995190E-04
   12.20000      5.8825547E-04
   12.21000      5.2465987E-04
   12.22000      4.7703061E-04
   12.23000      4.4373632E-04
   12.24000      4.2286902E-04
   12.25000      4.1259045E-04
   12.26000      4.1114556E-04
   12.27000      4.1674392E-04
   12.28000      4.2782738E-04
   12.29000      4.4283536E-04
   12.30000      4.6038095E-04
   12.31000      4.7917877E-04
   12.32000      4.9802446E-04
   12.33000      5.1598623E-04
   12.34000      5.3209777E-04
   12.35000      5.4563564E-04
   12.36000      5.5591692E-04
   12.37000      5.6243211E-04
   12.38000      5.6478730E-04
   12.39000      5.6268513E-04
   12.40000      5.5601145E-04
   12.41000      5.4468482E-04
   12.42000      5.2892073E-04
   12.43000      5.0892308E-04
   12.44000      4.8508876E-04
   12.45000      4.5809709E-04
   12.46000      4.2852800E-04
   12.47000      3.9738775E-04
   12.48000      3.6553325E-04
   12.49000      3.3409108E-04
   12.50000      3.0423771E-04
   12.51000      2.7718264E-04
   12.52000      2.5416826E-04
   12.53000      2.3647543E-04
   12.54000      2.2524431E-04
   12.55000      2.2168127E-04
   12.56000      2.2676258E-04
   12.57000      2.4143717E-04
   12.58000      2.6633887E-04
   12.59000      3.0205154E-04
   12.60000      3.4872122E-04
   12.61000      4.0633205E-04
   12.62000      4.7469640E-04
   12.63000      5.5303331E-04
   12.64000      6.4075657E-04
   12.65000      7.3649385E-04
   12.66000      8.3916180E-04
   12.67000      9.4704481E-04
   12.68000      1.0586638E-03
   12.69000      1.1718747E-03
   12.70000      1.2851221E-03
   12.71000      1.3960192E-03
   12.72000      1.5031915E-03
   12.73000      1.6045114E-03
   12.74000      1.6983431E-03
   12.75000      1.7833869E-03
   12.76000      1.8581437E-03
   12.77000      1.9220820E-03
   12.78000      1.9741252E-03
   12.79000      2.0140242E-03
   12.80000      2.0416540E-03
   12.81000      2.0571889E-03
   12.82000      2.0609568E-03
   12.83000      2.0536282E-03
   12.84000      2.0361273E-03
   12.85000      2.0094432E-03
   12.86000      1.9748304E-03
   12.87000      1.9335586E-03
   12.88000      1.8868424E-03
   12.89000      1.8363888E-03
   12.90000      1.7830578E-03
   12.91000      1.7284466E-03
   12.92000      1.6732885E-03
   12.93000      1.6186809E-03
   12.94000      1.5652588E-03
   12.95000      1.5134977E-03
   12.96000      1.4637054E-03
   12.97000      1.4160335E-03
   12.98000      1.3700862E-03
   12.99000      1.3258569E-03
   13.00000      1.2827942E-03
   13.01000      1.2402538E-03
   13.02000      1.1978558E-03
   13.03000      1.1547332E-03
   13.04000      1.1102157E-03
   13.05000      1.0638284E-03
   13.06000      1.0148301E-03
   13.07000      9.6310885E-04
   13.08000      9.0829021E-04
   13.09000      8.5032551E-04
   13.10000      7.8948139E-04
   13.11000      7.2583620E-04
   13.12000      6.6029403E-04
   13.13000      5.9330201E-04
   13.14000      5.2576233E-04
   13.15000      4.5869470E-04
   13.16000      3.9296204E-04
   13.17000      3.2977117E-04
   13.18000      2.7009691E-04
   13.19000      2.1486651E-04
   13.20000      1.6502687E-04
   13.21000      1.2134656E-04
   13.22000      8.4433712E-05
   13.23000      5.4816446E-05
   13.24000      3.2638593E-05
   13.25000      1.8043009E-05
   13.26000      1.0828225E-05
   13.27000      1.0648688E-05
   13.28000      1.6911234E-05
   13.29000      2.8933795E-05
   13.30000      4.5812798E-05
   13.31000      6.6604778E-05
   13.32000      9.0230627E-05
   13.33000      1.1566863E-04
   13.34000      1.4179248E-04
   13.35000      1.6766998E-04
   13.36000      1.9222139E-04
   13.37000      2.1472672E-04
   13.38000      2.3439943E-04
   13.39000      2.5071632E-04
   13.40000      2.6331889E-04
   13.41000      2.7195393E-04
   13.42000      2.7663185E-04
   13.43000      2.7747740E-04
   13.44000      2.7476152E-04
   13.45000      2.6887615E-04
   13.46000      2.6032457E-04
   13.47000      2.4970007E-04
   13.48000      2.3757583E-04
   13.49000      2.2467274E-04
   13.50000      2.1159921E-04
   13.51000      1.9906413E-04
   13.52000      1.8767067E-04
   13.53000      1.7798840E-04
   13.54000      1.7061028E-04
   13.55000      1.6598815E-04
   13.56000      1.6461930E-04
   13.57000      1.6688775E-04
   13.58000      1.7323451E-04
   13.59000      1.8403435E-04
   13.60000      1.9973191E-04
   13.61000      2.2076443E-04
   13.62000      2.4764071E-04
   13.63000      2.8097635E-04
   13.64000      3.2134115E-04
   13.65000      3.6938567E-04
   13.66000      4.2600598E-04
   13.67000      4.9176341E-04
   13.68000      5.6772208E-04
   13.69000      6.5444235E-04
   13.70000      7.5262645E-04
   13.71000      8.6311548E-04
   13.72000      9.8601962E-04
   13.73000      1.1221049E-03
   13.74000      1.2709143E-03
   13.75000      1.4324595E-03
   13.76000      1.6057498E-03
   13.77000      1.7902589E-03
   13.78000      1.9843832E-03
   13.79000      2.1862916E-03
   13.80000      2.3930131E-03
   13.81000      2.6025574E-03
   13.82000      2.8109013E-03
   13.83000      3.0155962E-03
   13.84000      3.2126294E-03
   13.85000      3.3986440E-03
   13.86000      3.5692840E-03
   13.87000      3.7214840E-03
   13.88000      3.8505511E-03
   13.89000      3.9539109E-03
   13.90000      4.0279822E-03
   13.91000      4.0703807E-03
   13.92000      4.0787542E-03
   13.93000      4.0518381E-03
   13.94000      3.9889459E-03
   13.95000      3.8902725E-03
   13.96000      3.7565702E-03
   13.97000      3.5899144E-03
   13.98000      3.3928477E-03
   13.99000      3.1691652E-03
   14.00000      2.9219261E-03
   14.01000      2.6574086E-03
   14.02000      2.3794763E-03
   14.03000      2.0952441E-03
   14.04000      1.8098749E-03
   14.05000      1.5290306E-03
   14.06000      1.2596106E-03
   14.07000      1.0060047E-03
   14.08000      7.7432476E-04
   14.09000      5.6810374E-04
   14.10000      3.9101910E-04
   14.11000      2.4579436E-04
   14.12000      1.3421082E-04
   14.13000      5.6765519E-05
   14.14000      1.3440414E-05
   14.15000      2.7863061E-06
   14.16000      2.2828481E-05
   14.17000      7.0359383E-05
   14.18000      1.4179795E-04
   14.19000      2.3241861E-04
   14.20000      3.3762536E-04
   14.21000      4.5188915E-04
   14.22000      5.6992582E-04
   14.23000      6.8659656E-04
   14.24000      7.9672248E-04
   14.25000      8.9594774E-04
   14.26000      9.8021480E-04
   14.27000      1.0464106E-03
   14.28000      1.0920387E-03
   14.29000      1.1156792E-03
   14.30000      1.1165976E-03
   14.31000      1.0951945E-03
   14.32000      1.0527405E-03
   14.33000      9.9117809E-04
   14.34000      9.1332343E-04
   14.35000      8.2262116E-04
   14.36000      7.2261720E-04
   14.37000      6.1779068E-04
   14.38000      5.1164709E-04
   14.39000      4.0870093E-04
   14.40000      3.1245925E-04
   14.41000      2.2646955E-04
   14.42000      1.5342257E-04
   14.43000      9.5638658E-05
   14.44000      5.4445936E-05
   14.45000      3.0697993E-05
   14.46000      2.4085704E-05
   14.47000      3.3748318E-05
   14.48000      5.7905090E-05
   14.49000      9.4377581E-05
   14.50000      1.4008583E-04
   14.51000      1.9209771E-04
   14.52000      2.4684909E-04
   14.53000      3.0118687E-04
   14.54000      3.5186892E-04
   14.55000      3.9616000E-04
   14.56000      4.3171970E-04
   14.57000      4.5708584E-04
   14.58000      4.7126229E-04
   14.59000      4.7433749E-04
   14.60000      4.6719218E-04
   14.61000      4.5166572E-04
   14.62000      4.3030074E-04
   14.63000      4.0667233E-04
   14.64000      3.8467092E-04
   14.65000      3.6866698E-04
   14.66000      3.6345681E-04
   14.67000      3.7373215E-04
   14.68000      4.0408026E-04
   14.69000      4.5845070E-04
   14.70000      5.4045004E-04
   14.71000      6.5225444E-04
   14.72000      7.9564535E-04
   14.73000      9.7031414E-04
   14.74000      1.1750167E-03
   14.75000      1.4072794E-03
   14.76000      1.6628806E-03
   14.77000      1.9367641E-03
   14.78000      2.2222903E-03
   14.79000      2.5117367E-03
   14.80000      2.7973424E-03
   14.81000      3.0701302E-03
   14.82000      3.3207953E-03
   14.83000      3.5411022E-03
   14.84000      3.7216861E-03
   14.85000      3.8557483E-03
   14.86000      3.9363820E-03
   14.87000      3.9589796E-03
   14.88000      3.9204000E-03
   14.89000      3.8201818E-03
   14.90000      3.6590924E-03
   14.91000      3.4410467E-03
   14.92000      3.1718139E-03
   14.93000      2.8594816E-03
   14.94000      2.5136343E-03
   14.95000      2.1462895E-03
   14.96000      1.7690163E-03
   14.97000      1.3974116E-03
   14.98000      1.0438535E-03
   14.99000      7.2369823E-04
   15.00000      4.4974510E-04
   15.01000      2.3400363E-04
   15.02000      8.7710847E-05
   15.03000      1.8169072E-05
   15.04000      3.1563795E-05
   15.05000      1.3038996E-04
   15.06000      3.1421849E-04
   15.07000      5.7934463E-04
   15.08000      9.1859838E-04
   15.09000      1.3230300E-03
   15.10000      1.7774397E-03
   15.11000      2.2677528E-03
   15.12000      2.7740563E-03
   15.13000      3.2770210E-03
   15.14000      3.7573096E-03
   15.15000      4.1923472E-03
   15.16000      4.5641749E-03
   15.17000      4.8535112E-03
   15.18000      5.0463099E-03
   15.19000      5.1298961E-03
   15.20000      5.0971252E-03
   15.21000      4.9444209E-03
   15.22000      4.6742684E-03
   15.23000      4.2944946E-03
   15.24000      3.8177473E-03
   15.25000      3.2648277E-03
   15.26000      2.6610617E-03
   15.27000      2.0367743E-03
   15.28000      1.4296183E-03
   15.29000      8.7784376E-04
   15.30000      4.2719304E-04
   15.31000      1.2237813E-04
   15.32000      1.0784102E-05
   15.33000      1.3811493E-04
   15.34000      5.5064377E-04
   15.35000      1.2888343E-03
   15.36000      2.3913695E-03
   15.37000      3.8887977E-03
   15.38000      5.8090161E-03
   15.39000      8.1636151E-03
   15.40000      1.0967270E-02
   15.41000      1.4206151E-02
   15.42000      1.7877111E-02
   15.43000      2.1955641E-02
   15.44000      2.6394792E-02
   15.45000      3.1146640E-02
   15.46000      3.6195256E-02
   15.47000      4.1453920E-02
   15.48000      4.6874791E-02
   15.49000      5.2351199E-02
   15.50000      5.7833150E-02
   15.51000      6.3217156E-02
   15.52000      6.8420522E-02
   15.53000      7.3368080E-02
   15.54000      7.7953182E-02
   15.55000      8.2116827E-02
   15.56000      8.5772030E-02
   15.57000      8.8863425E-02
   15.58000      9.1329105E-02
   15.59000      9.3132995E-02
   15.60000      9.4235465E-02
   15.61000      9.4621137E-02
   15.62000      9.4283782E-02
   15.63000      9.3225598E-02
   15.64000      9.1473773E-02
   15.65000      8.9059614E-02
   15.66000      8.6017251E-02
   15.67000      8.2419500E-02
   15.68000      7.8309394E-02
   15.69000      7.3783495E-02
   15.70000      6.8900719E-02
   15.71000      6.3743800E-02
   15.72000      5.8397382E-02
   15.73000      5.2950691E-02
   15.74000      4.7472592E-02
   15.75000      4.2062029E-02
   15.76000      3.6767755E-02
   15.77000      3.1685889E-02
   15.78000      2.6868656E-02
   15.79000      2.2370629E-02
   15.80000      1.8247982E-02
   15.81000      1.4525354E-02
   15.82000      1.1239163E-02
   15.83000      8.3986148E-03
   15.84000      6.0087349E-03
   15.85000      4.0638358E-03
   15.86000      2.5466939E-03
   15.87000      1.4349298E-03
   15.88000      6.9865317E-04
   15.89000      2.9856153E-04
   15.90000      1.9461045E-04
   15.91000      3.4139349E-04
   15.92000      6.9308805E-04
   15.93000      1.2002198E-03
   15.94000      1.8171945E-03
   15.95000      2.4984013E-03
   15.96000      3.2000788E-03
   15.97000      3.8863129E-03
   15.98000      4.5201229E-03
   15.99000      5.0768885E-03
   16.00000      5.5318228E-03
   16.01000      5.8693783E-03
   16.02000      6.0788468E-03
   16.03000      6.1559118E-03
   16.04000      6.1019659E-03
   16.05000      5.9223822E-03
   16.06000      5.6298026E-03
   16.07000      5.2381456E-03
   16.08000      4.7661569E-03
   16.09000      4.2350562E-03
   16.10000      3.6643732E-03
   16.11000      3.0801389E-03
   16.12000      2.5007119E-03
   16.13000      1.9500786E-03
   16.14000      1.4449627E-03
   16.15000      1.0035143E-03
   16.16000      6.3958531E-04
   16.17000      3.6479085E-04
   16.18000      1.8626561E-04
   16.19000      1.0943340E-04
   16.20000      1.3485624E-04
   16.21000      2.6062527E-04
   16.22000      4.8049205E-04
   16.23000      7.8746892E-04
   16.24000      1.1678343E-03
   16.25000      1.6108284E-03
   16.26000      2.1035159E-03
   16.27000      2.6283283E-03
   16.28000      3.1721429E-03
   16.29000      3.7172274E-03
   16.30000      4.2493003E-03
   16.31000      4.7547249E-03
   16.32000      5.2197920E-03
   16.33000      5.6345440E-03
   16.34000      5.9891222E-03
   16.35000      6.2767197E-03
   16.36000      6.4924266E-03
   16.37000      6.6338973E-03
   16.38000      6.7000501E-03
   16.39000      6.6928104E-03
   16.40000      6.6147265E-03
   16.41000      6.4708041E-03
   16.42000      6.2667192E-03
   16.43000      6.0096891E-03
   16.44000      5.7075480E-03
   16.45000      5.3696306E-03
   16.46000      5.0036185E-03
   16.47000      4.6188938E-03
   16.48000      4.2244080E-03
   16.49000      3.8273432E-03
   16.50000      3.4362469E-03
   16.51000      3.0564244E-03
   16.52000      2.6936010E-03
   16.53000      2.3524065E-03
   16.54000      2.0358663E-03
   16.55000      1.7462953E-03
   16.56000      1.4851893E-03
   16.57000      1.2522521E-03
   16.58000      1.0481859E-03
   16.59000      8.7098882E-04
   16.60000      7.1970437E-04
   16.61000      5.9205224E-04
   16.62000      4.8560527E-04
   16.63000      3.9836043E-04
   16.64000      3.2733980E-04
   16.65000      2.7052881E-04
   16.66000      2.2543140E-04
   16.67000      1.9019506E-04
   16.68000      1.6303724E-04
   16.69000      1.4250852E-04
   16.70000      1.2744084E-04
   16.71000      1.1703498E-04
   16.72000      1.1063986E-04
   16.73000      1.0791385E-04
   16.74000      1.0860268E-04
   16.75000      1.1264653E-04
   16.76000      1.1998830E-04
   16.77000      1.3062690E-04
   16.78000      1.4449315E-04
   16.79000      1.6146101E-04
   16.80000      1.8131887E-04
   16.81000      2.0368236E-04
   16.82000      2.2804840E-04
   16.83000      2.5381261E-04
   16.84000      2.8016197E-04
   16.85000      3.0628190E-04
   16.86000      3.3111774E-04
   16.87000      3.5357391E-04
   16.88000      3.7279102E-04
   16.89000      3.8794865E-04
   16.90000      3.9819782E-04
   16.91000      4.0284463E-04
   16.92000      4.0145809E-04
   16.93000      3.9375562E-04
   16.94000      3.7976759E-04
   16.95000      3.5973583E-04
   16.96000      3.3416995E-04
   16.97000      3.0383037E-04
   16.98000      2.6969909E-04
   16.99000      2.3290058E-04
   17.00000      1.9487516E-04
   17.01000      1.5704152E-04
   17.02000      1.2037630E-04
   17.03000      8.6384949E-05
   17.04000      5.8474358E-05
   17.05000      3.7879305E-05
   17.06000      2.4145536E-05
   17.07000      1.7279037E-05
   17.08000      1.8758868E-05
   17.09000      2.9111696E-05
   17.10000      4.8398295E-05
   17.11000      7.6284145E-05
   17.12000      1.1234918E-04
   17.13000      1.5639994E-04
   17.14000      2.0689366E-04
   17.15000      2.6353670E-04
   17.16000      3.2486560E-04
   17.17000      3.8797088E-04
   17.18000      4.5499892E-04
   17.19000      5.2103127E-04
   17.20000      5.8441010E-04
   17.21000      6.5107626E-04
   17.22000      7.2414754E-04
   17.23000      7.8824710E-04
   17.24000      8.8802452E-04
   17.25000      1.0119948E-03
   17.26000      1.0359555E-03
   17.27000      9.3416346E-04
   17.28000      8.9381565E-04
   17.29000      9.0534531E-04
   17.30000      9.1084448E-04
   17.31000      9.0218632E-04
   17.32000      9.0865762E-04
   17.33000      9.0028788E-04
   17.34000      8.9816056E-04
   17.35000      8.9702272E-04
   17.36000      8.9626946E-04
   17.37000      8.8870735E-04
   17.38000      8.7558141E-04
   17.39000      8.6454226E-04
   17.40000      8.6250447E-04
   17.41000      8.7613903E-04
   17.42000      8.7356486E-04
   17.43000      8.6988293E-04
   17.44000      8.7571447E-04
   17.45000      8.7763590E-04
   17.46000      8.7177230E-04
   17.47000      8.7030517E-04
   17.48000      8.6170196E-04
   17.49000      8.6551538E-04
   17.50000      8.5106562E-04
